ISO-10303-21;
HEADER;
FILE_DESCRIPTION(('STEP AP203'),'1');
FILE_NAME('2169900002.stp','2026-04-14T00:45:15',('TraceParts'),('TraceParts S.A.S.'),'Spatial InterOp 3D',' ',' ');
FILE_SCHEMA(('CONFIG_CONTROL_DESIGN'));
ENDSEC;
DATA;
#1=DESIGN_CONTEXT('',#27,'design');
#2=APPLICATION_PROTOCOL_DEFINITION('INTERNATIONAL STANDARD','config_control_design',1994,#27);
#3=PRODUCT_CATEGORY_RELATIONSHIP('NONE','NONE',#28,#29);
#4=DATE_AND_TIME(#30,#31);
#5=DATE_TIME_ROLE('creation_date');
#6=DATE_TIME_ROLE('classification_date');
#7=PERSON_AND_ORGANIZATION_ROLE('creator');
#8=PERSON_AND_ORGANIZATION_ROLE('design_supplier');
#9=PERSON_AND_ORGANIZATION_ROLE('classification_officer');
#10=PERSON_AND_ORGANIZATION_ROLE('design_owner');
#11=APPROVAL_PERSON_ORGANIZATION(#32,#33,#34);
#12=APPROVAL_DATE_TIME(#4,#33);
#13=CC_DESIGN_APPROVAL(#33,(#35,#36,#37));
#14=CC_DESIGN_DATE_AND_TIME_ASSIGNMENT(#4,#5,(#37));
#15=CC_DESIGN_DATE_AND_TIME_ASSIGNMENT(#4,#6,(#35));
#16=CC_DESIGN_PERSON_AND_ORGANIZATION_ASSIGNMENT(#32,#10,(#38));
#17=CC_DESIGN_PERSON_AND_ORGANIZATION_ASSIGNMENT(#32,#7,(#37));
#18=CC_DESIGN_PERSON_AND_ORGANIZATION_ASSIGNMENT(#32,#7,(#36));
#19=CC_DESIGN_PERSON_AND_ORGANIZATION_ASSIGNMENT(#32,#8,(#36));
#20=CC_DESIGN_SECURITY_CLASSIFICATION(#35,(#36));
#21=CC_DESIGN_PERSON_AND_ORGANIZATION_ASSIGNMENT(#32,#9,(#35));
#22=SHAPE_DEFINITION_REPRESENTATION(#39,#40);
#23= (GEOMETRIC_REPRESENTATION_CONTEXT(3)GLOBAL_UNCERTAINTY_ASSIGNED_CONTEXT((#43))GLOBAL_UNIT_ASSIGNED_CONTEXT((#45,#46,#47))REPRESENTATION_CONTEXT('NONE','WORKSPACE'));
#27=APPLICATION_CONTEXT('CONFIGURATION CONTROLLED 3D DESIGNS OF MECHANICAL PARTS AND ASSEMBLIES');
#28=PRODUCT_CATEGORY('part','NONE');
#29=PRODUCT_RELATED_PRODUCT_CATEGORY('detail',' ',(#38));
#30=CALENDAR_DATE(2026,14,3);
#31=LOCAL_TIME(2,45,15.0,#49);
#32=PERSON_AND_ORGANIZATION(#50,#51);
#33=APPROVAL(#52,'SOLID MODEL');
#34=APPROVAL_ROLE('APPROVED');
#35=SECURITY_CLASSIFICATION('','',#53);
#36=PRODUCT_DEFINITION_FORMATION_WITH_SPECIFIED_SOURCE(' ','NONE',#38,.NOT_KNOWN.);
#37=PRODUCT_DEFINITION('','NONE',#36,#1);
#38=PRODUCT('1','','PART--DESC',(#54));
#39=PRODUCT_DEFINITION_SHAPE('NONE','NONE',#37);
#40=ADVANCED_BREP_SHAPE_REPRESENTATION('1',(#55,#56),#23);
#43=UNCERTAINTY_MEASURE_WITH_UNIT(LENGTH_MEASURE(1.0E-06),#45,'','');
#45= (CONVERSION_BASED_UNIT('MILLIMETRE',#59)LENGTH_UNIT()NAMED_UNIT(#62));
#46= (NAMED_UNIT(#64)PLANE_ANGLE_UNIT()SI_UNIT($,.RADIAN.));
#47= (NAMED_UNIT(#64)SOLID_ANGLE_UNIT()SI_UNIT($,.STERADIAN.));
#49=COORDINATED_UNIVERSAL_TIME_OFFSET(1,0,.AHEAD.);
#50=PERSON('','UNSPECIFIED',$,$,$,$);
#51=ORGANIZATION('UNSPECIFIED','UNSPECIFIED','UNSPECIFIED');
#52=APPROVAL_STATUS('approved');
#53=SECURITY_CLASSIFICATION_LEVEL('unclassified');
#54=MECHANICAL_CONTEXT('',#27,'mechanical');
#55=MANIFOLD_SOLID_BREP('1',#70);
#56=AXIS2_PLACEMENT_3D('',#71,#72,#73);
#59=LENGTH_MEASURE_WITH_UNIT(LENGTH_MEASURE(1.0),#74);
#62=DIMENSIONAL_EXPONENTS(1.0,0.0,0.0,0.0,0.0,0.0,0.0);
#64=DIMENSIONAL_EXPONENTS(0.0,0.0,0.0,0.0,0.0,0.0,0.0);
#70=CLOSED_SHELL('',(#75,#76,#77,#78,#79,#80,#81,#82,#83,#84,#85,#86,#87,#88,#89,#90,#91,#92,#93,#94,#95,#96,#97,#98,#99,#100,#101,#102,#103,#104,#105,#106,#107,#108,#109,#110,#111,#112,#113,#114,#115,#116,#117,#118,#119,#120,#121,#122,#123,#124,#125,#126,#127,#128,#129,#130,#131,#132,#133,#134,#135,#136,#137,#138,#139,#140,#141,#142,#143,#144,#145,#146,#147,#148,#149,#150,#151,#152,#153,#154,#155,#156,#157,#158,#159,#160,#161,#162,#163,#164,#165,#166,#167,#168,#169,#170,#171,#172,#173,#174,#175,#176,#177,#178,#179,#180,#181,#182,#183,#184,#185,#186,#187,#188,#189,#190,#191,#192,#193,#194,#195,#196,#197,#198,#199,#200,#201,#202,#203,#204,#205,#206,#207,#208,#209,#210,#211,#212,#213,#214,#215,#216,#217,#218,#219,#220,#221,#222,#223,#224,#225,#226,#227,#228,#229,#230,#231,#232,#233,#234,#235,#236,#237,#238,#239,#240,#241,#242,#243,#244,#245,#246,#247,#248,#249,#250,#251,#252,#253,#254,#255,#256,#257,#258,#259,#260,#261,#262,#263,#264,#265,#266,#267,#268,#269,#270,#271,#272,#273,#274,#275,#276,#277,#278,#279,#280,#281,#282,#283,#284,#285,#286,#287,#288,#289,#290,#291,#292,#293,#294,#295,#296,#297,#298,#299,#300,#301,#302,#303,#304,#305,#306,#307,#308,#309,#310,#311,#312,#313,#314,#315,#316,#317,#318,#319,#320,#321,#322,#323,#324,#325,#326,#327,#328,#329,#330,#331,#332,#333,#334,#335,#336,#337,#338,#339,#340,#341,#342,#343,#344,#345,#346,#347,#348,#349,#350,#351,#352,#353,#354,#355,#356,#357,#358,#359,#360,#361,#362,#363,#364,#365,#366,#367,#368,#369,#370,#371,#372,#373,#374,#375,#376,#377,#378,#379,#380,#381,#382,#383,#384,#385,#386,#387,#388,#389,#390,#391,#392,#393,#394,#395,#396,#397,#398,#399,#400,#401,#402,#403,#404,#405,#406,#407,#408,#409,#410,#411,#412,#413,#414,#415,#416,#417,#418,#419,#420,#421,#422,#423,#424,#425,#426,#427,#428,#429,#430,#431,#432,#433,#434,#435,#436,#437,#438,#439,#440,#441,#442,#443,#444,#445,#446,#447,#448,#449,#450,#451,#452,#453,#454,#455,#456,#457,#458,#459,#460,#461,#462,#463,#464,#465,#466,#467,#468,#469,#470,#471,#472,#473,#474,#475,#476,#477,#478,#479,#480,#481,#482,#483,#484,#485,#486,#487,#488,#489,#490,#491,#492,#493,#494,#495,#496,#497,#498,#499,#500,#501,#502,#503,#504,#505,#506,#507,#508,#509,#510,#511,#512,#513,#514,#515,#516,#517,#518,#519,#520,#521,#522,#523,#524,#525,#526,#527,#528,#529,#530,#531,#532,#533,#534,#535,#536,#537,#538,#539,#540,#541,#542,#543,#544,#545,#546,#547,#548,#549,#550,#551,#552,#553,#554,#555,#556,#557,#558,#559,#560,#561,#562,#563,#564,#565,#566,#567,#568,#569,#570,#571,#572,#573,#574,#575,#576,#577,#578,#579,#580,#581,#582,#583,#584,#585,#586,#587,#588,#589,#590,#591,#592,#593,#594,#595,#596,#597,#598,#599,#600,#601,#602,#603,#604,#605,#606,#607,#608,#609,#610,#611,#612,#613,#614,#615,#616,#617,#618,#619,#620,#621,#622,#623,#624,#625,#626,#627,#628,#629,#630,#631,#632,#633,#634,#635,#636,#637,#638,#639,#640,#641,#642,#643,#644,#645,#646,#647,#648,#649,#650,#651,#652,#653,#654,#655,#656,#657,#658,#659,#660,#661,#662,#663,#664,#665,#666,#667,#668,#669,#670,#671,#672,#673,#674,#675,#676,#677,#678,#679,#680,#681,#682,#683,#684,#685,#686,#687,#688,#689,#690,#691,#692,#693,#694,#695,#696,#697,#698,#699));
#71=CARTESIAN_POINT('',(0.0,0.0,0.0));
#72=DIRECTION('',(0.0,0.0,1.0));
#73=DIRECTION('',(1.0,0.0,0.0));
#74= (NAMED_UNIT(#62)LENGTH_UNIT()SI_UNIT(.MILLI.,.METRE.));
#75=ADVANCED_FACE('',(#701),#702,.F.);
#76=ADVANCED_FACE('',(#703),#704,.F.);
#77=ADVANCED_FACE('',(#705),#706,.F.);
#78=ADVANCED_FACE('',(#707),#708,.F.);
#79=ADVANCED_FACE('',(#709),#710,.F.);
#80=ADVANCED_FACE('',(#711),#712,.T.);
#81=ADVANCED_FACE('',(#713),#714,.F.);
#82=ADVANCED_FACE('',(#715),#716,.F.);
#83=ADVANCED_FACE('',(#717),#718,.T.);
#84=ADVANCED_FACE('',(#719),#720,.T.);
#85=ADVANCED_FACE('',(#721),#722,.T.);
#86=ADVANCED_FACE('',(#723),#724,.F.);
#87=ADVANCED_FACE('',(#725),#726,.F.);
#88=ADVANCED_FACE('',(#727),#728,.T.);
#89=ADVANCED_FACE('',(#729),#730,.T.);
#90=ADVANCED_FACE('',(#731),#732,.T.);
#91=ADVANCED_FACE('',(#733),#734,.F.);
#92=ADVANCED_FACE('',(#735),#736,.T.);
#93=ADVANCED_FACE('',(#737),#738,.T.);
#94=ADVANCED_FACE('',(#739),#740,.T.);
#95=ADVANCED_FACE('',(#741),#742,.T.);
#96=ADVANCED_FACE('',(#743),#744,.T.);
#97=ADVANCED_FACE('',(#745),#746,.T.);
#98=ADVANCED_FACE('',(#747),#748,.T.);
#99=ADVANCED_FACE('',(#749),#750,.T.);
#100=ADVANCED_FACE('',(#751),#752,.T.);
#101=ADVANCED_FACE('',(#753),#754,.T.);
#102=ADVANCED_FACE('',(#755),#756,.F.);
#103=ADVANCED_FACE('',(#757),#758,.F.);
#104=ADVANCED_FACE('',(#759),#760,.T.);
#105=ADVANCED_FACE('',(#761),#762,.T.);
#106=ADVANCED_FACE('',(#763),#764,.T.);
#107=ADVANCED_FACE('',(#765),#766,.F.);
#108=ADVANCED_FACE('',(#767),#768,.T.);
#109=ADVANCED_FACE('',(#769),#770,.T.);
#110=ADVANCED_FACE('',(#771),#772,.F.);
#111=ADVANCED_FACE('',(#773),#774,.T.);
#112=ADVANCED_FACE('',(#775,#776),#777,.F.);
#113=ADVANCED_FACE('',(#778),#779,.F.);
#114=ADVANCED_FACE('',(#780),#781,.T.);
#115=ADVANCED_FACE('',(#782),#783,.F.);
#116=ADVANCED_FACE('',(#784),#785,.F.);
#117=ADVANCED_FACE('',(#786),#787,.T.);
#118=ADVANCED_FACE('',(#788),#789,.F.);
#119=ADVANCED_FACE('',(#790),#791,.T.);
#120=ADVANCED_FACE('',(#792),#793,.F.);
#121=ADVANCED_FACE('',(#794),#795,.F.);
#122=ADVANCED_FACE('',(#796),#797,.T.);
#123=ADVANCED_FACE('',(#798),#799,.F.);
#124=ADVANCED_FACE('',(#800),#801,.F.);
#125=ADVANCED_FACE('',(#802),#803,.F.);
#126=ADVANCED_FACE('',(#804),#805,.F.);
#127=ADVANCED_FACE('',(#806),#807,.F.);
#128=ADVANCED_FACE('',(#808),#809,.T.);
#129=ADVANCED_FACE('',(#810),#811,.T.);
#130=ADVANCED_FACE('',(#812),#813,.F.);
#131=ADVANCED_FACE('',(#814),#815,.F.);
#132=ADVANCED_FACE('',(#816),#817,.F.);
#133=ADVANCED_FACE('',(#818),#819,.F.);
#134=ADVANCED_FACE('',(#820),#821,.F.);
#135=ADVANCED_FACE('',(#822),#823,.F.);
#136=ADVANCED_FACE('',(#824),#825,.F.);
#137=ADVANCED_FACE('',(#826),#827,.F.);
#138=ADVANCED_FACE('',(#828),#829,.T.);
#139=ADVANCED_FACE('',(#830),#831,.F.);
#140=ADVANCED_FACE('',(#832),#833,.T.);
#141=ADVANCED_FACE('',(#834),#835,.T.);
#142=ADVANCED_FACE('',(#836),#837,.T.);
#143=ADVANCED_FACE('',(#838),#839,.T.);
#144=ADVANCED_FACE('',(#840),#841,.T.);
#145=ADVANCED_FACE('',(#842),#843,.T.);
#146=ADVANCED_FACE('',(#844),#845,.T.);
#147=ADVANCED_FACE('',(#846),#847,.T.);
#148=ADVANCED_FACE('',(#848),#849,.T.);
#149=ADVANCED_FACE('',(#850),#851,.T.);
#150=ADVANCED_FACE('',(#852),#853,.F.);
#151=ADVANCED_FACE('',(#854),#855,.T.);
#152=ADVANCED_FACE('',(#856),#857,.T.);
#153=ADVANCED_FACE('',(#858),#859,.T.);
#154=ADVANCED_FACE('',(#860),#861,.T.);
#155=ADVANCED_FACE('',(#862),#863,.F.);
#156=ADVANCED_FACE('',(#864),#865,.T.);
#157=ADVANCED_FACE('',(#866),#867,.T.);
#158=ADVANCED_FACE('',(#868),#869,.F.);
#159=ADVANCED_FACE('',(#870),#871,.T.);
#160=ADVANCED_FACE('',(#872),#873,.F.);
#161=ADVANCED_FACE('',(#874),#875,.T.);
#162=ADVANCED_FACE('',(#876),#877,.T.);
#163=ADVANCED_FACE('',(#878),#879,.T.);
#164=ADVANCED_FACE('',(#880),#881,.T.);
#165=ADVANCED_FACE('',(#882),#883,.T.);
#166=ADVANCED_FACE('',(#884),#885,.T.);
#167=ADVANCED_FACE('',(#886),#887,.T.);
#168=ADVANCED_FACE('',(#888),#889,.T.);
#169=ADVANCED_FACE('',(#890),#891,.T.);
#170=ADVANCED_FACE('',(#892),#893,.F.);
#171=ADVANCED_FACE('',(#894),#895,.T.);
#172=ADVANCED_FACE('',(#896),#897,.F.);
#173=ADVANCED_FACE('',(#898),#899,.T.);
#174=ADVANCED_FACE('',(#900),#901,.T.);
#175=ADVANCED_FACE('',(#902),#903,.F.);
#176=ADVANCED_FACE('',(#904),#905,.T.);
#177=ADVANCED_FACE('',(#906),#907,.T.);
#178=ADVANCED_FACE('',(#908),#909,.T.);
#179=ADVANCED_FACE('',(#910),#911,.T.);
#180=ADVANCED_FACE('',(#912),#913,.T.);
#181=ADVANCED_FACE('',(#914),#915,.T.);
#182=ADVANCED_FACE('',(#916),#917,.F.);
#183=ADVANCED_FACE('',(#918),#919,.F.);
#184=ADVANCED_FACE('',(#920),#921,.F.);
#185=ADVANCED_FACE('',(#922),#923,.T.);
#186=ADVANCED_FACE('',(#924),#925,.F.);
#187=ADVANCED_FACE('',(#926),#927,.T.);
#188=ADVANCED_FACE('',(#928),#929,.T.);
#189=ADVANCED_FACE('',(#930),#931,.F.);
#190=ADVANCED_FACE('',(#932),#933,.T.);
#191=ADVANCED_FACE('',(#934),#935,.T.);
#192=ADVANCED_FACE('',(#936),#937,.T.);
#193=ADVANCED_FACE('',(#938),#939,.T.);
#194=ADVANCED_FACE('',(#940),#941,.T.);
#195=ADVANCED_FACE('',(#942),#943,.F.);
#196=ADVANCED_FACE('',(#944),#945,.T.);
#197=ADVANCED_FACE('',(#946),#947,.T.);
#198=ADVANCED_FACE('',(#948),#949,.F.);
#199=ADVANCED_FACE('',(#950),#951,.F.);
#200=ADVANCED_FACE('',(#952),#953,.T.);
#201=ADVANCED_FACE('',(#954),#955,.T.);
#202=ADVANCED_FACE('',(#956),#957,.T.);
#203=ADVANCED_FACE('',(#958),#959,.T.);
#204=ADVANCED_FACE('',(#960),#961,.T.);
#205=ADVANCED_FACE('',(#962),#963,.T.);
#206=ADVANCED_FACE('',(#964),#965,.T.);
#207=ADVANCED_FACE('',(#966),#967,.T.);
#208=ADVANCED_FACE('',(#968),#969,.T.);
#209=ADVANCED_FACE('',(#970),#971,.T.);
#210=ADVANCED_FACE('',(#972),#973,.F.);
#211=ADVANCED_FACE('',(#974),#975,.F.);
#212=ADVANCED_FACE('',(#976),#977,.F.);
#213=ADVANCED_FACE('',(#978),#979,.F.);
#214=ADVANCED_FACE('',(#980),#981,.T.);
#215=ADVANCED_FACE('',(#982),#983,.T.);
#216=ADVANCED_FACE('',(#984),#985,.T.);
#217=ADVANCED_FACE('',(#986),#987,.T.);
#218=ADVANCED_FACE('',(#988),#989,.F.);
#219=ADVANCED_FACE('',(#990),#991,.F.);
#220=ADVANCED_FACE('',(#992),#993,.T.);
#221=ADVANCED_FACE('',(#994),#995,.T.);
#222=ADVANCED_FACE('',(#996),#997,.F.);
#223=ADVANCED_FACE('',(#998),#999,.F.);
#224=ADVANCED_FACE('',(#1000),#1001,.T.);
#225=ADVANCED_FACE('',(#1002),#1003,.T.);
#226=ADVANCED_FACE('',(#1004),#1005,.F.);
#227=ADVANCED_FACE('',(#1006),#1007,.F.);
#228=ADVANCED_FACE('',(#1008),#1009,.F.);
#229=ADVANCED_FACE('',(#1010),#1011,.F.);
#230=ADVANCED_FACE('',(#1012),#1013,.F.);
#231=ADVANCED_FACE('',(#1014),#1015,.F.);
#232=ADVANCED_FACE('',(#1016),#1017,.F.);
#233=ADVANCED_FACE('',(#1018),#1019,.F.);
#234=ADVANCED_FACE('',(#1020),#1021,.T.);
#235=ADVANCED_FACE('',(#1022),#1023,.T.);
#236=ADVANCED_FACE('',(#1024),#1025,.F.);
#237=ADVANCED_FACE('',(#1026),#1027,.F.);
#238=ADVANCED_FACE('',(#1028),#1029,.T.);
#239=ADVANCED_FACE('',(#1030),#1031,.F.);
#240=ADVANCED_FACE('',(#1032),#1033,.F.);
#241=ADVANCED_FACE('',(#1034),#1035,.T.);
#242=ADVANCED_FACE('',(#1036),#1037,.F.);
#243=ADVANCED_FACE('',(#1038),#1039,.T.);
#244=ADVANCED_FACE('',(#1040),#1041,.F.);
#245=ADVANCED_FACE('',(#1042),#1043,.F.);
#246=ADVANCED_FACE('',(#1044),#1045,.T.);
#247=ADVANCED_FACE('',(#1046),#1047,.F.);
#248=ADVANCED_FACE('',(#1048),#1049,.F.);
#249=ADVANCED_FACE('',(#1050),#1051,.T.);
#250=ADVANCED_FACE('',(#1052),#1053,.T.);
#251=ADVANCED_FACE('',(#1054),#1055,.T.);
#252=ADVANCED_FACE('',(#1056),#1057,.T.);
#253=ADVANCED_FACE('',(#1058),#1059,.T.);
#254=ADVANCED_FACE('',(#1060),#1061,.T.);
#255=ADVANCED_FACE('',(#1062),#1063,.T.);
#256=ADVANCED_FACE('',(#1064),#1065,.T.);
#257=ADVANCED_FACE('',(#1066),#1067,.T.);
#258=ADVANCED_FACE('',(#1068),#1069,.T.);
#259=ADVANCED_FACE('',(#1070),#1071,.T.);
#260=ADVANCED_FACE('',(#1072),#1073,.T.);
#261=ADVANCED_FACE('',(#1074),#1075,.T.);
#262=ADVANCED_FACE('',(#1076),#1077,.T.);
#263=ADVANCED_FACE('',(#1078),#1079,.T.);
#264=ADVANCED_FACE('',(#1080),#1081,.T.);
#265=ADVANCED_FACE('',(#1082),#1083,.T.);
#266=ADVANCED_FACE('',(#1084),#1085,.T.);
#267=ADVANCED_FACE('',(#1086),#1087,.F.);
#268=ADVANCED_FACE('',(#1088),#1089,.T.);
#269=ADVANCED_FACE('',(#1090),#1091,.T.);
#270=ADVANCED_FACE('',(#1092),#1093,.F.);
#271=ADVANCED_FACE('',(#1094),#1095,.T.);
#272=ADVANCED_FACE('',(#1096),#1097,.T.);
#273=ADVANCED_FACE('',(#1098),#1099,.T.);
#274=ADVANCED_FACE('',(#1100),#1101,.T.);
#275=ADVANCED_FACE('',(#1102),#1103,.F.);
#276=ADVANCED_FACE('',(#1104),#1105,.T.);
#277=ADVANCED_FACE('',(#1106),#1107,.T.);
#278=ADVANCED_FACE('',(#1108),#1109,.F.);
#279=ADVANCED_FACE('',(#1110),#1111,.F.);
#280=ADVANCED_FACE('',(#1112),#1113,.F.);
#281=ADVANCED_FACE('',(#1114),#1115,.F.);
#282=ADVANCED_FACE('',(#1116),#1117,.T.);
#283=ADVANCED_FACE('',(#1118),#1119,.T.);
#284=ADVANCED_FACE('',(#1120),#1121,.F.);
#285=ADVANCED_FACE('',(#1122),#1123,.T.);
#286=ADVANCED_FACE('',(#1124),#1125,.T.);
#287=ADVANCED_FACE('',(#1126),#1127,.T.);
#288=ADVANCED_FACE('',(#1128),#1129,.F.);
#289=ADVANCED_FACE('',(#1130),#1131,.F.);
#290=ADVANCED_FACE('',(#1132),#1133,.T.);
#291=ADVANCED_FACE('',(#1134),#1135,.F.);
#292=ADVANCED_FACE('',(#1136),#1137,.F.);
#293=ADVANCED_FACE('',(#1138),#1139,.T.);
#294=ADVANCED_FACE('',(#1140),#1141,.T.);
#295=ADVANCED_FACE('',(#1142),#1143,.F.);
#296=ADVANCED_FACE('',(#1144),#1145,.T.);
#297=ADVANCED_FACE('',(#1146),#1147,.T.);
#298=ADVANCED_FACE('',(#1148),#1149,.T.);
#299=ADVANCED_FACE('',(#1150),#1151,.T.);
#300=ADVANCED_FACE('',(#1152),#1153,.T.);
#301=ADVANCED_FACE('',(#1154),#1155,.T.);
#302=ADVANCED_FACE('',(#1156),#1157,.F.);
#303=ADVANCED_FACE('',(#1158),#1159,.T.);
#304=ADVANCED_FACE('',(#1160),#1161,.T.);
#305=ADVANCED_FACE('',(#1162),#1163,.T.);
#306=ADVANCED_FACE('',(#1164),#1165,.F.);
#307=ADVANCED_FACE('',(#1166),#1167,.F.);
#308=ADVANCED_FACE('',(#1168),#1169,.T.);
#309=ADVANCED_FACE('',(#1170),#1171,.F.);
#310=ADVANCED_FACE('',(#1172),#1173,.T.);
#311=ADVANCED_FACE('',(#1174),#1175,.T.);
#312=ADVANCED_FACE('',(#1176),#1177,.F.);
#313=ADVANCED_FACE('',(#1178),#1179,.F.);
#314=ADVANCED_FACE('',(#1180),#1181,.F.);
#315=ADVANCED_FACE('',(#1182),#1183,.T.);
#316=ADVANCED_FACE('',(#1184),#1185,.T.);
#317=ADVANCED_FACE('',(#1186),#1187,.F.);
#318=ADVANCED_FACE('',(#1188),#1189,.F.);
#319=ADVANCED_FACE('',(#1190),#1191,.T.);
#320=ADVANCED_FACE('',(#1192,#1193),#1194,.T.);
#321=ADVANCED_FACE('',(#1195),#1196,.T.);
#322=ADVANCED_FACE('',(#1197),#1198,.T.);
#323=ADVANCED_FACE('',(#1199),#1200,.T.);
#324=ADVANCED_FACE('',(#1201),#1202,.F.);
#325=ADVANCED_FACE('',(#1203),#1204,.F.);
#326=ADVANCED_FACE('',(#1205),#1206,.F.);
#327=ADVANCED_FACE('',(#1207),#1208,.F.);
#328=ADVANCED_FACE('',(#1209),#1210,.F.);
#329=ADVANCED_FACE('',(#1211),#1212,.T.);
#330=ADVANCED_FACE('',(#1213),#1214,.T.);
#331=ADVANCED_FACE('',(#1215),#1216,.F.);
#332=ADVANCED_FACE('',(#1217),#1218,.T.);
#333=ADVANCED_FACE('',(#1219),#1220,.T.);
#334=ADVANCED_FACE('',(#1221,#1222),#1223,.T.);
#335=ADVANCED_FACE('',(#1224),#1225,.T.);
#336=ADVANCED_FACE('',(#1226),#1227,.T.);
#337=ADVANCED_FACE('',(#1228),#1229,.F.);
#338=ADVANCED_FACE('',(#1230),#1231,.T.);
#339=ADVANCED_FACE('',(#1232),#1233,.F.);
#340=ADVANCED_FACE('',(#1234),#1235,.F.);
#341=ADVANCED_FACE('',(#1236),#1237,.T.);
#342=ADVANCED_FACE('',(#1238),#1239,.T.);
#343=ADVANCED_FACE('',(#1240),#1241,.F.);
#344=ADVANCED_FACE('',(#1242),#1243,.T.);
#345=ADVANCED_FACE('',(#1244),#1245,.F.);
#346=ADVANCED_FACE('',(#1246),#1247,.F.);
#347=ADVANCED_FACE('',(#1248),#1249,.F.);
#348=ADVANCED_FACE('',(#1250),#1251,.F.);
#349=ADVANCED_FACE('',(#1252),#1253,.F.);
#350=ADVANCED_FACE('',(#1254),#1255,.F.);
#351=ADVANCED_FACE('',(#1256),#1257,.F.);
#352=ADVANCED_FACE('',(#1258),#1259,.T.);
#353=ADVANCED_FACE('',(#1260),#1261,.T.);
#354=ADVANCED_FACE('',(#1262),#1263,.T.);
#355=ADVANCED_FACE('',(#1264),#1265,.T.);
#356=ADVANCED_FACE('',(#1266),#1267,.T.);
#357=ADVANCED_FACE('',(#1268),#1269,.T.);
#358=ADVANCED_FACE('',(#1270),#1271,.F.);
#359=ADVANCED_FACE('',(#1272),#1273,.T.);
#360=ADVANCED_FACE('',(#1274),#1275,.T.);
#361=ADVANCED_FACE('',(#1276),#1277,.F.);
#362=ADVANCED_FACE('',(#1278),#1279,.T.);
#363=ADVANCED_FACE('',(#1280),#1281,.T.);
#364=ADVANCED_FACE('',(#1282),#1283,.T.);
#365=ADVANCED_FACE('',(#1284),#1285,.F.);
#366=ADVANCED_FACE('',(#1286),#1287,.T.);
#367=ADVANCED_FACE('',(#1288),#1289,.F.);
#368=ADVANCED_FACE('',(#1290),#1291,.F.);
#369=ADVANCED_FACE('',(#1292),#1293,.F.);
#370=ADVANCED_FACE('',(#1294),#1295,.T.);
#371=ADVANCED_FACE('',(#1296),#1297,.T.);
#372=ADVANCED_FACE('',(#1298),#1299,.T.);
#373=ADVANCED_FACE('',(#1300),#1301,.F.);
#374=ADVANCED_FACE('',(#1302),#1303,.T.);
#375=ADVANCED_FACE('',(#1304),#1305,.F.);
#376=ADVANCED_FACE('',(#1306),#1307,.F.);
#377=ADVANCED_FACE('',(#1308),#1309,.F.);
#378=ADVANCED_FACE('',(#1310),#1311,.F.);
#379=ADVANCED_FACE('',(#1312),#1313,.F.);
#380=ADVANCED_FACE('',(#1314),#1315,.F.);
#381=ADVANCED_FACE('',(#1316),#1317,.T.);
#382=ADVANCED_FACE('',(#1318),#1319,.T.);
#383=ADVANCED_FACE('',(#1320),#1321,.T.);
#384=ADVANCED_FACE('',(#1322),#1323,.F.);
#385=ADVANCED_FACE('',(#1324),#1325,.T.);
#386=ADVANCED_FACE('',(#1326),#1327,.F.);
#387=ADVANCED_FACE('',(#1328),#1329,.T.);
#388=ADVANCED_FACE('',(#1330),#1331,.T.);
#389=ADVANCED_FACE('',(#1332),#1333,.T.);
#390=ADVANCED_FACE('',(#1334),#1335,.T.);
#391=ADVANCED_FACE('',(#1336),#1337,.T.);
#392=ADVANCED_FACE('',(#1338),#1339,.F.);
#393=ADVANCED_FACE('',(#1340),#1341,.T.);
#394=ADVANCED_FACE('',(#1342),#1343,.F.);
#395=ADVANCED_FACE('',(#1344),#1345,.T.);
#396=ADVANCED_FACE('',(#1346),#1347,.F.);
#397=ADVANCED_FACE('',(#1348),#1349,.F.);
#398=ADVANCED_FACE('',(#1350),#1351,.F.);
#399=ADVANCED_FACE('',(#1352),#1353,.T.);
#400=ADVANCED_FACE('',(#1354),#1355,.F.);
#401=ADVANCED_FACE('',(#1356),#1357,.T.);
#402=ADVANCED_FACE('',(#1358),#1359,.F.);
#403=ADVANCED_FACE('',(#1360),#1361,.T.);
#404=ADVANCED_FACE('',(#1362),#1363,.T.);
#405=ADVANCED_FACE('',(#1364),#1365,.T.);
#406=ADVANCED_FACE('',(#1366),#1367,.T.);
#407=ADVANCED_FACE('',(#1368),#1369,.F.);
#408=ADVANCED_FACE('',(#1370),#1371,.F.);
#409=ADVANCED_FACE('',(#1372),#1373,.F.);
#410=ADVANCED_FACE('',(#1374),#1375,.F.);
#411=ADVANCED_FACE('',(#1376),#1377,.F.);
#412=ADVANCED_FACE('',(#1378),#1379,.T.);
#413=ADVANCED_FACE('',(#1380),#1381,.T.);
#414=ADVANCED_FACE('',(#1382),#1383,.T.);
#415=ADVANCED_FACE('',(#1384,#1385,#1386),#1387,.T.);
#416=ADVANCED_FACE('',(#1388),#1389,.T.);
#417=ADVANCED_FACE('',(#1390),#1391,.F.);
#418=ADVANCED_FACE('',(#1392),#1393,.T.);
#419=ADVANCED_FACE('',(#1394),#1395,.F.);
#420=ADVANCED_FACE('',(#1396),#1397,.T.);
#421=ADVANCED_FACE('',(#1398),#1399,.T.);
#422=ADVANCED_FACE('',(#1400),#1401,.T.);
#423=ADVANCED_FACE('',(#1402),#1403,.F.);
#424=ADVANCED_FACE('',(#1404),#1405,.T.);
#425=ADVANCED_FACE('',(#1406),#1407,.T.);
#426=ADVANCED_FACE('',(#1408),#1409,.T.);
#427=ADVANCED_FACE('',(#1410),#1411,.F.);
#428=ADVANCED_FACE('',(#1412),#1413,.F.);
#429=ADVANCED_FACE('',(#1414),#1415,.T.);
#430=ADVANCED_FACE('',(#1416),#1417,.F.);
#431=ADVANCED_FACE('',(#1418),#1419,.F.);
#432=ADVANCED_FACE('',(#1420,#1421,#1422,#1423,#1424,#1425,#1426,#1427,#1428,#1429,#1430,#1431,#1432,#1433,#1434,#1435,#1436),#1437,.T.);
#433=ADVANCED_FACE('',(#1438),#1439,.T.);
#434=ADVANCED_FACE('',(#1440),#1441,.T.);
#435=ADVANCED_FACE('',(#1442),#1443,.T.);
#436=ADVANCED_FACE('',(#1444),#1445,.F.);
#437=ADVANCED_FACE('',(#1446),#1447,.F.);
#438=ADVANCED_FACE('',(#1448),#1449,.T.);
#439=ADVANCED_FACE('',(#1450),#1451,.T.);
#440=ADVANCED_FACE('',(#1452),#1453,.T.);
#441=ADVANCED_FACE('',(#1454),#1455,.F.);
#442=ADVANCED_FACE('',(#1456),#1457,.T.);
#443=ADVANCED_FACE('',(#1458),#1459,.T.);
#444=ADVANCED_FACE('',(#1460),#1461,.T.);
#445=ADVANCED_FACE('',(#1462),#1463,.F.);
#446=ADVANCED_FACE('',(#1464),#1465,.F.);
#447=ADVANCED_FACE('',(#1466),#1467,.T.);
#448=ADVANCED_FACE('',(#1468),#1469,.F.);
#449=ADVANCED_FACE('',(#1470),#1471,.T.);
#450=ADVANCED_FACE('',(#1472),#1473,.T.);
#451=ADVANCED_FACE('',(#1474),#1475,.T.);
#452=ADVANCED_FACE('',(#1476),#1477,.T.);
#453=ADVANCED_FACE('',(#1478),#1479,.T.);
#454=ADVANCED_FACE('',(#1480),#1481,.T.);
#455=ADVANCED_FACE('',(#1482),#1483,.T.);
#456=ADVANCED_FACE('',(#1484),#1485,.F.);
#457=ADVANCED_FACE('',(#1486),#1487,.T.);
#458=ADVANCED_FACE('',(#1488),#1489,.F.);
#459=ADVANCED_FACE('',(#1490),#1491,.T.);
#460=ADVANCED_FACE('',(#1492),#1493,.T.);
#461=ADVANCED_FACE('',(#1494),#1495,.T.);
#462=ADVANCED_FACE('',(#1496),#1497,.T.);
#463=ADVANCED_FACE('',(#1498),#1499,.F.);
#464=ADVANCED_FACE('',(#1500),#1501,.T.);
#465=ADVANCED_FACE('',(#1502),#1503,.T.);
#466=ADVANCED_FACE('',(#1504),#1505,.T.);
#467=ADVANCED_FACE('',(#1506),#1507,.T.);
#468=ADVANCED_FACE('',(#1508),#1509,.F.);
#469=ADVANCED_FACE('',(#1510),#1511,.T.);
#470=ADVANCED_FACE('',(#1512),#1513,.T.);
#471=ADVANCED_FACE('',(#1514),#1515,.T.);
#472=ADVANCED_FACE('',(#1516),#1517,.T.);
#473=ADVANCED_FACE('',(#1518),#1519,.F.);
#474=ADVANCED_FACE('',(#1520),#1521,.T.);
#475=ADVANCED_FACE('',(#1522),#1523,.T.);
#476=ADVANCED_FACE('',(#1524),#1525,.T.);
#477=ADVANCED_FACE('',(#1526),#1527,.T.);
#478=ADVANCED_FACE('',(#1528),#1529,.F.);
#479=ADVANCED_FACE('',(#1530),#1531,.T.);
#480=ADVANCED_FACE('',(#1532),#1533,.T.);
#481=ADVANCED_FACE('',(#1534),#1535,.T.);
#482=ADVANCED_FACE('',(#1536),#1537,.T.);
#483=ADVANCED_FACE('',(#1538),#1539,.F.);
#484=ADVANCED_FACE('',(#1540),#1541,.T.);
#485=ADVANCED_FACE('',(#1542),#1543,.T.);
#486=ADVANCED_FACE('',(#1544),#1545,.T.);
#487=ADVANCED_FACE('',(#1546),#1547,.T.);
#488=ADVANCED_FACE('',(#1548),#1549,.F.);
#489=ADVANCED_FACE('',(#1550),#1551,.T.);
#490=ADVANCED_FACE('',(#1552),#1553,.T.);
#491=ADVANCED_FACE('',(#1554),#1555,.T.);
#492=ADVANCED_FACE('',(#1556),#1557,.T.);
#493=ADVANCED_FACE('',(#1558),#1559,.F.);
#494=ADVANCED_FACE('',(#1560),#1561,.T.);
#495=ADVANCED_FACE('',(#1562),#1563,.T.);
#496=ADVANCED_FACE('',(#1564),#1565,.T.);
#497=ADVANCED_FACE('',(#1566),#1567,.T.);
#498=ADVANCED_FACE('',(#1568),#1569,.F.);
#499=ADVANCED_FACE('',(#1570),#1571,.T.);
#500=ADVANCED_FACE('',(#1572),#1573,.T.);
#501=ADVANCED_FACE('',(#1574),#1575,.T.);
#502=ADVANCED_FACE('',(#1576),#1577,.T.);
#503=ADVANCED_FACE('',(#1578),#1579,.F.);
#504=ADVANCED_FACE('',(#1580),#1581,.T.);
#505=ADVANCED_FACE('',(#1582),#1583,.T.);
#506=ADVANCED_FACE('',(#1584),#1585,.T.);
#507=ADVANCED_FACE('',(#1586),#1587,.T.);
#508=ADVANCED_FACE('',(#1588),#1589,.F.);
#509=ADVANCED_FACE('',(#1590),#1591,.T.);
#510=ADVANCED_FACE('',(#1592),#1593,.T.);
#511=ADVANCED_FACE('',(#1594),#1595,.T.);
#512=ADVANCED_FACE('',(#1596),#1597,.T.);
#513=ADVANCED_FACE('',(#1598),#1599,.F.);
#514=ADVANCED_FACE('',(#1600),#1601,.T.);
#515=ADVANCED_FACE('',(#1602),#1603,.T.);
#516=ADVANCED_FACE('',(#1604),#1605,.F.);
#517=ADVANCED_FACE('',(#1606),#1607,.T.);
#518=ADVANCED_FACE('',(#1608),#1609,.T.);
#519=ADVANCED_FACE('',(#1610),#1611,.T.);
#520=ADVANCED_FACE('',(#1612),#1613,.T.);
#521=ADVANCED_FACE('',(#1614),#1615,.T.);
#522=ADVANCED_FACE('',(#1616),#1617,.T.);
#523=ADVANCED_FACE('',(#1618),#1619,.T.);
#524=ADVANCED_FACE('',(#1620),#1621,.T.);
#525=ADVANCED_FACE('',(#1622),#1623,.T.);
#526=ADVANCED_FACE('',(#1624),#1625,.F.);
#527=ADVANCED_FACE('',(#1626),#1627,.T.);
#528=ADVANCED_FACE('',(#1628),#1629,.T.);
#529=ADVANCED_FACE('',(#1630),#1631,.T.);
#530=ADVANCED_FACE('',(#1632),#1633,.T.);
#531=ADVANCED_FACE('',(#1634),#1635,.F.);
#532=ADVANCED_FACE('',(#1636),#1637,.T.);
#533=ADVANCED_FACE('',(#1638),#1639,.T.);
#534=ADVANCED_FACE('',(#1640),#1641,.T.);
#535=ADVANCED_FACE('',(#1642),#1643,.T.);
#536=ADVANCED_FACE('',(#1644),#1645,.T.);
#537=ADVANCED_FACE('',(#1646),#1647,.T.);
#538=ADVANCED_FACE('',(#1648),#1649,.F.);
#539=ADVANCED_FACE('',(#1650),#1651,.T.);
#540=ADVANCED_FACE('',(#1652),#1653,.T.);
#541=ADVANCED_FACE('',(#1654),#1655,.T.);
#542=ADVANCED_FACE('',(#1656),#1657,.T.);
#543=ADVANCED_FACE('',(#1658),#1659,.F.);
#544=ADVANCED_FACE('',(#1660),#1661,.T.);
#545=ADVANCED_FACE('',(#1662),#1663,.F.);
#546=ADVANCED_FACE('',(#1664),#1665,.F.);
#547=ADVANCED_FACE('',(#1666),#1667,.F.);
#548=ADVANCED_FACE('',(#1668),#1669,.T.);
#549=ADVANCED_FACE('',(#1670),#1671,.T.);
#550=ADVANCED_FACE('',(#1672),#1673,.T.);
#551=ADVANCED_FACE('',(#1674),#1675,.T.);
#552=ADVANCED_FACE('',(#1676),#1677,.F.);
#553=ADVANCED_FACE('',(#1678),#1679,.T.);
#554=ADVANCED_FACE('',(#1680),#1681,.T.);
#555=ADVANCED_FACE('',(#1682),#1683,.T.);
#556=ADVANCED_FACE('',(#1684),#1685,.T.);
#557=ADVANCED_FACE('',(#1686),#1687,.T.);
#558=ADVANCED_FACE('',(#1688),#1689,.T.);
#559=ADVANCED_FACE('',(#1690),#1691,.T.);
#560=ADVANCED_FACE('',(#1692),#1693,.T.);
#561=ADVANCED_FACE('',(#1694),#1695,.T.);
#562=ADVANCED_FACE('',(#1696),#1697,.T.);
#563=ADVANCED_FACE('',(#1698),#1699,.T.);
#564=ADVANCED_FACE('',(#1700),#1701,.F.);
#565=ADVANCED_FACE('',(#1702),#1703,.T.);
#566=ADVANCED_FACE('',(#1704),#1705,.T.);
#567=ADVANCED_FACE('',(#1706),#1707,.T.);
#568=ADVANCED_FACE('',(#1708),#1709,.T.);
#569=ADVANCED_FACE('',(#1710),#1711,.F.);
#570=ADVANCED_FACE('',(#1712),#1713,.F.);
#571=ADVANCED_FACE('',(#1714),#1715,.T.);
#572=ADVANCED_FACE('',(#1716),#1717,.T.);
#573=ADVANCED_FACE('',(#1718),#1719,.F.);
#574=ADVANCED_FACE('',(#1720),#1721,.T.);
#575=ADVANCED_FACE('',(#1722),#1723,.T.);
#576=ADVANCED_FACE('',(#1724),#1725,.T.);
#577=ADVANCED_FACE('',(#1726),#1727,.T.);
#578=ADVANCED_FACE('',(#1728),#1729,.F.);
#579=ADVANCED_FACE('',(#1730),#1731,.F.);
#580=ADVANCED_FACE('',(#1732),#1733,.T.);
#581=ADVANCED_FACE('',(#1734),#1735,.F.);
#582=ADVANCED_FACE('',(#1736),#1737,.T.);
#583=ADVANCED_FACE('',(#1738),#1739,.T.);
#584=ADVANCED_FACE('',(#1740),#1741,.T.);
#585=ADVANCED_FACE('',(#1742),#1743,.T.);
#586=ADVANCED_FACE('',(#1744),#1745,.F.);
#587=ADVANCED_FACE('',(#1746),#1747,.F.);
#588=ADVANCED_FACE('',(#1748),#1749,.T.);
#589=ADVANCED_FACE('',(#1750),#1751,.F.);
#590=ADVANCED_FACE('',(#1752),#1753,.T.);
#591=ADVANCED_FACE('',(#1754),#1755,.T.);
#592=ADVANCED_FACE('',(#1756),#1757,.F.);
#593=ADVANCED_FACE('',(#1758),#1759,.T.);
#594=ADVANCED_FACE('',(#1760),#1761,.T.);
#595=ADVANCED_FACE('',(#1762),#1763,.T.);
#596=ADVANCED_FACE('',(#1764),#1765,.T.);
#597=ADVANCED_FACE('',(#1766),#1767,.T.);
#598=ADVANCED_FACE('',(#1768),#1769,.T.);
#599=ADVANCED_FACE('',(#1770),#1771,.F.);
#600=ADVANCED_FACE('',(#1772),#1773,.F.);
#601=ADVANCED_FACE('',(#1774),#1775,.F.);
#602=ADVANCED_FACE('',(#1776),#1777,.T.);
#603=ADVANCED_FACE('',(#1778),#1779,.F.);
#604=ADVANCED_FACE('',(#1780),#1781,.F.);
#605=ADVANCED_FACE('',(#1782),#1783,.T.);
#606=ADVANCED_FACE('',(#1784),#1785,.F.);
#607=ADVANCED_FACE('',(#1786),#1787,.T.);
#608=ADVANCED_FACE('',(#1788),#1789,.F.);
#609=ADVANCED_FACE('',(#1790),#1791,.F.);
#610=ADVANCED_FACE('',(#1792),#1793,.F.);
#611=ADVANCED_FACE('',(#1794),#1795,.F.);
#612=ADVANCED_FACE('',(#1796),#1797,.T.);
#613=ADVANCED_FACE('',(#1798),#1799,.T.);
#614=ADVANCED_FACE('',(#1800),#1801,.F.);
#615=ADVANCED_FACE('',(#1802),#1803,.T.);
#616=ADVANCED_FACE('',(#1804),#1805,.F.);
#617=ADVANCED_FACE('',(#1806),#1807,.F.);
#618=ADVANCED_FACE('',(#1808),#1809,.F.);
#619=ADVANCED_FACE('',(#1810),#1811,.F.);
#620=ADVANCED_FACE('',(#1812),#1813,.T.);
#621=ADVANCED_FACE('',(#1814),#1815,.T.);
#622=ADVANCED_FACE('',(#1816),#1817,.T.);
#623=ADVANCED_FACE('',(#1818),#1819,.T.);
#624=ADVANCED_FACE('',(#1820),#1821,.T.);
#625=ADVANCED_FACE('',(#1822),#1823,.T.);
#626=ADVANCED_FACE('',(#1824),#1825,.F.);
#627=ADVANCED_FACE('',(#1826),#1827,.F.);
#628=ADVANCED_FACE('',(#1828),#1829,.T.);
#629=ADVANCED_FACE('',(#1830),#1831,.T.);
#630=ADVANCED_FACE('',(#1832),#1833,.T.);
#631=ADVANCED_FACE('',(#1834),#1835,.T.);
#632=ADVANCED_FACE('',(#1836),#1837,.T.);
#633=ADVANCED_FACE('',(#1838),#1839,.F.);
#634=ADVANCED_FACE('',(#1840),#1841,.T.);
#635=ADVANCED_FACE('',(#1842),#1843,.T.);
#636=ADVANCED_FACE('',(#1844),#1845,.T.);
#637=ADVANCED_FACE('',(#1846),#1847,.T.);
#638=ADVANCED_FACE('',(#1848),#1849,.T.);
#639=ADVANCED_FACE('',(#1850),#1851,.T.);
#640=ADVANCED_FACE('',(#1852),#1853,.T.);
#641=ADVANCED_FACE('',(#1854),#1855,.F.);
#642=ADVANCED_FACE('',(#1856),#1857,.T.);
#643=ADVANCED_FACE('',(#1858),#1859,.T.);
#644=ADVANCED_FACE('',(#1860),#1861,.T.);
#645=ADVANCED_FACE('',(#1862),#1863,.T.);
#646=ADVANCED_FACE('',(#1864),#1865,.F.);
#647=ADVANCED_FACE('',(#1866),#1867,.F.);
#648=ADVANCED_FACE('',(#1868),#1869,.T.);
#649=ADVANCED_FACE('',(#1870),#1871,.T.);
#650=ADVANCED_FACE('',(#1872),#1873,.T.);
#651=ADVANCED_FACE('',(#1874),#1875,.T.);
#652=ADVANCED_FACE('',(#1876),#1877,.F.);
#653=ADVANCED_FACE('',(#1878),#1879,.F.);
#654=ADVANCED_FACE('',(#1880),#1881,.F.);
#655=ADVANCED_FACE('',(#1882),#1883,.T.);
#656=ADVANCED_FACE('',(#1884),#1885,.T.);
#657=ADVANCED_FACE('',(#1886),#1887,.F.);
#658=ADVANCED_FACE('',(#1888),#1889,.T.);
#659=ADVANCED_FACE('',(#1890),#1891,.F.);
#660=ADVANCED_FACE('',(#1892),#1893,.F.);
#661=ADVANCED_FACE('',(#1894),#1895,.T.);
#662=ADVANCED_FACE('',(#1896),#1897,.T.);
#663=ADVANCED_FACE('',(#1898),#1899,.T.);
#664=ADVANCED_FACE('',(#1900),#1901,.F.);
#665=ADVANCED_FACE('',(#1902),#1903,.T.);
#666=ADVANCED_FACE('',(#1904),#1905,.F.);
#667=ADVANCED_FACE('',(#1906),#1907,.F.);
#668=ADVANCED_FACE('',(#1908),#1909,.F.);
#669=ADVANCED_FACE('',(#1910),#1911,.T.);
#670=ADVANCED_FACE('',(#1912),#1913,.T.);
#671=ADVANCED_FACE('',(#1914),#1915,.F.);
#672=ADVANCED_FACE('',(#1916),#1917,.T.);
#673=ADVANCED_FACE('',(#1918),#1919,.F.);
#674=ADVANCED_FACE('',(#1920),#1921,.T.);
#675=ADVANCED_FACE('',(#1922),#1923,.F.);
#676=ADVANCED_FACE('',(#1924),#1925,.T.);
#677=ADVANCED_FACE('',(#1926),#1927,.T.);
#678=ADVANCED_FACE('',(#1928),#1929,.T.);
#679=ADVANCED_FACE('',(#1930),#1931,.T.);
#680=ADVANCED_FACE('',(#1932),#1933,.F.);
#681=ADVANCED_FACE('',(#1934),#1935,.T.);
#682=ADVANCED_FACE('',(#1936),#1937,.F.);
#683=ADVANCED_FACE('',(#1938),#1939,.T.);
#684=ADVANCED_FACE('',(#1940),#1941,.T.);
#685=ADVANCED_FACE('',(#1942),#1943,.T.);
#686=ADVANCED_FACE('',(#1944),#1945,.T.);
#687=ADVANCED_FACE('',(#1946),#1947,.F.);
#688=ADVANCED_FACE('',(#1948),#1949,.F.);
#689=ADVANCED_FACE('',(#1950),#1951,.F.);
#690=ADVANCED_FACE('',(#1952),#1953,.T.);
#691=ADVANCED_FACE('',(#1954),#1955,.T.);
#692=ADVANCED_FACE('',(#1956),#1957,.F.);
#693=ADVANCED_FACE('',(#1958),#1959,.T.);
#694=ADVANCED_FACE('',(#1960),#1961,.F.);
#695=ADVANCED_FACE('',(#1962),#1963,.T.);
#696=ADVANCED_FACE('',(#1964),#1965,.T.);
#697=ADVANCED_FACE('',(#1966),#1967,.F.);
#698=ADVANCED_FACE('',(#1968),#1969,.F.);
#699=ADVANCED_FACE('',(#1970),#1971,.T.);
#701=FACE_OUTER_BOUND('',#1972,.T.);
#702=CYLINDRICAL_SURFACE('',#1973,0.25000000038);
#703=FACE_OUTER_BOUND('',#1974,.T.);
#704=CONICAL_SURFACE('',#1975,0.2251688483389,0.785749443920573);
#705=FACE_OUTER_BOUND('',#1976,.T.);
#706=CYLINDRICAL_SURFACE('',#1977,0.175);
#707=FACE_OUTER_BOUND('',#1978,.T.);
#708=CONICAL_SURFACE('',#1979,1.054999999735,0.785399253347109);
#709=FACE_OUTER_BOUND('',#1980,.T.);
#710=CONICAL_SURFACE('',#1981,1.03,0.785399253347109);
#711=FACE_OUTER_BOUND('',#1982,.T.);
#712=CYLINDRICAL_SURFACE('',#1983,1.20088009801215);
#713=FACE_OUTER_BOUND('',#1984,.T.);
#714=CONICAL_SURFACE('',#1985,1.03,0.785399253347109);
#715=FACE_OUTER_BOUND('',#1986,.T.);
#716=CONICAL_SURFACE('',#1987,1.03,0.785399253347109);
#717=FACE_OUTER_BOUND('',#1988,.T.);
#718=PLANE('',#1989);
#719=FACE_OUTER_BOUND('',#1990,.T.);
#720=PLANE('',#1991);
#721=FACE_OUTER_BOUND('',#1992,.T.);
#722=PLANE('',#1993);
#723=FACE_OUTER_BOUND('',#1994,.T.);
#724=PLANE('',#1995);
#725=FACE_OUTER_BOUND('',#1996,.T.);
#726=PLANE('',#1997);
#727=FACE_OUTER_BOUND('',#1998,.T.);
#728=PLANE('',#1999);
#729=FACE_OUTER_BOUND('',#2000,.T.);
#730=PLANE('',#2001);
#731=FACE_OUTER_BOUND('',#2002,.T.);
#732=PLANE('',#2003);
#733=FACE_OUTER_BOUND('',#2004,.T.);
#734=B_SPLINE_SURFACE_WITH_KNOTS('',3,3,((#2005,#2006,#2007,#2008),(#2009,#2010,#2011,#2012),(#2013,#2014,#2015,#2016),(#2017,#2018,#2019,#2020),(#2021,#2022,#2023,#2024),(#2025,#2026,#2027,#2028),(#2029,#2030,#2031,#2032),(#2033,#2034,#2035,#2036)),.UNSPECIFIED.,.F.,.F.,.F.,(4,1,1,1,1,4),(4,4),(0.0329672058606135,0.257444053682114,0.415538210527592,0.573632367373181,0.731726524218659,0.970409610306789),(0.110412728885581,0.682653798833431),.UNSPECIFIED.);
#735=FACE_OUTER_BOUND('',#2037,.T.);
#736=PLANE('',#2038);
#737=FACE_OUTER_BOUND('',#2039,.T.);
#738=PLANE('',#2040);
#739=FACE_OUTER_BOUND('',#2041,.T.);
#740=PLANE('',#2042);
#741=FACE_OUTER_BOUND('',#2043,.T.);
#742=PLANE('',#2044);
#743=FACE_OUTER_BOUND('',#2045,.T.);
#744=PLANE('',#2046);
#745=FACE_OUTER_BOUND('',#2047,.T.);
#746=PLANE('',#2048);
#747=FACE_OUTER_BOUND('',#2049,.T.);
#748=PLANE('',#2050);
#749=FACE_OUTER_BOUND('',#2051,.T.);
#750=PLANE('',#2052);
#751=FACE_OUTER_BOUND('',#2053,.T.);
#752=PLANE('',#2054);
#753=FACE_OUTER_BOUND('',#2055,.T.);
#754=PLANE('',#2056);
#755=FACE_OUTER_BOUND('',#2057,.T.);
#756=CYLINDRICAL_SURFACE('',#2058,0.15);
#757=FACE_OUTER_BOUND('',#2059,.T.);
#758=CYLINDRICAL_SURFACE('',#2060,0.15);
#759=FACE_OUTER_BOUND('',#2061,.T.);
#760=PLANE('',#2062);
#761=FACE_OUTER_BOUND('',#2063,.T.);
#762=PLANE('',#2064);
#763=FACE_OUTER_BOUND('',#2065,.T.);
#764=PLANE('',#2066);
#765=FACE_OUTER_BOUND('',#2067,.T.);
#766=PLANE('',#2068);
#767=FACE_OUTER_BOUND('',#2069,.T.);
#768=PLANE('',#2070);
#769=FACE_OUTER_BOUND('',#2071,.T.);
#770=CYLINDRICAL_SURFACE('',#2072,1.20088009801215);
#771=FACE_OUTER_BOUND('',#2073,.T.);
#772=CONICAL_SURFACE('',#2074,1.054999999593,0.785399253347109);
#773=FACE_OUTER_BOUND('',#2075,.T.);
#774=CYLINDRICAL_SURFACE('',#2076,1.20088009801215);
#775=FACE_BOUND('',#2077,.T.);
#776=FACE_OUTER_BOUND('',#2078,.T.);
#777=PLANE('',#2079);
#778=FACE_OUTER_BOUND('',#2080,.T.);
#779=B_SPLINE_SURFACE_WITH_KNOTS('',3,3,((#2081,#2082,#2083,#2084),(#2085,#2086,#2087,#2088),(#2089,#2090,#2091,#2092),(#2093,#2094,#2095,#2096),(#2097,#2098,#2099,#2100),(#2101,#2102,#2103,#2104),(#2105,#2106,#2107,#2108),(#2109,#2110,#2111,#2112)),.UNSPECIFIED.,.F.,.F.,.F.,(4,1,1,1,1,4),(4,4),(0.0170277646630683,0.480540229534379,0.592578476958048,0.704616724381795,0.816654971805464,0.975483453002978),(0.105913830097374,0.726245050315352),.UNSPECIFIED.);
#780=FACE_OUTER_BOUND('',#2113,.T.);
#781=PLANE('',#2114);
#782=FACE_OUTER_BOUND('',#2115,.T.);
#783=CYLINDRICAL_SURFACE('',#2116,0.9800000000002);
#784=FACE_OUTER_BOUND('',#2117,.T.);
#785=PLANE('',#2118);
#786=FACE_OUTER_BOUND('',#2119,.T.);
#787=PLANE('',#2120);
#788=FACE_OUTER_BOUND('',#2121,.T.);
#789=CYLINDRICAL_SURFACE('',#2122,0.3);
#790=FACE_OUTER_BOUND('',#2123,.T.);
#791=CYLINDRICAL_SURFACE('',#2124,0.15);
#792=FACE_OUTER_BOUND('',#2125,.T.);
#793=PLANE('',#2126);
#794=FACE_OUTER_BOUND('',#2127,.T.);
#795=PLANE('',#2128);
#796=FACE_OUTER_BOUND('',#2129,.T.);
#797=PLANE('',#2130);
#798=FACE_OUTER_BOUND('',#2131,.T.);
#799=PLANE('',#2132);
#800=FACE_OUTER_BOUND('',#2133,.T.);
#801=CYLINDRICAL_SURFACE('',#2134,0.3);
#802=FACE_OUTER_BOUND('',#2135,.T.);
#803=PLANE('',#2136);
#804=FACE_OUTER_BOUND('',#2137,.T.);
#805=PLANE('',#2138);
#806=FACE_OUTER_BOUND('',#2139,.T.);
#807=PLANE('',#2140);
#808=FACE_OUTER_BOUND('',#2141,.T.);
#809=PLANE('',#2142);
#810=FACE_OUTER_BOUND('',#2143,.T.);
#811=PLANE('',#2144);
#812=FACE_OUTER_BOUND('',#2145,.T.);
#813=CYLINDRICAL_SURFACE('',#2146,0.05);
#814=FACE_OUTER_BOUND('',#2147,.T.);
#815=CYLINDRICAL_SURFACE('',#2148,0.05);
#816=FACE_OUTER_BOUND('',#2149,.T.);
#817=CYLINDRICAL_SURFACE('',#2150,0.05);
#818=FACE_OUTER_BOUND('',#2151,.T.);
#819=CYLINDRICAL_SURFACE('',#2152,0.05);
#820=FACE_OUTER_BOUND('',#2153,.T.);
#821=CYLINDRICAL_SURFACE('',#2154,0.05);
#822=FACE_OUTER_BOUND('',#2155,.T.);
#823=CYLINDRICAL_SURFACE('',#2156,0.05);
#824=FACE_OUTER_BOUND('',#2157,.T.);
#825=CYLINDRICAL_SURFACE('',#2158,0.05);
#826=FACE_OUTER_BOUND('',#2159,.T.);
#827=CYLINDRICAL_SURFACE('',#2160,0.05);
#828=FACE_OUTER_BOUND('',#2161,.T.);
#829=PLANE('',#2162);
#830=FACE_OUTER_BOUND('',#2163,.T.);
#831=CYLINDRICAL_SURFACE('',#2164,0.175);
#832=FACE_OUTER_BOUND('',#2165,.T.);
#833=CYLINDRICAL_SURFACE('',#2166,0.15);
#834=FACE_OUTER_BOUND('',#2167,.T.);
#835=PLANE('',#2168);
#836=FACE_OUTER_BOUND('',#2169,.T.);
#837=PLANE('',#2170);
#838=FACE_OUTER_BOUND('',#2171,.T.);
#839=PLANE('',#2172);
#840=FACE_OUTER_BOUND('',#2173,.T.);
#841=PLANE('',#2174);
#842=FACE_OUTER_BOUND('',#2175,.T.);
#843=PLANE('',#2176);
#844=FACE_OUTER_BOUND('',#2177,.T.);
#845=PLANE('',#2178);
#846=FACE_OUTER_BOUND('',#2179,.T.);
#847=PLANE('',#2180);
#848=FACE_OUTER_BOUND('',#2181,.T.);
#849=PLANE('',#2182);
#850=FACE_OUTER_BOUND('',#2183,.T.);
#851=PLANE('',#2184);
#852=FACE_OUTER_BOUND('',#2185,.T.);
#853=PLANE('',#2186);
#854=FACE_OUTER_BOUND('',#2187,.T.);
#855=PLANE('',#2188);
#856=FACE_OUTER_BOUND('',#2189,.T.);
#857=PLANE('',#2190);
#858=FACE_OUTER_BOUND('',#2191,.T.);
#859=PLANE('',#2192);
#860=FACE_OUTER_BOUND('',#2193,.T.);
#861=CYLINDRICAL_SURFACE('',#2194,0.4);
#862=FACE_OUTER_BOUND('',#2195,.T.);
#863=PLANE('',#2196);
#864=FACE_OUTER_BOUND('',#2197,.T.);
#865=CYLINDRICAL_SURFACE('',#2198,0.4);
#866=FACE_OUTER_BOUND('',#2199,.T.);
#867=PLANE('',#2200);
#868=FACE_OUTER_BOUND('',#2201,.T.);
#869=CYLINDRICAL_SURFACE('',#2202,0.1);
#870=FACE_OUTER_BOUND('',#2203,.T.);
#871=PLANE('',#2204);
#872=FACE_OUTER_BOUND('',#2205,.T.);
#873=CYLINDRICAL_SURFACE('',#2206,0.1);
#874=FACE_OUTER_BOUND('',#2207,.T.);
#875=PLANE('',#2208);
#876=FACE_OUTER_BOUND('',#2209,.T.);
#877=PLANE('',#2210);
#878=FACE_OUTER_BOUND('',#2211,.T.);
#879=PLANE('',#2212);
#880=FACE_OUTER_BOUND('',#2213,.T.);
#881=PLANE('',#2214);
#882=FACE_OUTER_BOUND('',#2215,.T.);
#883=CYLINDRICAL_SURFACE('',#2216,0.4);
#884=FACE_OUTER_BOUND('',#2217,.T.);
#885=PLANE('',#2218);
#886=FACE_OUTER_BOUND('',#2219,.T.);
#887=CYLINDRICAL_SURFACE('',#2220,0.4);
#888=FACE_OUTER_BOUND('',#2221,.T.);
#889=PLANE('',#2222);
#890=FACE_OUTER_BOUND('',#2223,.T.);
#891=PLANE('',#2224);
#892=FACE_OUTER_BOUND('',#2225,.T.);
#893=CYLINDRICAL_SURFACE('',#2226,0.1);
#894=FACE_OUTER_BOUND('',#2227,.T.);
#895=PLANE('',#2228);
#896=FACE_OUTER_BOUND('',#2229,.T.);
#897=CYLINDRICAL_SURFACE('',#2230,0.1);
#898=FACE_OUTER_BOUND('',#2231,.T.);
#899=PLANE('',#2232);
#900=FACE_OUTER_BOUND('',#2233,.T.);
#901=PLANE('',#2234);
#902=FACE_OUTER_BOUND('',#2235,.T.);
#903=CYLINDRICAL_SURFACE('',#2236,0.1);
#904=FACE_OUTER_BOUND('',#2237,.T.);
#905=PLANE('',#2238);
#906=FACE_OUTER_BOUND('',#2239,.T.);
#907=CYLINDRICAL_SURFACE('',#2240,0.4);
#908=FACE_OUTER_BOUND('',#2241,.T.);
#909=PLANE('',#2242);
#910=FACE_OUTER_BOUND('',#2243,.T.);
#911=CYLINDRICAL_SURFACE('',#2244,0.4);
#912=FACE_OUTER_BOUND('',#2245,.T.);
#913=PLANE('',#2246);
#914=FACE_OUTER_BOUND('',#2247,.T.);
#915=PLANE('',#2248);
#916=FACE_OUTER_BOUND('',#2249,.T.);
#917=CYLINDRICAL_SURFACE('',#2250,0.1);
#918=FACE_OUTER_BOUND('',#2251,.T.);
#919=PLANE('',#2252);
#920=FACE_OUTER_BOUND('',#2253,.T.);
#921=CYLINDRICAL_SURFACE('',#2254,0.1);
#922=FACE_OUTER_BOUND('',#2255,.T.);
#923=PLANE('',#2256);
#924=FACE_OUTER_BOUND('',#2257,.T.);
#925=CYLINDRICAL_SURFACE('',#2258,0.1);
#926=FACE_OUTER_BOUND('',#2259,.T.);
#927=PLANE('',#2260);
#928=FACE_OUTER_BOUND('',#2261,.T.);
#929=CYLINDRICAL_SURFACE('',#2262,0.4);
#930=FACE_OUTER_BOUND('',#2263,.T.);
#931=PLANE('',#2264);
#932=FACE_OUTER_BOUND('',#2265,.T.);
#933=CYLINDRICAL_SURFACE('',#2266,0.4);
#934=FACE_OUTER_BOUND('',#2267,.T.);
#935=PLANE('',#2268);
#936=FACE_OUTER_BOUND('',#2269,.T.);
#937=PLANE('',#2270);
#938=FACE_OUTER_BOUND('',#2271,.T.);
#939=PLANE('',#2272);
#940=FACE_OUTER_BOUND('',#2273,.T.);
#941=PLANE('',#2274);
#942=FACE_OUTER_BOUND('',#2275,.T.);
#943=PLANE('',#2276);
#944=FACE_OUTER_BOUND('',#2277,.T.);
#945=CYLINDRICAL_SURFACE('',#2278,0.27);
#946=FACE_OUTER_BOUND('',#2279,.T.);
#947=PLANE('',#2280);
#948=FACE_OUTER_BOUND('',#2281,.T.);
#949=PLANE('',#2282);
#950=FACE_OUTER_BOUND('',#2283,.T.);
#951=PLANE('',#2284);
#952=FACE_OUTER_BOUND('',#2285,.T.);
#953=PLANE('',#2286);
#954=FACE_OUTER_BOUND('',#2287,.T.);
#955=PLANE('',#2288);
#956=FACE_OUTER_BOUND('',#2289,.T.);
#957=PLANE('',#2290);
#958=FACE_OUTER_BOUND('',#2291,.T.);
#959=PLANE('',#2292);
#960=FACE_OUTER_BOUND('',#2293,.T.);
#961=PLANE('',#2294);
#962=FACE_OUTER_BOUND('',#2295,.T.);
#963=PLANE('',#2296);
#964=FACE_OUTER_BOUND('',#2297,.T.);
#965=PLANE('',#2298);
#966=FACE_OUTER_BOUND('',#2299,.T.);
#967=PLANE('',#2300);
#968=FACE_OUTER_BOUND('',#2301,.T.);
#969=PLANE('',#2302);
#970=FACE_OUTER_BOUND('',#2303,.T.);
#971=PLANE('',#2304);
#972=FACE_OUTER_BOUND('',#2305,.T.);
#973=CYLINDRICAL_SURFACE('',#2306,0.2);
#974=FACE_OUTER_BOUND('',#2307,.T.);
#975=CYLINDRICAL_SURFACE('',#2308,0.2);
#976=FACE_OUTER_BOUND('',#2309,.T.);
#977=PLANE('',#2310);
#978=FACE_OUTER_BOUND('',#2311,.T.);
#979=PLANE('',#2312);
#980=FACE_OUTER_BOUND('',#2313,.T.);
#981=PLANE('',#2314);
#982=FACE_OUTER_BOUND('',#2315,.T.);
#983=PLANE('',#2316);
#984=FACE_OUTER_BOUND('',#2317,.T.);
#985=PLANE('',#2318);
#986=FACE_OUTER_BOUND('',#2319,.T.);
#987=PLANE('',#2320);
#988=FACE_OUTER_BOUND('',#2321,.T.);
#989=CYLINDRICAL_SURFACE('',#2322,0.2);
#990=FACE_OUTER_BOUND('',#2323,.T.);
#991=CYLINDRICAL_SURFACE('',#2324,0.2);
#992=FACE_OUTER_BOUND('',#2325,.T.);
#993=PLANE('',#2326);
#994=FACE_OUTER_BOUND('',#2327,.T.);
#995=PLANE('',#2328);
#996=FACE_OUTER_BOUND('',#2329,.T.);
#997=CYLINDRICAL_SURFACE('',#2330,0.2);
#998=FACE_OUTER_BOUND('',#2331,.T.);
#999=CYLINDRICAL_SURFACE('',#2332,0.2);
#1000=FACE_OUTER_BOUND('',#2333,.T.);
#1001=PLANE('',#2334);
#1002=FACE_OUTER_BOUND('',#2335,.T.);
#1003=PLANE('',#2336);
#1004=FACE_OUTER_BOUND('',#2337,.T.);
#1005=PLANE('',#2338);
#1006=FACE_OUTER_BOUND('',#2339,.T.);
#1007=PLANE('',#2340);
#1008=FACE_OUTER_BOUND('',#2341,.T.);
#1009=PLANE('',#2342);
#1010=FACE_OUTER_BOUND('',#2343,.T.);
#1011=PLANE('',#2344);
#1012=FACE_OUTER_BOUND('',#2345,.T.);
#1013=PLANE('',#2346);
#1014=FACE_OUTER_BOUND('',#2347,.T.);
#1015=PLANE('',#2348);
#1016=FACE_OUTER_BOUND('',#2349,.T.);
#1017=PLANE('',#2350);
#1018=FACE_OUTER_BOUND('',#2351,.T.);
#1019=PLANE('',#2352);
#1020=FACE_OUTER_BOUND('',#2353,.T.);
#1021=PLANE('',#2354);
#1022=FACE_OUTER_BOUND('',#2355,.T.);
#1023=PLANE('',#2356);
#1024=FACE_OUTER_BOUND('',#2357,.T.);
#1025=PLANE('',#2358);
#1026=FACE_OUTER_BOUND('',#2359,.T.);
#1027=PLANE('',#2360);
#1028=FACE_OUTER_BOUND('',#2361,.T.);
#1029=CYLINDRICAL_SURFACE('',#2362,0.27);
#1030=FACE_OUTER_BOUND('',#2363,.T.);
#1031=PLANE('',#2364);
#1032=FACE_OUTER_BOUND('',#2365,.T.);
#1033=PLANE('',#2366);
#1034=FACE_OUTER_BOUND('',#2367,.T.);
#1035=PLANE('',#2368);
#1036=FACE_OUTER_BOUND('',#2369,.T.);
#1037=PLANE('',#2370);
#1038=FACE_OUTER_BOUND('',#2371,.T.);
#1039=PLANE('',#2372);
#1040=FACE_OUTER_BOUND('',#2373,.T.);
#1041=PLANE('',#2374);
#1042=FACE_OUTER_BOUND('',#2375,.T.);
#1043=PLANE('',#2376);
#1044=FACE_OUTER_BOUND('',#2377,.T.);
#1045=CYLINDRICAL_SURFACE('',#2378,0.27);
#1046=FACE_OUTER_BOUND('',#2379,.T.);
#1047=PLANE('',#2380);
#1048=FACE_OUTER_BOUND('',#2381,.T.);
#1049=PLANE('',#2382);
#1050=FACE_OUTER_BOUND('',#2383,.T.);
#1051=PLANE('',#2384);
#1052=FACE_OUTER_BOUND('',#2385,.T.);
#1053=PLANE('',#2386);
#1054=FACE_OUTER_BOUND('',#2387,.T.);
#1055=PLANE('',#2388);
#1056=FACE_OUTER_BOUND('',#2389,.T.);
#1057=PLANE('',#2390);
#1058=FACE_OUTER_BOUND('',#2391,.T.);
#1059=PLANE('',#2392);
#1060=FACE_OUTER_BOUND('',#2393,.T.);
#1061=PLANE('',#2394);
#1062=FACE_OUTER_BOUND('',#2395,.T.);
#1063=PLANE('',#2396);
#1064=FACE_OUTER_BOUND('',#2397,.T.);
#1065=PLANE('',#2398);
#1066=FACE_OUTER_BOUND('',#2399,.T.);
#1067=PLANE('',#2400);
#1068=FACE_OUTER_BOUND('',#2401,.T.);
#1069=PLANE('',#2402);
#1070=FACE_OUTER_BOUND('',#2403,.T.);
#1071=PLANE('',#2404);
#1072=FACE_OUTER_BOUND('',#2405,.T.);
#1073=PLANE('',#2406);
#1074=FACE_OUTER_BOUND('',#2407,.T.);
#1075=PLANE('',#2408);
#1076=FACE_OUTER_BOUND('',#2409,.T.);
#1077=PLANE('',#2410);
#1078=FACE_OUTER_BOUND('',#2411,.T.);
#1079=PLANE('',#2412);
#1080=FACE_OUTER_BOUND('',#2413,.T.);
#1081=PLANE('',#2414);
#1082=FACE_OUTER_BOUND('',#2415,.T.);
#1083=PLANE('',#2416);
#1084=FACE_OUTER_BOUND('',#2417,.T.);
#1085=PLANE('',#2418);
#1086=FACE_OUTER_BOUND('',#2419,.T.);
#1087=PLANE('',#2420);
#1088=FACE_OUTER_BOUND('',#2421,.T.);
#1089=PLANE('',#2422);
#1090=FACE_OUTER_BOUND('',#2423,.T.);
#1091=CYLINDRICAL_SURFACE('',#2424,0.27);
#1092=FACE_OUTER_BOUND('',#2425,.T.);
#1093=PLANE('',#2426);
#1094=FACE_OUTER_BOUND('',#2427,.T.);
#1095=PLANE('',#2428);
#1096=FACE_OUTER_BOUND('',#2429,.T.);
#1097=PLANE('',#2430);
#1098=FACE_OUTER_BOUND('',#2431,.T.);
#1099=PLANE('',#2432);
#1100=FACE_OUTER_BOUND('',#2433,.T.);
#1101=PLANE('',#2434);
#1102=FACE_OUTER_BOUND('',#2435,.T.);
#1103=PLANE('',#2436);
#1104=FACE_OUTER_BOUND('',#2437,.T.);
#1105=PLANE('',#2438);
#1106=FACE_OUTER_BOUND('',#2439,.T.);
#1107=CYLINDRICAL_SURFACE('',#2440,0.27);
#1108=FACE_OUTER_BOUND('',#2441,.T.);
#1109=PLANE('',#2442);
#1110=FACE_OUTER_BOUND('',#2443,.T.);
#1111=PLANE('',#2444);
#1112=FACE_OUTER_BOUND('',#2445,.T.);
#1113=PLANE('',#2446);
#1114=FACE_OUTER_BOUND('',#2447,.T.);
#1115=PLANE('',#2448);
#1116=FACE_OUTER_BOUND('',#2449,.T.);
#1117=PLANE('',#2450);
#1118=FACE_OUTER_BOUND('',#2451,.T.);
#1119=CYLINDRICAL_SURFACE('',#2452,0.27);
#1120=FACE_OUTER_BOUND('',#2453,.T.);
#1121=PLANE('',#2454);
#1122=FACE_OUTER_BOUND('',#2455,.T.);
#1123=PLANE('',#2456);
#1124=FACE_OUTER_BOUND('',#2457,.T.);
#1125=PLANE('',#2458);
#1126=FACE_OUTER_BOUND('',#2459,.T.);
#1127=PLANE('',#2460);
#1128=FACE_OUTER_BOUND('',#2461,.T.);
#1129=PLANE('',#2462);
#1130=FACE_OUTER_BOUND('',#2463,.T.);
#1131=PLANE('',#2464);
#1132=FACE_OUTER_BOUND('',#2465,.T.);
#1133=CYLINDRICAL_SURFACE('',#2466,0.27);
#1134=FACE_OUTER_BOUND('',#2467,.T.);
#1135=PLANE('',#2468);
#1136=FACE_OUTER_BOUND('',#2469,.T.);
#1137=PLANE('',#2470);
#1138=FACE_OUTER_BOUND('',#2471,.T.);
#1139=PLANE('',#2472);
#1140=FACE_OUTER_BOUND('',#2473,.T.);
#1141=PLANE('',#2474);
#1142=FACE_OUTER_BOUND('',#2475,.T.);
#1143=PLANE('',#2476);
#1144=FACE_OUTER_BOUND('',#2477,.T.);
#1145=PLANE('',#2478);
#1146=FACE_OUTER_BOUND('',#2479,.T.);
#1147=CYLINDRICAL_SURFACE('',#2480,0.27);
#1148=FACE_OUTER_BOUND('',#2481,.T.);
#1149=PLANE('',#2482);
#1150=FACE_OUTER_BOUND('',#2483,.T.);
#1151=PLANE('',#2484);
#1152=FACE_OUTER_BOUND('',#2485,.T.);
#1153=PLANE('',#2486);
#1154=FACE_OUTER_BOUND('',#2487,.T.);
#1155=PLANE('',#2488);
#1156=FACE_OUTER_BOUND('',#2489,.T.);
#1157=PLANE('',#2490);
#1158=FACE_OUTER_BOUND('',#2491,.T.);
#1159=PLANE('',#2492);
#1160=FACE_OUTER_BOUND('',#2493,.T.);
#1161=CYLINDRICAL_SURFACE('',#2494,0.27);
#1162=FACE_OUTER_BOUND('',#2495,.T.);
#1163=PLANE('',#2496);
#1164=FACE_OUTER_BOUND('',#2497,.T.);
#1165=PLANE('',#2498);
#1166=FACE_OUTER_BOUND('',#2499,.T.);
#1167=PLANE('',#2500);
#1168=FACE_OUTER_BOUND('',#2501,.T.);
#1169=PLANE('',#2502);
#1170=FACE_OUTER_BOUND('',#2503,.T.);
#1171=PLANE('',#2504);
#1172=FACE_OUTER_BOUND('',#2505,.T.);
#1173=PLANE('',#2506);
#1174=FACE_OUTER_BOUND('',#2507,.T.);
#1175=CYLINDRICAL_SURFACE('',#2508,0.27);
#1176=FACE_OUTER_BOUND('',#2509,.T.);
#1177=PLANE('',#2510);
#1178=FACE_OUTER_BOUND('',#2511,.T.);
#1179=PLANE('',#2512);
#1180=FACE_OUTER_BOUND('',#2513,.T.);
#1181=PLANE('',#2514);
#1182=FACE_OUTER_BOUND('',#2515,.T.);
#1183=CYLINDRICAL_SURFACE('',#2516,0.4);
#1184=FACE_OUTER_BOUND('',#2517,.T.);
#1185=PLANE('',#2518);
#1186=FACE_OUTER_BOUND('',#2519,.T.);
#1187=PLANE('',#2520);
#1188=FACE_OUTER_BOUND('',#2521,.T.);
#1189=PLANE('',#2522);
#1190=FACE_OUTER_BOUND('',#2523,.T.);
#1191=CYLINDRICAL_SURFACE('',#2524,1.28);
#1192=FACE_OUTER_BOUND('',#2525,.T.);
#1193=FACE_BOUND('',#2526,.T.);
#1194=PLANE('',#2527);
#1195=FACE_OUTER_BOUND('',#2528,.T.);
#1196=CYLINDRICAL_SURFACE('',#2529,0.35);
#1197=FACE_OUTER_BOUND('',#2530,.T.);
#1198=CYLINDRICAL_SURFACE('',#2531,0.35);
#1199=FACE_OUTER_BOUND('',#2532,.T.);
#1200=PLANE('',#2533);
#1201=FACE_OUTER_BOUND('',#2534,.T.);
#1202=PLANE('',#2535);
#1203=FACE_OUTER_BOUND('',#2536,.T.);
#1204=CONICAL_SURFACE('',#2537,0.225,0.785399253347109);
#1205=FACE_OUTER_BOUND('',#2538,.T.);
#1206=PLANE('',#2539);
#1207=FACE_OUTER_BOUND('',#2540,.T.);
#1208=PLANE('',#2541);
#1209=FACE_OUTER_BOUND('',#2542,.T.);
#1210=PLANE('',#2543);
#1211=FACE_OUTER_BOUND('',#2544,.T.);
#1212=PLANE('',#2545);
#1213=FACE_OUTER_BOUND('',#2546,.T.);
#1214=PLANE('',#2547);
#1215=FACE_OUTER_BOUND('',#2548,.T.);
#1216=PLANE('',#2549);
#1217=FACE_OUTER_BOUND('',#2550,.T.);
#1218=CYLINDRICAL_SURFACE('',#2551,0.35);
#1219=FACE_OUTER_BOUND('',#2552,.T.);
#1220=PLANE('',#2553);
#1221=FACE_OUTER_BOUND('',#2554,.T.);
#1222=FACE_BOUND('',#2555,.T.);
#1223=PLANE('',#2556);
#1224=FACE_OUTER_BOUND('',#2557,.T.);
#1225=CYLINDRICAL_SURFACE('',#2558,0.35);
#1226=FACE_OUTER_BOUND('',#2559,.T.);
#1227=PLANE('',#2560);
#1228=FACE_OUTER_BOUND('',#2561,.T.);
#1229=PLANE('',#2562);
#1230=FACE_OUTER_BOUND('',#2563,.T.);
#1231=PLANE('',#2564);
#1232=FACE_OUTER_BOUND('',#2565,.T.);
#1233=CONICAL_SURFACE('',#2566,1.055,0.463648252435698);
#1234=FACE_OUTER_BOUND('',#2567,.T.);
#1235=CYLINDRICAL_SURFACE('',#2568,0.9800000000002);
#1236=FACE_OUTER_BOUND('',#2569,.T.);
#1237=PLANE('',#2570);
#1238=FACE_OUTER_BOUND('',#2571,.T.);
#1239=PLANE('',#2572);
#1240=FACE_OUTER_BOUND('',#2573,.T.);
#1241=CYLINDRICAL_SURFACE('',#2574,0.15);
#1242=FACE_OUTER_BOUND('',#2575,.T.);
#1243=PLANE('',#2576);
#1244=FACE_OUTER_BOUND('',#2577,.T.);
#1245=PLANE('',#2578);
#1246=FACE_OUTER_BOUND('',#2579,.T.);
#1247=PLANE('',#2580);
#1248=FACE_OUTER_BOUND('',#2581,.T.);
#1249=CYLINDRICAL_SURFACE('',#2582,0.15);
#1250=FACE_OUTER_BOUND('',#2583,.T.);
#1251=PLANE('',#2584);
#1252=FACE_OUTER_BOUND('',#2585,.T.);
#1253=PLANE('',#2586);
#1254=FACE_OUTER_BOUND('',#2587,.T.);
#1255=CYLINDRICAL_SURFACE('',#2588,0.15);
#1256=FACE_OUTER_BOUND('',#2589,.T.);
#1257=CYLINDRICAL_SURFACE('',#2590,0.15);
#1258=FACE_OUTER_BOUND('',#2591,.T.);
#1259=PLANE('',#2592);
#1260=FACE_OUTER_BOUND('',#2593,.T.);
#1261=PLANE('',#2594);
#1262=FACE_OUTER_BOUND('',#2595,.T.);
#1263=CYLINDRICAL_SURFACE('',#2596,0.45);
#1264=FACE_OUTER_BOUND('',#2597,.T.);
#1265=PLANE('',#2598);
#1266=FACE_OUTER_BOUND('',#2599,.T.);
#1267=PLANE('',#2600);
#1268=FACE_OUTER_BOUND('',#2601,.T.);
#1269=PLANE('',#2602);
#1270=FACE_OUTER_BOUND('',#2603,.T.);
#1271=CYLINDRICAL_SURFACE('',#2604,0.15);
#1272=FACE_OUTER_BOUND('',#2605,.T.);
#1273=PLANE('',#2606);
#1274=FACE_OUTER_BOUND('',#2607,.T.);
#1275=PLANE('',#2608);
#1276=FACE_OUTER_BOUND('',#2609,.T.);
#1277=CYLINDRICAL_SURFACE('',#2610,0.15);
#1278=FACE_OUTER_BOUND('',#2611,.T.);
#1279=PLANE('',#2612);
#1280=FACE_OUTER_BOUND('',#2613,.T.);
#1281=CYLINDRICAL_SURFACE('',#2614,0.35);
#1282=FACE_OUTER_BOUND('',#2615,.T.);
#1283=PLANE('',#2616);
#1284=FACE_OUTER_BOUND('',#2617,.T.);
#1285=CYLINDRICAL_SURFACE('',#2618,0.15);
#1286=FACE_OUTER_BOUND('',#2619,.T.);
#1287=PLANE('',#2620);
#1288=FACE_OUTER_BOUND('',#2621,.T.);
#1289=PLANE('',#2622);
#1290=FACE_OUTER_BOUND('',#2623,.T.);
#1291=CYLINDRICAL_SURFACE('',#2624,0.15);
#1292=FACE_OUTER_BOUND('',#2625,.T.);
#1293=CYLINDRICAL_SURFACE('',#2626,0.05);
#1294=FACE_OUTER_BOUND('',#2627,.T.);
#1295=CYLINDRICAL_SURFACE('',#2628,0.2);
#1296=FACE_OUTER_BOUND('',#2629,.T.);
#1297=PLANE('',#2630);
#1298=FACE_OUTER_BOUND('',#2631,.T.);
#1299=CYLINDRICAL_SURFACE('',#2632,0.2);
#1300=FACE_OUTER_BOUND('',#2633,.T.);
#1301=CYLINDRICAL_SURFACE('',#2634,0.05);
#1302=FACE_OUTER_BOUND('',#2635,.T.);
#1303=CYLINDRICAL_SURFACE('',#2636,0.35);
#1304=FACE_OUTER_BOUND('',#2637,.T.);
#1305=CYLINDRICAL_SURFACE('',#2638,0.15);
#1306=FACE_OUTER_BOUND('',#2639,.T.);
#1307=CYLINDRICAL_SURFACE('',#2640,0.15);
#1308=FACE_OUTER_BOUND('',#2641,.T.);
#1309=PLANE('',#2642);
#1310=FACE_OUTER_BOUND('',#2643,.T.);
#1311=PLANE('',#2644);
#1312=FACE_OUTER_BOUND('',#2645,.T.);
#1313=CYLINDRICAL_SURFACE('',#2646,0.15);
#1314=FACE_OUTER_BOUND('',#2647,.T.);
#1315=CYLINDRICAL_SURFACE('',#2648,0.15);
#1316=FACE_OUTER_BOUND('',#2649,.T.);
#1317=PLANE('',#2650);
#1318=FACE_OUTER_BOUND('',#2651,.T.);
#1319=CYLINDRICAL_SURFACE('',#2652,0.45);
#1320=FACE_OUTER_BOUND('',#2653,.T.);
#1321=PLANE('',#2654);
#1322=FACE_OUTER_BOUND('',#2655,.T.);
#1323=CYLINDRICAL_SURFACE('',#2656,0.15);
#1324=FACE_OUTER_BOUND('',#2657,.T.);
#1325=PLANE('',#2658);
#1326=FACE_OUTER_BOUND('',#2659,.T.);
#1327=CYLINDRICAL_SURFACE('',#2660,0.15);
#1328=FACE_OUTER_BOUND('',#2661,.T.);
#1329=PLANE('',#2662);
#1330=FACE_OUTER_BOUND('',#2663,.T.);
#1331=CYLINDRICAL_SURFACE('',#2664,0.35);
#1332=FACE_OUTER_BOUND('',#2665,.T.);
#1333=PLANE('',#2666);
#1334=FACE_OUTER_BOUND('',#2667,.T.);
#1335=CYLINDRICAL_SURFACE('',#2668,0.35);
#1336=FACE_OUTER_BOUND('',#2669,.T.);
#1337=PLANE('',#2670);
#1338=FACE_OUTER_BOUND('',#2671,.T.);
#1339=CYLINDRICAL_SURFACE('',#2672,0.15);
#1340=FACE_OUTER_BOUND('',#2673,.T.);
#1341=PLANE('',#2674);
#1342=FACE_OUTER_BOUND('',#2675,.T.);
#1343=CYLINDRICAL_SURFACE('',#2676,0.15);
#1344=FACE_OUTER_BOUND('',#2677,.T.);
#1345=PLANE('',#2678);
#1346=FACE_OUTER_BOUND('',#2679,.T.);
#1347=CYLINDRICAL_SURFACE('',#2680,0.15);
#1348=FACE_OUTER_BOUND('',#2681,.T.);
#1349=PLANE('',#2682);
#1350=FACE_OUTER_BOUND('',#2683,.T.);
#1351=CYLINDRICAL_SURFACE('',#2684,0.15);
#1352=FACE_OUTER_BOUND('',#2685,.T.);
#1353=PLANE('',#2686);
#1354=FACE_OUTER_BOUND('',#2687,.T.);
#1355=CYLINDRICAL_SURFACE('',#2688,0.05);
#1356=FACE_OUTER_BOUND('',#2689,.T.);
#1357=PLANE('',#2690);
#1358=FACE_OUTER_BOUND('',#2691,.T.);
#1359=CYLINDRICAL_SURFACE('',#2692,0.05);
#1360=FACE_OUTER_BOUND('',#2693,.T.);
#1361=CYLINDRICAL_SURFACE('',#2694,0.2);
#1362=FACE_OUTER_BOUND('',#2695,.T.);
#1363=PLANE('',#2696);
#1364=FACE_OUTER_BOUND('',#2697,.T.);
#1365=CYLINDRICAL_SURFACE('',#2698,0.2);
#1366=FACE_OUTER_BOUND('',#2699,.T.);
#1367=CYLINDRICAL_SURFACE('',#2700,1.28);
#1368=FACE_OUTER_BOUND('',#2701,.T.);
#1369=CYLINDRICAL_SURFACE('',#2702,0.15);
#1370=FACE_OUTER_BOUND('',#2703,.T.);
#1371=PLANE('',#2704);
#1372=FACE_OUTER_BOUND('',#2705,.T.);
#1373=CYLINDRICAL_SURFACE('',#2706,0.15);
#1374=FACE_OUTER_BOUND('',#2707,.T.);
#1375=CYLINDRICAL_SURFACE('',#2708,0.15);
#1376=FACE_OUTER_BOUND('',#2709,.T.);
#1377=CYLINDRICAL_SURFACE('',#2710,0.15);
#1378=FACE_OUTER_BOUND('',#2711,.T.);
#1379=PLANE('',#2712);
#1380=FACE_OUTER_BOUND('',#2713,.T.);
#1381=PLANE('',#2714);
#1382=FACE_OUTER_BOUND('',#2715,.T.);
#1383=CYLINDRICAL_SURFACE('',#2716,1.28);
#1384=FACE_OUTER_BOUND('',#2717,.T.);
#1385=FACE_BOUND('',#2718,.T.);
#1386=FACE_BOUND('',#2719,.T.);
#1387=PLANE('',#2720);
#1388=FACE_OUTER_BOUND('',#2721,.T.);
#1389=PLANE('',#2722);
#1390=FACE_OUTER_BOUND('',#2723,.T.);
#1391=PLANE('',#2724);
#1392=FACE_OUTER_BOUND('',#2725,.T.);
#1393=PLANE('',#2726);
#1394=FACE_OUTER_BOUND('',#2727,.T.);
#1395=PLANE('',#2728);
#1396=FACE_OUTER_BOUND('',#2729,.T.);
#1397=CYLINDRICAL_SURFACE('',#2730,0.35);
#1398=FACE_OUTER_BOUND('',#2731,.T.);
#1399=PLANE('',#2732);
#1400=FACE_OUTER_BOUND('',#2733,.T.);
#1401=CYLINDRICAL_SURFACE('',#2734,0.35);
#1402=FACE_OUTER_BOUND('',#2735,.T.);
#1403=PLANE('',#2736);
#1404=FACE_OUTER_BOUND('',#2737,.T.);
#1405=CYLINDRICAL_SURFACE('',#2738,0.35);
#1406=FACE_OUTER_BOUND('',#2739,.T.);
#1407=PLANE('',#2740);
#1408=FACE_OUTER_BOUND('',#2741,.T.);
#1409=CYLINDRICAL_SURFACE('',#2742,0.35);
#1410=FACE_OUTER_BOUND('',#2743,.T.);
#1411=CYLINDRICAL_SURFACE('',#2744,0.9799999999999);
#1412=FACE_OUTER_BOUND('',#2745,.T.);
#1413=CONICAL_SURFACE('',#2746,1.055,0.463648252435698);
#1414=FACE_OUTER_BOUND('',#2747,.T.);
#1415=PLANE('',#2748);
#1416=FACE_OUTER_BOUND('',#2749,.T.);
#1417=CONICAL_SURFACE('',#2750,1.055,0.463648252435698);
#1418=FACE_OUTER_BOUND('',#2751,.T.);
#1419=CYLINDRICAL_SURFACE('',#2752,0.9800000000001);
#1420=FACE_OUTER_BOUND('',#2753,.T.);
#1421=FACE_BOUND('',#2754,.T.);
#1422=FACE_BOUND('',#2755,.T.);
#1423=FACE_BOUND('',#2756,.T.);
#1424=FACE_BOUND('',#2757,.T.);
#1425=FACE_BOUND('',#2758,.T.);
#1426=FACE_BOUND('',#2759,.T.);
#1427=FACE_BOUND('',#2760,.T.);
#1428=FACE_BOUND('',#2761,.T.);
#1429=FACE_BOUND('',#2762,.T.);
#1430=FACE_BOUND('',#2763,.T.);
#1431=FACE_BOUND('',#2764,.T.);
#1432=FACE_BOUND('',#2765,.T.);
#1433=FACE_BOUND('',#2766,.T.);
#1434=FACE_BOUND('',#2767,.T.);
#1435=FACE_BOUND('',#2768,.T.);
#1436=FACE_BOUND('',#2769,.T.);
#1437=PLANE('',#2770);
#1438=FACE_OUTER_BOUND('',#2771,.T.);
#1439=PLANE('',#2772);
#1440=FACE_OUTER_BOUND('',#2773,.T.);
#1441=PLANE('',#2774);
#1442=FACE_OUTER_BOUND('',#2775,.T.);
#1443=PLANE('',#2776);
#1444=FACE_OUTER_BOUND('',#2777,.T.);
#1445=CYLINDRICAL_SURFACE('',#2778,0.152836349424987);
#1446=FACE_OUTER_BOUND('',#2779,.T.);
#1447=CYLINDRICAL_SURFACE('',#2780,0.15);
#1448=FACE_OUTER_BOUND('',#2781,.T.);
#1449=CYLINDRICAL_SURFACE('',#2782,0.45);
#1450=FACE_OUTER_BOUND('',#2783,.T.);
#1451=PLANE('',#2784);
#1452=FACE_OUTER_BOUND('',#2785,.T.);
#1453=PLANE('',#2786);
#1454=FACE_OUTER_BOUND('',#2787,.T.);
#1455=CYLINDRICAL_SURFACE('',#2788,0.15);
#1456=FACE_OUTER_BOUND('',#2789,.T.);
#1457=CYLINDRICAL_SURFACE('',#2790,0.45);
#1458=FACE_OUTER_BOUND('',#2791,.T.);
#1459=PLANE('',#2792);
#1460=FACE_OUTER_BOUND('',#2793,.T.);
#1461=PLANE('',#2794);
#1462=FACE_OUTER_BOUND('',#2795,.T.);
#1463=CYLINDRICAL_SURFACE('',#2796,0.15);
#1464=FACE_OUTER_BOUND('',#2797,.T.);
#1465=PLANE('',#2798);
#1466=FACE_OUTER_BOUND('',#2799,.T.);
#1467=PLANE('',#2800);
#1468=FACE_OUTER_BOUND('',#2801,.T.);
#1469=CYLINDRICAL_SURFACE('',#2802,0.15);
#1470=FACE_OUTER_BOUND('',#2803,.T.);
#1471=PLANE('',#2804);
#1472=FACE_OUTER_BOUND('',#2805,.T.);
#1473=CYLINDRICAL_SURFACE('',#2806,0.3);
#1474=FACE_OUTER_BOUND('',#2807,.T.);
#1475=PLANE('',#2808);
#1476=FACE_OUTER_BOUND('',#2809,.T.);
#1477=CYLINDRICAL_SURFACE('',#2810,0.4);
#1478=FACE_OUTER_BOUND('',#2811,.T.);
#1479=CYLINDRICAL_SURFACE('',#2812,0.4);
#1480=FACE_OUTER_BOUND('',#2813,.T.);
#1481=PLANE('',#2814);
#1482=FACE_OUTER_BOUND('',#2815,.T.);
#1483=CYLINDRICAL_SURFACE('',#2816,0.4);
#1484=FACE_OUTER_BOUND('',#2817,.T.);
#1485=PLANE('',#2818);
#1486=FACE_OUTER_BOUND('',#2819,.T.);
#1487=PLANE('',#2820);
#1488=FACE_OUTER_BOUND('',#2821,.T.);
#1489=PLANE('',#2822);
#1490=FACE_OUTER_BOUND('',#2823,.T.);
#1491=PLANE('',#2824);
#1492=FACE_OUTER_BOUND('',#2825,.T.);
#1493=PLANE('',#2826);
#1494=FACE_OUTER_BOUND('',#2827,.T.);
#1495=PLANE('',#2828);
#1496=FACE_OUTER_BOUND('',#2829,.T.);
#1497=PLANE('',#2830);
#1498=FACE_OUTER_BOUND('',#2831,.T.);
#1499=PLANE('',#2832);
#1500=FACE_OUTER_BOUND('',#2833,.T.);
#1501=PLANE('',#2834);
#1502=FACE_OUTER_BOUND('',#2835,.T.);
#1503=PLANE('',#2836);
#1504=FACE_OUTER_BOUND('',#2837,.T.);
#1505=PLANE('',#2838);
#1506=FACE_OUTER_BOUND('',#2839,.T.);
#1507=PLANE('',#2840);
#1508=FACE_OUTER_BOUND('',#2841,.T.);
#1509=PLANE('',#2842);
#1510=FACE_OUTER_BOUND('',#2843,.T.);
#1511=PLANE('',#2844);
#1512=FACE_OUTER_BOUND('',#2845,.T.);
#1513=PLANE('',#2846);
#1514=FACE_OUTER_BOUND('',#2847,.T.);
#1515=PLANE('',#2848);
#1516=FACE_OUTER_BOUND('',#2849,.T.);
#1517=PLANE('',#2850);
#1518=FACE_OUTER_BOUND('',#2851,.T.);
#1519=PLANE('',#2852);
#1520=FACE_OUTER_BOUND('',#2853,.T.);
#1521=PLANE('',#2854);
#1522=FACE_OUTER_BOUND('',#2855,.T.);
#1523=PLANE('',#2856);
#1524=FACE_OUTER_BOUND('',#2857,.T.);
#1525=PLANE('',#2858);
#1526=FACE_OUTER_BOUND('',#2859,.T.);
#1527=PLANE('',#2860);
#1528=FACE_OUTER_BOUND('',#2861,.T.);
#1529=PLANE('',#2862);
#1530=FACE_OUTER_BOUND('',#2863,.T.);
#1531=PLANE('',#2864);
#1532=FACE_OUTER_BOUND('',#2865,.T.);
#1533=PLANE('',#2866);
#1534=FACE_OUTER_BOUND('',#2867,.T.);
#1535=PLANE('',#2868);
#1536=FACE_OUTER_BOUND('',#2869,.T.);
#1537=PLANE('',#2870);
#1538=FACE_OUTER_BOUND('',#2871,.T.);
#1539=PLANE('',#2872);
#1540=FACE_OUTER_BOUND('',#2873,.T.);
#1541=PLANE('',#2874);
#1542=FACE_OUTER_BOUND('',#2875,.T.);
#1543=PLANE('',#2876);
#1544=FACE_OUTER_BOUND('',#2877,.T.);
#1545=PLANE('',#2878);
#1546=FACE_OUTER_BOUND('',#2879,.T.);
#1547=PLANE('',#2880);
#1548=FACE_OUTER_BOUND('',#2881,.T.);
#1549=PLANE('',#2882);
#1550=FACE_OUTER_BOUND('',#2883,.T.);
#1551=PLANE('',#2884);
#1552=FACE_OUTER_BOUND('',#2885,.T.);
#1553=PLANE('',#2886);
#1554=FACE_OUTER_BOUND('',#2887,.T.);
#1555=PLANE('',#2888);
#1556=FACE_OUTER_BOUND('',#2889,.T.);
#1557=PLANE('',#2890);
#1558=FACE_OUTER_BOUND('',#2891,.T.);
#1559=PLANE('',#2892);
#1560=FACE_OUTER_BOUND('',#2893,.T.);
#1561=PLANE('',#2894);
#1562=FACE_OUTER_BOUND('',#2895,.T.);
#1563=PLANE('',#2896);
#1564=FACE_OUTER_BOUND('',#2897,.T.);
#1565=PLANE('',#2898);
#1566=FACE_OUTER_BOUND('',#2899,.T.);
#1567=PLANE('',#2900);
#1568=FACE_OUTER_BOUND('',#2901,.T.);
#1569=PLANE('',#2902);
#1570=FACE_OUTER_BOUND('',#2903,.T.);
#1571=PLANE('',#2904);
#1572=FACE_OUTER_BOUND('',#2905,.T.);
#1573=PLANE('',#2906);
#1574=FACE_OUTER_BOUND('',#2907,.T.);
#1575=PLANE('',#2908);
#1576=FACE_OUTER_BOUND('',#2909,.T.);
#1577=PLANE('',#2910);
#1578=FACE_OUTER_BOUND('',#2911,.T.);
#1579=PLANE('',#2912);
#1580=FACE_OUTER_BOUND('',#2913,.T.);
#1581=PLANE('',#2914);
#1582=FACE_OUTER_BOUND('',#2915,.T.);
#1583=PLANE('',#2916);
#1584=FACE_OUTER_BOUND('',#2917,.T.);
#1585=PLANE('',#2918);
#1586=FACE_OUTER_BOUND('',#2919,.T.);
#1587=PLANE('',#2920);
#1588=FACE_OUTER_BOUND('',#2921,.T.);
#1589=PLANE('',#2922);
#1590=FACE_OUTER_BOUND('',#2923,.T.);
#1591=PLANE('',#2924);
#1592=FACE_OUTER_BOUND('',#2925,.T.);
#1593=PLANE('',#2926);
#1594=FACE_OUTER_BOUND('',#2927,.T.);
#1595=PLANE('',#2928);
#1596=FACE_OUTER_BOUND('',#2929,.T.);
#1597=PLANE('',#2930);
#1598=FACE_OUTER_BOUND('',#2931,.T.);
#1599=PLANE('',#2932);
#1600=FACE_OUTER_BOUND('',#2933,.T.);
#1601=PLANE('',#2934);
#1602=FACE_OUTER_BOUND('',#2935,.T.);
#1603=PLANE('',#2936);
#1604=FACE_OUTER_BOUND('',#2937,.T.);
#1605=PLANE('',#2938);
#1606=FACE_OUTER_BOUND('',#2939,.T.);
#1607=PLANE('',#2940);
#1608=FACE_OUTER_BOUND('',#2941,.T.);
#1609=PLANE('',#2942);
#1610=FACE_OUTER_BOUND('',#2943,.T.);
#1611=PLANE('',#2944);
#1612=FACE_OUTER_BOUND('',#2945,.T.);
#1613=PLANE('',#2946);
#1614=FACE_OUTER_BOUND('',#2947,.T.);
#1615=PLANE('',#2948);
#1616=FACE_OUTER_BOUND('',#2949,.T.);
#1617=PLANE('',#2950);
#1618=FACE_OUTER_BOUND('',#2951,.T.);
#1619=PLANE('',#2952);
#1620=FACE_OUTER_BOUND('',#2953,.T.);
#1621=PLANE('',#2954);
#1622=FACE_OUTER_BOUND('',#2955,.T.);
#1623=PLANE('',#2956);
#1624=FACE_OUTER_BOUND('',#2957,.T.);
#1625=PLANE('',#2958);
#1626=FACE_OUTER_BOUND('',#2959,.T.);
#1627=PLANE('',#2960);
#1628=FACE_OUTER_BOUND('',#2961,.T.);
#1629=PLANE('',#2962);
#1630=FACE_OUTER_BOUND('',#2963,.T.);
#1631=PLANE('',#2964);
#1632=FACE_OUTER_BOUND('',#2965,.T.);
#1633=PLANE('',#2966);
#1634=FACE_OUTER_BOUND('',#2967,.T.);
#1635=PLANE('',#2968);
#1636=FACE_OUTER_BOUND('',#2969,.T.);
#1637=PLANE('',#2970);
#1638=FACE_OUTER_BOUND('',#2971,.T.);
#1639=PLANE('',#2972);
#1640=FACE_OUTER_BOUND('',#2973,.T.);
#1641=PLANE('',#2974);
#1642=FACE_OUTER_BOUND('',#2975,.T.);
#1643=PLANE('',#2976);
#1644=FACE_OUTER_BOUND('',#2977,.T.);
#1645=PLANE('',#2978);
#1646=FACE_OUTER_BOUND('',#2979,.T.);
#1647=PLANE('',#2980);
#1648=FACE_OUTER_BOUND('',#2981,.T.);
#1649=PLANE('',#2982);
#1650=FACE_OUTER_BOUND('',#2983,.T.);
#1651=PLANE('',#2984);
#1652=FACE_OUTER_BOUND('',#2985,.T.);
#1653=PLANE('',#2986);
#1654=FACE_OUTER_BOUND('',#2987,.T.);
#1655=CYLINDRICAL_SURFACE('',#2988,0.3);
#1656=FACE_OUTER_BOUND('',#2989,.T.);
#1657=PLANE('',#2990);
#1658=FACE_OUTER_BOUND('',#2991,.T.);
#1659=CYLINDRICAL_SURFACE('',#2992,0.15);
#1660=FACE_OUTER_BOUND('',#2993,.T.);
#1661=PLANE('',#2994);
#1662=FACE_OUTER_BOUND('',#2995,.T.);
#1663=CYLINDRICAL_SURFACE('',#2996,0.15);
#1664=FACE_OUTER_BOUND('',#2997,.T.);
#1665=PLANE('',#2998);
#1666=FACE_OUTER_BOUND('',#2999,.T.);
#1667=PLANE('',#3000);
#1668=FACE_OUTER_BOUND('',#3001,.T.);
#1669=CYLINDRICAL_SURFACE('',#3002,0.35);
#1670=FACE_OUTER_BOUND('',#3003,.T.);
#1671=PLANE('',#3004);
#1672=FACE_OUTER_BOUND('',#3005,.T.);
#1673=CYLINDRICAL_SURFACE('',#3006,0.2);
#1674=FACE_OUTER_BOUND('',#3007,.T.);
#1675=PLANE('',#3008);
#1676=FACE_OUTER_BOUND('',#3009,.T.);
#1677=CYLINDRICAL_SURFACE('',#3010,0.05);
#1678=FACE_OUTER_BOUND('',#3011,.T.);
#1679=PLANE('',#3012);
#1680=FACE_OUTER_BOUND('',#3013,.T.);
#1681=CYLINDRICAL_SURFACE('',#3014,0.45);
#1682=FACE_OUTER_BOUND('',#3015,.T.);
#1683=CYLINDRICAL_SURFACE('',#3016,0.2);
#1684=FACE_OUTER_BOUND('',#3017,.T.);
#1685=PLANE('',#3018);
#1686=FACE_OUTER_BOUND('',#3019,.T.);
#1687=PLANE('',#3020);
#1688=FACE_OUTER_BOUND('',#3021,.T.);
#1689=CYLINDRICAL_SURFACE('',#3022,0.35);
#1690=FACE_OUTER_BOUND('',#3023,.T.);
#1691=PLANE('',#3024);
#1692=FACE_OUTER_BOUND('',#3025,.T.);
#1693=CYLINDRICAL_SURFACE('',#3026,0.2);
#1694=FACE_OUTER_BOUND('',#3027,.T.);
#1695=PLANE('',#3028);
#1696=FACE_OUTER_BOUND('',#3029,.T.);
#1697=PLANE('',#3030);
#1698=FACE_OUTER_BOUND('',#3031,.T.);
#1699=CYLINDRICAL_SURFACE('',#3032,0.2);
#1700=FACE_OUTER_BOUND('',#3033,.T.);
#1701=CYLINDRICAL_SURFACE('',#3034,0.05);
#1702=FACE_OUTER_BOUND('',#3035,.T.);
#1703=PLANE('',#3036);
#1704=FACE_OUTER_BOUND('',#3037,.T.);
#1705=CYLINDRICAL_SURFACE('',#3038,0.45);
#1706=FACE_OUTER_BOUND('',#3039,.T.);
#1707=CYLINDRICAL_SURFACE('',#3040,1.28);
#1708=FACE_OUTER_BOUND('',#3041,.T.);
#1709=PLANE('',#3042);
#1710=FACE_OUTER_BOUND('',#3043,.T.);
#1711=CONICAL_SURFACE('',#3044,1.055,0.463648252435698);
#1712=FACE_OUTER_BOUND('',#3045,.T.);
#1713=CYLINDRICAL_SURFACE('',#3046,0.9800000000002);
#1714=FACE_OUTER_BOUND('',#3047,.T.);
#1715=PLANE('',#3048);
#1716=FACE_OUTER_BOUND('',#3049,.T.);
#1717=PLANE('',#3050);
#1718=FACE_OUTER_BOUND('',#3051,.T.);
#1719=CYLINDRICAL_SURFACE('',#3052,0.16);
#1720=FACE_OUTER_BOUND('',#3053,.T.);
#1721=PLANE('',#3054);
#1722=FACE_OUTER_BOUND('',#3055,.T.);
#1723=CYLINDRICAL_SURFACE('',#3056,0.1500000000003);
#1724=FACE_OUTER_BOUND('',#3057,.T.);
#1725=PLANE('',#3058);
#1726=FACE_OUTER_BOUND('',#3059,.T.);
#1727=CYLINDRICAL_SURFACE('',#3060,0.15);
#1728=FACE_OUTER_BOUND('',#3061,.T.);
#1729=PLANE('',#3062);
#1730=FACE_OUTER_BOUND('',#3063,.T.);
#1731=CYLINDRICAL_SURFACE('',#3064,0.16);
#1732=FACE_OUTER_BOUND('',#3065,.T.);
#1733=PLANE('',#3066);
#1734=FACE_OUTER_BOUND('',#3067,.T.);
#1735=CYLINDRICAL_SURFACE('',#3068,0.1599999999996);
#1736=FACE_OUTER_BOUND('',#3069,.T.);
#1737=PLANE('',#3070);
#1738=FACE_OUTER_BOUND('',#3071,.T.);
#1739=CYLINDRICAL_SURFACE('',#3072,0.1500000000003);
#1740=FACE_OUTER_BOUND('',#3073,.T.);
#1741=PLANE('',#3074);
#1742=FACE_OUTER_BOUND('',#3075,.T.);
#1743=CYLINDRICAL_SURFACE('',#3076,0.15);
#1744=FACE_OUTER_BOUND('',#3077,.T.);
#1745=PLANE('',#3078);
#1746=FACE_OUTER_BOUND('',#3079,.T.);
#1747=CYLINDRICAL_SURFACE('',#3080,0.16);
#1748=FACE_OUTER_BOUND('',#3081,.T.);
#1749=PLANE('',#3082);
#1750=FACE_OUTER_BOUND('',#3083,.T.);
#1751=CYLINDRICAL_SURFACE('',#3084,0.15);
#1752=FACE_OUTER_BOUND('',#3085,.T.);
#1753=PLANE('',#3086);
#1754=FACE_OUTER_BOUND('',#3087,.T.);
#1755=CYLINDRICAL_SURFACE('',#3088,0.15);
#1756=FACE_OUTER_BOUND('',#3089,.T.);
#1757=PLANE('',#3090);
#1758=FACE_OUTER_BOUND('',#3091,.T.);
#1759=CYLINDRICAL_SURFACE('',#3092,0.15);
#1760=FACE_OUTER_BOUND('',#3093,.T.);
#1761=PLANE('',#3094);
#1762=FACE_OUTER_BOUND('',#3095,.T.);
#1763=PLANE('',#3096);
#1764=FACE_OUTER_BOUND('',#3097,.T.);
#1765=PLANE('',#3098);
#1766=FACE_OUTER_BOUND('',#3099,.T.);
#1767=CYLINDRICAL_SURFACE('',#3100,1.28);
#1768=FACE_OUTER_BOUND('',#3101,.T.);
#1769=CYLINDRICAL_SURFACE('',#3102,1.28);
#1770=FACE_OUTER_BOUND('',#3103,.T.);
#1771=CYLINDRICAL_SURFACE('',#3104,0.15);
#1772=FACE_OUTER_BOUND('',#3105,.T.);
#1773=CYLINDRICAL_SURFACE('',#3106,0.9800000000002);
#1774=FACE_OUTER_BOUND('',#3107,.T.);
#1775=CYLINDRICAL_SURFACE('',#3108,0.3);
#1776=FACE_OUTER_BOUND('',#3109,.T.);
#1777=PLANE('',#3110);
#1778=FACE_OUTER_BOUND('',#3111,.T.);
#1779=CYLINDRICAL_SURFACE('',#3112,0.3);
#1780=FACE_OUTER_BOUND('',#3113,.T.);
#1781=CYLINDRICAL_SURFACE('',#3114,0.3);
#1782=FACE_OUTER_BOUND('',#3115,.T.);
#1783=PLANE('',#3116);
#1784=FACE_OUTER_BOUND('',#3117,.T.);
#1785=CYLINDRICAL_SURFACE('',#3118,0.3);
#1786=FACE_OUTER_BOUND('',#3119,.T.);
#1787=CYLINDRICAL_SURFACE('',#3120,0.15);
#1788=FACE_OUTER_BOUND('',#3121,.T.);
#1789=PLANE('',#3122);
#1790=FACE_OUTER_BOUND('',#3123,.T.);
#1791=CYLINDRICAL_SURFACE('',#3124,0.16);
#1792=FACE_OUTER_BOUND('',#3125,.T.);
#1793=PLANE('',#3126);
#1794=FACE_OUTER_BOUND('',#3127,.T.);
#1795=CYLINDRICAL_SURFACE('',#3128,0.1600000000004);
#1796=FACE_OUTER_BOUND('',#3129,.T.);
#1797=PLANE('',#3130);
#1798=FACE_OUTER_BOUND('',#3131,.T.);
#1799=CYLINDRICAL_SURFACE('',#3132,0.15);
#1800=FACE_OUTER_BOUND('',#3133,.T.);
#1801=PLANE('',#3134);
#1802=FACE_OUTER_BOUND('',#3135,.T.);
#1803=CYLINDRICAL_SURFACE('',#3136,0.15);
#1804=FACE_OUTER_BOUND('',#3137,.T.);
#1805=PLANE('',#3138);
#1806=FACE_OUTER_BOUND('',#3139,.T.);
#1807=CYLINDRICAL_SURFACE('',#3140,0.1599999999996);
#1808=FACE_OUTER_BOUND('',#3141,.T.);
#1809=PLANE('',#3142);
#1810=FACE_OUTER_BOUND('',#3143,.T.);
#1811=CYLINDRICAL_SURFACE('',#3144,0.15);
#1812=FACE_OUTER_BOUND('',#3145,.T.);
#1813=PLANE('',#3146);
#1814=FACE_OUTER_BOUND('',#3147,.T.);
#1815=CYLINDRICAL_SURFACE('',#3148,0.15);
#1816=FACE_OUTER_BOUND('',#3149,.T.);
#1817=CYLINDRICAL_SURFACE('',#3150,0.45);
#1818=FACE_OUTER_BOUND('',#3151,.T.);
#1819=CYLINDRICAL_SURFACE('',#3152,0.15);
#1820=FACE_OUTER_BOUND('',#3153,.T.);
#1821=PLANE('',#3154);
#1822=FACE_OUTER_BOUND('',#3155,.T.);
#1823=PLANE('',#3156);
#1824=FACE_OUTER_BOUND('',#3157,.T.);
#1825=CYLINDRICAL_SURFACE('',#3158,0.2);
#1826=FACE_OUTER_BOUND('',#3159,.T.);
#1827=CYLINDRICAL_SURFACE('',#3160,0.2);
#1828=FACE_OUTER_BOUND('',#3161,.T.);
#1829=PLANE('',#3162);
#1830=FACE_OUTER_BOUND('',#3163,.T.);
#1831=PLANE('',#3164);
#1832=FACE_OUTER_BOUND('',#3165,.T.);
#1833=PLANE('',#3166);
#1834=FACE_OUTER_BOUND('',#3167,.T.);
#1835=PLANE('',#3168);
#1836=FACE_OUTER_BOUND('',#3169,.T.);
#1837=PLANE('',#3170);
#1838=FACE_OUTER_BOUND('',#3171,.T.);
#1839=PLANE('',#3172);
#1840=FACE_OUTER_BOUND('',#3173,.T.);
#1841=PLANE('',#3174);
#1842=FACE_OUTER_BOUND('',#3175,.T.);
#1843=PLANE('',#3176);
#1844=FACE_OUTER_BOUND('',#3177,.T.);
#1845=CYLINDRICAL_SURFACE('',#3178,0.15);
#1846=FACE_OUTER_BOUND('',#3179,.T.);
#1847=PLANE('',#3180);
#1848=FACE_OUTER_BOUND('',#3181,.T.);
#1849=CYLINDRICAL_SURFACE('',#3182,0.15);
#1850=FACE_OUTER_BOUND('',#3183,.T.);
#1851=PLANE('',#3184);
#1852=FACE_OUTER_BOUND('',#3185,.T.);
#1853=PLANE('',#3186);
#1854=FACE_OUTER_BOUND('',#3187,.T.);
#1855=PLANE('',#3188);
#1856=FACE_OUTER_BOUND('',#3189,.T.);
#1857=CYLINDRICAL_SURFACE('',#3190,0.15);
#1858=FACE_OUTER_BOUND('',#3191,.T.);
#1859=PLANE('',#3192);
#1860=FACE_OUTER_BOUND('',#3193,.T.);
#1861=CYLINDRICAL_SURFACE('',#3194,0.15);
#1862=FACE_OUTER_BOUND('',#3195,.T.);
#1863=PLANE('',#3196);
#1864=FACE_OUTER_BOUND('',#3197,.T.);
#1865=CYLINDRICAL_SURFACE('',#3198,0.25000000038);
#1866=FACE_OUTER_BOUND('',#3199,.T.);
#1867=PLANE('',#3200);
#1868=FACE_OUTER_BOUND('',#3201,.T.);
#1869=PLANE('',#3202);
#1870=FACE_OUTER_BOUND('',#3203,.T.);
#1871=PLANE('',#3204);
#1872=FACE_OUTER_BOUND('',#3205,.T.);
#1873=PLANE('',#3206);
#1874=FACE_OUTER_BOUND('',#3207,.T.);
#1875=PLANE('',#3208);
#1876=FACE_OUTER_BOUND('',#3209,.T.);
#1877=PLANE('',#3210);
#1878=FACE_OUTER_BOUND('',#3211,.T.);
#1879=PLANE('',#3212);
#1880=FACE_OUTER_BOUND('',#3213,.T.);
#1881=PLANE('',#3214);
#1882=FACE_OUTER_BOUND('',#3215,.T.);
#1883=CYLINDRICAL_SURFACE('',#3216,0.27);
#1884=FACE_OUTER_BOUND('',#3217,.T.);
#1885=PLANE('',#3218);
#1886=FACE_OUTER_BOUND('',#3219,.T.);
#1887=PLANE('',#3220);
#1888=FACE_OUTER_BOUND('',#3221,.T.);
#1889=PLANE('',#3222);
#1890=FACE_OUTER_BOUND('',#3223,.T.);
#1891=PLANE('',#3224);
#1892=FACE_OUTER_BOUND('',#3225,.T.);
#1893=PLANE('',#3226);
#1894=FACE_OUTER_BOUND('',#3227,.T.);
#1895=PLANE('',#3228);
#1896=FACE_OUTER_BOUND('',#3229,.T.);
#1897=CYLINDRICAL_SURFACE('',#3230,0.27);
#1898=FACE_OUTER_BOUND('',#3231,.T.);
#1899=PLANE('',#3232);
#1900=FACE_OUTER_BOUND('',#3233,.T.);
#1901=PLANE('',#3234);
#1902=FACE_OUTER_BOUND('',#3235,.T.);
#1903=PLANE('',#3236);
#1904=FACE_OUTER_BOUND('',#3237,.T.);
#1905=PLANE('',#3238);
#1906=FACE_OUTER_BOUND('',#3239,.T.);
#1907=PLANE('',#3240);
#1908=FACE_OUTER_BOUND('',#3241,.T.);
#1909=PLANE('',#3242);
#1910=FACE_OUTER_BOUND('',#3243,.T.);
#1911=CYLINDRICAL_SURFACE('',#3244,0.27);
#1912=FACE_OUTER_BOUND('',#3245,.T.);
#1913=PLANE('',#3246);
#1914=FACE_OUTER_BOUND('',#3247,.T.);
#1915=PLANE('',#3248);
#1916=FACE_OUTER_BOUND('',#3249,.T.);
#1917=PLANE('',#3250);
#1918=FACE_OUTER_BOUND('',#3251,.T.);
#1919=PLANE('',#3252);
#1920=FACE_OUTER_BOUND('',#3253,.T.);
#1921=PLANE('',#3254);
#1922=FACE_OUTER_BOUND('',#3255,.T.);
#1923=PLANE('',#3256);
#1924=FACE_OUTER_BOUND('',#3257,.T.);
#1925=CYLINDRICAL_SURFACE('',#3258,0.27);
#1926=FACE_OUTER_BOUND('',#3259,.T.);
#1927=PLANE('',#3260);
#1928=FACE_OUTER_BOUND('',#3261,.T.);
#1929=PLANE('',#3262);
#1930=FACE_OUTER_BOUND('',#3263,.T.);
#1931=PLANE('',#3264);
#1932=FACE_OUTER_BOUND('',#3265,.T.);
#1933=PLANE('',#3266);
#1934=FACE_OUTER_BOUND('',#3267,.T.);
#1935=PLANE('',#3268);
#1936=FACE_OUTER_BOUND('',#3269,.T.);
#1937=PLANE('',#3270);
#1938=FACE_OUTER_BOUND('',#3271,.T.);
#1939=CYLINDRICAL_SURFACE('',#3272,0.27);
#1940=FACE_OUTER_BOUND('',#3273,.T.);
#1941=PLANE('',#3274);
#1942=FACE_OUTER_BOUND('',#3275,.T.);
#1943=PLANE('',#3276);
#1944=FACE_OUTER_BOUND('',#3277,.T.);
#1945=PLANE('',#3278);
#1946=FACE_OUTER_BOUND('',#3279,.T.);
#1947=PLANE('',#3280);
#1948=FACE_OUTER_BOUND('',#3281,.T.);
#1949=PLANE('',#3282);
#1950=FACE_OUTER_BOUND('',#3283,.T.);
#1951=PLANE('',#3284);
#1952=FACE_OUTER_BOUND('',#3285,.T.);
#1953=CYLINDRICAL_SURFACE('',#3286,0.27);
#1954=FACE_OUTER_BOUND('',#3287,.T.);
#1955=PLANE('',#3288);
#1956=FACE_OUTER_BOUND('',#3289,.T.);
#1957=PLANE('',#3290);
#1958=FACE_OUTER_BOUND('',#3291,.T.);
#1959=PLANE('',#3292);
#1960=FACE_OUTER_BOUND('',#3293,.T.);
#1961=PLANE('',#3294);
#1962=FACE_OUTER_BOUND('',#3295,.T.);
#1963=PLANE('',#3296);
#1964=FACE_OUTER_BOUND('',#3297,.T.);
#1965=PLANE('',#3298);
#1966=FACE_OUTER_BOUND('',#3299,.T.);
#1967=PLANE('',#3300);
#1968=FACE_OUTER_BOUND('',#3301,.T.);
#1969=PLANE('',#3302);
#1970=FACE_OUTER_BOUND('',#3303,.T.);
#1971=PLANE('',#3304);
#1972=EDGE_LOOP('',(#3305,#3306,#3307,#3308));
#1973=AXIS2_PLACEMENT_3D('',#3309,#3310,#3311);
#1974=EDGE_LOOP('',(#3312,#3313,#3314));
#1975=AXIS2_PLACEMENT_3D('',#3315,#3316,#3317);
#1976=EDGE_LOOP('',(#3318,#3319,#3320,#3321,#3322));
#1977=AXIS2_PLACEMENT_3D('',#3323,#3324,#3325);
#1978=EDGE_LOOP('',(#3326,#3327,#3328,#3329));
#1979=AXIS2_PLACEMENT_3D('',#3330,#3331,#3332);
#1980=EDGE_LOOP('',(#3333,#3334,#3335));
#1981=AXIS2_PLACEMENT_3D('',#3336,#3337,#3338);
#1982=EDGE_LOOP('',(#3339,#3340,#3341,#3342));
#1983=AXIS2_PLACEMENT_3D('',#3343,#3344,#3345);
#1984=EDGE_LOOP('',(#3346,#3347,#3348,#3349,#3350));
#1985=AXIS2_PLACEMENT_3D('',#3351,#3352,#3353);
#1986=EDGE_LOOP('',(#3354,#3355,#3356));
#1987=AXIS2_PLACEMENT_3D('',#3357,#3358,#3359);
#1988=EDGE_LOOP('',(#3360,#3361,#3362,#3363,#3364,#3365));
#1989=AXIS2_PLACEMENT_3D('',#3366,#3367,#3368);
#1990=EDGE_LOOP('',(#3369,#3370,#3371,#3372,#3373,#3374,#3375));
#1991=AXIS2_PLACEMENT_3D('',#3376,#3377,#3378);
#1992=EDGE_LOOP('',(#3379,#3380,#3381,#3382));
#1993=AXIS2_PLACEMENT_3D('',#3383,#3384,#3385);
#1994=EDGE_LOOP('',(#3386,#3387,#3388,#3389));
#1995=AXIS2_PLACEMENT_3D('',#3390,#3391,#3392);
#1996=EDGE_LOOP('',(#3393,#3394,#3395,#3396));
#1997=AXIS2_PLACEMENT_3D('',#3397,#3398,#3399);
#1998=EDGE_LOOP('',(#3400,#3401,#3402,#3403,#3404,#3405,#3406,#3407,#3408,#3409,#3410,#3411,#3412,#3413,#3414,#3415,#3416,#3417));
#1999=AXIS2_PLACEMENT_3D('',#3418,#3419,#3420);
#2000=EDGE_LOOP('',(#3421,#3422,#3423,#3424,#3425,#3426,#3427,#3428,#3429,#3430,#3431,#3432,#3433,#3434,#3435,#3436));
#2001=AXIS2_PLACEMENT_3D('',#3437,#3438,#3439);
#2002=EDGE_LOOP('',(#3440,#3441,#3442,#3443,#3444,#3445,#3446));
#2003=AXIS2_PLACEMENT_3D('',#3447,#3448,#3449);
#2004=EDGE_LOOP('',(#3450,#3451,#3452,#3453,#3454,#3455,#3456,#3457));
#2005=CARTESIAN_POINT('',(4.26833205036915,-0.232607135921243,-5.32053680262407));
#2006=CARTESIAN_POINT('',(4.24416728319382,-0.234417695941106,-5.29633109237355));
#2007=CARTESIAN_POINT('',(4.22000251601843,-0.23622825596097,-5.27212538212309));
#2008=CARTESIAN_POINT('',(4.19583774884298,-0.238038815980835,-5.24791967187267));
#2009=CARTESIAN_POINT('',(4.26652787516818,-0.215276068147784,-5.32029849522956));
#2010=CARTESIAN_POINT('',(4.24240353411043,-0.214931248769148,-5.29605419086409));
#2011=CARTESIAN_POINT('',(4.21827919305251,-0.214586429390503,-5.27180988649878));
#2012=CARTESIAN_POINT('',(4.19415485199443,-0.214241610011849,-5.2475655821336));
#2013=CARTESIAN_POINT('',(4.26136481904378,-0.185119534699818,-5.32493686633688));
#2014=CARTESIAN_POINT('',(4.23735616647887,-0.181024296029359,-5.30144375068657));
#2015=CARTESIAN_POINT('',(4.21334751391389,-0.1769290573589,-5.27795063503626));
#2016=CARTESIAN_POINT('',(4.18933886134883,-0.172833818688442,-5.25445751938594));
#2017=CARTESIAN_POINT('',(4.24934222077404,-0.144082970125232,-5.34585573711499));
#2018=CARTESIAN_POINT('',(4.22560295832346,-0.134884216366952,-5.32575045294201));
#2019=CARTESIAN_POINT('',(4.20186369587287,-0.125685462608673,-5.30564516876903));
#2020=CARTESIAN_POINT('',(4.17812443342228,-0.116486708850395,-5.28553988459604));
#2021=CARTESIAN_POINT('',(4.23769392502109,-0.113977875435098,-5.37342712512704));
#2022=CARTESIAN_POINT('',(4.21421566569615,-0.101035099569594,-5.35778705407132));
#2023=CARTESIAN_POINT('',(4.19073740637122,-0.0880923237040921,-5.34214698301559));
#2024=CARTESIAN_POINT('',(4.16725914704627,-0.0751495478385933,-5.32650691195986));
#2025=CARTESIAN_POINT('',(4.22554025824608,-0.0878061656681703,-5.41570981447768));
#2026=CARTESIAN_POINT('',(4.20233432588464,-0.0716085433735718,-5.40691746610534));
#2027=CARTESIAN_POINT('',(4.17912839352321,-0.0554109210789693,-5.39812511773299));
#2028=CARTESIAN_POINT('',(4.15592246116177,-0.0392132987843632,-5.38933276936065));
#2029=CARTESIAN_POINT('',(4.22174749541187,-0.0808449379099927,-5.45097035709727));
#2030=CARTESIAN_POINT('',(4.19862654741103,-0.0637815820613526,-5.44788848791381));
#2031=CARTESIAN_POINT('',(4.17550559941018,-0.0467182262127117,-5.44480661873018));
#2032=CARTESIAN_POINT('',(4.15238465140932,-0.02965487036407,-5.44172474954641));
#2033=CARTESIAN_POINT('',(4.22181290983071,-0.081006684531659,-5.4714304862645));
#2034=CARTESIAN_POINT('',(4.19869049608952,-0.0639634443123939,-5.47166215490743));
#2035=CARTESIAN_POINT('',(4.17556808234833,-0.0469202040931289,-5.47189382355031));
#2036=CARTESIAN_POINT('',(4.15244566860714,-0.029876963873864,-5.47212549219315));
#2037=EDGE_LOOP('',(#3458,#3459,#3460,#3461,#3462,#3463,#3464,#3465));
#2038=AXIS2_PLACEMENT_3D('',#3466,#3467,#3468);
#2039=EDGE_LOOP('',(#3469,#3470,#3471,#3472,#3473,#3474));
#2040=AXIS2_PLACEMENT_3D('',#3475,#3476,#3477);
#2041=EDGE_LOOP('',(#3478,#3479,#3480,#3481,#3482));
#2042=AXIS2_PLACEMENT_3D('',#3483,#3484,#3485);
#2043=EDGE_LOOP('',(#3486,#3487,#3488,#3489));
#2044=AXIS2_PLACEMENT_3D('',#3490,#3491,#3492);
#2045=EDGE_LOOP('',(#3493,#3494,#3495,#3496));
#2046=AXIS2_PLACEMENT_3D('',#3497,#3498,#3499);
#2047=EDGE_LOOP('',(#3500,#3501,#3502,#3503,#3504,#3505));
#2048=AXIS2_PLACEMENT_3D('',#3506,#3507,#3508);
#2049=EDGE_LOOP('',(#3509,#3510,#3511,#3512));
#2050=AXIS2_PLACEMENT_3D('',#3513,#3514,#3515);
#2051=EDGE_LOOP('',(#3516,#3517,#3518,#3519,#3520,#3521));
#2052=AXIS2_PLACEMENT_3D('',#3522,#3523,#3524);
#2053=EDGE_LOOP('',(#3525,#3526,#3527,#3528,#3529,#3530));
#2054=AXIS2_PLACEMENT_3D('',#3531,#3532,#3533);
#2055=EDGE_LOOP('',(#3534,#3535,#3536,#3537));
#2056=AXIS2_PLACEMENT_3D('',#3538,#3539,#3540);
#2057=EDGE_LOOP('',(#3541,#3542,#3543,#3544));
#2058=AXIS2_PLACEMENT_3D('',#3545,#3546,#3547);
#2059=EDGE_LOOP('',(#3548,#3549,#3550,#3551));
#2060=AXIS2_PLACEMENT_3D('',#3552,#3553,#3554);
#2061=EDGE_LOOP('',(#3555,#3556,#3557,#3558,#3559,#3560,#3561,#3562,#3563,#3564,#3565,#3566,#3567,#3568,#3569,#3570,#3571));
#2062=AXIS2_PLACEMENT_3D('',#3572,#3573,#3574);
#2063=EDGE_LOOP('',(#3575,#3576,#3577,#3578,#3579,#3580,#3581,#3582,#3583,#3584,#3585,#3586,#3587,#3588,#3589,#3590,#3591));
#2064=AXIS2_PLACEMENT_3D('',#3592,#3593,#3594);
#2065=EDGE_LOOP('',(#3595,#3596,#3597,#3598,#3599,#3600));
#2066=AXIS2_PLACEMENT_3D('',#3601,#3602,#3603);
#2067=EDGE_LOOP('',(#3604,#3605,#3606,#3607,#3608,#3609));
#2068=AXIS2_PLACEMENT_3D('',#3610,#3611,#3612);
#2069=EDGE_LOOP('',(#3613,#3614,#3615,#3616,#3617,#3618));
#2070=AXIS2_PLACEMENT_3D('',#3619,#3620,#3621);
#2071=EDGE_LOOP('',(#3622,#3623,#3624,#3625,#3626,#3627));
#2072=AXIS2_PLACEMENT_3D('',#3628,#3629,#3630);
#2073=EDGE_LOOP('',(#3631,#3632,#3633,#3634));
#2074=AXIS2_PLACEMENT_3D('',#3635,#3636,#3637);
#2075=EDGE_LOOP('',(#3638,#3639,#3640,#3641,#3642,#3643));
#2076=AXIS2_PLACEMENT_3D('',#3644,#3645,#3646);
#2077=EDGE_LOOP('',(#3647,#3648,#3649,#3650,#3651,#3652,#3653,#3654));
#2078=EDGE_LOOP('',(#3655,#3656,#3657,#3658,#3659,#3660,#3661,#3662,#3663,#3664,#3665,#3666,#3667,#3668,#3669,#3670,#3671,#3672,#3673,#3674,#3675,#3676,#3677,#3678,#3679,#3680,#3681,#3682,#3683,#3684,#3685,#3686,#3687,#3688,#3689,#3690,#3691,#3692,#3693,#3694,#3695,#3696,#3697,#3698,#3699,#3700));
#2079=AXIS2_PLACEMENT_3D('',#3701,#3702,#3703);
#2080=EDGE_LOOP('',(#3704,#3705,#3706,#3707,#3708));
#2081=CARTESIAN_POINT('',(-4.24679589751987,-0.121901708894162,-5.55784775816645));
#2082=CARTESIAN_POINT('',(-4.221392940772,-0.109068102713319,-5.57311881286491));
#2083=CARTESIAN_POINT('',(-4.19598998402414,-0.0962344965324777,-5.58838986756338));
#2084=CARTESIAN_POINT('',(-4.17058702727628,-0.0834008903516371,-5.60366092226185));
#2085=CARTESIAN_POINT('',(-4.21946349764323,-0.0791935165220628,-5.53027836095375));
#2086=CARTESIAN_POINT('',(-4.1947176215126,-0.0606592630606382,-5.54075687704259));
#2087=CARTESIAN_POINT('',(-4.16997174538197,-0.0421250095992111,-5.55123539313144));
#2088=CARTESIAN_POINT('',(-4.14522586925134,-0.0235907561377819,-5.56171390922029));
#2089=CARTESIAN_POINT('',(-4.21673121618144,-0.068260379597924,-5.44737091453965));
#2090=CARTESIAN_POINT('',(-4.19205102507031,-0.0482667818323738,-5.44343717725325));
#2091=CARTESIAN_POINT('',(-4.16737083395902,-0.0282731840668299,-5.43950343996701));
#2092=CARTESIAN_POINT('',(-4.14269064284757,-0.00827958630129152,-5.4355697026809));
#2093=CARTESIAN_POINT('',(-4.2379840749668,-0.114009750396363,-5.3734656428811));
#2094=CARTESIAN_POINT('',(-4.21279295756824,-0.100122733400168,-5.35668454933246));
#2095=CARTESIAN_POINT('',(-4.18760184016968,-0.0862357164039724,-5.33990345578383));
#2096=CARTESIAN_POINT('',(-4.16241072277112,-0.0723486994077756,-5.3231223622352));
#2097=CARTESIAN_POINT('',(-4.24963301350791,-0.14410562445551,-5.34590525162084));
#2098=CARTESIAN_POINT('',(-4.22416185148245,-0.134235774964771,-5.32433318501595));
#2099=CARTESIAN_POINT('',(-4.19869068945699,-0.124365925474033,-5.30276111841106));
#2100=CARTESIAN_POINT('',(-4.17321952743153,-0.114496075983294,-5.28118905180617));
#2101=CARTESIAN_POINT('',(-4.26164830847181,-0.185102437328385,-5.32500857981447));
#2102=CARTESIAN_POINT('',(-4.23588829448074,-0.180704801875257,-5.29980393083257));
#2103=CARTESIAN_POINT('',(-4.21012828048957,-0.176307166422118,-5.27459928185067));
#2104=CARTESIAN_POINT('',(-4.18436826649832,-0.171909530968971,-5.24939463286876));
#2105=CARTESIAN_POINT('',(-4.26680994311283,-0.215220456685824,-5.32036689561181));
#2106=CARTESIAN_POINT('',(-4.24092584158909,-0.214842944670567,-5.29435535736124));
#2107=CARTESIAN_POINT('',(-4.21504174006505,-0.214465432655319,-5.26834381911086));
#2108=CARTESIAN_POINT('',(-4.18915763854074,-0.214087920640078,-5.24233228086062));
#2109=CARTESIAN_POINT('',(-4.26861524313127,-0.232519721718297,-5.32059529759276));
#2110=CARTESIAN_POINT('',(-4.24268774155182,-0.234451298491128,-5.29462346370363));
#2111=CARTESIAN_POINT('',(-4.21676023997231,-0.236382875263957,-5.26865162981458));
#2112=CARTESIAN_POINT('',(-4.19083273839276,-0.238314452036785,-5.24267979592558));
#2113=EDGE_LOOP('',(#3709,#3710,#3711,#3712,#3713,#3714,#3715));
#2114=AXIS2_PLACEMENT_3D('',#3716,#3717,#3718);
#2115=EDGE_LOOP('',(#3719,#3720,#3721,#3722));
#2116=AXIS2_PLACEMENT_3D('',#3723,#3724,#3725);
#2117=EDGE_LOOP('',(#3726,#3727,#3728,#3729,#3730,#3731));
#2118=AXIS2_PLACEMENT_3D('',#3732,#3733,#3734);
#2119=EDGE_LOOP('',(#3735,#3736,#3737,#3738,#3739,#3740,#3741,#3742,#3743,#3744,#3745,#3746,#3747));
#2120=AXIS2_PLACEMENT_3D('',#3748,#3749,#3750);
#2121=EDGE_LOOP('',(#3751,#3752,#3753,#3754));
#2122=AXIS2_PLACEMENT_3D('',#3755,#3756,#3757);
#2123=EDGE_LOOP('',(#3758,#3759,#3760,#3761));
#2124=AXIS2_PLACEMENT_3D('',#3762,#3763,#3764);
#2125=EDGE_LOOP('',(#3765,#3766,#3767,#3768,#3769,#3770,#3771,#3772,#3773,#3774,#3775,#3776,#3777,#3778,#3779,#3780,#3781,#3782,#3783,#3784,#3785,#3786,#3787,#3788,#3789,#3790,#3791,#3792,#3793,#3794,#3795,#3796,#3797,#3798));
#2126=AXIS2_PLACEMENT_3D('',#3799,#3800,#3801);
#2127=EDGE_LOOP('',(#3802,#3803,#3804,#3805,#3806,#3807,#3808,#3809,#3810,#3811,#3812,#3813,#3814,#3815,#3816,#3817,#3818,#3819,#3820,#3821,#3822,#3823,#3824,#3825,#3826,#3827,#3828,#3829,#3830,#3831,#3832,#3833,#3834,#3835));
#2128=AXIS2_PLACEMENT_3D('',#3836,#3837,#3838);
#2129=EDGE_LOOP('',(#3839,#3840,#3841,#3842,#3843));
#2130=AXIS2_PLACEMENT_3D('',#3844,#3845,#3846);
#2131=EDGE_LOOP('',(#3847,#3848,#3849,#3850));
#2132=AXIS2_PLACEMENT_3D('',#3851,#3852,#3853);
#2133=EDGE_LOOP('',(#3854,#3855,#3856,#3857));
#2134=AXIS2_PLACEMENT_3D('',#3858,#3859,#3860);
#2135=EDGE_LOOP('',(#3861,#3862,#3863,#3864,#3865));
#2136=AXIS2_PLACEMENT_3D('',#3866,#3867,#3868);
#2137=EDGE_LOOP('',(#3869,#3870,#3871,#3872,#3873,#3874));
#2138=AXIS2_PLACEMENT_3D('',#3875,#3876,#3877);
#2139=EDGE_LOOP('',(#3878,#3879,#3880,#3881,#3882,#3883));
#2140=AXIS2_PLACEMENT_3D('',#3884,#3885,#3886);
#2141=EDGE_LOOP('',(#3887,#3888,#3889,#3890,#3891,#3892));
#2142=AXIS2_PLACEMENT_3D('',#3893,#3894,#3895);
#2143=EDGE_LOOP('',(#3896,#3897,#3898,#3899,#3900,#3901));
#2144=AXIS2_PLACEMENT_3D('',#3902,#3903,#3904);
#2145=EDGE_LOOP('',(#3905,#3906,#3907,#3908));
#2146=AXIS2_PLACEMENT_3D('',#3909,#3910,#3911);
#2147=EDGE_LOOP('',(#3912,#3913,#3914,#3915));
#2148=AXIS2_PLACEMENT_3D('',#3916,#3917,#3918);
#2149=EDGE_LOOP('',(#3919,#3920,#3921,#3922));
#2150=AXIS2_PLACEMENT_3D('',#3923,#3924,#3925);
#2151=EDGE_LOOP('',(#3926,#3927,#3928,#3929));
#2152=AXIS2_PLACEMENT_3D('',#3930,#3931,#3932);
#2153=EDGE_LOOP('',(#3933,#3934,#3935,#3936));
#2154=AXIS2_PLACEMENT_3D('',#3937,#3938,#3939);
#2155=EDGE_LOOP('',(#3940,#3941,#3942,#3943));
#2156=AXIS2_PLACEMENT_3D('',#3944,#3945,#3946);
#2157=EDGE_LOOP('',(#3947,#3948,#3949,#3950));
#2158=AXIS2_PLACEMENT_3D('',#3951,#3952,#3953);
#2159=EDGE_LOOP('',(#3954,#3955,#3956,#3957));
#2160=AXIS2_PLACEMENT_3D('',#3958,#3959,#3960);
#2161=EDGE_LOOP('',(#3961,#3962,#3963,#3964,#3965,#3966,#3967));
#2162=AXIS2_PLACEMENT_3D('',#3968,#3969,#3970);
#2163=EDGE_LOOP('',(#3971,#3972,#3973,#3974));
#2164=AXIS2_PLACEMENT_3D('',#3975,#3976,#3977);
#2165=EDGE_LOOP('',(#3978,#3979,#3980,#3981));
#2166=AXIS2_PLACEMENT_3D('',#3982,#3983,#3984);
#2167=EDGE_LOOP('',(#3985,#3986,#3987,#3988,#3989,#3990,#3991));
#2168=AXIS2_PLACEMENT_3D('',#3992,#3993,#3994);
#2169=EDGE_LOOP('',(#3995,#3996,#3997,#3998));
#2170=AXIS2_PLACEMENT_3D('',#3999,#4000,#4001);
#2171=EDGE_LOOP('',(#4002,#4003,#4004,#4005));
#2172=AXIS2_PLACEMENT_3D('',#4006,#4007,#4008);
#2173=EDGE_LOOP('',(#4009,#4010,#4011,#4012));
#2174=AXIS2_PLACEMENT_3D('',#4013,#4014,#4015);
#2175=EDGE_LOOP('',(#4016,#4017,#4018,#4019));
#2176=AXIS2_PLACEMENT_3D('',#4020,#4021,#4022);
#2177=EDGE_LOOP('',(#4023,#4024,#4025,#4026));
#2178=AXIS2_PLACEMENT_3D('',#4027,#4028,#4029);
#2179=EDGE_LOOP('',(#4030,#4031,#4032,#4033));
#2180=AXIS2_PLACEMENT_3D('',#4034,#4035,#4036);
#2181=EDGE_LOOP('',(#4037,#4038,#4039,#4040));
#2182=AXIS2_PLACEMENT_3D('',#4041,#4042,#4043);
#2183=EDGE_LOOP('',(#4044,#4045,#4046,#4047));
#2184=AXIS2_PLACEMENT_3D('',#4048,#4049,#4050);
#2185=EDGE_LOOP('',(#4051,#4052,#4053,#4054,#4055,#4056));
#2186=AXIS2_PLACEMENT_3D('',#4057,#4058,#4059);
#2187=EDGE_LOOP('',(#4060,#4061,#4062,#4063));
#2188=AXIS2_PLACEMENT_3D('',#4064,#4065,#4066);
#2189=EDGE_LOOP('',(#4067,#4068,#4069,#4070));
#2190=AXIS2_PLACEMENT_3D('',#4071,#4072,#4073);
#2191=EDGE_LOOP('',(#4074,#4075,#4076,#4077));
#2192=AXIS2_PLACEMENT_3D('',#4078,#4079,#4080);
#2193=EDGE_LOOP('',(#4081,#4082,#4083,#4084));
#2194=AXIS2_PLACEMENT_3D('',#4085,#4086,#4087);
#2195=EDGE_LOOP('',(#4088,#4089,#4090,#4091));
#2196=AXIS2_PLACEMENT_3D('',#4092,#4093,#4094);
#2197=EDGE_LOOP('',(#4095,#4096,#4097,#4098));
#2198=AXIS2_PLACEMENT_3D('',#4099,#4100,#4101);
#2199=EDGE_LOOP('',(#4102,#4103,#4104,#4105));
#2200=AXIS2_PLACEMENT_3D('',#4106,#4107,#4108);
#2201=EDGE_LOOP('',(#4109,#4110,#4111,#4112));
#2202=AXIS2_PLACEMENT_3D('',#4113,#4114,#4115);
#2203=EDGE_LOOP('',(#4116,#4117,#4118,#4119));
#2204=AXIS2_PLACEMENT_3D('',#4120,#4121,#4122);
#2205=EDGE_LOOP('',(#4123,#4124,#4125,#4126));
#2206=AXIS2_PLACEMENT_3D('',#4127,#4128,#4129);
#2207=EDGE_LOOP('',(#4130,#4131,#4132,#4133));
#2208=AXIS2_PLACEMENT_3D('',#4134,#4135,#4136);
#2209=EDGE_LOOP('',(#4137,#4138,#4139,#4140));
#2210=AXIS2_PLACEMENT_3D('',#4141,#4142,#4143);
#2211=EDGE_LOOP('',(#4144,#4145,#4146,#4147));
#2212=AXIS2_PLACEMENT_3D('',#4148,#4149,#4150);
#2213=EDGE_LOOP('',(#4151,#4152,#4153,#4154));
#2214=AXIS2_PLACEMENT_3D('',#4155,#4156,#4157);
#2215=EDGE_LOOP('',(#4158,#4159,#4160,#4161));
#2216=AXIS2_PLACEMENT_3D('',#4162,#4163,#4164);
#2217=EDGE_LOOP('',(#4165,#4166,#4167,#4168));
#2218=AXIS2_PLACEMENT_3D('',#4169,#4170,#4171);
#2219=EDGE_LOOP('',(#4172,#4173,#4174,#4175));
#2220=AXIS2_PLACEMENT_3D('',#4176,#4177,#4178);
#2221=EDGE_LOOP('',(#4179,#4180,#4181,#4182));
#2222=AXIS2_PLACEMENT_3D('',#4183,#4184,#4185);
#2223=EDGE_LOOP('',(#4186,#4187,#4188,#4189));
#2224=AXIS2_PLACEMENT_3D('',#4190,#4191,#4192);
#2225=EDGE_LOOP('',(#4193,#4194,#4195,#4196));
#2226=AXIS2_PLACEMENT_3D('',#4197,#4198,#4199);
#2227=EDGE_LOOP('',(#4200,#4201,#4202,#4203));
#2228=AXIS2_PLACEMENT_3D('',#4204,#4205,#4206);
#2229=EDGE_LOOP('',(#4207,#4208,#4209,#4210));
#2230=AXIS2_PLACEMENT_3D('',#4211,#4212,#4213);
#2231=EDGE_LOOP('',(#4214,#4215,#4216,#4217));
#2232=AXIS2_PLACEMENT_3D('',#4218,#4219,#4220);
#2233=EDGE_LOOP('',(#4221,#4222,#4223,#4224));
#2234=AXIS2_PLACEMENT_3D('',#4225,#4226,#4227);
#2235=EDGE_LOOP('',(#4228,#4229,#4230,#4231));
#2236=AXIS2_PLACEMENT_3D('',#4232,#4233,#4234);
#2237=EDGE_LOOP('',(#4235,#4236,#4237,#4238));
#2238=AXIS2_PLACEMENT_3D('',#4239,#4240,#4241);
#2239=EDGE_LOOP('',(#4242,#4243,#4244,#4245));
#2240=AXIS2_PLACEMENT_3D('',#4246,#4247,#4248);
#2241=EDGE_LOOP('',(#4249,#4250,#4251,#4252));
#2242=AXIS2_PLACEMENT_3D('',#4253,#4254,#4255);
#2243=EDGE_LOOP('',(#4256,#4257,#4258,#4259));
#2244=AXIS2_PLACEMENT_3D('',#4260,#4261,#4262);
#2245=EDGE_LOOP('',(#4263,#4264,#4265,#4266));
#2246=AXIS2_PLACEMENT_3D('',#4267,#4268,#4269);
#2247=EDGE_LOOP('',(#4270,#4271,#4272,#4273));
#2248=AXIS2_PLACEMENT_3D('',#4274,#4275,#4276);
#2249=EDGE_LOOP('',(#4277,#4278,#4279,#4280));
#2250=AXIS2_PLACEMENT_3D('',#4281,#4282,#4283);
#2251=EDGE_LOOP('',(#4284,#4285,#4286,#4287));
#2252=AXIS2_PLACEMENT_3D('',#4288,#4289,#4290);
#2253=EDGE_LOOP('',(#4291,#4292,#4293,#4294));
#2254=AXIS2_PLACEMENT_3D('',#4295,#4296,#4297);
#2255=EDGE_LOOP('',(#4298,#4299,#4300,#4301));
#2256=AXIS2_PLACEMENT_3D('',#4302,#4303,#4304);
#2257=EDGE_LOOP('',(#4305,#4306,#4307,#4308));
#2258=AXIS2_PLACEMENT_3D('',#4309,#4310,#4311);
#2259=EDGE_LOOP('',(#4312,#4313,#4314,#4315));
#2260=AXIS2_PLACEMENT_3D('',#4316,#4317,#4318);
#2261=EDGE_LOOP('',(#4319,#4320,#4321,#4322));
#2262=AXIS2_PLACEMENT_3D('',#4323,#4324,#4325);
#2263=EDGE_LOOP('',(#4326,#4327,#4328,#4329));
#2264=AXIS2_PLACEMENT_3D('',#4330,#4331,#4332);
#2265=EDGE_LOOP('',(#4333,#4334,#4335,#4336));
#2266=AXIS2_PLACEMENT_3D('',#4337,#4338,#4339);
#2267=EDGE_LOOP('',(#4340,#4341,#4342,#4343));
#2268=AXIS2_PLACEMENT_3D('',#4344,#4345,#4346);
#2269=EDGE_LOOP('',(#4347,#4348,#4349,#4350,#4351,#4352,#4353,#4354,#4355,#4356));
#2270=AXIS2_PLACEMENT_3D('',#4357,#4358,#4359);
#2271=EDGE_LOOP('',(#4360,#4361,#4362,#4363,#4364,#4365,#4366,#4367));
#2272=AXIS2_PLACEMENT_3D('',#4368,#4369,#4370);
#2273=EDGE_LOOP('',(#4371,#4372,#4373));
#2274=AXIS2_PLACEMENT_3D('',#4374,#4375,#4376);
#2275=EDGE_LOOP('',(#4377,#4378,#4379,#4380,#4381,#4382,#4383,#4384,#4385,#4386,#4387,#4388,#4389,#4390,#4391,#4392,#4393,#4394,#4395,#4396,#4397,#4398,#4399,#4400,#4401,#4402,#4403,#4404,#4405,#4406,#4407,#4408,#4409,#4410,#4411,#4412,#4413,#4414,#4415,#4416,#4417,#4418,#4419,#4420,#4421,#4422,#4423,#4424,#4425,#4426,#4427,#4428,#4429,#4430,#4431,#4432,#4433,#4434,#4435,#4436,#4437,#4438,#4439,#4440,#4441,#4442,#4443,#4444,#4445,#4446,#4447,#4448,#4449,#4450,#4451,#4452,#4453,#4454,#4455,#4456));
#2276=AXIS2_PLACEMENT_3D('',#4457,#4458,#4459);
#2277=EDGE_LOOP('',(#4460,#4461,#4462,#4463,#4464,#4465));
#2278=AXIS2_PLACEMENT_3D('',#4466,#4467,#4468);
#2279=EDGE_LOOP('',(#4469,#4470,#4471,#4472,#4473));
#2280=AXIS2_PLACEMENT_3D('',#4474,#4475,#4476);
#2281=EDGE_LOOP('',(#4477,#4478,#4479,#4480));
#2282=AXIS2_PLACEMENT_3D('',#4481,#4482,#4483);
#2283=EDGE_LOOP('',(#4484,#4485,#4486,#4487));
#2284=AXIS2_PLACEMENT_3D('',#4488,#4489,#4490);
#2285=EDGE_LOOP('',(#4491,#4492,#4493,#4494));
#2286=AXIS2_PLACEMENT_3D('',#4495,#4496,#4497);
#2287=EDGE_LOOP('',(#4498,#4499,#4500,#4501));
#2288=AXIS2_PLACEMENT_3D('',#4502,#4503,#4504);
#2289=EDGE_LOOP('',(#4505,#4506,#4507,#4508));
#2290=AXIS2_PLACEMENT_3D('',#4509,#4510,#4511);
#2291=EDGE_LOOP('',(#4512,#4513,#4514,#4515));
#2292=AXIS2_PLACEMENT_3D('',#4516,#4517,#4518);
#2293=EDGE_LOOP('',(#4519,#4520,#4521,#4522));
#2294=AXIS2_PLACEMENT_3D('',#4523,#4524,#4525);
#2295=EDGE_LOOP('',(#4526,#4527,#4528,#4529));
#2296=AXIS2_PLACEMENT_3D('',#4530,#4531,#4532);
#2297=EDGE_LOOP('',(#4533,#4534,#4535,#4536));
#2298=AXIS2_PLACEMENT_3D('',#4537,#4538,#4539);
#2299=EDGE_LOOP('',(#4540,#4541,#4542,#4543));
#2300=AXIS2_PLACEMENT_3D('',#4544,#4545,#4546);
#2301=EDGE_LOOP('',(#4547,#4548,#4549,#4550));
#2302=AXIS2_PLACEMENT_3D('',#4551,#4552,#4553);
#2303=EDGE_LOOP('',(#4554,#4555,#4556,#4557,#4558,#4559,#4560,#4561,#4562,#4563,#4564,#4565));
#2304=AXIS2_PLACEMENT_3D('',#4566,#4567,#4568);
#2305=EDGE_LOOP('',(#4569,#4570,#4571,#4572));
#2306=AXIS2_PLACEMENT_3D('',#4573,#4574,#4575);
#2307=EDGE_LOOP('',(#4576,#4577,#4578,#4579));
#2308=AXIS2_PLACEMENT_3D('',#4580,#4581,#4582);
#2309=EDGE_LOOP('',(#4583,#4584,#4585,#4586,#4587,#4588,#4589,#4590,#4591,#4592,#4593,#4594,#4595));
#2310=AXIS2_PLACEMENT_3D('',#4596,#4597,#4598);
#2311=EDGE_LOOP('',(#4599,#4600,#4601,#4602,#4603,#4604,#4605,#4606,#4607,#4608,#4609,#4610,#4611));
#2312=AXIS2_PLACEMENT_3D('',#4612,#4613,#4614);
#2313=EDGE_LOOP('',(#4615,#4616,#4617,#4618));
#2314=AXIS2_PLACEMENT_3D('',#4619,#4620,#4621);
#2315=EDGE_LOOP('',(#4622,#4623,#4624,#4625));
#2316=AXIS2_PLACEMENT_3D('',#4626,#4627,#4628);
#2317=EDGE_LOOP('',(#4629,#4630,#4631,#4632));
#2318=AXIS2_PLACEMENT_3D('',#4633,#4634,#4635);
#2319=EDGE_LOOP('',(#4636,#4637,#4638,#4639));
#2320=AXIS2_PLACEMENT_3D('',#4640,#4641,#4642);
#2321=EDGE_LOOP('',(#4643,#4644,#4645,#4646));
#2322=AXIS2_PLACEMENT_3D('',#4647,#4648,#4649);
#2323=EDGE_LOOP('',(#4650,#4651,#4652,#4653));
#2324=AXIS2_PLACEMENT_3D('',#4654,#4655,#4656);
#2325=EDGE_LOOP('',(#4657,#4658,#4659,#4660));
#2326=AXIS2_PLACEMENT_3D('',#4661,#4662,#4663);
#2327=EDGE_LOOP('',(#4664,#4665,#4666,#4667));
#2328=AXIS2_PLACEMENT_3D('',#4668,#4669,#4670);
#2329=EDGE_LOOP('',(#4671,#4672,#4673,#4674));
#2330=AXIS2_PLACEMENT_3D('',#4675,#4676,#4677);
#2331=EDGE_LOOP('',(#4678,#4679,#4680,#4681));
#2332=AXIS2_PLACEMENT_3D('',#4682,#4683,#4684);
#2333=EDGE_LOOP('',(#4685,#4686,#4687,#4688,#4689,#4690,#4691,#4692,#4693,#4694,#4695,#4696));
#2334=AXIS2_PLACEMENT_3D('',#4697,#4698,#4699);
#2335=EDGE_LOOP('',(#4700,#4701,#4702,#4703,#4704,#4705,#4706,#4707,#4708,#4709,#4710,#4711,#4712,#4713,#4714,#4715,#4716,#4717,#4718,#4719,#4720,#4721));
#2336=AXIS2_PLACEMENT_3D('',#4722,#4723,#4724);
#2337=EDGE_LOOP('',(#4725,#4726,#4727,#4728,#4729,#4730));
#2338=AXIS2_PLACEMENT_3D('',#4731,#4732,#4733);
#2339=EDGE_LOOP('',(#4734,#4735,#4736,#4737,#4738,#4739));
#2340=AXIS2_PLACEMENT_3D('',#4740,#4741,#4742);
#2341=EDGE_LOOP('',(#4743,#4744,#4745,#4746,#4747,#4748));
#2342=AXIS2_PLACEMENT_3D('',#4749,#4750,#4751);
#2343=EDGE_LOOP('',(#4752,#4753,#4754,#4755,#4756,#4757));
#2344=AXIS2_PLACEMENT_3D('',#4758,#4759,#4760);
#2345=EDGE_LOOP('',(#4761,#4762,#4763,#4764,#4765,#4766));
#2346=AXIS2_PLACEMENT_3D('',#4767,#4768,#4769);
#2347=EDGE_LOOP('',(#4770,#4771,#4772,#4773,#4774,#4775));
#2348=AXIS2_PLACEMENT_3D('',#4776,#4777,#4778);
#2349=EDGE_LOOP('',(#4779,#4780,#4781,#4782,#4783,#4784));
#2350=AXIS2_PLACEMENT_3D('',#4785,#4786,#4787);
#2351=EDGE_LOOP('',(#4788,#4789,#4790,#4791,#4792,#4793));
#2352=AXIS2_PLACEMENT_3D('',#4794,#4795,#4796);
#2353=EDGE_LOOP('',(#4797,#4798,#4799,#4800));
#2354=AXIS2_PLACEMENT_3D('',#4801,#4802,#4803);
#2355=EDGE_LOOP('',(#4804,#4805,#4806,#4807));
#2356=AXIS2_PLACEMENT_3D('',#4808,#4809,#4810);
#2357=EDGE_LOOP('',(#4811,#4812,#4813,#4814,#4815));
#2358=AXIS2_PLACEMENT_3D('',#4816,#4817,#4818);
#2359=EDGE_LOOP('',(#4819,#4820,#4821));
#2360=AXIS2_PLACEMENT_3D('',#4822,#4823,#4824);
#2361=EDGE_LOOP('',(#4825,#4826,#4827,#4828,#4829,#4830));
#2362=AXIS2_PLACEMENT_3D('',#4831,#4832,#4833);
#2363=EDGE_LOOP('',(#4834,#4835,#4836));
#2364=AXIS2_PLACEMENT_3D('',#4837,#4838,#4839);
#2365=EDGE_LOOP('',(#4840,#4841,#4842,#4843,#4844));
#2366=AXIS2_PLACEMENT_3D('',#4845,#4846,#4847);
#2367=EDGE_LOOP('',(#4848,#4849,#4850,#4851));
#2368=AXIS2_PLACEMENT_3D('',#4852,#4853,#4854);
#2369=EDGE_LOOP('',(#4855,#4856,#4857,#4858,#4859,#4860,#4861,#4862,#4863,#4864,#4865,#4866,#4867,#4868,#4869,#4870,#4871,#4872,#4873,#4874,#4875,#4876,#4877,#4878,#4879,#4880,#4881,#4882,#4883,#4884,#4885,#4886,#4887,#4888,#4889,#4890,#4891,#4892,#4893,#4894,#4895,#4896,#4897,#4898,#4899,#4900,#4901,#4902,#4903,#4904,#4905,#4906,#4907,#4908,#4909,#4910,#4911,#4912,#4913,#4914,#4915,#4916,#4917,#4918,#4919,#4920,#4921,#4922,#4923,#4924,#4925,#4926,#4927,#4928,#4929,#4930,#4931,#4932,#4933,#4934));
#2370=AXIS2_PLACEMENT_3D('',#4935,#4936,#4937);
#2371=EDGE_LOOP('',(#4938,#4939,#4940,#4941));
#2372=AXIS2_PLACEMENT_3D('',#4942,#4943,#4944);
#2373=EDGE_LOOP('',(#4945,#4946,#4947,#4948,#4949));
#2374=AXIS2_PLACEMENT_3D('',#4950,#4951,#4952);
#2375=EDGE_LOOP('',(#4953,#4954,#4955));
#2376=AXIS2_PLACEMENT_3D('',#4956,#4957,#4958);
#2377=EDGE_LOOP('',(#4959,#4960,#4961,#4962,#4963,#4964));
#2378=AXIS2_PLACEMENT_3D('',#4965,#4966,#4967);
#2379=EDGE_LOOP('',(#4968,#4969,#4970));
#2380=AXIS2_PLACEMENT_3D('',#4971,#4972,#4973);
#2381=EDGE_LOOP('',(#4974,#4975,#4976,#4977,#4978));
#2382=AXIS2_PLACEMENT_3D('',#4979,#4980,#4981);
#2383=EDGE_LOOP('',(#4982,#4983,#4984,#4985,#4986,#4987));
#2384=AXIS2_PLACEMENT_3D('',#4988,#4989,#4990);
#2385=EDGE_LOOP('',(#4991,#4992,#4993,#4994,#4995,#4996));
#2386=AXIS2_PLACEMENT_3D('',#4997,#4998,#4999);
#2387=EDGE_LOOP('',(#5000,#5001,#5002,#5003,#5004,#5005));
#2388=AXIS2_PLACEMENT_3D('',#5006,#5007,#5008);
#2389=EDGE_LOOP('',(#5009,#5010,#5011,#5012,#5013,#5014));
#2390=AXIS2_PLACEMENT_3D('',#5015,#5016,#5017);
#2391=EDGE_LOOP('',(#5018,#5019,#5020,#5021,#5022,#5023));
#2392=AXIS2_PLACEMENT_3D('',#5024,#5025,#5026);
#2393=EDGE_LOOP('',(#5027,#5028,#5029,#5030,#5031,#5032));
#2394=AXIS2_PLACEMENT_3D('',#5033,#5034,#5035);
#2395=EDGE_LOOP('',(#5036,#5037,#5038,#5039,#5040,#5041));
#2396=AXIS2_PLACEMENT_3D('',#5042,#5043,#5044);
#2397=EDGE_LOOP('',(#5045,#5046,#5047,#5048,#5049,#5050));
#2398=AXIS2_PLACEMENT_3D('',#5051,#5052,#5053);
#2399=EDGE_LOOP('',(#5054,#5055,#5056,#5057,#5058,#5059,#5060,#5061,#5062,#5063,#5064,#5065,#5066,#5067,#5068,#5069,#5070,#5071,#5072,#5073,#5074,#5075));
#2400=AXIS2_PLACEMENT_3D('',#5076,#5077,#5078);
#2401=EDGE_LOOP('',(#5079,#5080,#5081,#5082));
#2402=AXIS2_PLACEMENT_3D('',#5083,#5084,#5085);
#2403=EDGE_LOOP('',(#5086,#5087,#5088,#5089));
#2404=AXIS2_PLACEMENT_3D('',#5090,#5091,#5092);
#2405=EDGE_LOOP('',(#5093,#5094,#5095,#5096));
#2406=AXIS2_PLACEMENT_3D('',#5097,#5098,#5099);
#2407=EDGE_LOOP('',(#5100,#5101,#5102,#5103));
#2408=AXIS2_PLACEMENT_3D('',#5104,#5105,#5106);
#2409=EDGE_LOOP('',(#5107,#5108,#5109,#5110));
#2410=AXIS2_PLACEMENT_3D('',#5111,#5112,#5113);
#2411=EDGE_LOOP('',(#5114,#5115,#5116,#5117));
#2412=AXIS2_PLACEMENT_3D('',#5118,#5119,#5120);
#2413=EDGE_LOOP('',(#5121,#5122,#5123,#5124));
#2414=AXIS2_PLACEMENT_3D('',#5125,#5126,#5127);
#2415=EDGE_LOOP('',(#5128,#5129,#5130,#5131));
#2416=AXIS2_PLACEMENT_3D('',#5132,#5133,#5134);
#2417=EDGE_LOOP('',(#5135,#5136,#5137,#5138));
#2418=AXIS2_PLACEMENT_3D('',#5139,#5140,#5141);
#2419=EDGE_LOOP('',(#5142,#5143,#5144,#5145));
#2420=AXIS2_PLACEMENT_3D('',#5146,#5147,#5148);
#2421=EDGE_LOOP('',(#5149,#5150,#5151,#5152,#5153));
#2422=AXIS2_PLACEMENT_3D('',#5154,#5155,#5156);
#2423=EDGE_LOOP('',(#5157,#5158,#5159,#5160,#5161,#5162));
#2424=AXIS2_PLACEMENT_3D('',#5163,#5164,#5165);
#2425=EDGE_LOOP('',(#5166,#5167,#5168));
#2426=AXIS2_PLACEMENT_3D('',#5169,#5170,#5171);
#2427=EDGE_LOOP('',(#5172,#5173,#5174,#5175,#5176));
#2428=AXIS2_PLACEMENT_3D('',#5177,#5178,#5179);
#2429=EDGE_LOOP('',(#5180,#5181,#5182,#5183));
#2430=AXIS2_PLACEMENT_3D('',#5184,#5185,#5186);
#2431=EDGE_LOOP('',(#5187,#5188,#5189));
#2432=AXIS2_PLACEMENT_3D('',#5190,#5191,#5192);
#2433=EDGE_LOOP('',(#5193,#5194,#5195,#5196));
#2434=AXIS2_PLACEMENT_3D('',#5197,#5198,#5199);
#2435=EDGE_LOOP('',(#5200,#5201,#5202,#5203,#5204));
#2436=AXIS2_PLACEMENT_3D('',#5205,#5206,#5207);
#2437=EDGE_LOOP('',(#5208,#5209,#5210));
#2438=AXIS2_PLACEMENT_3D('',#5211,#5212,#5213);
#2439=EDGE_LOOP('',(#5214,#5215,#5216,#5217,#5218,#5219));
#2440=AXIS2_PLACEMENT_3D('',#5220,#5221,#5222);
#2441=EDGE_LOOP('',(#5223,#5224,#5225));
#2442=AXIS2_PLACEMENT_3D('',#5226,#5227,#5228);
#2443=EDGE_LOOP('',(#5229,#5230,#5231,#5232,#5233));
#2444=AXIS2_PLACEMENT_3D('',#5234,#5235,#5236);
#2445=EDGE_LOOP('',(#5237,#5238,#5239,#5240));
#2446=AXIS2_PLACEMENT_3D('',#5241,#5242,#5243);
#2447=EDGE_LOOP('',(#5244,#5245,#5246,#5247));
#2448=AXIS2_PLACEMENT_3D('',#5248,#5249,#5250);
#2449=EDGE_LOOP('',(#5251,#5252,#5253,#5254,#5255));
#2450=AXIS2_PLACEMENT_3D('',#5256,#5257,#5258);
#2451=EDGE_LOOP('',(#5259,#5260,#5261,#5262,#5263,#5264));
#2452=AXIS2_PLACEMENT_3D('',#5265,#5266,#5267);
#2453=EDGE_LOOP('',(#5268,#5269,#5270));
#2454=AXIS2_PLACEMENT_3D('',#5271,#5272,#5273);
#2455=EDGE_LOOP('',(#5274,#5275,#5276,#5277,#5278));
#2456=AXIS2_PLACEMENT_3D('',#5279,#5280,#5281);
#2457=EDGE_LOOP('',(#5282,#5283,#5284,#5285));
#2458=AXIS2_PLACEMENT_3D('',#5286,#5287,#5288);
#2459=EDGE_LOOP('',(#5289,#5290,#5291));
#2460=AXIS2_PLACEMENT_3D('',#5292,#5293,#5294);
#2461=EDGE_LOOP('',(#5295,#5296,#5297,#5298));
#2462=AXIS2_PLACEMENT_3D('',#5299,#5300,#5301);
#2463=EDGE_LOOP('',(#5302,#5303,#5304,#5305,#5306));
#2464=AXIS2_PLACEMENT_3D('',#5307,#5308,#5309);
#2465=EDGE_LOOP('',(#5310,#5311,#5312,#5313,#5314,#5315));
#2466=AXIS2_PLACEMENT_3D('',#5316,#5317,#5318);
#2467=EDGE_LOOP('',(#5319,#5320,#5321));
#2468=AXIS2_PLACEMENT_3D('',#5322,#5323,#5324);
#2469=EDGE_LOOP('',(#5325,#5326,#5327,#5328,#5329));
#2470=AXIS2_PLACEMENT_3D('',#5330,#5331,#5332);
#2471=EDGE_LOOP('',(#5333,#5334,#5335,#5336));
#2472=AXIS2_PLACEMENT_3D('',#5337,#5338,#5339);
#2473=EDGE_LOOP('',(#5340,#5341,#5342));
#2474=AXIS2_PLACEMENT_3D('',#5343,#5344,#5345);
#2475=EDGE_LOOP('',(#5346,#5347,#5348,#5349));
#2476=AXIS2_PLACEMENT_3D('',#5350,#5351,#5352);
#2477=EDGE_LOOP('',(#5353,#5354,#5355,#5356,#5357));
#2478=AXIS2_PLACEMENT_3D('',#5358,#5359,#5360);
#2479=EDGE_LOOP('',(#5361,#5362,#5363,#5364,#5365,#5366));
#2480=AXIS2_PLACEMENT_3D('',#5367,#5368,#5369);
#2481=EDGE_LOOP('',(#5370,#5371,#5372));
#2482=AXIS2_PLACEMENT_3D('',#5373,#5374,#5375);
#2483=EDGE_LOOP('',(#5376,#5377,#5378,#5379,#5380));
#2484=AXIS2_PLACEMENT_3D('',#5381,#5382,#5383);
#2485=EDGE_LOOP('',(#5384,#5385,#5386));
#2486=AXIS2_PLACEMENT_3D('',#5387,#5388,#5389);
#2487=EDGE_LOOP('',(#5390,#5391,#5392,#5393));
#2488=AXIS2_PLACEMENT_3D('',#5394,#5395,#5396);
#2489=EDGE_LOOP('',(#5397,#5398,#5399,#5400,#5401));
#2490=AXIS2_PLACEMENT_3D('',#5402,#5403,#5404);
#2491=EDGE_LOOP('',(#5405,#5406,#5407));
#2492=AXIS2_PLACEMENT_3D('',#5408,#5409,#5410);
#2493=EDGE_LOOP('',(#5411,#5412,#5413,#5414,#5415,#5416));
#2494=AXIS2_PLACEMENT_3D('',#5417,#5418,#5419);
#2495=EDGE_LOOP('',(#5420,#5421,#5422));
#2496=AXIS2_PLACEMENT_3D('',#5423,#5424,#5425);
#2497=EDGE_LOOP('',(#5426,#5427,#5428,#5429,#5430));
#2498=AXIS2_PLACEMENT_3D('',#5431,#5432,#5433);
#2499=EDGE_LOOP('',(#5434,#5435,#5436,#5437));
#2500=AXIS2_PLACEMENT_3D('',#5438,#5439,#5440);
#2501=EDGE_LOOP('',(#5441,#5442,#5443,#5444));
#2502=AXIS2_PLACEMENT_3D('',#5445,#5446,#5447);
#2503=EDGE_LOOP('',(#5448,#5449,#5450,#5451,#5452));
#2504=AXIS2_PLACEMENT_3D('',#5453,#5454,#5455);
#2505=EDGE_LOOP('',(#5456,#5457,#5458));
#2506=AXIS2_PLACEMENT_3D('',#5459,#5460,#5461);
#2507=EDGE_LOOP('',(#5462,#5463,#5464,#5465,#5466,#5467));
#2508=AXIS2_PLACEMENT_3D('',#5468,#5469,#5470);
#2509=EDGE_LOOP('',(#5471,#5472,#5473));
#2510=AXIS2_PLACEMENT_3D('',#5474,#5475,#5476);
#2511=EDGE_LOOP('',(#5477,#5478,#5479,#5480,#5481));
#2512=AXIS2_PLACEMENT_3D('',#5482,#5483,#5484);
#2513=EDGE_LOOP('',(#5485,#5486,#5487,#5488));
#2514=AXIS2_PLACEMENT_3D('',#5489,#5490,#5491);
#2515=EDGE_LOOP('',(#5492,#5493,#5494,#5495,#5496));
#2516=AXIS2_PLACEMENT_3D('',#5497,#5498,#5499);
#2517=EDGE_LOOP('',(#5500,#5501,#5502,#5503,#5504));
#2518=AXIS2_PLACEMENT_3D('',#5505,#5506,#5507);
#2519=EDGE_LOOP('',(#5508,#5509,#5510));
#2520=AXIS2_PLACEMENT_3D('',#5511,#5512,#5513);
#2521=EDGE_LOOP('',(#5514,#5515,#5516));
#2522=AXIS2_PLACEMENT_3D('',#5517,#5518,#5519);
#2523=EDGE_LOOP('',(#5520,#5521,#5522,#5523,#5524,#5525));
#2524=AXIS2_PLACEMENT_3D('',#5526,#5527,#5528);
#2525=EDGE_LOOP('',(#5529,#5530,#5531,#5532,#5533,#5534,#5535,#5536,#5537,#5538,#5539,#5540,#5541,#5542,#5543,#5544,#5545,#5546,#5547,#5548,#5549,#5550,#5551,#5552,#5553,#5554,#5555,#5556,#5557,#5558,#5559,#5560,#5561,#5562,#5563));
#2526=EDGE_LOOP('',(#5564,#5565,#5566,#5567));
#2527=AXIS2_PLACEMENT_3D('',#5568,#5569,#5570);
#2528=EDGE_LOOP('',(#5571,#5572,#5573,#5574));
#2529=AXIS2_PLACEMENT_3D('',#5575,#5576,#5577);
#2530=EDGE_LOOP('',(#5578,#5579,#5580,#5581));
#2531=AXIS2_PLACEMENT_3D('',#5582,#5583,#5584);
#2532=EDGE_LOOP('',(#5585,#5586,#5587,#5588,#5589,#5590));
#2533=AXIS2_PLACEMENT_3D('',#5591,#5592,#5593);
#2534=EDGE_LOOP('',(#5594,#5595,#5596,#5597,#5598,#5599,#5600,#5601,#5602,#5603,#5604,#5605,#5606,#5607));
#2535=AXIS2_PLACEMENT_3D('',#5608,#5609,#5610);
#2536=EDGE_LOOP('',(#5611,#5612,#5613,#5614));
#2537=AXIS2_PLACEMENT_3D('',#5615,#5616,#5617);
#2538=EDGE_LOOP('',(#5618,#5619,#5620,#5621,#5622,#5623,#5624,#5625));
#2539=AXIS2_PLACEMENT_3D('',#5626,#5627,#5628);
#2540=EDGE_LOOP('',(#5629,#5630,#5631));
#2541=AXIS2_PLACEMENT_3D('',#5632,#5633,#5634);
#2542=EDGE_LOOP('',(#5635,#5636,#5637,#5638));
#2543=AXIS2_PLACEMENT_3D('',#5639,#5640,#5641);
#2544=EDGE_LOOP('',(#5642,#5643,#5644,#5645));
#2545=AXIS2_PLACEMENT_3D('',#5646,#5647,#5648);
#2546=EDGE_LOOP('',(#5649,#5650,#5651,#5652,#5653,#5654,#5655,#5656,#5657,#5658,#5659,#5660,#5661,#5662,#5663,#5664,#5665,#5666,#5667,#5668,#5669,#5670));
#2547=AXIS2_PLACEMENT_3D('',#5671,#5672,#5673);
#2548=EDGE_LOOP('',(#5674,#5675,#5676,#5677,#5678,#5679,#5680,#5681,#5682,#5683,#5684,#5685,#5686,#5687));
#2549=AXIS2_PLACEMENT_3D('',#5688,#5689,#5690);
#2550=EDGE_LOOP('',(#5691,#5692,#5693,#5694));
#2551=AXIS2_PLACEMENT_3D('',#5695,#5696,#5697);
#2552=EDGE_LOOP('',(#5698,#5699,#5700,#5701,#5702,#5703));
#2553=AXIS2_PLACEMENT_3D('',#5704,#5705,#5706);
#2554=EDGE_LOOP('',(#5707,#5708,#5709,#5710,#5711,#5712,#5713,#5714,#5715,#5716,#5717,#5718,#5719,#5720,#5721,#5722,#5723,#5724,#5725,#5726,#5727,#5728,#5729,#5730,#5731,#5732,#5733,#5734,#5735,#5736,#5737,#5738,#5739,#5740));
#2555=EDGE_LOOP('',(#5741,#5742,#5743,#5744));
#2556=AXIS2_PLACEMENT_3D('',#5745,#5746,#5747);
#2557=EDGE_LOOP('',(#5748,#5749,#5750,#5751));
#2558=AXIS2_PLACEMENT_3D('',#5752,#5753,#5754);
#2559=EDGE_LOOP('',(#5755,#5756,#5757,#5758,#5759,#5760,#5761,#5762,#5763,#5764,#5765,#5766,#5767,#5768,#5769,#5770,#5771,#5772,#5773,#5774));
#2560=AXIS2_PLACEMENT_3D('',#5775,#5776,#5777);
#2561=EDGE_LOOP('',(#5778,#5779,#5780,#5781,#5782));
#2562=AXIS2_PLACEMENT_3D('',#5783,#5784,#5785);
#2563=EDGE_LOOP('',(#5786,#5787,#5788,#5789));
#2564=AXIS2_PLACEMENT_3D('',#5790,#5791,#5792);
#2565=EDGE_LOOP('',(#5793,#5794,#5795,#5796));
#2566=AXIS2_PLACEMENT_3D('',#5797,#5798,#5799);
#2567=EDGE_LOOP('',(#5800,#5801,#5802,#5803));
#2568=AXIS2_PLACEMENT_3D('',#5804,#5805,#5806);
#2569=EDGE_LOOP('',(#5807,#5808,#5809,#5810,#5811,#5812,#5813,#5814));
#2570=AXIS2_PLACEMENT_3D('',#5815,#5816,#5817);
#2571=EDGE_LOOP('',(#5818,#5819,#5820,#5821,#5822,#5823,#5824,#5825));
#2572=AXIS2_PLACEMENT_3D('',#5826,#5827,#5828);
#2573=EDGE_LOOP('',(#5829,#5830,#5831,#5832));
#2574=AXIS2_PLACEMENT_3D('',#5833,#5834,#5835);
#2575=EDGE_LOOP('',(#5836,#5837,#5838,#5839,#5840,#5841));
#2576=AXIS2_PLACEMENT_3D('',#5842,#5843,#5844);
#2577=EDGE_LOOP('',(#5845,#5846,#5847,#5848,#5849,#5850,#5851,#5852));
#2578=AXIS2_PLACEMENT_3D('',#5853,#5854,#5855);
#2579=EDGE_LOOP('',(#5856,#5857,#5858,#5859,#5860,#5861,#5862,#5863));
#2580=AXIS2_PLACEMENT_3D('',#5864,#5865,#5866);
#2581=EDGE_LOOP('',(#5867,#5868,#5869,#5870));
#2582=AXIS2_PLACEMENT_3D('',#5871,#5872,#5873);
#2583=EDGE_LOOP('',(#5874,#5875,#5876,#5877));
#2584=AXIS2_PLACEMENT_3D('',#5878,#5879,#5880);
#2585=EDGE_LOOP('',(#5881,#5882,#5883,#5884));
#2586=AXIS2_PLACEMENT_3D('',#5885,#5886,#5887);
#2587=EDGE_LOOP('',(#5888,#5889,#5890,#5891));
#2588=AXIS2_PLACEMENT_3D('',#5892,#5893,#5894);
#2589=EDGE_LOOP('',(#5895,#5896,#5897,#5898));
#2590=AXIS2_PLACEMENT_3D('',#5899,#5900,#5901);
#2591=EDGE_LOOP('',(#5902,#5903,#5904,#5905,#5906,#5907,#5908,#5909,#5910,#5911,#5912,#5913,#5914,#5915,#5916,#5917,#5918,#5919,#5920,#5921,#5922));
#2592=AXIS2_PLACEMENT_3D('',#5923,#5924,#5925);
#2593=EDGE_LOOP('',(#5926,#5927,#5928,#5929,#5930,#5931,#5932,#5933,#5934,#5935,#5936,#5937));
#2594=AXIS2_PLACEMENT_3D('',#5938,#5939,#5940);
#2595=EDGE_LOOP('',(#5941,#5942,#5943,#5944));
#2596=AXIS2_PLACEMENT_3D('',#5945,#5946,#5947);
#2597=EDGE_LOOP('',(#5948,#5949,#5950,#5951,#5952,#5953,#5954,#5955,#5956,#5957,#5958,#5959));
#2598=AXIS2_PLACEMENT_3D('',#5960,#5961,#5962);
#2599=EDGE_LOOP('',(#5963,#5964,#5965,#5966,#5967,#5968,#5969,#5970,#5971,#5972));
#2600=AXIS2_PLACEMENT_3D('',#5973,#5974,#5975);
#2601=EDGE_LOOP('',(#5976,#5977,#5978,#5979,#5980,#5981,#5982,#5983));
#2602=AXIS2_PLACEMENT_3D('',#5984,#5985,#5986);
#2603=EDGE_LOOP('',(#5987,#5988,#5989,#5990));
#2604=AXIS2_PLACEMENT_3D('',#5991,#5992,#5993);
#2605=EDGE_LOOP('',(#5994,#5995,#5996,#5997,#5998,#5999,#6000,#6001,#6002,#6003));
#2606=AXIS2_PLACEMENT_3D('',#6004,#6005,#6006);
#2607=EDGE_LOOP('',(#6007,#6008,#6009,#6010));
#2608=AXIS2_PLACEMENT_3D('',#6011,#6012,#6013);
#2609=EDGE_LOOP('',(#6014,#6015,#6016,#6017));
#2610=AXIS2_PLACEMENT_3D('',#6018,#6019,#6020);
#2611=EDGE_LOOP('',(#6021,#6022,#6023,#6024,#6025,#6026,#6027,#6028));
#2612=AXIS2_PLACEMENT_3D('',#6029,#6030,#6031);
#2613=EDGE_LOOP('',(#6032,#6033,#6034,#6035));
#2614=AXIS2_PLACEMENT_3D('',#6036,#6037,#6038);
#2615=EDGE_LOOP('',(#6039,#6040,#6041,#6042,#6043,#6044,#6045,#6046,#6047,#6048,#6049,#6050));
#2616=AXIS2_PLACEMENT_3D('',#6051,#6052,#6053);
#2617=EDGE_LOOP('',(#6054,#6055,#6056,#6057));
#2618=AXIS2_PLACEMENT_3D('',#6058,#6059,#6060);
#2619=EDGE_LOOP('',(#6061,#6062,#6063,#6064,#6065,#6066,#6067,#6068,#6069,#6070,#6071,#6072));
#2620=AXIS2_PLACEMENT_3D('',#6073,#6074,#6075);
#2621=EDGE_LOOP('',(#6076,#6077,#6078,#6079));
#2622=AXIS2_PLACEMENT_3D('',#6080,#6081,#6082);
#2623=EDGE_LOOP('',(#6083,#6084,#6085,#6086));
#2624=AXIS2_PLACEMENT_3D('',#6087,#6088,#6089);
#2625=EDGE_LOOP('',(#6090,#6091,#6092,#6093));
#2626=AXIS2_PLACEMENT_3D('',#6094,#6095,#6096);
#2627=EDGE_LOOP('',(#6097,#6098,#6099,#6100));
#2628=AXIS2_PLACEMENT_3D('',#6101,#6102,#6103);
#2629=EDGE_LOOP('',(#6104,#6105,#6106,#6107));
#2630=AXIS2_PLACEMENT_3D('',#6108,#6109,#6110);
#2631=EDGE_LOOP('',(#6111,#6112,#6113,#6114));
#2632=AXIS2_PLACEMENT_3D('',#6115,#6116,#6117);
#2633=EDGE_LOOP('',(#6118,#6119,#6120,#6121));
#2634=AXIS2_PLACEMENT_3D('',#6122,#6123,#6124);
#2635=EDGE_LOOP('',(#6125,#6126,#6127,#6128));
#2636=AXIS2_PLACEMENT_3D('',#6129,#6130,#6131);
#2637=EDGE_LOOP('',(#6132,#6133,#6134,#6135));
#2638=AXIS2_PLACEMENT_3D('',#6136,#6137,#6138);
#2639=EDGE_LOOP('',(#6139,#6140,#6141,#6142));
#2640=AXIS2_PLACEMENT_3D('',#6143,#6144,#6145);
#2641=EDGE_LOOP('',(#6146,#6147,#6148,#6149));
#2642=AXIS2_PLACEMENT_3D('',#6150,#6151,#6152);
#2643=EDGE_LOOP('',(#6153,#6154,#6155,#6156));
#2644=AXIS2_PLACEMENT_3D('',#6157,#6158,#6159);
#2645=EDGE_LOOP('',(#6160,#6161,#6162,#6163));
#2646=AXIS2_PLACEMENT_3D('',#6164,#6165,#6166);
#2647=EDGE_LOOP('',(#6167,#6168,#6169,#6170));
#2648=AXIS2_PLACEMENT_3D('',#6171,#6172,#6173);
#2649=EDGE_LOOP('',(#6174,#6175,#6176,#6177,#6178,#6179,#6180,#6181,#6182,#6183,#6184,#6185));
#2650=AXIS2_PLACEMENT_3D('',#6186,#6187,#6188);
#2651=EDGE_LOOP('',(#6189,#6190,#6191,#6192));
#2652=AXIS2_PLACEMENT_3D('',#6193,#6194,#6195);
#2653=EDGE_LOOP('',(#6196,#6197,#6198,#6199,#6200,#6201,#6202,#6203,#6204,#6205,#6206,#6207));
#2654=AXIS2_PLACEMENT_3D('',#6208,#6209,#6210);
#2655=EDGE_LOOP('',(#6211,#6212,#6213,#6214));
#2656=AXIS2_PLACEMENT_3D('',#6215,#6216,#6217);
#2657=EDGE_LOOP('',(#6218,#6219,#6220,#6221,#6222,#6223,#6224,#6225,#6226,#6227,#6228,#6229,#6230,#6231,#6232,#6233,#6234,#6235,#6236,#6237,#6238));
#2658=AXIS2_PLACEMENT_3D('',#6239,#6240,#6241);
#2659=EDGE_LOOP('',(#6242,#6243,#6244,#6245));
#2660=AXIS2_PLACEMENT_3D('',#6246,#6247,#6248);
#2661=EDGE_LOOP('',(#6249,#6250,#6251,#6252,#6253,#6254,#6255,#6256,#6257,#6258));
#2662=AXIS2_PLACEMENT_3D('',#6259,#6260,#6261);
#2663=EDGE_LOOP('',(#6262,#6263,#6264,#6265));
#2664=AXIS2_PLACEMENT_3D('',#6266,#6267,#6268);
#2665=EDGE_LOOP('',(#6269,#6270,#6271,#6272,#6273,#6274,#6275,#6276,#6277,#6278,#6279,#6280));
#2666=AXIS2_PLACEMENT_3D('',#6281,#6282,#6283);
#2667=EDGE_LOOP('',(#6284,#6285,#6286,#6287));
#2668=AXIS2_PLACEMENT_3D('',#6288,#6289,#6290);
#2669=EDGE_LOOP('',(#6291,#6292,#6293,#6294,#6295,#6296,#6297,#6298));
#2670=AXIS2_PLACEMENT_3D('',#6299,#6300,#6301);
#2671=EDGE_LOOP('',(#6302,#6303,#6304,#6305));
#2672=AXIS2_PLACEMENT_3D('',#6306,#6307,#6308);
#2673=EDGE_LOOP('',(#6309,#6310,#6311,#6312));
#2674=AXIS2_PLACEMENT_3D('',#6313,#6314,#6315);
#2675=EDGE_LOOP('',(#6316,#6317,#6318,#6319));
#2676=AXIS2_PLACEMENT_3D('',#6320,#6321,#6322);
#2677=EDGE_LOOP('',(#6323,#6324,#6325,#6326,#6327,#6328,#6329,#6330));
#2678=AXIS2_PLACEMENT_3D('',#6331,#6332,#6333);
#2679=EDGE_LOOP('',(#6334,#6335,#6336,#6337));
#2680=AXIS2_PLACEMENT_3D('',#6338,#6339,#6340);
#2681=EDGE_LOOP('',(#6341,#6342,#6343,#6344));
#2682=AXIS2_PLACEMENT_3D('',#6345,#6346,#6347);
#2683=EDGE_LOOP('',(#6348,#6349,#6350,#6351));
#2684=AXIS2_PLACEMENT_3D('',#6352,#6353,#6354);
#2685=EDGE_LOOP('',(#6355,#6356,#6357,#6358,#6359,#6360,#6361,#6362,#6363,#6364,#6365,#6366));
#2686=AXIS2_PLACEMENT_3D('',#6367,#6368,#6369);
#2687=EDGE_LOOP('',(#6370,#6371,#6372,#6373));
#2688=AXIS2_PLACEMENT_3D('',#6374,#6375,#6376);
#2689=EDGE_LOOP('',(#6377,#6378,#6379,#6380,#6381,#6382,#6383,#6384,#6385,#6386));
#2690=AXIS2_PLACEMENT_3D('',#6387,#6388,#6389);
#2691=EDGE_LOOP('',(#6390,#6391,#6392,#6393));
#2692=AXIS2_PLACEMENT_3D('',#6394,#6395,#6396);
#2693=EDGE_LOOP('',(#6397,#6398,#6399,#6400));
#2694=AXIS2_PLACEMENT_3D('',#6401,#6402,#6403);
#2695=EDGE_LOOP('',(#6404,#6405,#6406,#6407));
#2696=AXIS2_PLACEMENT_3D('',#6408,#6409,#6410);
#2697=EDGE_LOOP('',(#6411,#6412,#6413,#6414));
#2698=AXIS2_PLACEMENT_3D('',#6415,#6416,#6417);
#2699=EDGE_LOOP('',(#6418,#6419,#6420,#6421,#6422,#6423));
#2700=AXIS2_PLACEMENT_3D('',#6424,#6425,#6426);
#2701=EDGE_LOOP('',(#6427,#6428,#6429,#6430));
#2702=AXIS2_PLACEMENT_3D('',#6431,#6432,#6433);
#2703=EDGE_LOOP('',(#6434,#6435,#6436));
#2704=AXIS2_PLACEMENT_3D('',#6437,#6438,#6439);
#2705=EDGE_LOOP('',(#6440,#6441,#6442,#6443,#6444,#6445));
#2706=AXIS2_PLACEMENT_3D('',#6446,#6447,#6448);
#2707=EDGE_LOOP('',(#6449,#6450,#6451,#6452,#6453,#6454,#6455,#6456));
#2708=AXIS2_PLACEMENT_3D('',#6457,#6458,#6459);
#2709=EDGE_LOOP('',(#6460,#6461,#6462,#6463,#6464));
#2710=AXIS2_PLACEMENT_3D('',#6465,#6466,#6467);
#2711=EDGE_LOOP('',(#6468,#6469,#6470,#6471));
#2712=AXIS2_PLACEMENT_3D('',#6472,#6473,#6474);
#2713=EDGE_LOOP('',(#6475,#6476,#6477,#6478,#6479,#6480,#6481,#6482,#6483,#6484,#6485,#6486,#6487,#6488,#6489,#6490));
#2714=AXIS2_PLACEMENT_3D('',#6491,#6492,#6493);
#2715=EDGE_LOOP('',(#6494,#6495,#6496,#6497));
#2716=AXIS2_PLACEMENT_3D('',#6498,#6499,#6500);
#2717=EDGE_LOOP('',(#6501,#6502,#6503,#6504,#6505,#6506,#6507,#6508,#6509,#6510,#6511,#6512,#6513,#6514,#6515,#6516,#6517,#6518,#6519,#6520,#6521,#6522));
#2718=EDGE_LOOP('',(#6523,#6524,#6525,#6526));
#2719=EDGE_LOOP('',(#6527,#6528,#6529,#6530));
#2720=AXIS2_PLACEMENT_3D('',#6531,#6532,#6533);
#2721=EDGE_LOOP('',(#6534,#6535,#6536,#6537));
#2722=AXIS2_PLACEMENT_3D('',#6538,#6539,#6540);
#2723=EDGE_LOOP('',(#6541,#6542,#6543,#6544));
#2724=AXIS2_PLACEMENT_3D('',#6545,#6546,#6547);
#2725=EDGE_LOOP('',(#6548,#6549,#6550,#6551,#6552,#6553,#6554,#6555,#6556,#6557,#6558,#6559,#6560,#6561,#6562,#6563,#6564,#6565,#6566,#6567));
#2726=AXIS2_PLACEMENT_3D('',#6568,#6569,#6570);
#2727=EDGE_LOOP('',(#6571,#6572,#6573,#6574,#6575,#6576,#6577,#6578,#6579,#6580,#6581,#6582,#6583,#6584));
#2728=AXIS2_PLACEMENT_3D('',#6585,#6586,#6587);
#2729=EDGE_LOOP('',(#6588,#6589,#6590,#6591));
#2730=AXIS2_PLACEMENT_3D('',#6592,#6593,#6594);
#2731=EDGE_LOOP('',(#6595,#6596,#6597,#6598,#6599,#6600));
#2732=AXIS2_PLACEMENT_3D('',#6601,#6602,#6603);
#2733=EDGE_LOOP('',(#6604,#6605,#6606,#6607));
#2734=AXIS2_PLACEMENT_3D('',#6608,#6609,#6610);
#2735=EDGE_LOOP('',(#6611,#6612,#6613,#6614,#6615,#6616,#6617,#6618,#6619,#6620,#6621,#6622,#6623,#6624));
#2736=AXIS2_PLACEMENT_3D('',#6625,#6626,#6627);
#2737=EDGE_LOOP('',(#6628,#6629,#6630,#6631));
#2738=AXIS2_PLACEMENT_3D('',#6632,#6633,#6634);
#2739=EDGE_LOOP('',(#6635,#6636,#6637,#6638,#6639,#6640));
#2740=AXIS2_PLACEMENT_3D('',#6641,#6642,#6643);
#2741=EDGE_LOOP('',(#6644,#6645,#6646,#6647));
#2742=AXIS2_PLACEMENT_3D('',#6648,#6649,#6650);
#2743=EDGE_LOOP('',(#6651,#6652,#6653,#6654));
#2744=AXIS2_PLACEMENT_3D('',#6655,#6656,#6657);
#2745=EDGE_LOOP('',(#6658,#6659,#6660,#6661));
#2746=AXIS2_PLACEMENT_3D('',#6662,#6663,#6664);
#2747=EDGE_LOOP('',(#6665,#6666,#6667,#6668));
#2748=AXIS2_PLACEMENT_3D('',#6669,#6670,#6671);
#2749=EDGE_LOOP('',(#6672,#6673,#6674,#6675));
#2750=AXIS2_PLACEMENT_3D('',#6676,#6677,#6678);
#2751=EDGE_LOOP('',(#6679,#6680,#6681,#6682));
#2752=AXIS2_PLACEMENT_3D('',#6683,#6684,#6685);
#2753=EDGE_LOOP('',(#6686,#6687,#6688,#6689,#6690,#6691,#6692,#6693,#6694,#6695,#6696,#6697,#6698,#6699,#6700));
#2754=EDGE_LOOP('',(#6701,#6702,#6703,#6704));
#2755=EDGE_LOOP('',(#6705,#6706,#6707,#6708));
#2756=EDGE_LOOP('',(#6709,#6710,#6711,#6712));
#2757=EDGE_LOOP('',(#6713,#6714,#6715,#6716));
#2758=EDGE_LOOP('',(#6717,#6718,#6719,#6720));
#2759=EDGE_LOOP('',(#6721,#6722,#6723,#6724));
#2760=EDGE_LOOP('',(#6725,#6726,#6727,#6728));
#2761=EDGE_LOOP('',(#6729,#6730,#6731,#6732));
#2762=EDGE_LOOP('',(#6733,#6734,#6735,#6736));
#2763=EDGE_LOOP('',(#6737,#6738,#6739,#6740));
#2764=EDGE_LOOP('',(#6741,#6742,#6743,#6744));
#2765=EDGE_LOOP('',(#6745,#6746,#6747,#6748));
#2766=EDGE_LOOP('',(#6749,#6750,#6751,#6752));
#2767=EDGE_LOOP('',(#6753,#6754,#6755,#6756));
#2768=EDGE_LOOP('',(#6757,#6758,#6759,#6760));
#2769=EDGE_LOOP('',(#6761,#6762,#6763,#6764));
#2770=AXIS2_PLACEMENT_3D('',#6765,#6766,#6767);
#2771=EDGE_LOOP('',(#6768,#6769,#6770,#6771,#6772));
#2772=AXIS2_PLACEMENT_3D('',#6773,#6774,#6775);
#2773=EDGE_LOOP('',(#6776,#6777,#6778,#6779));
#2774=AXIS2_PLACEMENT_3D('',#6780,#6781,#6782);
#2775=EDGE_LOOP('',(#6783,#6784,#6785,#6786,#6787,#6788,#6789,#6790,#6791,#6792,#6793));
#2776=AXIS2_PLACEMENT_3D('',#6794,#6795,#6796);
#2777=EDGE_LOOP('',(#6797,#6798,#6799,#6800));
#2778=AXIS2_PLACEMENT_3D('',#6801,#6802,#6803);
#2779=EDGE_LOOP('',(#6804,#6805,#6806,#6807));
#2780=AXIS2_PLACEMENT_3D('',#6808,#6809,#6810);
#2781=EDGE_LOOP('',(#6811,#6812,#6813,#6814,#6815));
#2782=AXIS2_PLACEMENT_3D('',#6816,#6817,#6818);
#2783=EDGE_LOOP('',(#6819,#6820,#6821,#6822));
#2784=AXIS2_PLACEMENT_3D('',#6823,#6824,#6825);
#2785=EDGE_LOOP('',(#6826,#6827,#6828,#6829));
#2786=AXIS2_PLACEMENT_3D('',#6830,#6831,#6832);
#2787=EDGE_LOOP('',(#6833,#6834,#6835,#6836,#6837));
#2788=AXIS2_PLACEMENT_3D('',#6838,#6839,#6840);
#2789=EDGE_LOOP('',(#6841,#6842,#6843,#6844,#6845));
#2790=AXIS2_PLACEMENT_3D('',#6846,#6847,#6848);
#2791=EDGE_LOOP('',(#6849,#6850,#6851,#6852));
#2792=AXIS2_PLACEMENT_3D('',#6853,#6854,#6855);
#2793=EDGE_LOOP('',(#6856,#6857,#6858));
#2794=AXIS2_PLACEMENT_3D('',#6859,#6860,#6861);
#2795=EDGE_LOOP('',(#6862,#6863,#6864,#6865));
#2796=AXIS2_PLACEMENT_3D('',#6866,#6867,#6868);
#2797=EDGE_LOOP('',(#6869,#6870,#6871,#6872));
#2798=AXIS2_PLACEMENT_3D('',#6873,#6874,#6875);
#2799=EDGE_LOOP('',(#6876,#6877,#6878,#6879));
#2800=AXIS2_PLACEMENT_3D('',#6880,#6881,#6882);
#2801=EDGE_LOOP('',(#6883,#6884,#6885,#6886));
#2802=AXIS2_PLACEMENT_3D('',#6887,#6888,#6889);
#2803=EDGE_LOOP('',(#6890,#6891,#6892,#6893));
#2804=AXIS2_PLACEMENT_3D('',#6894,#6895,#6896);
#2805=EDGE_LOOP('',(#6897,#6898,#6899,#6900,#6901));
#2806=AXIS2_PLACEMENT_3D('',#6902,#6903,#6904);
#2807=EDGE_LOOP('',(#6905,#6906,#6907,#6908));
#2808=AXIS2_PLACEMENT_3D('',#6909,#6910,#6911);
#2809=EDGE_LOOP('',(#6912,#6913,#6914,#6915,#6916));
#2810=AXIS2_PLACEMENT_3D('',#6917,#6918,#6919);
#2811=EDGE_LOOP('',(#6920,#6921,#6922,#6923,#6924));
#2812=AXIS2_PLACEMENT_3D('',#6925,#6926,#6927);
#2813=EDGE_LOOP('',(#6928,#6929,#6930,#6931));
#2814=AXIS2_PLACEMENT_3D('',#6932,#6933,#6934);
#2815=EDGE_LOOP('',(#6935,#6936,#6937,#6938,#6939));
#2816=AXIS2_PLACEMENT_3D('',#6940,#6941,#6942);
#2817=EDGE_LOOP('',(#6943,#6944,#6945,#6946));
#2818=AXIS2_PLACEMENT_3D('',#6947,#6948,#6949);
#2819=EDGE_LOOP('',(#6950,#6951,#6952,#6953));
#2820=AXIS2_PLACEMENT_3D('',#6954,#6955,#6956);
#2821=EDGE_LOOP('',(#6957,#6958,#6959,#6960));
#2822=AXIS2_PLACEMENT_3D('',#6961,#6962,#6963);
#2823=EDGE_LOOP('',(#6964,#6965,#6966,#6967));
#2824=AXIS2_PLACEMENT_3D('',#6968,#6969,#6970);
#2825=EDGE_LOOP('',(#6971,#6972,#6973,#6974));
#2826=AXIS2_PLACEMENT_3D('',#6975,#6976,#6977);
#2827=EDGE_LOOP('',(#6978,#6979,#6980,#6981));
#2828=AXIS2_PLACEMENT_3D('',#6982,#6983,#6984);
#2829=EDGE_LOOP('',(#6985,#6986,#6987,#6988));
#2830=AXIS2_PLACEMENT_3D('',#6989,#6990,#6991);
#2831=EDGE_LOOP('',(#6992,#6993,#6994,#6995));
#2832=AXIS2_PLACEMENT_3D('',#6996,#6997,#6998);
#2833=EDGE_LOOP('',(#6999,#7000,#7001,#7002));
#2834=AXIS2_PLACEMENT_3D('',#7003,#7004,#7005);
#2835=EDGE_LOOP('',(#7006,#7007,#7008,#7009));
#2836=AXIS2_PLACEMENT_3D('',#7010,#7011,#7012);
#2837=EDGE_LOOP('',(#7013,#7014,#7015,#7016));
#2838=AXIS2_PLACEMENT_3D('',#7017,#7018,#7019);
#2839=EDGE_LOOP('',(#7020,#7021,#7022,#7023));
#2840=AXIS2_PLACEMENT_3D('',#7024,#7025,#7026);
#2841=EDGE_LOOP('',(#7027,#7028,#7029,#7030));
#2842=AXIS2_PLACEMENT_3D('',#7031,#7032,#7033);
#2843=EDGE_LOOP('',(#7034,#7035,#7036,#7037));
#2844=AXIS2_PLACEMENT_3D('',#7038,#7039,#7040);
#2845=EDGE_LOOP('',(#7041,#7042,#7043,#7044));
#2846=AXIS2_PLACEMENT_3D('',#7045,#7046,#7047);
#2847=EDGE_LOOP('',(#7048,#7049,#7050,#7051));
#2848=AXIS2_PLACEMENT_3D('',#7052,#7053,#7054);
#2849=EDGE_LOOP('',(#7055,#7056,#7057,#7058));
#2850=AXIS2_PLACEMENT_3D('',#7059,#7060,#7061);
#2851=EDGE_LOOP('',(#7062,#7063,#7064,#7065));
#2852=AXIS2_PLACEMENT_3D('',#7066,#7067,#7068);
#2853=EDGE_LOOP('',(#7069,#7070,#7071,#7072));
#2854=AXIS2_PLACEMENT_3D('',#7073,#7074,#7075);
#2855=EDGE_LOOP('',(#7076,#7077,#7078,#7079));
#2856=AXIS2_PLACEMENT_3D('',#7080,#7081,#7082);
#2857=EDGE_LOOP('',(#7083,#7084,#7085,#7086));
#2858=AXIS2_PLACEMENT_3D('',#7087,#7088,#7089);
#2859=EDGE_LOOP('',(#7090,#7091,#7092,#7093));
#2860=AXIS2_PLACEMENT_3D('',#7094,#7095,#7096);
#2861=EDGE_LOOP('',(#7097,#7098,#7099,#7100));
#2862=AXIS2_PLACEMENT_3D('',#7101,#7102,#7103);
#2863=EDGE_LOOP('',(#7104,#7105,#7106,#7107));
#2864=AXIS2_PLACEMENT_3D('',#7108,#7109,#7110);
#2865=EDGE_LOOP('',(#7111,#7112,#7113,#7114));
#2866=AXIS2_PLACEMENT_3D('',#7115,#7116,#7117);
#2867=EDGE_LOOP('',(#7118,#7119,#7120,#7121));
#2868=AXIS2_PLACEMENT_3D('',#7122,#7123,#7124);
#2869=EDGE_LOOP('',(#7125,#7126,#7127,#7128));
#2870=AXIS2_PLACEMENT_3D('',#7129,#7130,#7131);
#2871=EDGE_LOOP('',(#7132,#7133,#7134,#7135));
#2872=AXIS2_PLACEMENT_3D('',#7136,#7137,#7138);
#2873=EDGE_LOOP('',(#7139,#7140,#7141,#7142));
#2874=AXIS2_PLACEMENT_3D('',#7143,#7144,#7145);
#2875=EDGE_LOOP('',(#7146,#7147,#7148,#7149));
#2876=AXIS2_PLACEMENT_3D('',#7150,#7151,#7152);
#2877=EDGE_LOOP('',(#7153,#7154,#7155,#7156));
#2878=AXIS2_PLACEMENT_3D('',#7157,#7158,#7159);
#2879=EDGE_LOOP('',(#7160,#7161,#7162,#7163));
#2880=AXIS2_PLACEMENT_3D('',#7164,#7165,#7166);
#2881=EDGE_LOOP('',(#7167,#7168,#7169,#7170));
#2882=AXIS2_PLACEMENT_3D('',#7171,#7172,#7173);
#2883=EDGE_LOOP('',(#7174,#7175,#7176,#7177));
#2884=AXIS2_PLACEMENT_3D('',#7178,#7179,#7180);
#2885=EDGE_LOOP('',(#7181,#7182,#7183,#7184));
#2886=AXIS2_PLACEMENT_3D('',#7185,#7186,#7187);
#2887=EDGE_LOOP('',(#7188,#7189,#7190,#7191));
#2888=AXIS2_PLACEMENT_3D('',#7192,#7193,#7194);
#2889=EDGE_LOOP('',(#7195,#7196,#7197,#7198));
#2890=AXIS2_PLACEMENT_3D('',#7199,#7200,#7201);
#2891=EDGE_LOOP('',(#7202,#7203,#7204,#7205));
#2892=AXIS2_PLACEMENT_3D('',#7206,#7207,#7208);
#2893=EDGE_LOOP('',(#7209,#7210,#7211,#7212));
#2894=AXIS2_PLACEMENT_3D('',#7213,#7214,#7215);
#2895=EDGE_LOOP('',(#7216,#7217,#7218,#7219));
#2896=AXIS2_PLACEMENT_3D('',#7220,#7221,#7222);
#2897=EDGE_LOOP('',(#7223,#7224,#7225,#7226));
#2898=AXIS2_PLACEMENT_3D('',#7227,#7228,#7229);
#2899=EDGE_LOOP('',(#7230,#7231,#7232,#7233));
#2900=AXIS2_PLACEMENT_3D('',#7234,#7235,#7236);
#2901=EDGE_LOOP('',(#7237,#7238,#7239,#7240));
#2902=AXIS2_PLACEMENT_3D('',#7241,#7242,#7243);
#2903=EDGE_LOOP('',(#7244,#7245,#7246,#7247));
#2904=AXIS2_PLACEMENT_3D('',#7248,#7249,#7250);
#2905=EDGE_LOOP('',(#7251,#7252,#7253,#7254));
#2906=AXIS2_PLACEMENT_3D('',#7255,#7256,#7257);
#2907=EDGE_LOOP('',(#7258,#7259,#7260,#7261));
#2908=AXIS2_PLACEMENT_3D('',#7262,#7263,#7264);
#2909=EDGE_LOOP('',(#7265,#7266,#7267,#7268));
#2910=AXIS2_PLACEMENT_3D('',#7269,#7270,#7271);
#2911=EDGE_LOOP('',(#7272,#7273,#7274,#7275));
#2912=AXIS2_PLACEMENT_3D('',#7276,#7277,#7278);
#2913=EDGE_LOOP('',(#7279,#7280,#7281,#7282));
#2914=AXIS2_PLACEMENT_3D('',#7283,#7284,#7285);
#2915=EDGE_LOOP('',(#7286,#7287,#7288,#7289));
#2916=AXIS2_PLACEMENT_3D('',#7290,#7291,#7292);
#2917=EDGE_LOOP('',(#7293,#7294,#7295,#7296));
#2918=AXIS2_PLACEMENT_3D('',#7297,#7298,#7299);
#2919=EDGE_LOOP('',(#7300,#7301,#7302,#7303));
#2920=AXIS2_PLACEMENT_3D('',#7304,#7305,#7306);
#2921=EDGE_LOOP('',(#7307,#7308,#7309,#7310));
#2922=AXIS2_PLACEMENT_3D('',#7311,#7312,#7313);
#2923=EDGE_LOOP('',(#7314,#7315,#7316,#7317));
#2924=AXIS2_PLACEMENT_3D('',#7318,#7319,#7320);
#2925=EDGE_LOOP('',(#7321,#7322,#7323,#7324));
#2926=AXIS2_PLACEMENT_3D('',#7325,#7326,#7327);
#2927=EDGE_LOOP('',(#7328,#7329,#7330,#7331));
#2928=AXIS2_PLACEMENT_3D('',#7332,#7333,#7334);
#2929=EDGE_LOOP('',(#7335,#7336,#7337,#7338));
#2930=AXIS2_PLACEMENT_3D('',#7339,#7340,#7341);
#2931=EDGE_LOOP('',(#7342,#7343,#7344,#7345));
#2932=AXIS2_PLACEMENT_3D('',#7346,#7347,#7348);
#2933=EDGE_LOOP('',(#7349,#7350,#7351,#7352));
#2934=AXIS2_PLACEMENT_3D('',#7353,#7354,#7355);
#2935=EDGE_LOOP('',(#7356,#7357,#7358,#7359));
#2936=AXIS2_PLACEMENT_3D('',#7360,#7361,#7362);
#2937=EDGE_LOOP('',(#7363,#7364,#7365,#7366));
#2938=AXIS2_PLACEMENT_3D('',#7367,#7368,#7369);
#2939=EDGE_LOOP('',(#7370,#7371,#7372,#7373));
#2940=AXIS2_PLACEMENT_3D('',#7374,#7375,#7376);
#2941=EDGE_LOOP('',(#7377,#7378,#7379,#7380));
#2942=AXIS2_PLACEMENT_3D('',#7381,#7382,#7383);
#2943=EDGE_LOOP('',(#7384,#7385,#7386,#7387));
#2944=AXIS2_PLACEMENT_3D('',#7388,#7389,#7390);
#2945=EDGE_LOOP('',(#7391,#7392,#7393,#7394));
#2946=AXIS2_PLACEMENT_3D('',#7395,#7396,#7397);
#2947=EDGE_LOOP('',(#7398,#7399,#7400,#7401));
#2948=AXIS2_PLACEMENT_3D('',#7402,#7403,#7404);
#2949=EDGE_LOOP('',(#7405,#7406,#7407,#7408));
#2950=AXIS2_PLACEMENT_3D('',#7409,#7410,#7411);
#2951=EDGE_LOOP('',(#7412,#7413,#7414,#7415));
#2952=AXIS2_PLACEMENT_3D('',#7416,#7417,#7418);
#2953=EDGE_LOOP('',(#7419,#7420,#7421,#7422));
#2954=AXIS2_PLACEMENT_3D('',#7423,#7424,#7425);
#2955=EDGE_LOOP('',(#7426,#7427,#7428,#7429));
#2956=AXIS2_PLACEMENT_3D('',#7430,#7431,#7432);
#2957=EDGE_LOOP('',(#7433,#7434,#7435,#7436));
#2958=AXIS2_PLACEMENT_3D('',#7437,#7438,#7439);
#2959=EDGE_LOOP('',(#7440,#7441,#7442,#7443));
#2960=AXIS2_PLACEMENT_3D('',#7444,#7445,#7446);
#2961=EDGE_LOOP('',(#7447,#7448,#7449,#7450));
#2962=AXIS2_PLACEMENT_3D('',#7451,#7452,#7453);
#2963=EDGE_LOOP('',(#7454,#7455,#7456,#7457));
#2964=AXIS2_PLACEMENT_3D('',#7458,#7459,#7460);
#2965=EDGE_LOOP('',(#7461,#7462,#7463,#7464));
#2966=AXIS2_PLACEMENT_3D('',#7465,#7466,#7467);
#2967=EDGE_LOOP('',(#7468,#7469,#7470,#7471));
#2968=AXIS2_PLACEMENT_3D('',#7472,#7473,#7474);
#2969=EDGE_LOOP('',(#7475,#7476,#7477,#7478));
#2970=AXIS2_PLACEMENT_3D('',#7479,#7480,#7481);
#2971=EDGE_LOOP('',(#7482,#7483,#7484,#7485));
#2972=AXIS2_PLACEMENT_3D('',#7486,#7487,#7488);
#2973=EDGE_LOOP('',(#7489,#7490,#7491,#7492));
#2974=AXIS2_PLACEMENT_3D('',#7493,#7494,#7495);
#2975=EDGE_LOOP('',(#7496,#7497,#7498,#7499));
#2976=AXIS2_PLACEMENT_3D('',#7500,#7501,#7502);
#2977=EDGE_LOOP('',(#7503,#7504,#7505,#7506));
#2978=AXIS2_PLACEMENT_3D('',#7507,#7508,#7509);
#2979=EDGE_LOOP('',(#7510,#7511,#7512,#7513));
#2980=AXIS2_PLACEMENT_3D('',#7514,#7515,#7516);
#2981=EDGE_LOOP('',(#7517,#7518,#7519,#7520));
#2982=AXIS2_PLACEMENT_3D('',#7521,#7522,#7523);
#2983=EDGE_LOOP('',(#7524,#7525,#7526,#7527));
#2984=AXIS2_PLACEMENT_3D('',#7528,#7529,#7530);
#2985=EDGE_LOOP('',(#7531,#7532,#7533,#7534));
#2986=AXIS2_PLACEMENT_3D('',#7535,#7536,#7537);
#2987=EDGE_LOOP('',(#7538,#7539,#7540,#7541,#7542));
#2988=AXIS2_PLACEMENT_3D('',#7543,#7544,#7545);
#2989=EDGE_LOOP('',(#7546,#7547,#7548,#7549));
#2990=AXIS2_PLACEMENT_3D('',#7550,#7551,#7552);
#2991=EDGE_LOOP('',(#7553,#7554,#7555,#7556));
#2992=AXIS2_PLACEMENT_3D('',#7557,#7558,#7559);
#2993=EDGE_LOOP('',(#7560,#7561,#7562,#7563,#7564,#7565,#7566,#7567,#7568,#7569,#7570,#7571,#7572,#7573,#7574,#7575));
#2994=AXIS2_PLACEMENT_3D('',#7576,#7577,#7578);
#2995=EDGE_LOOP('',(#7579,#7580,#7581,#7582,#7583));
#2996=AXIS2_PLACEMENT_3D('',#7584,#7585,#7586);
#2997=EDGE_LOOP('',(#7587,#7588,#7589,#7590,#7591,#7592,#7593,#7594,#7595,#7596));
#2998=AXIS2_PLACEMENT_3D('',#7597,#7598,#7599);
#2999=EDGE_LOOP('',(#7600,#7601,#7602,#7603,#7604,#7605,#7606,#7607,#7608,#7609));
#3000=AXIS2_PLACEMENT_3D('',#7610,#7611,#7612);
#3001=EDGE_LOOP('',(#7613,#7614,#7615,#7616));
#3002=AXIS2_PLACEMENT_3D('',#7617,#7618,#7619);
#3003=EDGE_LOOP('',(#7620,#7621,#7622,#7623,#7624,#7625));
#3004=AXIS2_PLACEMENT_3D('',#7626,#7627,#7628);
#3005=EDGE_LOOP('',(#7629,#7630,#7631,#7632));
#3006=AXIS2_PLACEMENT_3D('',#7633,#7634,#7635);
#3007=EDGE_LOOP('',(#7636,#7637,#7638,#7639,#7640,#7641));
#3008=AXIS2_PLACEMENT_3D('',#7642,#7643,#7644);
#3009=EDGE_LOOP('',(#7645,#7646,#7647,#7648));
#3010=AXIS2_PLACEMENT_3D('',#7649,#7650,#7651);
#3011=EDGE_LOOP('',(#7652,#7653,#7654,#7655));
#3012=AXIS2_PLACEMENT_3D('',#7656,#7657,#7658);
#3013=EDGE_LOOP('',(#7659,#7660,#7661,#7662,#7663,#7664));
#3014=AXIS2_PLACEMENT_3D('',#7665,#7666,#7667);
#3015=EDGE_LOOP('',(#7668,#7669,#7670,#7671));
#3016=AXIS2_PLACEMENT_3D('',#7672,#7673,#7674);
#3017=EDGE_LOOP('',(#7675,#7676,#7677,#7678));
#3018=AXIS2_PLACEMENT_3D('',#7679,#7680,#7681);
#3019=EDGE_LOOP('',(#7682,#7683,#7684,#7685));
#3020=AXIS2_PLACEMENT_3D('',#7686,#7687,#7688);
#3021=EDGE_LOOP('',(#7689,#7690,#7691,#7692));
#3022=AXIS2_PLACEMENT_3D('',#7693,#7694,#7695);
#3023=EDGE_LOOP('',(#7696,#7697,#7698,#7699,#7700,#7701));
#3024=AXIS2_PLACEMENT_3D('',#7702,#7703,#7704);
#3025=EDGE_LOOP('',(#7705,#7706,#7707,#7708));
#3026=AXIS2_PLACEMENT_3D('',#7709,#7710,#7711);
#3027=EDGE_LOOP('',(#7712,#7713,#7714,#7715,#7716,#7717));
#3028=AXIS2_PLACEMENT_3D('',#7718,#7719,#7720);
#3029=EDGE_LOOP('',(#7721,#7722,#7723,#7724));
#3030=AXIS2_PLACEMENT_3D('',#7725,#7726,#7727);
#3031=EDGE_LOOP('',(#7728,#7729,#7730,#7731));
#3032=AXIS2_PLACEMENT_3D('',#7732,#7733,#7734);
#3033=EDGE_LOOP('',(#7735,#7736,#7737,#7738));
#3034=AXIS2_PLACEMENT_3D('',#7739,#7740,#7741);
#3035=EDGE_LOOP('',(#7742,#7743,#7744,#7745));
#3036=AXIS2_PLACEMENT_3D('',#7746,#7747,#7748);
#3037=EDGE_LOOP('',(#7749,#7750,#7751,#7752,#7753,#7754));
#3038=AXIS2_PLACEMENT_3D('',#7755,#7756,#7757);
#3039=EDGE_LOOP('',(#7758,#7759,#7760,#7761));
#3040=AXIS2_PLACEMENT_3D('',#7762,#7763,#7764);
#3041=EDGE_LOOP('',(#7765,#7766,#7767,#7768));
#3042=AXIS2_PLACEMENT_3D('',#7769,#7770,#7771);
#3043=EDGE_LOOP('',(#7772,#7773,#7774,#7775));
#3044=AXIS2_PLACEMENT_3D('',#7776,#7777,#7778);
#3045=EDGE_LOOP('',(#7779,#7780,#7781,#7782));
#3046=AXIS2_PLACEMENT_3D('',#7783,#7784,#7785);
#3047=EDGE_LOOP('',(#7786,#7787,#7788,#7789));
#3048=AXIS2_PLACEMENT_3D('',#7790,#7791,#7792);
#3049=EDGE_LOOP('',(#7793,#7794,#7795,#7796,#7797));
#3050=AXIS2_PLACEMENT_3D('',#7798,#7799,#7800);
#3051=EDGE_LOOP('',(#7801,#7802,#7803,#7804));
#3052=AXIS2_PLACEMENT_3D('',#7805,#7806,#7807);
#3053=EDGE_LOOP('',(#7808,#7809,#7810,#7811));
#3054=AXIS2_PLACEMENT_3D('',#7812,#7813,#7814);
#3055=EDGE_LOOP('',(#7815,#7816,#7817,#7818));
#3056=AXIS2_PLACEMENT_3D('',#7819,#7820,#7821);
#3057=EDGE_LOOP('',(#7822,#7823,#7824,#7825));
#3058=AXIS2_PLACEMENT_3D('',#7826,#7827,#7828);
#3059=EDGE_LOOP('',(#7829,#7830,#7831,#7832));
#3060=AXIS2_PLACEMENT_3D('',#7833,#7834,#7835);
#3061=EDGE_LOOP('',(#7836,#7837,#7838,#7839));
#3062=AXIS2_PLACEMENT_3D('',#7840,#7841,#7842);
#3063=EDGE_LOOP('',(#7843,#7844,#7845,#7846));
#3064=AXIS2_PLACEMENT_3D('',#7847,#7848,#7849);
#3065=EDGE_LOOP('',(#7850,#7851,#7852,#7853));
#3066=AXIS2_PLACEMENT_3D('',#7854,#7855,#7856);
#3067=EDGE_LOOP('',(#7857,#7858,#7859,#7860));
#3068=AXIS2_PLACEMENT_3D('',#7861,#7862,#7863);
#3069=EDGE_LOOP('',(#7864,#7865,#7866,#7867));
#3070=AXIS2_PLACEMENT_3D('',#7868,#7869,#7870);
#3071=EDGE_LOOP('',(#7871,#7872,#7873,#7874));
#3072=AXIS2_PLACEMENT_3D('',#7875,#7876,#7877);
#3073=EDGE_LOOP('',(#7878,#7879,#7880,#7881));
#3074=AXIS2_PLACEMENT_3D('',#7882,#7883,#7884);
#3075=EDGE_LOOP('',(#7885,#7886,#7887,#7888));
#3076=AXIS2_PLACEMENT_3D('',#7889,#7890,#7891);
#3077=EDGE_LOOP('',(#7892,#7893,#7894,#7895));
#3078=AXIS2_PLACEMENT_3D('',#7896,#7897,#7898);
#3079=EDGE_LOOP('',(#7899,#7900,#7901,#7902));
#3080=AXIS2_PLACEMENT_3D('',#7903,#7904,#7905);
#3081=EDGE_LOOP('',(#7906,#7907,#7908,#7909,#7910,#7911));
#3082=AXIS2_PLACEMENT_3D('',#7912,#7913,#7914);
#3083=EDGE_LOOP('',(#7915,#7916,#7917,#7918));
#3084=AXIS2_PLACEMENT_3D('',#7919,#7920,#7921);
#3085=EDGE_LOOP('',(#7922,#7923,#7924,#7925));
#3086=AXIS2_PLACEMENT_3D('',#7926,#7927,#7928);
#3087=EDGE_LOOP('',(#7929,#7930,#7931,#7932,#7933));
#3088=AXIS2_PLACEMENT_3D('',#7934,#7935,#7936);
#3089=EDGE_LOOP('',(#7937,#7938,#7939,#7940));
#3090=AXIS2_PLACEMENT_3D('',#7941,#7942,#7943);
#3091=EDGE_LOOP('',(#7944,#7945,#7946,#7947));
#3092=AXIS2_PLACEMENT_3D('',#7948,#7949,#7950);
#3093=EDGE_LOOP('',(#7951,#7952,#7953,#7954));
#3094=AXIS2_PLACEMENT_3D('',#7955,#7956,#7957);
#3095=EDGE_LOOP('',(#7958,#7959,#7960,#7961,#7962));
#3096=AXIS2_PLACEMENT_3D('',#7963,#7964,#7965);
#3097=EDGE_LOOP('',(#7966,#7967,#7968,#7969));
#3098=AXIS2_PLACEMENT_3D('',#7970,#7971,#7972);
#3099=EDGE_LOOP('',(#7973,#7974,#7975,#7976));
#3100=AXIS2_PLACEMENT_3D('',#7977,#7978,#7979);
#3101=EDGE_LOOP('',(#7980,#7981,#7982,#7983));
#3102=AXIS2_PLACEMENT_3D('',#7984,#7985,#7986);
#3103=EDGE_LOOP('',(#7987,#7988,#7989,#7990));
#3104=AXIS2_PLACEMENT_3D('',#7991,#7992,#7993);
#3105=EDGE_LOOP('',(#7994,#7995,#7996,#7997));
#3106=AXIS2_PLACEMENT_3D('',#7998,#7999,#8000);
#3107=EDGE_LOOP('',(#8001,#8002,#8003,#8004));
#3108=AXIS2_PLACEMENT_3D('',#8005,#8006,#8007);
#3109=EDGE_LOOP('',(#8008,#8009,#8010,#8011));
#3110=AXIS2_PLACEMENT_3D('',#8012,#8013,#8014);
#3111=EDGE_LOOP('',(#8015,#8016,#8017,#8018));
#3112=AXIS2_PLACEMENT_3D('',#8019,#8020,#8021);
#3113=EDGE_LOOP('',(#8022,#8023,#8024,#8025));
#3114=AXIS2_PLACEMENT_3D('',#8026,#8027,#8028);
#3115=EDGE_LOOP('',(#8029,#8030,#8031,#8032));
#3116=AXIS2_PLACEMENT_3D('',#8033,#8034,#8035);
#3117=EDGE_LOOP('',(#8036,#8037,#8038,#8039));
#3118=AXIS2_PLACEMENT_3D('',#8040,#8041,#8042);
#3119=EDGE_LOOP('',(#8043,#8044,#8045,#8046));
#3120=AXIS2_PLACEMENT_3D('',#8047,#8048,#8049);
#3121=EDGE_LOOP('',(#8050,#8051,#8052,#8053));
#3122=AXIS2_PLACEMENT_3D('',#8054,#8055,#8056);
#3123=EDGE_LOOP('',(#8057,#8058,#8059,#8060));
#3124=AXIS2_PLACEMENT_3D('',#8061,#8062,#8063);
#3125=EDGE_LOOP('',(#8064,#8065,#8066,#8067));
#3126=AXIS2_PLACEMENT_3D('',#8068,#8069,#8070);
#3127=EDGE_LOOP('',(#8071,#8072,#8073,#8074));
#3128=AXIS2_PLACEMENT_3D('',#8075,#8076,#8077);
#3129=EDGE_LOOP('',(#8078,#8079,#8080,#8081));
#3130=AXIS2_PLACEMENT_3D('',#8082,#8083,#8084);
#3131=EDGE_LOOP('',(#8085,#8086,#8087,#8088));
#3132=AXIS2_PLACEMENT_3D('',#8089,#8090,#8091);
#3133=EDGE_LOOP('',(#8092,#8093,#8094,#8095));
#3134=AXIS2_PLACEMENT_3D('',#8096,#8097,#8098);
#3135=EDGE_LOOP('',(#8099,#8100,#8101,#8102));
#3136=AXIS2_PLACEMENT_3D('',#8103,#8104,#8105);
#3137=EDGE_LOOP('',(#8106,#8107,#8108,#8109));
#3138=AXIS2_PLACEMENT_3D('',#8110,#8111,#8112);
#3139=EDGE_LOOP('',(#8113,#8114,#8115,#8116));
#3140=AXIS2_PLACEMENT_3D('',#8117,#8118,#8119);
#3141=EDGE_LOOP('',(#8120,#8121,#8122,#8123));
#3142=AXIS2_PLACEMENT_3D('',#8124,#8125,#8126);
#3143=EDGE_LOOP('',(#8127,#8128,#8129,#8130));
#3144=AXIS2_PLACEMENT_3D('',#8131,#8132,#8133);
#3145=EDGE_LOOP('',(#8134,#8135,#8136,#8137));
#3146=AXIS2_PLACEMENT_3D('',#8138,#8139,#8140);
#3147=EDGE_LOOP('',(#8141,#8142,#8143,#8144));
#3148=AXIS2_PLACEMENT_3D('',#8145,#8146,#8147);
#3149=EDGE_LOOP('',(#8148,#8149,#8150,#8151));
#3150=AXIS2_PLACEMENT_3D('',#8152,#8153,#8154);
#3151=EDGE_LOOP('',(#8155,#8156,#8157,#8158));
#3152=AXIS2_PLACEMENT_3D('',#8159,#8160,#8161);
#3153=EDGE_LOOP('',(#8162,#8163,#8164,#8165));
#3154=AXIS2_PLACEMENT_3D('',#8166,#8167,#8168);
#3155=EDGE_LOOP('',(#8169,#8170,#8171,#8172));
#3156=AXIS2_PLACEMENT_3D('',#8173,#8174,#8175);
#3157=EDGE_LOOP('',(#8176,#8177,#8178,#8179));
#3158=AXIS2_PLACEMENT_3D('',#8180,#8181,#8182);
#3159=EDGE_LOOP('',(#8183,#8184,#8185,#8186));
#3160=AXIS2_PLACEMENT_3D('',#8187,#8188,#8189);
#3161=EDGE_LOOP('',(#8190,#8191,#8192,#8193));
#3162=AXIS2_PLACEMENT_3D('',#8194,#8195,#8196);
#3163=EDGE_LOOP('',(#8197,#8198,#8199,#8200));
#3164=AXIS2_PLACEMENT_3D('',#8201,#8202,#8203);
#3165=EDGE_LOOP('',(#8204,#8205,#8206,#8207));
#3166=AXIS2_PLACEMENT_3D('',#8208,#8209,#8210);
#3167=EDGE_LOOP('',(#8211,#8212,#8213,#8214));
#3168=AXIS2_PLACEMENT_3D('',#8215,#8216,#8217);
#3169=EDGE_LOOP('',(#8218,#8219,#8220,#8221,#8222,#8223,#8224,#8225,#8226,#8227));
#3170=AXIS2_PLACEMENT_3D('',#8228,#8229,#8230);
#3171=EDGE_LOOP('',(#8231,#8232,#8233,#8234));
#3172=AXIS2_PLACEMENT_3D('',#8235,#8236,#8237);
#3173=EDGE_LOOP('',(#8238,#8239,#8240,#8241,#8242,#8243,#8244,#8245,#8246,#8247,#8248,#8249,#8250));
#3174=AXIS2_PLACEMENT_3D('',#8251,#8252,#8253);
#3175=EDGE_LOOP('',(#8254,#8255,#8256,#8257,#8258,#8259,#8260,#8261,#8262,#8263,#8264,#8265,#8266));
#3176=AXIS2_PLACEMENT_3D('',#8267,#8268,#8269);
#3177=EDGE_LOOP('',(#8270,#8271,#8272,#8273));
#3178=AXIS2_PLACEMENT_3D('',#8274,#8275,#8276);
#3179=EDGE_LOOP('',(#8277,#8278,#8279,#8280));
#3180=AXIS2_PLACEMENT_3D('',#8281,#8282,#8283);
#3181=EDGE_LOOP('',(#8284,#8285,#8286,#8287));
#3182=AXIS2_PLACEMENT_3D('',#8288,#8289,#8290);
#3183=EDGE_LOOP('',(#8291,#8292,#8293,#8294));
#3184=AXIS2_PLACEMENT_3D('',#8295,#8296,#8297);
#3185=EDGE_LOOP('',(#8298,#8299,#8300,#8301));
#3186=AXIS2_PLACEMENT_3D('',#8302,#8303,#8304);
#3187=EDGE_LOOP('',(#8305,#8306,#8307,#8308));
#3188=AXIS2_PLACEMENT_3D('',#8309,#8310,#8311);
#3189=EDGE_LOOP('',(#8312,#8313,#8314,#8315));
#3190=AXIS2_PLACEMENT_3D('',#8316,#8317,#8318);
#3191=EDGE_LOOP('',(#8319,#8320,#8321,#8322));
#3192=AXIS2_PLACEMENT_3D('',#8323,#8324,#8325);
#3193=EDGE_LOOP('',(#8326,#8327,#8328,#8329));
#3194=AXIS2_PLACEMENT_3D('',#8330,#8331,#8332);
#3195=EDGE_LOOP('',(#8333,#8334,#8335,#8336));
#3196=AXIS2_PLACEMENT_3D('',#8337,#8338,#8339);
#3197=EDGE_LOOP('',(#8340,#8341,#8342,#8343));
#3198=AXIS2_PLACEMENT_3D('',#8344,#8345,#8346);
#3199=EDGE_LOOP('',(#8347,#8348,#8349,#8350));
#3200=AXIS2_PLACEMENT_3D('',#8351,#8352,#8353);
#3201=EDGE_LOOP('',(#8354,#8355,#8356,#8357,#8358,#8359,#8360,#8361,#8362,#8363));
#3202=AXIS2_PLACEMENT_3D('',#8364,#8365,#8366);
#3203=EDGE_LOOP('',(#8367,#8368,#8369,#8370));
#3204=AXIS2_PLACEMENT_3D('',#8371,#8372,#8373);
#3205=EDGE_LOOP('',(#8374,#8375,#8376,#8377));
#3206=AXIS2_PLACEMENT_3D('',#8378,#8379,#8380);
#3207=EDGE_LOOP('',(#8381,#8382,#8383,#8384));
#3208=AXIS2_PLACEMENT_3D('',#8385,#8386,#8387);
#3209=EDGE_LOOP('',(#8388,#8389,#8390,#8391));
#3210=AXIS2_PLACEMENT_3D('',#8392,#8393,#8394);
#3211=EDGE_LOOP('',(#8395,#8396,#8397,#8398,#8399));
#3212=AXIS2_PLACEMENT_3D('',#8400,#8401,#8402);
#3213=EDGE_LOOP('',(#8403,#8404,#8405));
#3214=AXIS2_PLACEMENT_3D('',#8406,#8407,#8408);
#3215=EDGE_LOOP('',(#8409,#8410,#8411,#8412,#8413,#8414));
#3216=AXIS2_PLACEMENT_3D('',#8415,#8416,#8417);
#3217=EDGE_LOOP('',(#8418,#8419,#8420));
#3218=AXIS2_PLACEMENT_3D('',#8421,#8422,#8423);
#3219=EDGE_LOOP('',(#8424,#8425,#8426,#8427,#8428));
#3220=AXIS2_PLACEMENT_3D('',#8429,#8430,#8431);
#3221=EDGE_LOOP('',(#8432,#8433,#8434,#8435));
#3222=AXIS2_PLACEMENT_3D('',#8436,#8437,#8438);
#3223=EDGE_LOOP('',(#8439,#8440,#8441,#8442));
#3224=AXIS2_PLACEMENT_3D('',#8443,#8444,#8445);
#3225=EDGE_LOOP('',(#8446,#8447,#8448,#8449,#8450));
#3226=AXIS2_PLACEMENT_3D('',#8451,#8452,#8453);
#3227=EDGE_LOOP('',(#8454,#8455,#8456));
#3228=AXIS2_PLACEMENT_3D('',#8457,#8458,#8459);
#3229=EDGE_LOOP('',(#8460,#8461,#8462,#8463,#8464,#8465));
#3230=AXIS2_PLACEMENT_3D('',#8466,#8467,#8468);
#3231=EDGE_LOOP('',(#8469,#8470,#8471));
#3232=AXIS2_PLACEMENT_3D('',#8472,#8473,#8474);
#3233=EDGE_LOOP('',(#8475,#8476,#8477,#8478,#8479));
#3234=AXIS2_PLACEMENT_3D('',#8480,#8481,#8482);
#3235=EDGE_LOOP('',(#8483,#8484,#8485,#8486));
#3236=AXIS2_PLACEMENT_3D('',#8487,#8488,#8489);
#3237=EDGE_LOOP('',(#8490,#8491,#8492,#8493));
#3238=AXIS2_PLACEMENT_3D('',#8494,#8495,#8496);
#3239=EDGE_LOOP('',(#8497,#8498,#8499,#8500,#8501));
#3240=AXIS2_PLACEMENT_3D('',#8502,#8503,#8504);
#3241=EDGE_LOOP('',(#8505,#8506,#8507));
#3242=AXIS2_PLACEMENT_3D('',#8508,#8509,#8510);
#3243=EDGE_LOOP('',(#8511,#8512,#8513,#8514,#8515,#8516));
#3244=AXIS2_PLACEMENT_3D('',#8517,#8518,#8519);
#3245=EDGE_LOOP('',(#8520,#8521,#8522));
#3246=AXIS2_PLACEMENT_3D('',#8523,#8524,#8525);
#3247=EDGE_LOOP('',(#8526,#8527,#8528,#8529,#8530));
#3248=AXIS2_PLACEMENT_3D('',#8531,#8532,#8533);
#3249=EDGE_LOOP('',(#8534,#8535,#8536,#8537));
#3250=AXIS2_PLACEMENT_3D('',#8538,#8539,#8540);
#3251=EDGE_LOOP('',(#8541,#8542,#8543,#8544));
#3252=AXIS2_PLACEMENT_3D('',#8545,#8546,#8547);
#3253=EDGE_LOOP('',(#8548,#8549,#8550,#8551,#8552));
#3254=AXIS2_PLACEMENT_3D('',#8553,#8554,#8555);
#3255=EDGE_LOOP('',(#8556,#8557,#8558));
#3256=AXIS2_PLACEMENT_3D('',#8559,#8560,#8561);
#3257=EDGE_LOOP('',(#8562,#8563,#8564,#8565,#8566,#8567));
#3258=AXIS2_PLACEMENT_3D('',#8568,#8569,#8570);
#3259=EDGE_LOOP('',(#8571,#8572,#8573));
#3260=AXIS2_PLACEMENT_3D('',#8574,#8575,#8576);
#3261=EDGE_LOOP('',(#8577,#8578,#8579,#8580,#8581));
#3262=AXIS2_PLACEMENT_3D('',#8582,#8583,#8584);
#3263=EDGE_LOOP('',(#8585,#8586,#8587,#8588));
#3264=AXIS2_PLACEMENT_3D('',#8589,#8590,#8591);
#3265=EDGE_LOOP('',(#8592,#8593,#8594,#8595));
#3266=AXIS2_PLACEMENT_3D('',#8596,#8597,#8598);
#3267=EDGE_LOOP('',(#8599,#8600,#8601,#8602,#8603));
#3268=AXIS2_PLACEMENT_3D('',#8604,#8605,#8606);
#3269=EDGE_LOOP('',(#8607,#8608,#8609));
#3270=AXIS2_PLACEMENT_3D('',#8610,#8611,#8612);
#3271=EDGE_LOOP('',(#8613,#8614,#8615,#8616,#8617,#8618));
#3272=AXIS2_PLACEMENT_3D('',#8619,#8620,#8621);
#3273=EDGE_LOOP('',(#8622,#8623,#8624));
#3274=AXIS2_PLACEMENT_3D('',#8625,#8626,#8627);
#3275=EDGE_LOOP('',(#8628,#8629,#8630,#8631,#8632));
#3276=AXIS2_PLACEMENT_3D('',#8633,#8634,#8635);
#3277=EDGE_LOOP('',(#8636,#8637,#8638,#8639));
#3278=AXIS2_PLACEMENT_3D('',#8640,#8641,#8642);
#3279=EDGE_LOOP('',(#8643,#8644,#8645,#8646));
#3280=AXIS2_PLACEMENT_3D('',#8647,#8648,#8649);
#3281=EDGE_LOOP('',(#8650,#8651,#8652,#8653,#8654));
#3282=AXIS2_PLACEMENT_3D('',#8655,#8656,#8657);
#3283=EDGE_LOOP('',(#8658,#8659,#8660));
#3284=AXIS2_PLACEMENT_3D('',#8661,#8662,#8663);
#3285=EDGE_LOOP('',(#8664,#8665,#8666,#8667,#8668,#8669));
#3286=AXIS2_PLACEMENT_3D('',#8670,#8671,#8672);
#3287=EDGE_LOOP('',(#8673,#8674,#8675));
#3288=AXIS2_PLACEMENT_3D('',#8676,#8677,#8678);
#3289=EDGE_LOOP('',(#8679,#8680,#8681,#8682,#8683));
#3290=AXIS2_PLACEMENT_3D('',#8684,#8685,#8686);
#3291=EDGE_LOOP('',(#8687,#8688,#8689,#8690));
#3292=AXIS2_PLACEMENT_3D('',#8691,#8692,#8693);
#3293=EDGE_LOOP('',(#8694,#8695,#8696,#8697));
#3294=AXIS2_PLACEMENT_3D('',#8698,#8699,#8700);
#3295=EDGE_LOOP('',(#8701,#8702,#8703,#8704,#8705));
#3296=AXIS2_PLACEMENT_3D('',#8706,#8707,#8708);
#3297=EDGE_LOOP('',(#8709,#8710,#8711));
#3298=AXIS2_PLACEMENT_3D('',#8712,#8713,#8714);
#3299=EDGE_LOOP('',(#8715,#8716,#8717,#8718,#8719,#8720));
#3300=AXIS2_PLACEMENT_3D('',#8721,#8722,#8723);
#3301=EDGE_LOOP('',(#8724,#8725,#8726,#8727,#8728,#8729));
#3302=AXIS2_PLACEMENT_3D('',#8730,#8731,#8732);
#3303=EDGE_LOOP('',(#8733,#8734,#8735,#8736));
#3304=AXIS2_PLACEMENT_3D('',#8737,#8738,#8739);
#3305=ORIENTED_EDGE('',*,*,#8740,.F.);
#3306=ORIENTED_EDGE('',*,*,#8741,.F.);
#3307=ORIENTED_EDGE('',*,*,#8742,.F.);
#3308=ORIENTED_EDGE('',*,*,#8743,.F.);
#3309=CARTESIAN_POINT('',(-3.34510558025344,0.00430069068360648,-1.650554152655));
#3310=DIRECTION('',(0.0,1.0,-0.0));
#3311=DIRECTION('',(0.999999768712327,0.0,0.000680128879097895));
#3312=ORIENTED_EDGE('',*,*,#8744,.T.);
#3313=ORIENTED_EDGE('',*,*,#8745,.T.);
#3314=ORIENTED_EDGE('',*,*,#8746,.F.);
#3315=CARTESIAN_POINT('',(-1.10960534824101,1.12908638623942,-6.3548754323667));
#3316=DIRECTION('',(0.000164267452382211,-0.000351294012540343,-0.999999924804358));
#3317=DIRECTION('',(-3.78224037445215E-10,-0.999999938296255,0.000351294017217836));
#3318=ORIENTED_EDGE('',*,*,#8747,.F.);
#3319=ORIENTED_EDGE('',*,*,#8748,.F.);
#3320=ORIENTED_EDGE('',*,*,#8749,.F.);
#3321=ORIENTED_EDGE('',*,*,#8750,.T.);
#3322=ORIENTED_EDGE('',*,*,#8751,.T.);
#3323=CARTESIAN_POINT('',(0.52488383569556,-1.27219306822927,-5.124999999998));
#3324=DIRECTION('',(0.0,1.0,-0.0));
#3325=DIRECTION('',(-1.0,0.0,0.0));
#3326=ORIENTED_EDGE('',*,*,#8752,.F.);
#3327=ORIENTED_EDGE('',*,*,#8753,.F.);
#3328=ORIENTED_EDGE('',*,*,#8754,.T.);
#3329=ORIENTED_EDGE('',*,*,#8755,.T.);
#3330=CARTESIAN_POINT('',(-3.19011616430511,0.299300690888099,-6.42499876808921));
#3331=DIRECTION('',(1.08995025566161E-06,-1.0899502556772E-06,-0.999999999998812));
#3332=DIRECTION('',(-5.93969318191458E-13,-0.999999999999406,1.0899502556772E-06));
#3333=ORIENTED_EDGE('',*,*,#8756,.F.);
#3334=ORIENTED_EDGE('',*,*,#8757,.F.);
#3335=ORIENTED_EDGE('',*,*,#8758,.F.);
#3336=CARTESIAN_POINT('',(3.18988383569556,-0.300699309112272,-5.26999999999801));
#3337=DIRECTION('',(0.0,-2.33946194696624E-17,-1.0));
#3338=DIRECTION('',(0.0,-1.0,2.33946194696624E-17));
#3339=ORIENTED_EDGE('',*,*,#8759,.T.);
#3340=ORIENTED_EDGE('',*,*,#8760,.T.);
#3341=ORIENTED_EDGE('',*,*,#8761,.T.);
#3342=ORIENTED_EDGE('',*,*,#8762,.F.);
#3343=CARTESIAN_POINT('',(3.04488383569256,-0.140699309112472,-14.777859999998));
#3344=DIRECTION('',(0.0,-0.0,-1.0));
#3345=DIRECTION('',(0.0,-1.0,0.0));
#3346=ORIENTED_EDGE('',*,*,#8763,.F.);
#3347=ORIENTED_EDGE('',*,*,#8759,.F.);
#3348=ORIENTED_EDGE('',*,*,#8764,.F.);
#3349=ORIENTED_EDGE('',*,*,#8765,.T.);
#3350=ORIENTED_EDGE('',*,*,#8766,.F.);
#3351=CARTESIAN_POINT('',(3.18988383569556,-0.300699309112272,-5.26999999999801));
#3352=DIRECTION('',(0.0,-2.33946194696624E-17,-1.0));
#3353=DIRECTION('',(0.0,-1.0,2.33946194696624E-17));
#3354=ORIENTED_EDGE('',*,*,#8756,.T.);
#3355=ORIENTED_EDGE('',*,*,#8767,.F.);
#3356=ORIENTED_EDGE('',*,*,#8768,.F.);
#3357=CARTESIAN_POINT('',(3.18988383569556,-0.300699309112272,-5.26999999999801));
#3358=DIRECTION('',(0.0,-2.33946194696624E-17,-1.0));
#3359=DIRECTION('',(0.0,-1.0,2.33946194696624E-17));
#3360=ORIENTED_EDGE('',*,*,#8769,.F.);
#3361=ORIENTED_EDGE('',*,*,#8761,.F.);
#3362=ORIENTED_EDGE('',*,*,#8770,.T.);
#3363=ORIENTED_EDGE('',*,*,#8771,.F.);
#3364=ORIENTED_EDGE('',*,*,#8772,.F.);
#3365=ORIENTED_EDGE('',*,*,#8773,.T.);
#3366=CARTESIAN_POINT('',(1.47238383570056,-1.48069930911227,-5.319999999998));
#3367=DIRECTION('',(0.0,0.0,-1.0));
#3368=DIRECTION('',(0.0,-1.0,0.0));
#3369=ORIENTED_EDGE('',*,*,#8774,.T.);
#3370=ORIENTED_EDGE('',*,*,#8775,.T.);
#3371=ORIENTED_EDGE('',*,*,#8776,.F.);
#3372=ORIENTED_EDGE('',*,*,#8777,.F.);
#3373=ORIENTED_EDGE('',*,*,#8778,.F.);
#3374=ORIENTED_EDGE('',*,*,#8779,.T.);
#3375=ORIENTED_EDGE('',*,*,#8780,.T.);
#3376=CARTESIAN_POINT('',(1.47238383570056,-1.48069930911227,-5.319999999998));
#3377=DIRECTION('',(0.0,0.0,-1.0));
#3378=DIRECTION('',(0.0,-1.0,0.0));
#3379=ORIENTED_EDGE('',*,*,#8781,.T.);
#3380=ORIENTED_EDGE('',*,*,#8782,.T.);
#3381=ORIENTED_EDGE('',*,*,#8783,.F.);
#3382=ORIENTED_EDGE('',*,*,#8784,.T.);
#3383=CARTESIAN_POINT('',(1.47238383570056,-1.48069930911227,-5.319999999998));
#3384=DIRECTION('',(0.0,0.0,-1.0));
#3385=DIRECTION('',(0.0,-1.0,0.0));
#3386=ORIENTED_EDGE('',*,*,#8785,.F.);
#3387=ORIENTED_EDGE('',*,*,#8786,.F.);
#3388=ORIENTED_EDGE('',*,*,#8787,.T.);
#3389=ORIENTED_EDGE('',*,*,#8788,.T.);
#3390=CARTESIAN_POINT('',(3.04488383503312,1.30018078889988,-4.599999999998));
#3391=DIRECTION('',(1.0,0.0,0.0));
#3392=DIRECTION('',(0.0,1.0,0.0));
#3393=ORIENTED_EDGE('',*,*,#8789,.T.);
#3394=ORIENTED_EDGE('',*,*,#8790,.T.);
#3395=ORIENTED_EDGE('',*,*,#8791,.T.);
#3396=ORIENTED_EDGE('',*,*,#8792,.F.);
#3397=CARTESIAN_POINT('',(-0.000105618804476724,-0.640699309112473,-4.090454288312));
#3398=DIRECTION('',(-0.0,1.0,0.0));
#3399=DIRECTION('',(1.0,0.0,0.0));
#3400=ORIENTED_EDGE('',*,*,#8793,.F.);
#3401=ORIENTED_EDGE('',*,*,#8794,.T.);
#3402=ORIENTED_EDGE('',*,*,#8795,.T.);
#3403=ORIENTED_EDGE('',*,*,#8796,.T.);
#3404=ORIENTED_EDGE('',*,*,#8797,.F.);
#3405=ORIENTED_EDGE('',*,*,#8798,.T.);
#3406=ORIENTED_EDGE('',*,*,#8799,.T.);
#3407=ORIENTED_EDGE('',*,*,#8800,.T.);
#3408=ORIENTED_EDGE('',*,*,#8801,.T.);
#3409=ORIENTED_EDGE('',*,*,#8802,.T.);
#3410=ORIENTED_EDGE('',*,*,#8803,.T.);
#3411=ORIENTED_EDGE('',*,*,#8804,.T.);
#3412=ORIENTED_EDGE('',*,*,#8805,.T.);
#3413=ORIENTED_EDGE('',*,*,#8806,.T.);
#3414=ORIENTED_EDGE('',*,*,#8807,.T.);
#3415=ORIENTED_EDGE('',*,*,#8808,.F.);
#3416=ORIENTED_EDGE('',*,*,#8809,.F.);
#3417=ORIENTED_EDGE('',*,*,#8810,.T.);
#3418=CARTESIAN_POINT('',(-4.17011616430444,0.299300690887428,-3.049999999998));
#3419=DIRECTION('',(1.0,0.0,0.0));
#3420=DIRECTION('',(0.0,1.0,0.0));
#3421=ORIENTED_EDGE('',*,*,#8811,.F.);
#3422=ORIENTED_EDGE('',*,*,#8812,.T.);
#3423=ORIENTED_EDGE('',*,*,#8813,.F.);
#3424=ORIENTED_EDGE('',*,*,#8814,.T.);
#3425=ORIENTED_EDGE('',*,*,#8815,.T.);
#3426=ORIENTED_EDGE('',*,*,#8816,.T.);
#3427=ORIENTED_EDGE('',*,*,#8817,.F.);
#3428=ORIENTED_EDGE('',*,*,#8818,.F.);
#3429=ORIENTED_EDGE('',*,*,#8819,.F.);
#3430=ORIENTED_EDGE('',*,*,#8820,.F.);
#3431=ORIENTED_EDGE('',*,*,#8821,.T.);
#3432=ORIENTED_EDGE('',*,*,#8822,.T.);
#3433=ORIENTED_EDGE('',*,*,#8823,.T.);
#3434=ORIENTED_EDGE('',*,*,#8824,.F.);
#3435=ORIENTED_EDGE('',*,*,#8825,.F.);
#3436=ORIENTED_EDGE('',*,*,#8826,.F.);
#3437=CARTESIAN_POINT('',(4.16988383569556,0.299300690887528,-7.39999999999801));
#3438=DIRECTION('',(-1.0,0.0,0.0));
#3439=DIRECTION('',(0.0,0.0,1.0));
#3440=ORIENTED_EDGE('',*,*,#8827,.T.);
#3441=ORIENTED_EDGE('',*,*,#8772,.T.);
#3442=ORIENTED_EDGE('',*,*,#8828,.T.);
#3443=ORIENTED_EDGE('',*,*,#8829,.T.);
#3444=ORIENTED_EDGE('',*,*,#8830,.F.);
#3445=ORIENTED_EDGE('',*,*,#8831,.T.);
#3446=ORIENTED_EDGE('',*,*,#8832,.T.);
#3447=CARTESIAN_POINT('',(4.16988383569556,0.299300690887528,-7.39999999999801));
#3448=DIRECTION('',(-1.0,0.0,0.0));
#3449=DIRECTION('',(0.0,0.0,1.0));
#3450=ORIENTED_EDGE('',*,*,#8762,.T.);
#3451=ORIENTED_EDGE('',*,*,#8769,.T.);
#3452=ORIENTED_EDGE('',*,*,#8773,.F.);
#3453=ORIENTED_EDGE('',*,*,#8827,.F.);
#3454=ORIENTED_EDGE('',*,*,#8833,.F.);
#3455=ORIENTED_EDGE('',*,*,#8834,.F.);
#3456=ORIENTED_EDGE('',*,*,#8765,.F.);
#3457=ORIENTED_EDGE('',*,*,#8764,.T.);
#3458=ORIENTED_EDGE('',*,*,#8835,.T.);
#3459=ORIENTED_EDGE('',*,*,#8770,.F.);
#3460=ORIENTED_EDGE('',*,*,#8760,.F.);
#3461=ORIENTED_EDGE('',*,*,#8763,.T.);
#3462=ORIENTED_EDGE('',*,*,#8836,.F.);
#3463=ORIENTED_EDGE('',*,*,#8837,.F.);
#3464=ORIENTED_EDGE('',*,*,#8838,.T.);
#3465=ORIENTED_EDGE('',*,*,#8839,.F.);
#3466=CARTESIAN_POINT('',(4.14488383569256,1.24930069088773,-4.599999999998));
#3467=DIRECTION('',(1.0,0.0,0.0));
#3468=DIRECTION('',(0.0,1.0,0.0));
#3469=ORIENTED_EDGE('',*,*,#8840,.F.);
#3470=ORIENTED_EDGE('',*,*,#8786,.T.);
#3471=ORIENTED_EDGE('',*,*,#8841,.T.);
#3472=ORIENTED_EDGE('',*,*,#8842,.F.);
#3473=ORIENTED_EDGE('',*,*,#8843,.F.);
#3474=ORIENTED_EDGE('',*,*,#8844,.T.);
#3475=CARTESIAN_POINT('',(3.02488383569556,1.35430069047973,-6.424999999591));
#3476=DIRECTION('',(0.0,-0.707106781186547,-0.707106781186547));
#3477=DIRECTION('',(0.0,-0.707106781186547,0.707106781186547));
#3478=ORIENTED_EDGE('',*,*,#8845,.T.);
#3479=ORIENTED_EDGE('',*,*,#8846,.F.);
#3480=ORIENTED_EDGE('',*,*,#8752,.T.);
#3481=ORIENTED_EDGE('',*,*,#8847,.T.);
#3482=ORIENTED_EDGE('',*,*,#8848,.T.);
#3483=CARTESIAN_POINT('',(3.02488383569556,1.35430069047973,-6.424999999591));
#3484=DIRECTION('',(0.0,-0.707106781186547,-0.707106781186547));
#3485=DIRECTION('',(0.0,-0.707106781186547,0.707106781186547));
#3486=ORIENTED_EDGE('',*,*,#8849,.F.);
#3487=ORIENTED_EDGE('',*,*,#8850,.T.);
#3488=ORIENTED_EDGE('',*,*,#8851,.F.);
#3489=ORIENTED_EDGE('',*,*,#8852,.T.);
#3490=CARTESIAN_POINT('',(4.14488383569256,-1.29157940712442,-4.599999999998));
#3491=DIRECTION('',(0.0,-1.0,0.0));
#3492=DIRECTION('',(0.0,0.0,-1.0));
#3493=ORIENTED_EDGE('',*,*,#8853,.F.);
#3494=ORIENTED_EDGE('',*,*,#8854,.T.);
#3495=ORIENTED_EDGE('',*,*,#8855,.F.);
#3496=ORIENTED_EDGE('',*,*,#8856,.T.);
#3497=CARTESIAN_POINT('',(4.14488383569256,-1.29157940712442,-4.599999999998));
#3498=DIRECTION('',(0.0,-1.0,0.0));
#3499=DIRECTION('',(0.0,0.0,-1.0));
#3500=ORIENTED_EDGE('',*,*,#8857,.F.);
#3501=ORIENTED_EDGE('',*,*,#8858,.F.);
#3502=ORIENTED_EDGE('',*,*,#8859,.T.);
#3503=ORIENTED_EDGE('',*,*,#8860,.F.);
#3504=ORIENTED_EDGE('',*,*,#8861,.F.);
#3505=ORIENTED_EDGE('',*,*,#8862,.T.);
#3506=CARTESIAN_POINT('',(1.77488383569556,-1.43069930911227,-5.09999999999801));
#3507=DIRECTION('',(0.0,0.0,1.0));
#3508=DIRECTION('',(1.0,0.0,0.0));
#3509=ORIENTED_EDGE('',*,*,#8863,.F.);
#3510=ORIENTED_EDGE('',*,*,#8857,.T.);
#3511=ORIENTED_EDGE('',*,*,#8864,.F.);
#3512=ORIENTED_EDGE('',*,*,#8865,.T.);
#3513=CARTESIAN_POINT('',(-4.14511616430744,1.30018078889988,-4.599999999998));
#3514=DIRECTION('',(-0.0,1.0,0.0));
#3515=DIRECTION('',(1.0,0.0,0.0));
#3516=ORIENTED_EDGE('',*,*,#8866,.F.);
#3517=ORIENTED_EDGE('',*,*,#8867,.F.);
#3518=ORIENTED_EDGE('',*,*,#8868,.F.);
#3519=ORIENTED_EDGE('',*,*,#8869,.F.);
#3520=ORIENTED_EDGE('',*,*,#8870,.T.);
#3521=ORIENTED_EDGE('',*,*,#8871,.T.);
#3522=CARTESIAN_POINT('',(1.77488383569556,-1.43069930911227,-5.09999999999801));
#3523=DIRECTION('',(0.0,0.0,1.0));
#3524=DIRECTION('',(1.0,0.0,0.0));
#3525=ORIENTED_EDGE('',*,*,#8872,.F.);
#3526=ORIENTED_EDGE('',*,*,#8873,.F.);
#3527=ORIENTED_EDGE('',*,*,#8744,.F.);
#3528=ORIENTED_EDGE('',*,*,#8874,.F.);
#3529=ORIENTED_EDGE('',*,*,#8875,.T.);
#3530=ORIENTED_EDGE('',*,*,#8876,.T.);
#3531=CARTESIAN_POINT('',(0.0349135846102804,1.35430069088773,-6.35499999999801));
#3532=DIRECTION('',(0.0,-0.707106781186547,-0.707106781186547));
#3533=DIRECTION('',(0.0,-0.707106781186547,0.707106781186547));
#3534=ORIENTED_EDGE('',*,*,#8877,.F.);
#3535=ORIENTED_EDGE('',*,*,#8866,.T.);
#3536=ORIENTED_EDGE('',*,*,#8878,.F.);
#3537=ORIENTED_EDGE('',*,*,#8879,.T.);
#3538=CARTESIAN_POINT('',(-4.14511616430744,1.30018078889988,-4.599999999998));
#3539=DIRECTION('',(-0.0,1.0,0.0));
#3540=DIRECTION('',(1.0,0.0,0.0));
#3541=ORIENTED_EDGE('',*,*,#8880,.T.);
#3542=ORIENTED_EDGE('',*,*,#8881,.T.);
#3543=ORIENTED_EDGE('',*,*,#8882,.F.);
#3544=ORIENTED_EDGE('',*,*,#8883,.F.);
#3545=CARTESIAN_POINT('',(-1.21011616430444,8.40193411686173,-5.64999999999801));
#3546=DIRECTION('',(0.0,1.0,-0.0));
#3547=DIRECTION('',(1.0,0.0,0.0));
#3548=ORIENTED_EDGE('',*,*,#8884,.T.);
#3549=ORIENTED_EDGE('',*,*,#8885,.T.);
#3550=ORIENTED_EDGE('',*,*,#8886,.F.);
#3551=ORIENTED_EDGE('',*,*,#8887,.F.);
#3552=CARTESIAN_POINT('',(1.20988383569556,-7.22984019038527,-5.64999999999801));
#3553=DIRECTION('',(-0.0,-1.0,0.0));
#3554=DIRECTION('',(-1.0,0.0,0.0));
#3555=ORIENTED_EDGE('',*,*,#8888,.F.);
#3556=ORIENTED_EDGE('',*,*,#8884,.F.);
#3557=ORIENTED_EDGE('',*,*,#8889,.T.);
#3558=ORIENTED_EDGE('',*,*,#8890,.F.);
#3559=ORIENTED_EDGE('',*,*,#8891,.T.);
#3560=ORIENTED_EDGE('',*,*,#8892,.T.);
#3561=ORIENTED_EDGE('',*,*,#8841,.F.);
#3562=ORIENTED_EDGE('',*,*,#8785,.T.);
#3563=ORIENTED_EDGE('',*,*,#8893,.T.);
#3564=ORIENTED_EDGE('',*,*,#8894,.T.);
#3565=ORIENTED_EDGE('',*,*,#8876,.F.);
#3566=ORIENTED_EDGE('',*,*,#8895,.F.);
#3567=ORIENTED_EDGE('',*,*,#8896,.T.);
#3568=ORIENTED_EDGE('',*,*,#8897,.T.);
#3569=ORIENTED_EDGE('',*,*,#8898,.T.);
#3570=ORIENTED_EDGE('',*,*,#8899,.T.);
#3571=ORIENTED_EDGE('',*,*,#8900,.F.);
#3572=CARTESIAN_POINT('',(-4.14511616430744,1.30018078889988,-4.599999999998));
#3573=DIRECTION('',(-0.0,1.0,0.0));
#3574=DIRECTION('',(1.0,0.0,0.0));
#3575=ORIENTED_EDGE('',*,*,#8845,.F.);
#3576=ORIENTED_EDGE('',*,*,#8901,.T.);
#3577=ORIENTED_EDGE('',*,*,#8902,.T.);
#3578=ORIENTED_EDGE('',*,*,#8903,.F.);
#3579=ORIENTED_EDGE('',*,*,#8904,.T.);
#3580=ORIENTED_EDGE('',*,*,#8881,.F.);
#3581=ORIENTED_EDGE('',*,*,#8905,.F.);
#3582=ORIENTED_EDGE('',*,*,#8906,.F.);
#3583=ORIENTED_EDGE('',*,*,#8907,.F.);
#3584=ORIENTED_EDGE('',*,*,#8908,.T.);
#3585=ORIENTED_EDGE('',*,*,#8909,.T.);
#3586=ORIENTED_EDGE('',*,*,#8910,.T.);
#3587=ORIENTED_EDGE('',*,*,#8745,.F.);
#3588=ORIENTED_EDGE('',*,*,#8873,.T.);
#3589=ORIENTED_EDGE('',*,*,#8911,.T.);
#3590=ORIENTED_EDGE('',*,*,#8912,.T.);
#3591=ORIENTED_EDGE('',*,*,#8913,.T.);
#3592=CARTESIAN_POINT('',(-4.14511616430744,1.35018078889988,-4.599999999998));
#3593=DIRECTION('',(-0.0,1.0,0.0));
#3594=DIRECTION('',(1.0,0.0,0.0));
#3595=ORIENTED_EDGE('',*,*,#8914,.F.);
#3596=ORIENTED_EDGE('',*,*,#8915,.F.);
#3597=ORIENTED_EDGE('',*,*,#8916,.T.);
#3598=ORIENTED_EDGE('',*,*,#8917,.T.);
#3599=ORIENTED_EDGE('',*,*,#8754,.F.);
#3600=ORIENTED_EDGE('',*,*,#8918,.T.);
#3601=CARTESIAN_POINT('',(-4.24511616403944,0.184300690887427,-6.42499999973301));
#3602=DIRECTION('',(0.707106781186548,0.0,-0.707106781186548));
#3603=DIRECTION('',(0.0,-1.0,0.0));
#3604=ORIENTED_EDGE('',*,*,#8919,.F.);
#3605=ORIENTED_EDGE('',*,*,#8780,.F.);
#3606=ORIENTED_EDGE('',*,*,#8920,.F.);
#3607=ORIENTED_EDGE('',*,*,#8914,.T.);
#3608=ORIENTED_EDGE('',*,*,#8921,.T.);
#3609=ORIENTED_EDGE('',*,*,#8922,.T.);
#3610=CARTESIAN_POINT('',(-4.14511616430444,0.149300689964727,-4.79999999999201));
#3611=DIRECTION('',(0.0,1.0,2.107068922384E-10));
#3612=DIRECTION('',(1.0,0.0,-0.0));
#3613=ORIENTED_EDGE('',*,*,#8923,.F.);
#3614=ORIENTED_EDGE('',*,*,#8924,.T.);
#3615=ORIENTED_EDGE('',*,*,#8925,.F.);
#3616=ORIENTED_EDGE('',*,*,#8926,.F.);
#3617=ORIENTED_EDGE('',*,*,#8927,.T.);
#3618=ORIENTED_EDGE('',*,*,#8829,.F.);
#3619=CARTESIAN_POINT('',(4.24488383543856,0.184300690887528,-6.424999999741));
#3620=DIRECTION('',(-0.707106781186547,0.0,-0.707106781186547));
#3621=DIRECTION('',(-0.707106781186547,0.0,0.707106781186547));
#3622=ORIENTED_EDGE('',*,*,#8928,.T.);
#3623=ORIENTED_EDGE('',*,*,#8924,.F.);
#3624=ORIENTED_EDGE('',*,*,#8929,.F.);
#3625=ORIENTED_EDGE('',*,*,#8930,.F.);
#3626=ORIENTED_EDGE('',*,*,#8787,.F.);
#3627=ORIENTED_EDGE('',*,*,#8840,.T.);
#3628=CARTESIAN_POINT('',(3.04488383569256,0.149300690887527,-14.777859999998));
#3629=DIRECTION('',(0.0,0.0,-1.0));
#3630=DIRECTION('',(1.0,0.0,0.0));
#3631=ORIENTED_EDGE('',*,*,#8844,.F.);
#3632=ORIENTED_EDGE('',*,*,#8931,.F.);
#3633=ORIENTED_EDGE('',*,*,#8925,.T.);
#3634=ORIENTED_EDGE('',*,*,#8928,.F.);
#3635=CARTESIAN_POINT('',(3.18988383569623,0.299300690888299,-6.42499876794721));
#3636=DIRECTION('',(-1.08995025566161E-06,-1.08995025567547E-06,-0.999999999998812));
#3637=DIRECTION('',(5.93969318189569E-13,-0.999999999999406,1.08995025567547E-06));
#3638=ORIENTED_EDGE('',*,*,#8753,.T.);
#3639=ORIENTED_EDGE('',*,*,#8846,.T.);
#3640=ORIENTED_EDGE('',*,*,#8913,.F.);
#3641=ORIENTED_EDGE('',*,*,#8932,.F.);
#3642=ORIENTED_EDGE('',*,*,#8921,.F.);
#3643=ORIENTED_EDGE('',*,*,#8918,.F.);
#3644=CARTESIAN_POINT('',(-3.04511616430744,0.149300690887527,-14.777859999998));
#3645=DIRECTION('',(0.0,0.0,-1.0));
#3646=DIRECTION('',(0.0,1.0,0.0));
#3647=ORIENTED_EDGE('',*,*,#8933,.F.);
#3648=ORIENTED_EDGE('',*,*,#8934,.F.);
#3649=ORIENTED_EDGE('',*,*,#8935,.F.);
#3650=ORIENTED_EDGE('',*,*,#8936,.F.);
#3651=ORIENTED_EDGE('',*,*,#8937,.F.);
#3652=ORIENTED_EDGE('',*,*,#8790,.F.);
#3653=ORIENTED_EDGE('',*,*,#8938,.F.);
#3654=ORIENTED_EDGE('',*,*,#8939,.T.);
#3655=ORIENTED_EDGE('',*,*,#8810,.F.);
#3656=ORIENTED_EDGE('',*,*,#8940,.T.);
#3657=ORIENTED_EDGE('',*,*,#8941,.F.);
#3658=ORIENTED_EDGE('',*,*,#8942,.T.);
#3659=ORIENTED_EDGE('',*,*,#8943,.F.);
#3660=ORIENTED_EDGE('',*,*,#8944,.F.);
#3661=ORIENTED_EDGE('',*,*,#8945,.F.);
#3662=ORIENTED_EDGE('',*,*,#8946,.F.);
#3663=ORIENTED_EDGE('',*,*,#8947,.F.);
#3664=ORIENTED_EDGE('',*,*,#8948,.F.);
#3665=ORIENTED_EDGE('',*,*,#8949,.F.);
#3666=ORIENTED_EDGE('',*,*,#8950,.F.);
#3667=ORIENTED_EDGE('',*,*,#8951,.T.);
#3668=ORIENTED_EDGE('',*,*,#8952,.F.);
#3669=ORIENTED_EDGE('',*,*,#8953,.F.);
#3670=ORIENTED_EDGE('',*,*,#8954,.T.);
#3671=ORIENTED_EDGE('',*,*,#8955,.F.);
#3672=ORIENTED_EDGE('',*,*,#8956,.F.);
#3673=ORIENTED_EDGE('',*,*,#8957,.F.);
#3674=ORIENTED_EDGE('',*,*,#8958,.F.);
#3675=ORIENTED_EDGE('',*,*,#8959,.F.);
#3676=ORIENTED_EDGE('',*,*,#8960,.F.);
#3677=ORIENTED_EDGE('',*,*,#8961,.F.);
#3678=ORIENTED_EDGE('',*,*,#8962,.T.);
#3679=ORIENTED_EDGE('',*,*,#8812,.F.);
#3680=ORIENTED_EDGE('',*,*,#8963,.T.);
#3681=ORIENTED_EDGE('',*,*,#8964,.T.);
#3682=ORIENTED_EDGE('',*,*,#8965,.T.);
#3683=ORIENTED_EDGE('',*,*,#8966,.F.);
#3684=ORIENTED_EDGE('',*,*,#8967,.F.);
#3685=ORIENTED_EDGE('',*,*,#8968,.F.);
#3686=ORIENTED_EDGE('',*,*,#8969,.F.);
#3687=ORIENTED_EDGE('',*,*,#8970,.F.);
#3688=ORIENTED_EDGE('',*,*,#8971,.F.);
#3689=ORIENTED_EDGE('',*,*,#8972,.T.);
#3690=ORIENTED_EDGE('',*,*,#8973,.T.);
#3691=ORIENTED_EDGE('',*,*,#8974,.F.);
#3692=ORIENTED_EDGE('',*,*,#8975,.F.);
#3693=ORIENTED_EDGE('',*,*,#8976,.F.);
#3694=ORIENTED_EDGE('',*,*,#8977,.F.);
#3695=ORIENTED_EDGE('',*,*,#8978,.F.);
#3696=ORIENTED_EDGE('',*,*,#8979,.F.);
#3697=ORIENTED_EDGE('',*,*,#8980,.T.);
#3698=ORIENTED_EDGE('',*,*,#8981,.T.);
#3699=ORIENTED_EDGE('',*,*,#8794,.F.);
#3700=ORIENTED_EDGE('',*,*,#8793,.T.);
#3701=CARTESIAN_POINT('',(-0.000116164307498491,0.604300690887527,-4.599999999998));
#3702=DIRECTION('',(0.0,0.0,-1.0));
#3703=DIRECTION('',(0.0,-1.0,0.0));
#3704=ORIENTED_EDGE('',*,*,#8778,.T.);
#3705=ORIENTED_EDGE('',*,*,#8982,.F.);
#3706=ORIENTED_EDGE('',*,*,#8983,.F.);
#3707=ORIENTED_EDGE('',*,*,#8984,.F.);
#3708=ORIENTED_EDGE('',*,*,#8985,.F.);
#3709=ORIENTED_EDGE('',*,*,#8986,.F.);
#3710=ORIENTED_EDGE('',*,*,#8757,.T.);
#3711=ORIENTED_EDGE('',*,*,#8768,.T.);
#3712=ORIENTED_EDGE('',*,*,#8987,.F.);
#3713=ORIENTED_EDGE('',*,*,#8988,.T.);
#3714=ORIENTED_EDGE('',*,*,#8989,.T.);
#3715=ORIENTED_EDGE('',*,*,#8990,.F.);
#3716=CARTESIAN_POINT('',(1.47238383570056,-1.48069930911227,-5.319999999998));
#3717=DIRECTION('',(0.0,0.0,-1.0));
#3718=DIRECTION('',(0.0,-1.0,0.0));
#3719=ORIENTED_EDGE('',*,*,#8940,.F.);
#3720=ORIENTED_EDGE('',*,*,#8809,.T.);
#3721=ORIENTED_EDGE('',*,*,#8991,.T.);
#3722=ORIENTED_EDGE('',*,*,#8992,.T.);
#3723=CARTESIAN_POINT('',(-3.19011616430444,-0.300699309112272,-0.100000000000005));
#3724=DIRECTION('',(0.0,0.0,1.0));
#3725=DIRECTION('',(-1.0,0.0,0.0));
#3726=ORIENTED_EDGE('',*,*,#8993,.F.);
#3727=ORIENTED_EDGE('',*,*,#8994,.T.);
#3728=ORIENTED_EDGE('',*,*,#8995,.T.);
#3729=ORIENTED_EDGE('',*,*,#8996,.T.);
#3730=ORIENTED_EDGE('',*,*,#8997,.T.);
#3731=ORIENTED_EDGE('',*,*,#8952,.T.);
#3732=CARTESIAN_POINT('',(-0.24511616429504,-1.43069930911227,-0.491748818130005));
#3733=DIRECTION('',(1.0,0.0,0.0));
#3734=DIRECTION('',(0.0,1.0,0.0));
#3735=ORIENTED_EDGE('',*,*,#8767,.T.);
#3736=ORIENTED_EDGE('',*,*,#8758,.T.);
#3737=ORIENTED_EDGE('',*,*,#8986,.T.);
#3738=ORIENTED_EDGE('',*,*,#8998,.T.);
#3739=ORIENTED_EDGE('',*,*,#8999,.T.);
#3740=ORIENTED_EDGE('',*,*,#9000,.T.);
#3741=ORIENTED_EDGE('',*,*,#9001,.F.);
#3742=ORIENTED_EDGE('',*,*,#9002,.T.);
#3743=ORIENTED_EDGE('',*,*,#9003,.T.);
#3744=ORIENTED_EDGE('',*,*,#9004,.T.);
#3745=ORIENTED_EDGE('',*,*,#8838,.F.);
#3746=ORIENTED_EDGE('',*,*,#9005,.F.);
#3747=ORIENTED_EDGE('',*,*,#8987,.T.);
#3748=CARTESIAN_POINT('',(4.14488383569256,-1.29157940712442,-4.599999999998));
#3749=DIRECTION('',(0.0,-1.0,0.0));
#3750=DIRECTION('',(0.0,0.0,-1.0));
#3751=ORIENTED_EDGE('',*,*,#8998,.F.);
#3752=ORIENTED_EDGE('',*,*,#8990,.T.);
#3753=ORIENTED_EDGE('',*,*,#9006,.F.);
#3754=ORIENTED_EDGE('',*,*,#9007,.T.);
#3755=CARTESIAN_POINT('',(2.71414790440756,-0.000699309112485496,-5.619999999998));
#3756=DIRECTION('',(0.0,-1.0,0.0));
#3757=DIRECTION('',(1.0,0.0,0.0));
#3758=ORIENTED_EDGE('',*,*,#8994,.F.);
#3759=ORIENTED_EDGE('',*,*,#9008,.F.);
#3760=ORIENTED_EDGE('',*,*,#9009,.F.);
#3761=ORIENTED_EDGE('',*,*,#9010,.F.);
#3762=CARTESIAN_POINT('',(-0.0951161642949896,-1.27219306822927,-4.79999999999801));
#3763=DIRECTION('',(0.0,1.0,-0.0));
#3764=DIRECTION('',(-1.0,0.0,0.0));
#3765=ORIENTED_EDGE('',*,*,#9011,.T.);
#3766=ORIENTED_EDGE('',*,*,#8949,.T.);
#3767=ORIENTED_EDGE('',*,*,#9012,.F.);
#3768=ORIENTED_EDGE('',*,*,#9013,.T.);
#3769=ORIENTED_EDGE('',*,*,#9014,.F.);
#3770=ORIENTED_EDGE('',*,*,#9015,.T.);
#3771=ORIENTED_EDGE('',*,*,#9016,.T.);
#3772=ORIENTED_EDGE('',*,*,#9017,.T.);
#3773=ORIENTED_EDGE('',*,*,#9018,.F.);
#3774=ORIENTED_EDGE('',*,*,#8941,.T.);
#3775=ORIENTED_EDGE('',*,*,#8992,.F.);
#3776=ORIENTED_EDGE('',*,*,#9019,.T.);
#3777=ORIENTED_EDGE('',*,*,#9020,.T.);
#3778=ORIENTED_EDGE('',*,*,#9021,.T.);
#3779=ORIENTED_EDGE('',*,*,#9022,.T.);
#3780=ORIENTED_EDGE('',*,*,#9023,.F.);
#3781=ORIENTED_EDGE('',*,*,#9024,.F.);
#3782=ORIENTED_EDGE('',*,*,#9025,.T.);
#3783=ORIENTED_EDGE('',*,*,#9026,.T.);
#3784=ORIENTED_EDGE('',*,*,#9027,.F.);
#3785=ORIENTED_EDGE('',*,*,#9028,.F.);
#3786=ORIENTED_EDGE('',*,*,#9029,.F.);
#3787=ORIENTED_EDGE('',*,*,#9030,.T.);
#3788=ORIENTED_EDGE('',*,*,#9031,.F.);
#3789=ORIENTED_EDGE('',*,*,#9032,.F.);
#3790=ORIENTED_EDGE('',*,*,#9033,.F.);
#3791=ORIENTED_EDGE('',*,*,#9034,.T.);
#3792=ORIENTED_EDGE('',*,*,#9035,.F.);
#3793=ORIENTED_EDGE('',*,*,#9036,.F.);
#3794=ORIENTED_EDGE('',*,*,#9037,.F.);
#3795=ORIENTED_EDGE('',*,*,#9038,.T.);
#3796=ORIENTED_EDGE('',*,*,#9039,.F.);
#3797=ORIENTED_EDGE('',*,*,#9040,.F.);
#3798=ORIENTED_EDGE('',*,*,#9041,.F.);
#3799=CARTESIAN_POINT('',(1.47238383570056,-1.28069930911227,-2.29999999999801));
#3800=DIRECTION('',(0.0,-1.0,0.0));
#3801=DIRECTION('',(0.0,0.0,-1.0));
#3802=ORIENTED_EDGE('',*,*,#9042,.F.);
#3803=ORIENTED_EDGE('',*,*,#8961,.T.);
#3804=ORIENTED_EDGE('',*,*,#9043,.F.);
#3805=ORIENTED_EDGE('',*,*,#9044,.T.);
#3806=ORIENTED_EDGE('',*,*,#9045,.F.);
#3807=ORIENTED_EDGE('',*,*,#9046,.T.);
#3808=ORIENTED_EDGE('',*,*,#9047,.T.);
#3809=ORIENTED_EDGE('',*,*,#9048,.T.);
#3810=ORIENTED_EDGE('',*,*,#9049,.F.);
#3811=ORIENTED_EDGE('',*,*,#8953,.T.);
#3812=ORIENTED_EDGE('',*,*,#8997,.F.);
#3813=ORIENTED_EDGE('',*,*,#9050,.F.);
#3814=ORIENTED_EDGE('',*,*,#9051,.F.);
#3815=ORIENTED_EDGE('',*,*,#9052,.F.);
#3816=ORIENTED_EDGE('',*,*,#9053,.T.);
#3817=ORIENTED_EDGE('',*,*,#9054,.F.);
#3818=ORIENTED_EDGE('',*,*,#9055,.F.);
#3819=ORIENTED_EDGE('',*,*,#9056,.F.);
#3820=ORIENTED_EDGE('',*,*,#9057,.T.);
#3821=ORIENTED_EDGE('',*,*,#9058,.F.);
#3822=ORIENTED_EDGE('',*,*,#9059,.F.);
#3823=ORIENTED_EDGE('',*,*,#9060,.F.);
#3824=ORIENTED_EDGE('',*,*,#9061,.T.);
#3825=ORIENTED_EDGE('',*,*,#9062,.F.);
#3826=ORIENTED_EDGE('',*,*,#9063,.F.);
#3827=ORIENTED_EDGE('',*,*,#9064,.F.);
#3828=ORIENTED_EDGE('',*,*,#9065,.T.);
#3829=ORIENTED_EDGE('',*,*,#9066,.T.);
#3830=ORIENTED_EDGE('',*,*,#9067,.F.);
#3831=ORIENTED_EDGE('',*,*,#9068,.F.);
#3832=ORIENTED_EDGE('',*,*,#9069,.T.);
#3833=ORIENTED_EDGE('',*,*,#9070,.T.);
#3834=ORIENTED_EDGE('',*,*,#9071,.T.);
#3835=ORIENTED_EDGE('',*,*,#9072,.T.);
#3836=CARTESIAN_POINT('',(1.47238383570056,-1.28069930911227,-2.29999999999801));
#3837=DIRECTION('',(0.0,-1.0,0.0));
#3838=DIRECTION('',(0.0,0.0,-1.0));
#3839=ORIENTED_EDGE('',*,*,#8999,.F.);
#3840=ORIENTED_EDGE('',*,*,#9007,.F.);
#3841=ORIENTED_EDGE('',*,*,#9073,.F.);
#3842=ORIENTED_EDGE('',*,*,#9074,.F.);
#3843=ORIENTED_EDGE('',*,*,#9075,.T.);
#3844=CARTESIAN_POINT('',(2.34988383569556,-1.43069930911227,-5.559999999998));
#3845=DIRECTION('',(0.707106781186548,0.0,-0.707106781186548));
#3846=DIRECTION('',(0.0,-1.0,0.0));
#3847=ORIENTED_EDGE('',*,*,#9009,.T.);
#3848=ORIENTED_EDGE('',*,*,#9076,.F.);
#3849=ORIENTED_EDGE('',*,*,#9077,.F.);
#3850=ORIENTED_EDGE('',*,*,#9078,.F.);
#3851=CARTESIAN_POINT('',(0.21488383570026,-1.43069930911227,-4.94999999999801));
#3852=DIRECTION('',(0.0,0.0,1.0));
#3853=DIRECTION('',(1.0,0.0,0.0));
#3854=ORIENTED_EDGE('',*,*,#9079,.F.);
#3855=ORIENTED_EDGE('',*,*,#9080,.T.);
#3856=ORIENTED_EDGE('',*,*,#9081,.F.);
#3857=ORIENTED_EDGE('',*,*,#8782,.F.);
#3858=CARTESIAN_POINT('',(-2.71438023301644,-0.000699309112485496,-5.619999999998));
#3859=DIRECTION('',(0.0,1.0,-0.0));
#3860=DIRECTION('',(-1.0,0.0,0.0));
#3861=ORIENTED_EDGE('',*,*,#9082,.F.);
#3862=ORIENTED_EDGE('',*,*,#9083,.F.);
#3863=ORIENTED_EDGE('',*,*,#9084,.F.);
#3864=ORIENTED_EDGE('',*,*,#9085,.F.);
#3865=ORIENTED_EDGE('',*,*,#9080,.F.);
#3866=CARTESIAN_POINT('',(-2.35011616430444,-1.43069930911227,-5.559999999998));
#3867=DIRECTION('',(0.707106781186548,0.0,0.707106781186548));
#3868=DIRECTION('',(0.0,-1.0,0.0));
#3869=ORIENTED_EDGE('',*,*,#9086,.T.);
#3870=ORIENTED_EDGE('',*,*,#9087,.F.);
#3871=ORIENTED_EDGE('',*,*,#9088,.T.);
#3872=ORIENTED_EDGE('',*,*,#9089,.F.);
#3873=ORIENTED_EDGE('',*,*,#9090,.T.);
#3874=ORIENTED_EDGE('',*,*,#9091,.F.);
#3875=CARTESIAN_POINT('',(-0.000116164307498491,0.604300690887527,-4.599999999998));
#3876=DIRECTION('',(0.0,0.0,-1.0));
#3877=DIRECTION('',(0.0,-1.0,0.0));
#3878=ORIENTED_EDGE('',*,*,#9092,.F.);
#3879=ORIENTED_EDGE('',*,*,#9093,.F.);
#3880=ORIENTED_EDGE('',*,*,#9094,.T.);
#3881=ORIENTED_EDGE('',*,*,#9095,.F.);
#3882=ORIENTED_EDGE('',*,*,#9096,.T.);
#3883=ORIENTED_EDGE('',*,*,#9097,.F.);
#3884=CARTESIAN_POINT('',(-0.000116164307498491,0.604300690887527,-4.599999999998));
#3885=DIRECTION('',(0.0,0.0,-1.0));
#3886=DIRECTION('',(0.0,-1.0,0.0));
#3887=ORIENTED_EDGE('',*,*,#8855,.T.);
#3888=ORIENTED_EDGE('',*,*,#9098,.T.);
#3889=ORIENTED_EDGE('',*,*,#9099,.T.);
#3890=ORIENTED_EDGE('',*,*,#9100,.F.);
#3891=ORIENTED_EDGE('',*,*,#9101,.T.);
#3892=ORIENTED_EDGE('',*,*,#9102,.T.);
#3893=CARTESIAN_POINT('',(-0.000116164307498491,0.604300690887527,-4.599999999998));
#3894=DIRECTION('',(0.0,0.0,-1.0));
#3895=DIRECTION('',(0.0,-1.0,0.0));
#3896=ORIENTED_EDGE('',*,*,#8851,.T.);
#3897=ORIENTED_EDGE('',*,*,#9103,.T.);
#3898=ORIENTED_EDGE('',*,*,#9104,.T.);
#3899=ORIENTED_EDGE('',*,*,#9105,.F.);
#3900=ORIENTED_EDGE('',*,*,#9106,.T.);
#3901=ORIENTED_EDGE('',*,*,#9107,.T.);
#3902=CARTESIAN_POINT('',(-0.000116164307498491,0.604300690887527,-4.599999999998));
#3903=DIRECTION('',(0.0,0.0,-1.0));
#3904=DIRECTION('',(0.0,-1.0,0.0));
#3905=ORIENTED_EDGE('',*,*,#8965,.F.);
#3906=ORIENTED_EDGE('',*,*,#9108,.T.);
#3907=ORIENTED_EDGE('',*,*,#9109,.F.);
#3908=ORIENTED_EDGE('',*,*,#9110,.T.);
#3909=CARTESIAN_POINT('',(2.38237749014956,1.22930069088773,-4.599999999998));
#3910=DIRECTION('',(0.0,0.0,-1.0));
#3911=DIRECTION('',(1.0,0.0,0.0));
#3912=ORIENTED_EDGE('',*,*,#9111,.T.);
#3913=ORIENTED_EDGE('',*,*,#8971,.T.);
#3914=ORIENTED_EDGE('',*,*,#9112,.T.);
#3915=ORIENTED_EDGE('',*,*,#9113,.F.);
#3916=CARTESIAN_POINT('',(1.16739018124156,1.22930069088773,-4.599999999998));
#3917=DIRECTION('',(0.0,0.0,-1.0));
#3918=DIRECTION('',(1.0,0.0,0.0));
#3919=ORIENTED_EDGE('',*,*,#8973,.F.);
#3920=ORIENTED_EDGE('',*,*,#9114,.T.);
#3921=ORIENTED_EDGE('',*,*,#9115,.F.);
#3922=ORIENTED_EDGE('',*,*,#9116,.T.);
#3923=CARTESIAN_POINT('',(-1.16862250985044,1.22930069088773,-4.599999999998));
#3924=DIRECTION('',(0.0,0.0,-1.0));
#3925=DIRECTION('',(1.0,0.0,0.0));
#3926=ORIENTED_EDGE('',*,*,#9117,.T.);
#3927=ORIENTED_EDGE('',*,*,#8979,.T.);
#3928=ORIENTED_EDGE('',*,*,#9118,.T.);
#3929=ORIENTED_EDGE('',*,*,#9119,.F.);
#3930=CARTESIAN_POINT('',(-2.38360981875844,1.22930069088773,-4.599999999998));
#3931=DIRECTION('',(0.0,0.0,-1.0));
#3932=DIRECTION('',(1.0,0.0,0.0));
#3933=ORIENTED_EDGE('',*,*,#8942,.F.);
#3934=ORIENTED_EDGE('',*,*,#9018,.T.);
#3935=ORIENTED_EDGE('',*,*,#9120,.F.);
#3936=ORIENTED_EDGE('',*,*,#9121,.T.);
#3937=CARTESIAN_POINT('',(-2.38160981875944,-1.23069930911227,-4.599999999998));
#3938=DIRECTION('',(0.0,0.0,-1.0));
#3939=DIRECTION('',(1.0,0.0,0.0));
#3940=ORIENTED_EDGE('',*,*,#9012,.T.);
#3941=ORIENTED_EDGE('',*,*,#8948,.T.);
#3942=ORIENTED_EDGE('',*,*,#9122,.T.);
#3943=ORIENTED_EDGE('',*,*,#9123,.F.);
#3944=CARTESIAN_POINT('',(-1.16662250984944,-1.23069930911227,-4.599999999998));
#3945=DIRECTION('',(0.0,0.0,-1.0));
#3946=DIRECTION('',(1.0,0.0,0.0));
#3947=ORIENTED_EDGE('',*,*,#8954,.F.);
#3948=ORIENTED_EDGE('',*,*,#9049,.T.);
#3949=ORIENTED_EDGE('',*,*,#9124,.F.);
#3950=ORIENTED_EDGE('',*,*,#9125,.T.);
#3951=CARTESIAN_POINT('',(1.16739018124056,-1.23069930911227,-4.599999999998));
#3952=DIRECTION('',(0.0,0.0,-1.0));
#3953=DIRECTION('',(1.0,0.0,0.0));
#3954=ORIENTED_EDGE('',*,*,#9043,.T.);
#3955=ORIENTED_EDGE('',*,*,#8960,.T.);
#3956=ORIENTED_EDGE('',*,*,#9126,.T.);
#3957=ORIENTED_EDGE('',*,*,#9127,.F.);
#3958=CARTESIAN_POINT('',(2.38237749015056,-1.23069930911227,-4.599999999998));
#3959=DIRECTION('',(0.0,0.0,-1.0));
#3960=DIRECTION('',(1.0,0.0,0.0));
#3961=ORIENTED_EDGE('',*,*,#9000,.F.);
#3962=ORIENTED_EDGE('',*,*,#9075,.F.);
#3963=ORIENTED_EDGE('',*,*,#9128,.F.);
#3964=ORIENTED_EDGE('',*,*,#9129,.F.);
#3965=ORIENTED_EDGE('',*,*,#9130,.F.);
#3966=ORIENTED_EDGE('',*,*,#9131,.F.);
#3967=ORIENTED_EDGE('',*,*,#9132,.T.);
#3968=CARTESIAN_POINT('',(-1.15155014712144,-1.35569930911227,-5.724999999998));
#3969=DIRECTION('',(0.0,0.707106010475331,-0.707107551896925));
#3970=DIRECTION('',(-1.0,0.0,0.0));
#3971=ORIENTED_EDGE('',*,*,#8747,.T.);
#3972=ORIENTED_EDGE('',*,*,#9133,.T.);
#3973=ORIENTED_EDGE('',*,*,#9077,.T.);
#3974=ORIENTED_EDGE('',*,*,#9134,.F.);
#3975=CARTESIAN_POINT('',(0.52488383569556,-1.27219306822927,-5.124999999998));
#3976=DIRECTION('',(0.0,1.0,-0.0));
#3977=DIRECTION('',(-1.0,0.0,0.0));
#3978=ORIENTED_EDGE('',*,*,#9135,.F.);
#3979=ORIENTED_EDGE('',*,*,#9136,.T.);
#3980=ORIENTED_EDGE('',*,*,#9137,.F.);
#3981=ORIENTED_EDGE('',*,*,#9138,.F.);
#3982=CARTESIAN_POINT('',(-0.40511616429504,-1.58920554999528,-4.94999999999801));
#3983=DIRECTION('',(0.0,-1.0,0.0));
#3984=DIRECTION('',(1.0,0.0,0.0));
#3985=ORIENTED_EDGE('',*,*,#9083,.T.);
#3986=ORIENTED_EDGE('',*,*,#9139,.T.);
#3987=ORIENTED_EDGE('',*,*,#9140,.F.);
#3988=ORIENTED_EDGE('',*,*,#9141,.T.);
#3989=ORIENTED_EDGE('',*,*,#9142,.T.);
#3990=ORIENTED_EDGE('',*,*,#9143,.T.);
#3991=ORIENTED_EDGE('',*,*,#9144,.F.);
#3992=CARTESIAN_POINT('',(-1.15155014712144,-1.35569930911227,-5.724999999998));
#3993=DIRECTION('',(0.0,0.707106010475331,-0.707107551896925));
#3994=DIRECTION('',(-1.0,0.0,0.0));
#3995=ORIENTED_EDGE('',*,*,#9103,.F.);
#3996=ORIENTED_EDGE('',*,*,#8850,.F.);
#3997=ORIENTED_EDGE('',*,*,#9145,.F.);
#3998=ORIENTED_EDGE('',*,*,#9146,.F.);
#3999=CARTESIAN_POINT('',(2.15492190896956,-1.58069930911227,-5.09999999999801));
#4000=DIRECTION('',(-0.913811548620245,-0.406138466053475,0.0));
#4001=DIRECTION('',(-0.406138466053475,0.913811548620245,0.0));
#4002=ORIENTED_EDGE('',*,*,#9047,.F.);
#4003=ORIENTED_EDGE('',*,*,#9147,.T.);
#4004=ORIENTED_EDGE('',*,*,#9148,.F.);
#4005=ORIENTED_EDGE('',*,*,#9149,.F.);
#4006=CARTESIAN_POINT('',(1.59067413869156,-1.14008546250727,-5.09999999999801));
#4007=DIRECTION('',(0.913811548620282,-0.406138466053392,0.0));
#4008=DIRECTION('',(0.0,0.0,-1.0));
#4009=ORIENTED_EDGE('',*,*,#9098,.F.);
#4010=ORIENTED_EDGE('',*,*,#8854,.F.);
#4011=ORIENTED_EDGE('',*,*,#9150,.F.);
#4012=ORIENTED_EDGE('',*,*,#9151,.F.);
#4013=CARTESIAN_POINT('',(-1.39407809103044,-1.58069930911227,-5.09999999999801));
#4014=DIRECTION('',(-0.913811548620245,-0.406138466053475,0.0));
#4015=DIRECTION('',(-0.406138466053475,0.913811548620245,0.0));
#4016=ORIENTED_EDGE('',*,*,#9016,.F.);
#4017=ORIENTED_EDGE('',*,*,#9152,.T.);
#4018=ORIENTED_EDGE('',*,*,#9153,.F.);
#4019=ORIENTED_EDGE('',*,*,#9154,.F.);
#4020=CARTESIAN_POINT('',(-1.95832586130844,-1.14008546250727,-5.09999999999801));
#4021=DIRECTION('',(0.913811548620282,-0.406138466053392,0.0));
#4022=DIRECTION('',(0.0,0.0,-1.0));
#4023=ORIENTED_EDGE('',*,*,#9155,.F.);
#4024=ORIENTED_EDGE('',*,*,#8864,.T.);
#4025=ORIENTED_EDGE('',*,*,#8862,.F.);
#4026=ORIENTED_EDGE('',*,*,#9156,.F.);
#4027=CARTESIAN_POINT('',(-2.15615423757744,1.57930069088773,-5.239999999998));
#4028=DIRECTION('',(0.913811548620245,0.406138466053475,0.0));
#4029=DIRECTION('',(0.0,0.0,-1.0));
#4030=ORIENTED_EDGE('',*,*,#9157,.F.);
#4031=ORIENTED_EDGE('',*,*,#9097,.T.);
#4032=ORIENTED_EDGE('',*,*,#9158,.F.);
#4033=ORIENTED_EDGE('',*,*,#9159,.F.);
#4034=CARTESIAN_POINT('',(-1.59190646730044,1.13868684428173,-5.239999999998));
#4035=DIRECTION('',(-0.913811548620282,0.406138466053392,0.0));
#4036=DIRECTION('',(0.0,0.0,1.0));
#4037=ORIENTED_EDGE('',*,*,#9160,.F.);
#4038=ORIENTED_EDGE('',*,*,#8878,.T.);
#4039=ORIENTED_EDGE('',*,*,#8871,.F.);
#4040=ORIENTED_EDGE('',*,*,#9161,.F.);
#4041=CARTESIAN_POINT('',(1.39484576242256,1.57930069088773,-5.09999999999801));
#4042=DIRECTION('',(0.913811548620245,0.406138466053475,0.0));
#4043=DIRECTION('',(0.0,0.0,-1.0));
#4044=ORIENTED_EDGE('',*,*,#9162,.F.);
#4045=ORIENTED_EDGE('',*,*,#9091,.T.);
#4046=ORIENTED_EDGE('',*,*,#9163,.F.);
#4047=ORIENTED_EDGE('',*,*,#9164,.F.);
#4048=CARTESIAN_POINT('',(1.95909353269956,1.13868684428173,-5.09999999999801));
#4049=DIRECTION('',(-0.913811548620282,0.406138466053392,0.0));
#4050=DIRECTION('',(0.0,0.0,1.0));
#4051=ORIENTED_EDGE('',*,*,#8835,.F.);
#4052=ORIENTED_EDGE('',*,*,#9165,.F.);
#4053=ORIENTED_EDGE('',*,*,#8929,.T.);
#4054=ORIENTED_EDGE('',*,*,#8923,.T.);
#4055=ORIENTED_EDGE('',*,*,#8828,.F.);
#4056=ORIENTED_EDGE('',*,*,#8771,.T.);
#4057=CARTESIAN_POINT('',(4.14488383569256,0.149300690887527,-6.499999999998));
#4058=DIRECTION('',(0.0,1.0,2.170486013142E-13));
#4059=DIRECTION('',(0.0,2.170486013142E-13,-1.0));
#4060=ORIENTED_EDGE('',*,*,#9166,.F.);
#4061=ORIENTED_EDGE('',*,*,#9167,.T.);
#4062=ORIENTED_EDGE('',*,*,#9045,.T.);
#4063=ORIENTED_EDGE('',*,*,#9168,.F.);
#4064=CARTESIAN_POINT('',(2.15492190896956,-1.58069930911227,-5.09999999999801));
#4065=DIRECTION('',(-0.913811548620245,-0.406138466053475,0.0));
#4066=DIRECTION('',(-0.406138466053475,0.913811548620245,0.0));
#4067=ORIENTED_EDGE('',*,*,#8852,.F.);
#4068=ORIENTED_EDGE('',*,*,#9107,.F.);
#4069=ORIENTED_EDGE('',*,*,#9169,.F.);
#4070=ORIENTED_EDGE('',*,*,#9170,.F.);
#4071=CARTESIAN_POINT('',(1.59067413869156,-1.14008546250727,-5.09999999999801));
#4072=DIRECTION('',(0.913811548620282,-0.406138466053392,0.0));
#4073=DIRECTION('',(0.0,0.0,-1.0));
#4074=ORIENTED_EDGE('',*,*,#9126,.F.);
#4075=ORIENTED_EDGE('',*,*,#8959,.T.);
#4076=ORIENTED_EDGE('',*,*,#9171,.F.);
#4077=ORIENTED_EDGE('',*,*,#9172,.F.);
#4078=CARTESIAN_POINT('',(2.23323699728556,-1.01824392269127,-5.09999999999801));
#4079=DIRECTION('',(0.913811548620245,0.406138466053475,0.0));
#4080=DIRECTION('',(0.0,0.0,-1.0));
#4081=ORIENTED_EDGE('',*,*,#9171,.T.);
#4082=ORIENTED_EDGE('',*,*,#8958,.T.);
#4083=ORIENTED_EDGE('',*,*,#9173,.T.);
#4084=ORIENTED_EDGE('',*,*,#9174,.F.);
#4085=CARTESIAN_POINT('',(1.86771237783756,-1.18069930911227,-5.09999999999801));
#4086=DIRECTION('',(-0.0,0.0,-1.0));
#4087=DIRECTION('',(-1.0,0.0,0.0));
#4088=ORIENTED_EDGE('',*,*,#9173,.F.);
#4089=ORIENTED_EDGE('',*,*,#8957,.T.);
#4090=ORIENTED_EDGE('',*,*,#9175,.F.);
#4091=ORIENTED_EDGE('',*,*,#9176,.F.);
#4092=CARTESIAN_POINT('',(4.16988383569556,-0.780699309112473,-1.499999999998));
#4093=DIRECTION('',(0.0,-1.0,0.0));
#4094=DIRECTION('',(0.0,0.0,-1.0));
#4095=ORIENTED_EDGE('',*,*,#9175,.T.);
#4096=ORIENTED_EDGE('',*,*,#8956,.T.);
#4097=ORIENTED_EDGE('',*,*,#9177,.T.);
#4098=ORIENTED_EDGE('',*,*,#9178,.F.);
#4099=CARTESIAN_POINT('',(1.68205529355356,-1.18069930911227,-5.09999999999801));
#4100=DIRECTION('',(-0.0,0.0,1.0));
#4101=DIRECTION('',(1.0,0.0,0.0));
#4102=ORIENTED_EDGE('',*,*,#9177,.F.);
#4103=ORIENTED_EDGE('',*,*,#8955,.T.);
#4104=ORIENTED_EDGE('',*,*,#9125,.F.);
#4105=ORIENTED_EDGE('',*,*,#9179,.F.);
#4106=CARTESIAN_POINT('',(1.19988383569556,-1.28069930911227,-5.09999999999801));
#4107=DIRECTION('',(-0.913811548620282,0.406138466053392,0.0));
#4108=DIRECTION('',(0.0,0.0,1.0));
#4109=ORIENTED_EDGE('',*,*,#9180,.F.);
#4110=ORIENTED_EDGE('',*,*,#9181,.T.);
#4111=ORIENTED_EDGE('',*,*,#9182,.F.);
#4112=ORIENTED_EDGE('',*,*,#9148,.T.);
#4113=CARTESIAN_POINT('',(1.68205529355356,-1.18069930911227,-5.09999999999801));
#4114=DIRECTION('',(-0.0,0.0,1.0));
#4115=DIRECTION('',(1.0,0.0,0.0));
#4116=ORIENTED_EDGE('',*,*,#9181,.F.);
#4117=ORIENTED_EDGE('',*,*,#9183,.T.);
#4118=ORIENTED_EDGE('',*,*,#9184,.F.);
#4119=ORIENTED_EDGE('',*,*,#9185,.F.);
#4120=CARTESIAN_POINT('',(1.86771237783756,-1.08069930911227,-5.09999999999801));
#4121=DIRECTION('',(0.0,-1.0,0.0));
#4122=DIRECTION('',(0.0,0.0,-1.0));
#4123=ORIENTED_EDGE('',*,*,#9186,.F.);
#4124=ORIENTED_EDGE('',*,*,#9166,.T.);
#4125=ORIENTED_EDGE('',*,*,#9187,.F.);
#4126=ORIENTED_EDGE('',*,*,#9184,.T.);
#4127=CARTESIAN_POINT('',(1.86771237783756,-1.18069930911227,-5.09999999999801));
#4128=DIRECTION('',(-0.0,0.0,-1.0));
#4129=DIRECTION('',(-1.0,0.0,0.0));
#4130=ORIENTED_EDGE('',*,*,#9188,.F.);
#4131=ORIENTED_EDGE('',*,*,#9189,.T.);
#4132=ORIENTED_EDGE('',*,*,#9014,.T.);
#4133=ORIENTED_EDGE('',*,*,#9190,.F.);
#4134=CARTESIAN_POINT('',(-1.39407809103044,-1.58069930911227,-5.09999999999801));
#4135=DIRECTION('',(-0.913811548620245,-0.406138466053475,0.0));
#4136=DIRECTION('',(-0.406138466053475,0.913811548620245,0.0));
#4137=ORIENTED_EDGE('',*,*,#8856,.F.);
#4138=ORIENTED_EDGE('',*,*,#9102,.F.);
#4139=ORIENTED_EDGE('',*,*,#9191,.F.);
#4140=ORIENTED_EDGE('',*,*,#9192,.F.);
#4141=CARTESIAN_POINT('',(-1.95832586130844,-1.14008546250727,-5.09999999999801));
#4142=DIRECTION('',(0.913811548620282,-0.406138466053392,0.0));
#4143=DIRECTION('',(0.0,0.0,-1.0));
#4144=ORIENTED_EDGE('',*,*,#9118,.F.);
#4145=ORIENTED_EDGE('',*,*,#8978,.T.);
#4146=ORIENTED_EDGE('',*,*,#9193,.F.);
#4147=ORIENTED_EDGE('',*,*,#9194,.F.);
#4148=CARTESIAN_POINT('',(-2.23446932589544,1.01684530446573,-5.239999999998));
#4149=DIRECTION('',(-0.913811548620245,-0.406138466053475,0.0));
#4150=DIRECTION('',(-0.406138466053475,0.913811548620245,0.0));
#4151=ORIENTED_EDGE('',*,*,#9195,.F.);
#4152=ORIENTED_EDGE('',*,*,#8974,.T.);
#4153=ORIENTED_EDGE('',*,*,#9116,.F.);
#4154=ORIENTED_EDGE('',*,*,#9196,.F.);
#4155=CARTESIAN_POINT('',(-1.20111616430444,1.27930069088773,-5.239999999998));
#4156=DIRECTION('',(0.913811548620282,-0.406138466053392,0.0));
#4157=DIRECTION('',(0.0,0.0,-1.0));
#4158=ORIENTED_EDGE('',*,*,#9197,.T.);
#4159=ORIENTED_EDGE('',*,*,#8975,.T.);
#4160=ORIENTED_EDGE('',*,*,#9195,.T.);
#4161=ORIENTED_EDGE('',*,*,#9198,.F.);
#4162=CARTESIAN_POINT('',(-1.68328762216244,1.17930069088773,-5.239999999998));
#4163=DIRECTION('',(0.0,0.0,1.0));
#4164=DIRECTION('',(-1.0,0.0,0.0));
#4165=ORIENTED_EDGE('',*,*,#9199,.F.);
#4166=ORIENTED_EDGE('',*,*,#8976,.T.);
#4167=ORIENTED_EDGE('',*,*,#9197,.F.);
#4168=ORIENTED_EDGE('',*,*,#9200,.F.);
#4169=CARTESIAN_POINT('',(1.86771237783756,0.779300690887527,-5.09999999999801));
#4170=DIRECTION('',(0.0,-1.0,0.0));
#4171=DIRECTION('',(0.0,0.0,-1.0));
#4172=ORIENTED_EDGE('',*,*,#9193,.T.);
#4173=ORIENTED_EDGE('',*,*,#8977,.T.);
#4174=ORIENTED_EDGE('',*,*,#9199,.T.);
#4175=ORIENTED_EDGE('',*,*,#9201,.F.);
#4176=CARTESIAN_POINT('',(-1.86894470644644,1.17930069088773,-5.239999999998));
#4177=DIRECTION('',(0.0,0.0,-1.0));
#4178=DIRECTION('',(1.0,0.0,0.0));
#4179=ORIENTED_EDGE('',*,*,#9202,.F.);
#4180=ORIENTED_EDGE('',*,*,#9093,.T.);
#4181=ORIENTED_EDGE('',*,*,#9203,.T.);
#4182=ORIENTED_EDGE('',*,*,#9204,.F.);
#4183=CARTESIAN_POINT('',(-2.15615423757744,1.57930069088773,-5.239999999998));
#4184=DIRECTION('',(0.913811548620245,0.406138466053475,0.0));
#4185=DIRECTION('',(0.0,0.0,-1.0));
#4186=ORIENTED_EDGE('',*,*,#8863,.T.);
#4187=ORIENTED_EDGE('',*,*,#9205,.F.);
#4188=ORIENTED_EDGE('',*,*,#9206,.F.);
#4189=ORIENTED_EDGE('',*,*,#8858,.T.);
#4190=CARTESIAN_POINT('',(-1.59190646730044,1.13868684428173,-5.239999999998));
#4191=DIRECTION('',(-0.913811548620282,0.406138466053392,0.0));
#4192=DIRECTION('',(0.0,0.0,1.0));
#4193=ORIENTED_EDGE('',*,*,#9096,.F.);
#4194=ORIENTED_EDGE('',*,*,#9207,.T.);
#4195=ORIENTED_EDGE('',*,*,#9208,.F.);
#4196=ORIENTED_EDGE('',*,*,#9158,.T.);
#4197=CARTESIAN_POINT('',(-1.68328762216244,1.17930069088773,-5.239999999998));
#4198=DIRECTION('',(0.0,0.0,1.0));
#4199=DIRECTION('',(-1.0,0.0,0.0));
#4200=ORIENTED_EDGE('',*,*,#9207,.F.);
#4201=ORIENTED_EDGE('',*,*,#9095,.T.);
#4202=ORIENTED_EDGE('',*,*,#9209,.F.);
#4203=ORIENTED_EDGE('',*,*,#9210,.F.);
#4204=CARTESIAN_POINT('',(1.68205529355356,1.07930069088773,-5.09999999999801));
#4205=DIRECTION('',(-0.0,1.0,0.0));
#4206=DIRECTION('',(1.0,0.0,0.0));
#4207=ORIENTED_EDGE('',*,*,#9094,.F.);
#4208=ORIENTED_EDGE('',*,*,#9202,.T.);
#4209=ORIENTED_EDGE('',*,*,#9211,.F.);
#4210=ORIENTED_EDGE('',*,*,#9209,.T.);
#4211=CARTESIAN_POINT('',(-1.86894470644644,1.17930069088773,-5.239999999998));
#4212=DIRECTION('',(0.0,0.0,-1.0));
#4213=DIRECTION('',(1.0,0.0,0.0));
#4214=ORIENTED_EDGE('',*,*,#9212,.F.);
#4215=ORIENTED_EDGE('',*,*,#9087,.T.);
#4216=ORIENTED_EDGE('',*,*,#9213,.T.);
#4217=ORIENTED_EDGE('',*,*,#9214,.F.);
#4218=CARTESIAN_POINT('',(1.39484576242256,1.57930069088773,-5.09999999999801));
#4219=DIRECTION('',(0.913811548620245,0.406138466053475,0.0));
#4220=DIRECTION('',(0.0,0.0,-1.0));
#4221=ORIENTED_EDGE('',*,*,#8877,.T.);
#4222=ORIENTED_EDGE('',*,*,#9215,.F.);
#4223=ORIENTED_EDGE('',*,*,#9216,.F.);
#4224=ORIENTED_EDGE('',*,*,#8867,.T.);
#4225=CARTESIAN_POINT('',(1.95909353269956,1.13868684428173,-5.09999999999801));
#4226=DIRECTION('',(-0.913811548620282,0.406138466053392,0.0));
#4227=DIRECTION('',(0.0,0.0,1.0));
#4228=ORIENTED_EDGE('',*,*,#9090,.F.);
#4229=ORIENTED_EDGE('',*,*,#9217,.T.);
#4230=ORIENTED_EDGE('',*,*,#9218,.F.);
#4231=ORIENTED_EDGE('',*,*,#9163,.T.);
#4232=CARTESIAN_POINT('',(1.86771237783756,1.17930069088773,-5.09999999999801));
#4233=DIRECTION('',(0.0,0.0,1.0));
#4234=DIRECTION('',(-1.0,0.0,0.0));
#4235=ORIENTED_EDGE('',*,*,#9112,.F.);
#4236=ORIENTED_EDGE('',*,*,#8970,.T.);
#4237=ORIENTED_EDGE('',*,*,#9219,.F.);
#4238=ORIENTED_EDGE('',*,*,#9220,.F.);
#4239=CARTESIAN_POINT('',(1.31653067410556,1.01684530446573,-5.09999999999801));
#4240=DIRECTION('',(-0.913811548620245,-0.406138466053475,0.0));
#4241=DIRECTION('',(-0.406138466053475,0.913811548620245,0.0));
#4242=ORIENTED_EDGE('',*,*,#9219,.T.);
#4243=ORIENTED_EDGE('',*,*,#8969,.T.);
#4244=ORIENTED_EDGE('',*,*,#9221,.T.);
#4245=ORIENTED_EDGE('',*,*,#9222,.F.);
#4246=CARTESIAN_POINT('',(1.68205529355356,1.17930069088773,-5.09999999999801));
#4247=DIRECTION('',(0.0,0.0,-1.0));
#4248=DIRECTION('',(1.0,0.0,0.0));
#4249=ORIENTED_EDGE('',*,*,#9221,.F.);
#4250=ORIENTED_EDGE('',*,*,#8968,.T.);
#4251=ORIENTED_EDGE('',*,*,#9223,.F.);
#4252=ORIENTED_EDGE('',*,*,#9224,.T.);
#4253=CARTESIAN_POINT('',(1.86771237783756,0.779300690887527,-5.09999999999801));
#4254=DIRECTION('',(0.0,-1.0,0.0));
#4255=DIRECTION('',(0.0,0.0,-1.0));
#4256=ORIENTED_EDGE('',*,*,#9223,.T.);
#4257=ORIENTED_EDGE('',*,*,#8967,.T.);
#4258=ORIENTED_EDGE('',*,*,#9225,.T.);
#4259=ORIENTED_EDGE('',*,*,#9226,.F.);
#4260=CARTESIAN_POINT('',(1.86771237783756,1.17930069088773,-5.09999999999801));
#4261=DIRECTION('',(0.0,0.0,1.0));
#4262=DIRECTION('',(-1.0,0.0,0.0));
#4263=ORIENTED_EDGE('',*,*,#9225,.F.);
#4264=ORIENTED_EDGE('',*,*,#8966,.T.);
#4265=ORIENTED_EDGE('',*,*,#9110,.F.);
#4266=ORIENTED_EDGE('',*,*,#9227,.F.);
#4267=CARTESIAN_POINT('',(2.34988383569556,1.27930069088773,-5.09999999999801));
#4268=DIRECTION('',(0.913811548620282,-0.406138466053392,0.0));
#4269=DIRECTION('',(0.0,0.0,-1.0));
#4270=ORIENTED_EDGE('',*,*,#9217,.F.);
#4271=ORIENTED_EDGE('',*,*,#9089,.T.);
#4272=ORIENTED_EDGE('',*,*,#9228,.F.);
#4273=ORIENTED_EDGE('',*,*,#9229,.T.);
#4274=CARTESIAN_POINT('',(1.68205529355356,1.07930069088773,-5.09999999999801));
#4275=DIRECTION('',(-0.0,1.0,0.0));
#4276=DIRECTION('',(1.0,0.0,0.0));
#4277=ORIENTED_EDGE('',*,*,#9088,.F.);
#4278=ORIENTED_EDGE('',*,*,#9212,.T.);
#4279=ORIENTED_EDGE('',*,*,#9230,.F.);
#4280=ORIENTED_EDGE('',*,*,#9228,.T.);
#4281=CARTESIAN_POINT('',(1.68205529355356,1.17930069088773,-5.09999999999801));
#4282=DIRECTION('',(0.0,0.0,-1.0));
#4283=DIRECTION('',(1.0,0.0,0.0));
#4284=ORIENTED_EDGE('',*,*,#8934,.T.);
#4285=ORIENTED_EDGE('',*,*,#9231,.T.);
#4286=ORIENTED_EDGE('',*,*,#9232,.F.);
#4287=ORIENTED_EDGE('',*,*,#9233,.T.);
#4288=CARTESIAN_POINT('',(-0.000116164307498491,0.604300690887527,-0.150000000000004));
#4289=DIRECTION('',(0.0,-1.0,0.0));
#4290=DIRECTION('',(0.0,0.0,-1.0));
#4291=ORIENTED_EDGE('',*,*,#9234,.F.);
#4292=ORIENTED_EDGE('',*,*,#9235,.T.);
#4293=ORIENTED_EDGE('',*,*,#9236,.F.);
#4294=ORIENTED_EDGE('',*,*,#9153,.T.);
#4295=CARTESIAN_POINT('',(-1.86694470644644,-1.18069930911227,-5.09999999999801));
#4296=DIRECTION('',(-0.0,0.0,1.0));
#4297=DIRECTION('',(1.0,0.0,0.0));
#4298=ORIENTED_EDGE('',*,*,#9235,.F.);
#4299=ORIENTED_EDGE('',*,*,#9237,.T.);
#4300=ORIENTED_EDGE('',*,*,#9238,.F.);
#4301=ORIENTED_EDGE('',*,*,#9239,.F.);
#4302=CARTESIAN_POINT('',(1.86771237783756,-1.08069930911227,-5.09999999999801));
#4303=DIRECTION('',(0.0,-1.0,0.0));
#4304=DIRECTION('',(0.0,0.0,-1.0));
#4305=ORIENTED_EDGE('',*,*,#9240,.F.);
#4306=ORIENTED_EDGE('',*,*,#9188,.T.);
#4307=ORIENTED_EDGE('',*,*,#9241,.F.);
#4308=ORIENTED_EDGE('',*,*,#9238,.T.);
#4309=CARTESIAN_POINT('',(-1.68128762216244,-1.18069930911227,-5.09999999999801));
#4310=DIRECTION('',(-0.0,0.0,-1.0));
#4311=DIRECTION('',(-1.0,0.0,0.0));
#4312=ORIENTED_EDGE('',*,*,#9122,.F.);
#4313=ORIENTED_EDGE('',*,*,#8947,.T.);
#4314=ORIENTED_EDGE('',*,*,#9242,.F.);
#4315=ORIENTED_EDGE('',*,*,#9243,.F.);
#4316=CARTESIAN_POINT('',(-1.31576300271444,-1.01824392269127,-5.09999999999801));
#4317=DIRECTION('',(0.913811548620245,0.406138466053475,0.0));
#4318=DIRECTION('',(0.0,0.0,-1.0));
#4319=ORIENTED_EDGE('',*,*,#9242,.T.);
#4320=ORIENTED_EDGE('',*,*,#8946,.T.);
#4321=ORIENTED_EDGE('',*,*,#9244,.T.);
#4322=ORIENTED_EDGE('',*,*,#9245,.F.);
#4323=CARTESIAN_POINT('',(-1.68128762216244,-1.18069930911227,-5.09999999999801));
#4324=DIRECTION('',(-0.0,0.0,-1.0));
#4325=DIRECTION('',(-1.0,0.0,0.0));
#4326=ORIENTED_EDGE('',*,*,#9244,.F.);
#4327=ORIENTED_EDGE('',*,*,#8945,.T.);
#4328=ORIENTED_EDGE('',*,*,#9246,.F.);
#4329=ORIENTED_EDGE('',*,*,#9247,.F.);
#4330=CARTESIAN_POINT('',(4.16988383569556,-0.780699309112473,-1.499999999998));
#4331=DIRECTION('',(0.0,-1.0,0.0));
#4332=DIRECTION('',(0.0,0.0,-1.0));
#4333=ORIENTED_EDGE('',*,*,#9246,.T.);
#4334=ORIENTED_EDGE('',*,*,#8944,.T.);
#4335=ORIENTED_EDGE('',*,*,#9248,.T.);
#4336=ORIENTED_EDGE('',*,*,#9249,.F.);
#4337=CARTESIAN_POINT('',(-1.86694470644644,-1.18069930911227,-5.09999999999801));
#4338=DIRECTION('',(-0.0,0.0,1.0));
#4339=DIRECTION('',(1.0,0.0,0.0));
#4340=ORIENTED_EDGE('',*,*,#9248,.F.);
#4341=ORIENTED_EDGE('',*,*,#8943,.T.);
#4342=ORIENTED_EDGE('',*,*,#9121,.F.);
#4343=ORIENTED_EDGE('',*,*,#9250,.F.);
#4344=CARTESIAN_POINT('',(-2.34911616430444,-1.28069930911227,-5.09999999999801));
#4345=DIRECTION('',(-0.913811548620282,0.406138466053392,0.0));
#4346=DIRECTION('',(0.0,0.0,1.0));
#4347=ORIENTED_EDGE('',*,*,#9079,.T.);
#4348=ORIENTED_EDGE('',*,*,#8781,.F.);
#4349=ORIENTED_EDGE('',*,*,#9251,.F.);
#4350=ORIENTED_EDGE('',*,*,#9252,.T.);
#4351=ORIENTED_EDGE('',*,*,#9253,.T.);
#4352=ORIENTED_EDGE('',*,*,#9254,.T.);
#4353=ORIENTED_EDGE('',*,*,#9255,.T.);
#4354=ORIENTED_EDGE('',*,*,#9256,.F.);
#4355=ORIENTED_EDGE('',*,*,#9139,.F.);
#4356=ORIENTED_EDGE('',*,*,#9082,.T.);
#4357=CARTESIAN_POINT('',(4.14488383569256,-1.29157940712442,-4.599999999998));
#4358=DIRECTION('',(0.0,-1.0,0.0));
#4359=DIRECTION('',(0.0,0.0,-1.0));
#4360=ORIENTED_EDGE('',*,*,#9257,.T.);
#4361=ORIENTED_EDGE('',*,*,#9258,.F.);
#4362=ORIENTED_EDGE('',*,*,#9259,.F.);
#4363=ORIENTED_EDGE('',*,*,#9255,.F.);
#4364=ORIENTED_EDGE('',*,*,#9260,.F.);
#4365=ORIENTED_EDGE('',*,*,#9261,.T.);
#4366=ORIENTED_EDGE('',*,*,#9262,.F.);
#4367=ORIENTED_EDGE('',*,*,#9002,.F.);
#4368=CARTESIAN_POINT('',(1.14988383569256,-1.24069930911227,-5.849999999998));
#4369=DIRECTION('',(0.0,0.0,1.0));
#4370=DIRECTION('',(1.0,0.0,0.0));
#4371=ORIENTED_EDGE('',*,*,#9263,.F.);
#4372=ORIENTED_EDGE('',*,*,#9264,.F.);
#4373=ORIENTED_EDGE('',*,*,#9265,.F.);
#4374=CARTESIAN_POINT('',(-2.85011548933102,-0.345702633918651,-0.388938781160003));
#4375=DIRECTION('',(-1.0,0.0,0.0));
#4376=DIRECTION('',(0.0,0.0,1.0));
#4377=ORIENTED_EDGE('',*,*,#9266,.T.);
#4378=ORIENTED_EDGE('',*,*,#9267,.T.);
#4379=ORIENTED_EDGE('',*,*,#9268,.T.);
#4380=ORIENTED_EDGE('',*,*,#9269,.F.);
#4381=ORIENTED_EDGE('',*,*,#9270,.F.);
#4382=ORIENTED_EDGE('',*,*,#9271,.T.);
#4383=ORIENTED_EDGE('',*,*,#9272,.F.);
#4384=ORIENTED_EDGE('',*,*,#9273,.T.);
#4385=ORIENTED_EDGE('',*,*,#9274,.T.);
#4386=ORIENTED_EDGE('',*,*,#9275,.F.);
#4387=ORIENTED_EDGE('',*,*,#9276,.T.);
#4388=ORIENTED_EDGE('',*,*,#9277,.F.);
#4389=ORIENTED_EDGE('',*,*,#9278,.F.);
#4390=ORIENTED_EDGE('',*,*,#9279,.T.);
#4391=ORIENTED_EDGE('',*,*,#9280,.F.);
#4392=ORIENTED_EDGE('',*,*,#9281,.T.);
#4393=ORIENTED_EDGE('',*,*,#9282,.F.);
#4394=ORIENTED_EDGE('',*,*,#9283,.F.);
#4395=ORIENTED_EDGE('',*,*,#9284,.T.);
#4396=ORIENTED_EDGE('',*,*,#9285,.F.);
#4397=ORIENTED_EDGE('',*,*,#9286,.F.);
#4398=ORIENTED_EDGE('',*,*,#9287,.F.);
#4399=ORIENTED_EDGE('',*,*,#9288,.F.);
#4400=ORIENTED_EDGE('',*,*,#9289,.F.);
#4401=ORIENTED_EDGE('',*,*,#9290,.F.);
#4402=ORIENTED_EDGE('',*,*,#9291,.T.);
#4403=ORIENTED_EDGE('',*,*,#9292,.T.);
#4404=ORIENTED_EDGE('',*,*,#9293,.F.);
#4405=ORIENTED_EDGE('',*,*,#9294,.T.);
#4406=ORIENTED_EDGE('',*,*,#9295,.T.);
#4407=ORIENTED_EDGE('',*,*,#9296,.T.);
#4408=ORIENTED_EDGE('',*,*,#9297,.T.);
#4409=ORIENTED_EDGE('',*,*,#9298,.T.);
#4410=ORIENTED_EDGE('',*,*,#9299,.T.);
#4411=ORIENTED_EDGE('',*,*,#9300,.T.);
#4412=ORIENTED_EDGE('',*,*,#9301,.F.);
#4413=ORIENTED_EDGE('',*,*,#9302,.F.);
#4414=ORIENTED_EDGE('',*,*,#9303,.F.);
#4415=ORIENTED_EDGE('',*,*,#9304,.T.);
#4416=ORIENTED_EDGE('',*,*,#9305,.F.);
#4417=ORIENTED_EDGE('',*,*,#9306,.F.);
#4418=ORIENTED_EDGE('',*,*,#9307,.T.);
#4419=ORIENTED_EDGE('',*,*,#9308,.T.);
#4420=ORIENTED_EDGE('',*,*,#9309,.F.);
#4421=ORIENTED_EDGE('',*,*,#9310,.F.);
#4422=ORIENTED_EDGE('',*,*,#9311,.F.);
#4423=ORIENTED_EDGE('',*,*,#9312,.T.);
#4424=ORIENTED_EDGE('',*,*,#9313,.F.);
#4425=ORIENTED_EDGE('',*,*,#9314,.F.);
#4426=ORIENTED_EDGE('',*,*,#9315,.T.);
#4427=ORIENTED_EDGE('',*,*,#9316,.T.);
#4428=ORIENTED_EDGE('',*,*,#9317,.F.);
#4429=ORIENTED_EDGE('',*,*,#9318,.T.);
#4430=ORIENTED_EDGE('',*,*,#9319,.T.);
#4431=ORIENTED_EDGE('',*,*,#9320,.T.);
#4432=ORIENTED_EDGE('',*,*,#9321,.T.);
#4433=ORIENTED_EDGE('',*,*,#9322,.T.);
#4434=ORIENTED_EDGE('',*,*,#9323,.T.);
#4435=ORIENTED_EDGE('',*,*,#9324,.T.);
#4436=ORIENTED_EDGE('',*,*,#9325,.F.);
#4437=ORIENTED_EDGE('',*,*,#9326,.T.);
#4438=ORIENTED_EDGE('',*,*,#9327,.T.);
#4439=ORIENTED_EDGE('',*,*,#9328,.T.);
#4440=ORIENTED_EDGE('',*,*,#9329,.T.);
#4441=ORIENTED_EDGE('',*,*,#9330,.T.);
#4442=ORIENTED_EDGE('',*,*,#9331,.T.);
#4443=ORIENTED_EDGE('',*,*,#9332,.T.);
#4444=ORIENTED_EDGE('',*,*,#9333,.F.);
#4445=ORIENTED_EDGE('',*,*,#9334,.T.);
#4446=ORIENTED_EDGE('',*,*,#9335,.T.);
#4447=ORIENTED_EDGE('',*,*,#9336,.T.);
#4448=ORIENTED_EDGE('',*,*,#9337,.T.);
#4449=ORIENTED_EDGE('',*,*,#9338,.T.);
#4450=ORIENTED_EDGE('',*,*,#9339,.T.);
#4451=ORIENTED_EDGE('',*,*,#9340,.T.);
#4452=ORIENTED_EDGE('',*,*,#9341,.F.);
#4453=ORIENTED_EDGE('',*,*,#9342,.T.);
#4454=ORIENTED_EDGE('',*,*,#9343,.T.);
#4455=ORIENTED_EDGE('',*,*,#9344,.F.);
#4456=ORIENTED_EDGE('',*,*,#9265,.T.);
#4457=CARTESIAN_POINT('',(-0.000116164307498491,0.329300690887528,-0.150000000000004));
#4458=DIRECTION('',(0.0,-1.0,0.0));
#4459=DIRECTION('',(0.0,0.0,-1.0));
#4460=ORIENTED_EDGE('',*,*,#9345,.T.);
#4461=ORIENTED_EDGE('',*,*,#9346,.T.);
#4462=ORIENTED_EDGE('',*,*,#9347,.F.);
#4463=ORIENTED_EDGE('',*,*,#9348,.F.);
#4464=ORIENTED_EDGE('',*,*,#9263,.T.);
#4465=ORIENTED_EDGE('',*,*,#9344,.T.);
#4466=CARTESIAN_POINT('',(12.3545438989056,0.0843006908855475,-0.738939636187005));
#4467=DIRECTION('',(1.0,-0.0,0.0));
#4468=DIRECTION('',(0.0,0.762414834309231,0.647088572318525));
#4469=ORIENTED_EDGE('',*,*,#9264,.T.);
#4470=ORIENTED_EDGE('',*,*,#9348,.T.);
#4471=ORIENTED_EDGE('',*,*,#9349,.T.);
#4472=ORIENTED_EDGE('',*,*,#9350,.F.);
#4473=ORIENTED_EDGE('',*,*,#9266,.F.);
#4474=CARTESIAN_POINT('',(-2.85011527556745,-0.345702532529277,-0.638938824515784));
#4475=DIRECTION('',(-0.985030387401472,-1.15486836016597E-13,0.172380787490095));
#4476=DIRECTION('',(-1.17241901867874E-13,1.0,-2.22796945919422E-30));
#4477=ORIENTED_EDGE('',*,*,#9350,.T.);
#4478=ORIENTED_EDGE('',*,*,#9351,.F.);
#4479=ORIENTED_EDGE('',*,*,#9352,.T.);
#4480=ORIENTED_EDGE('',*,*,#9267,.F.);
#4481=CARTESIAN_POINT('',(-2.88511554441644,0.294300410239427,-2.050621502071));
#4482=DIRECTION('',(1.0,0.0,0.0));
#4483=DIRECTION('',(0.0,1.0,0.0));
#4484=ORIENTED_EDGE('',*,*,#9353,.T.);
#4485=ORIENTED_EDGE('',*,*,#9354,.F.);
#4486=ORIENTED_EDGE('',*,*,#9355,.F.);
#4487=ORIENTED_EDGE('',*,*,#9356,.T.);
#4488=CARTESIAN_POINT('',(-2.88511554441644,0.294300410239427,-2.050621502071));
#4489=DIRECTION('',(1.0,0.0,0.0));
#4490=DIRECTION('',(0.0,1.0,0.0));
#4491=ORIENTED_EDGE('',*,*,#9357,.T.);
#4492=ORIENTED_EDGE('',*,*,#9358,.T.);
#4493=ORIENTED_EDGE('',*,*,#9268,.F.);
#4494=ORIENTED_EDGE('',*,*,#9352,.F.);
#4495=CARTESIAN_POINT('',(3.34488383569256,0.604300690887527,-2.99999999999801));
#4496=DIRECTION('',(0.0,0.0,1.0));
#4497=DIRECTION('',(1.0,0.0,0.0));
#4498=ORIENTED_EDGE('',*,*,#9340,.F.);
#4499=ORIENTED_EDGE('',*,*,#9359,.F.);
#4500=ORIENTED_EDGE('',*,*,#9360,.T.);
#4501=ORIENTED_EDGE('',*,*,#9361,.T.);
#4502=CARTESIAN_POINT('',(3.34488383569256,0.604300690887527,-2.99999999999801));
#4503=DIRECTION('',(0.0,0.0,1.0));
#4504=DIRECTION('',(1.0,0.0,0.0));
#4505=ORIENTED_EDGE('',*,*,#9332,.F.);
#4506=ORIENTED_EDGE('',*,*,#9362,.F.);
#4507=ORIENTED_EDGE('',*,*,#9363,.T.);
#4508=ORIENTED_EDGE('',*,*,#9364,.T.);
#4509=CARTESIAN_POINT('',(3.34488383569256,0.604300690887527,-2.99999999999801));
#4510=DIRECTION('',(0.0,0.0,1.0));
#4511=DIRECTION('',(1.0,0.0,0.0));
#4512=ORIENTED_EDGE('',*,*,#9324,.F.);
#4513=ORIENTED_EDGE('',*,*,#9365,.F.);
#4514=ORIENTED_EDGE('',*,*,#9366,.T.);
#4515=ORIENTED_EDGE('',*,*,#9367,.T.);
#4516=CARTESIAN_POINT('',(3.34488383569256,0.604300690887527,-2.99999999999801));
#4517=DIRECTION('',(0.0,0.0,1.0));
#4518=DIRECTION('',(1.0,0.0,0.0));
#4519=ORIENTED_EDGE('',*,*,#9316,.F.);
#4520=ORIENTED_EDGE('',*,*,#9368,.F.);
#4521=ORIENTED_EDGE('',*,*,#9369,.T.);
#4522=ORIENTED_EDGE('',*,*,#9370,.T.);
#4523=CARTESIAN_POINT('',(3.34488383569256,0.604300690887527,-2.99999999999801));
#4524=DIRECTION('',(0.0,0.0,1.0));
#4525=DIRECTION('',(1.0,0.0,0.0));
#4526=ORIENTED_EDGE('',*,*,#9308,.F.);
#4527=ORIENTED_EDGE('',*,*,#9371,.F.);
#4528=ORIENTED_EDGE('',*,*,#9372,.T.);
#4529=ORIENTED_EDGE('',*,*,#9373,.T.);
#4530=CARTESIAN_POINT('',(3.34488383569256,0.604300690887527,-2.99999999999801));
#4531=DIRECTION('',(0.0,0.0,1.0));
#4532=DIRECTION('',(1.0,0.0,0.0));
#4533=ORIENTED_EDGE('',*,*,#9300,.F.);
#4534=ORIENTED_EDGE('',*,*,#9374,.F.);
#4535=ORIENTED_EDGE('',*,*,#9375,.T.);
#4536=ORIENTED_EDGE('',*,*,#9376,.T.);
#4537=CARTESIAN_POINT('',(3.34488383569256,0.604300690887527,-2.99999999999801));
#4538=DIRECTION('',(0.0,0.0,1.0));
#4539=DIRECTION('',(1.0,0.0,0.0));
#4540=ORIENTED_EDGE('',*,*,#9292,.F.);
#4541=ORIENTED_EDGE('',*,*,#9377,.F.);
#4542=ORIENTED_EDGE('',*,*,#9378,.T.);
#4543=ORIENTED_EDGE('',*,*,#9379,.T.);
#4544=CARTESIAN_POINT('',(3.34488383569256,0.604300690887527,-2.99999999999801));
#4545=DIRECTION('',(0.0,0.0,1.0));
#4546=DIRECTION('',(1.0,0.0,0.0));
#4547=ORIENTED_EDGE('',*,*,#9284,.F.);
#4548=ORIENTED_EDGE('',*,*,#9380,.F.);
#4549=ORIENTED_EDGE('',*,*,#9381,.T.);
#4550=ORIENTED_EDGE('',*,*,#9382,.T.);
#4551=CARTESIAN_POINT('',(3.34488383569256,0.604300690887527,-2.99999999999801));
#4552=DIRECTION('',(0.0,0.0,1.0));
#4553=DIRECTION('',(1.0,0.0,0.0));
#4554=ORIENTED_EDGE('',*,*,#9383,.T.);
#4555=ORIENTED_EDGE('',*,*,#9384,.T.);
#4556=ORIENTED_EDGE('',*,*,#9269,.T.);
#4557=ORIENTED_EDGE('',*,*,#9358,.F.);
#4558=ORIENTED_EDGE('',*,*,#9385,.T.);
#4559=ORIENTED_EDGE('',*,*,#9386,.T.);
#4560=ORIENTED_EDGE('',*,*,#9387,.T.);
#4561=ORIENTED_EDGE('',*,*,#9388,.T.);
#4562=ORIENTED_EDGE('',*,*,#9389,.F.);
#4563=ORIENTED_EDGE('',*,*,#9390,.F.);
#4564=ORIENTED_EDGE('',*,*,#9391,.T.);
#4565=ORIENTED_EDGE('',*,*,#9392,.T.);
#4566=CARTESIAN_POINT('',(-3.22011616430744,0.004300690887514,-2.99999999999801));
#4567=DIRECTION('',(-0.624695047554424,0.0,0.78086880944303));
#4568=DIRECTION('',(0.0,1.0,0.0));
#4569=ORIENTED_EDGE('',*,*,#9393,.T.);
#4570=ORIENTED_EDGE('',*,*,#9394,.F.);
#4571=ORIENTED_EDGE('',*,*,#9395,.T.);
#4572=ORIENTED_EDGE('',*,*,#9392,.F.);
#4573=CARTESIAN_POINT('',(-3.19511616430744,-4.48666330911227,-2.72679491924101));
#4574=DIRECTION('',(0.0,-1.0,0.0));
#4575=DIRECTION('',(1.0,0.0,0.0));
#4576=ORIENTED_EDGE('',*,*,#9396,.F.);
#4577=ORIENTED_EDGE('',*,*,#9397,.F.);
#4578=ORIENTED_EDGE('',*,*,#9270,.T.);
#4579=ORIENTED_EDGE('',*,*,#9384,.F.);
#4580=CARTESIAN_POINT('',(-3.19511616430744,-4.48666330911227,-2.72679491924101));
#4581=DIRECTION('',(0.0,-1.0,0.0));
#4582=DIRECTION('',(1.0,0.0,0.0));
#4583=ORIENTED_EDGE('',*,*,#9398,.F.);
#4584=ORIENTED_EDGE('',*,*,#9399,.T.);
#4585=ORIENTED_EDGE('',*,*,#9400,.F.);
#4586=ORIENTED_EDGE('',*,*,#9401,.T.);
#4587=ORIENTED_EDGE('',*,*,#9402,.F.);
#4588=ORIENTED_EDGE('',*,*,#9403,.T.);
#4589=ORIENTED_EDGE('',*,*,#9404,.T.);
#4590=ORIENTED_EDGE('',*,*,#9405,.T.);
#4591=ORIENTED_EDGE('',*,*,#9406,.T.);
#4592=ORIENTED_EDGE('',*,*,#9407,.T.);
#4593=ORIENTED_EDGE('',*,*,#9408,.F.);
#4594=ORIENTED_EDGE('',*,*,#9409,.T.);
#4595=ORIENTED_EDGE('',*,*,#9410,.F.);
#4596=CARTESIAN_POINT('',(-3.00230103370944,-0.070699309076871,-0.875400236301005));
#4597=DIRECTION('',(-0.0,1.0,0.0));
#4598=DIRECTION('',(1.0,0.0,0.0));
#4599=ORIENTED_EDGE('',*,*,#9411,.F.);
#4600=ORIENTED_EDGE('',*,*,#9412,.T.);
#4601=ORIENTED_EDGE('',*,*,#9413,.F.);
#4602=ORIENTED_EDGE('',*,*,#9414,.F.);
#4603=ORIENTED_EDGE('',*,*,#9415,.F.);
#4604=ORIENTED_EDGE('',*,*,#9416,.F.);
#4605=ORIENTED_EDGE('',*,*,#9417,.T.);
#4606=ORIENTED_EDGE('',*,*,#9418,.T.);
#4607=ORIENTED_EDGE('',*,*,#9419,.T.);
#4608=ORIENTED_EDGE('',*,*,#9420,.T.);
#4609=ORIENTED_EDGE('',*,*,#8741,.T.);
#4610=ORIENTED_EDGE('',*,*,#9421,.F.);
#4611=ORIENTED_EDGE('',*,*,#9395,.F.);
#4612=CARTESIAN_POINT('',(-3.00230103370944,-0.070699309076871,-0.875400236301005));
#4613=DIRECTION('',(-0.0,1.0,0.0));
#4614=DIRECTION('',(1.0,0.0,0.0));
#4615=ORIENTED_EDGE('',*,*,#9410,.T.);
#4616=ORIENTED_EDGE('',*,*,#9422,.T.);
#4617=ORIENTED_EDGE('',*,*,#9423,.T.);
#4618=ORIENTED_EDGE('',*,*,#9424,.T.);
#4619=CARTESIAN_POINT('',(3.24488383569256,0.329300690887528,-1.319999999998));
#4620=DIRECTION('',(1.0,0.0,0.0));
#4621=DIRECTION('',(0.0,1.0,0.0));
#4622=ORIENTED_EDGE('',*,*,#9278,.T.);
#4623=ORIENTED_EDGE('',*,*,#9425,.T.);
#4624=ORIENTED_EDGE('',*,*,#9426,.F.);
#4625=ORIENTED_EDGE('',*,*,#9427,.T.);
#4626=CARTESIAN_POINT('',(3.24488383569256,0.329300690887528,-1.319999999998));
#4627=DIRECTION('',(1.0,0.0,0.0));
#4628=DIRECTION('',(0.0,1.0,0.0));
#4629=ORIENTED_EDGE('',*,*,#9428,.T.);
#4630=ORIENTED_EDGE('',*,*,#9429,.T.);
#4631=ORIENTED_EDGE('',*,*,#9398,.T.);
#4632=ORIENTED_EDGE('',*,*,#9424,.F.);
#4633=CARTESIAN_POINT('',(2.99488383569256,0.329300690887528,-1.319999999998));
#4634=DIRECTION('',(0.0,0.0,-1.0));
#4635=DIRECTION('',(0.0,-1.0,0.0));
#4636=ORIENTED_EDGE('',*,*,#9430,.F.);
#4637=ORIENTED_EDGE('',*,*,#9431,.T.);
#4638=ORIENTED_EDGE('',*,*,#9279,.F.);
#4639=ORIENTED_EDGE('',*,*,#9427,.F.);
#4640=CARTESIAN_POINT('',(2.99488383569256,0.329300690887528,-1.319999999998));
#4641=DIRECTION('',(0.0,0.0,-1.0));
#4642=DIRECTION('',(0.0,-1.0,0.0));
#4643=ORIENTED_EDGE('',*,*,#9432,.T.);
#4644=ORIENTED_EDGE('',*,*,#9433,.F.);
#4645=ORIENTED_EDGE('',*,*,#9399,.F.);
#4646=ORIENTED_EDGE('',*,*,#9429,.F.);
#4647=CARTESIAN_POINT('',(3.19488383569256,2.16862069088773,-1.51999999999801));
#4648=DIRECTION('',(0.0,1.0,-0.0));
#4649=DIRECTION('',(0.0,0.0,1.0));
#4650=ORIENTED_EDGE('',*,*,#9434,.T.);
#4651=ORIENTED_EDGE('',*,*,#9435,.F.);
#4652=ORIENTED_EDGE('',*,*,#9280,.T.);
#4653=ORIENTED_EDGE('',*,*,#9431,.F.);
#4654=CARTESIAN_POINT('',(3.19488383569256,2.16862069088773,-1.51999999999801));
#4655=DIRECTION('',(0.0,1.0,-0.0));
#4656=DIRECTION('',(0.0,0.0,1.0));
#4657=ORIENTED_EDGE('',*,*,#9436,.F.);
#4658=ORIENTED_EDGE('',*,*,#9437,.T.);
#4659=ORIENTED_EDGE('',*,*,#9281,.F.);
#4660=ORIENTED_EDGE('',*,*,#9435,.T.);
#4661=CARTESIAN_POINT('',(2.99488383569256,0.329300690887528,-2.899999999998));
#4662=DIRECTION('',(1.0,0.0,0.0));
#4663=DIRECTION('',(0.0,1.0,0.0));
#4664=ORIENTED_EDGE('',*,*,#9438,.T.);
#4665=ORIENTED_EDGE('',*,*,#9439,.T.);
#4666=ORIENTED_EDGE('',*,*,#9400,.T.);
#4667=ORIENTED_EDGE('',*,*,#9433,.T.);
#4668=CARTESIAN_POINT('',(2.99488383569256,0.329300690887528,-2.899999999998));
#4669=DIRECTION('',(1.0,0.0,0.0));
#4670=DIRECTION('',(0.0,1.0,0.0));
#4671=ORIENTED_EDGE('',*,*,#9440,.T.);
#4672=ORIENTED_EDGE('',*,*,#9441,.F.);
#4673=ORIENTED_EDGE('',*,*,#9401,.F.);
#4674=ORIENTED_EDGE('',*,*,#9439,.F.);
#4675=CARTESIAN_POINT('',(3.19488383569256,4.49526469088773,-2.72679491924101));
#4676=DIRECTION('',(0.0,1.0,-0.0));
#4677=DIRECTION('',(-1.0,0.0,0.0));
#4678=ORIENTED_EDGE('',*,*,#9442,.T.);
#4679=ORIENTED_EDGE('',*,*,#9443,.F.);
#4680=ORIENTED_EDGE('',*,*,#9282,.T.);
#4681=ORIENTED_EDGE('',*,*,#9437,.F.);
#4682=CARTESIAN_POINT('',(3.19488383569256,4.49526469088773,-2.72679491924101));
#4683=DIRECTION('',(0.0,1.0,-0.0));
#4684=DIRECTION('',(-1.0,0.0,0.0));
#4685=ORIENTED_EDGE('',*,*,#9444,.T.);
#4686=ORIENTED_EDGE('',*,*,#9441,.T.);
#4687=ORIENTED_EDGE('',*,*,#9445,.T.);
#4688=ORIENTED_EDGE('',*,*,#9446,.T.);
#4689=ORIENTED_EDGE('',*,*,#9447,.F.);
#4690=ORIENTED_EDGE('',*,*,#9448,.T.);
#4691=ORIENTED_EDGE('',*,*,#9449,.F.);
#4692=ORIENTED_EDGE('',*,*,#9450,.T.);
#4693=ORIENTED_EDGE('',*,*,#9451,.F.);
#4694=ORIENTED_EDGE('',*,*,#9380,.T.);
#4695=ORIENTED_EDGE('',*,*,#9283,.T.);
#4696=ORIENTED_EDGE('',*,*,#9443,.T.);
#4697=CARTESIAN_POINT('',(3.21988383569256,0.004300690887514,-2.99999999999801));
#4698=DIRECTION('',(0.624695047554424,0.0,0.78086880944303));
#4699=DIRECTION('',(0.0,-1.0,0.0));
#4700=ORIENTED_EDGE('',*,*,#9381,.F.);
#4701=ORIENTED_EDGE('',*,*,#9451,.T.);
#4702=ORIENTED_EDGE('',*,*,#9452,.T.);
#4703=ORIENTED_EDGE('',*,*,#9232,.T.);
#4704=ORIENTED_EDGE('',*,*,#9453,.T.);
#4705=ORIENTED_EDGE('',*,*,#9385,.F.);
#4706=ORIENTED_EDGE('',*,*,#9357,.F.);
#4707=ORIENTED_EDGE('',*,*,#9454,.F.);
#4708=ORIENTED_EDGE('',*,*,#9360,.F.);
#4709=ORIENTED_EDGE('',*,*,#9455,.F.);
#4710=ORIENTED_EDGE('',*,*,#9363,.F.);
#4711=ORIENTED_EDGE('',*,*,#9456,.F.);
#4712=ORIENTED_EDGE('',*,*,#9366,.F.);
#4713=ORIENTED_EDGE('',*,*,#9457,.F.);
#4714=ORIENTED_EDGE('',*,*,#9369,.F.);
#4715=ORIENTED_EDGE('',*,*,#9458,.F.);
#4716=ORIENTED_EDGE('',*,*,#9372,.F.);
#4717=ORIENTED_EDGE('',*,*,#9459,.F.);
#4718=ORIENTED_EDGE('',*,*,#9375,.F.);
#4719=ORIENTED_EDGE('',*,*,#9460,.F.);
#4720=ORIENTED_EDGE('',*,*,#9378,.F.);
#4721=ORIENTED_EDGE('',*,*,#9461,.F.);
#4722=CARTESIAN_POINT('',(-0.000116164307498491,0.479300690887528,-3.099999999998));
#4723=DIRECTION('',(0.0,0.624695047554424,0.78086880944303));
#4724=DIRECTION('',(1.0,-0.0,0.0));
#4725=ORIENTED_EDGE('',*,*,#9462,.T.);
#4726=ORIENTED_EDGE('',*,*,#9463,.F.);
#4727=ORIENTED_EDGE('',*,*,#9464,.T.);
#4728=ORIENTED_EDGE('',*,*,#9465,.F.);
#4729=ORIENTED_EDGE('',*,*,#9466,.T.);
#4730=ORIENTED_EDGE('',*,*,#9461,.T.);
#4731=CARTESIAN_POINT('',(-3.02261617306544,0.354300690889628,-3.54331135545));
#4732=DIRECTION('',(0.0,-1.0,0.0));
#4733=DIRECTION('',(0.0,0.0,-1.0));
#4734=ORIENTED_EDGE('',*,*,#9467,.T.);
#4735=ORIENTED_EDGE('',*,*,#9468,.T.);
#4736=ORIENTED_EDGE('',*,*,#9469,.F.);
#4737=ORIENTED_EDGE('',*,*,#9470,.T.);
#4738=ORIENTED_EDGE('',*,*,#9471,.T.);
#4739=ORIENTED_EDGE('',*,*,#9460,.T.);
#4740=CARTESIAN_POINT('',(-3.02261617306544,0.354300690889628,-3.54331135545));
#4741=DIRECTION('',(0.0,-1.0,0.0));
#4742=DIRECTION('',(0.0,0.0,-1.0));
#4743=ORIENTED_EDGE('',*,*,#9472,.T.);
#4744=ORIENTED_EDGE('',*,*,#9473,.F.);
#4745=ORIENTED_EDGE('',*,*,#9474,.T.);
#4746=ORIENTED_EDGE('',*,*,#9475,.F.);
#4747=ORIENTED_EDGE('',*,*,#9476,.T.);
#4748=ORIENTED_EDGE('',*,*,#9459,.T.);
#4749=CARTESIAN_POINT('',(-3.02261617306544,0.354300690889628,-3.54331135545));
#4750=DIRECTION('',(0.0,-1.0,0.0));
#4751=DIRECTION('',(0.0,0.0,-1.0));
#4752=ORIENTED_EDGE('',*,*,#9477,.T.);
#4753=ORIENTED_EDGE('',*,*,#9478,.F.);
#4754=ORIENTED_EDGE('',*,*,#9479,.T.);
#4755=ORIENTED_EDGE('',*,*,#9480,.F.);
#4756=ORIENTED_EDGE('',*,*,#9481,.T.);
#4757=ORIENTED_EDGE('',*,*,#9458,.T.);
#4758=CARTESIAN_POINT('',(-3.02261617306544,0.354300690889628,-3.54331135545));
#4759=DIRECTION('',(0.0,-1.0,0.0));
#4760=DIRECTION('',(0.0,0.0,-1.0));
#4761=ORIENTED_EDGE('',*,*,#9482,.T.);
#4762=ORIENTED_EDGE('',*,*,#9483,.F.);
#4763=ORIENTED_EDGE('',*,*,#9484,.T.);
#4764=ORIENTED_EDGE('',*,*,#9485,.F.);
#4765=ORIENTED_EDGE('',*,*,#9486,.T.);
#4766=ORIENTED_EDGE('',*,*,#9457,.T.);
#4767=CARTESIAN_POINT('',(-3.02261617306544,0.354300690889628,-3.54331135545));
#4768=DIRECTION('',(0.0,-1.0,0.0));
#4769=DIRECTION('',(0.0,0.0,-1.0));
#4770=ORIENTED_EDGE('',*,*,#9487,.T.);
#4771=ORIENTED_EDGE('',*,*,#9488,.F.);
#4772=ORIENTED_EDGE('',*,*,#9489,.T.);
#4773=ORIENTED_EDGE('',*,*,#9490,.F.);
#4774=ORIENTED_EDGE('',*,*,#9491,.T.);
#4775=ORIENTED_EDGE('',*,*,#9456,.T.);
#4776=CARTESIAN_POINT('',(-3.02261617306544,0.354300690889628,-3.54331135545));
#4777=DIRECTION('',(0.0,-1.0,0.0));
#4778=DIRECTION('',(0.0,0.0,-1.0));
#4779=ORIENTED_EDGE('',*,*,#9492,.T.);
#4780=ORIENTED_EDGE('',*,*,#9493,.F.);
#4781=ORIENTED_EDGE('',*,*,#9494,.F.);
#4782=ORIENTED_EDGE('',*,*,#9495,.T.);
#4783=ORIENTED_EDGE('',*,*,#9496,.T.);
#4784=ORIENTED_EDGE('',*,*,#9455,.T.);
#4785=CARTESIAN_POINT('',(-3.02261617306544,0.354300690889628,-3.54331135545));
#4786=DIRECTION('',(0.0,-1.0,0.0));
#4787=DIRECTION('',(0.0,0.0,-1.0));
#4788=ORIENTED_EDGE('',*,*,#9351,.T.);
#4789=ORIENTED_EDGE('',*,*,#9349,.F.);
#4790=ORIENTED_EDGE('',*,*,#9347,.T.);
#4791=ORIENTED_EDGE('',*,*,#9497,.F.);
#4792=ORIENTED_EDGE('',*,*,#9498,.T.);
#4793=ORIENTED_EDGE('',*,*,#9454,.T.);
#4794=CARTESIAN_POINT('',(-3.02261617306544,0.354300690889628,-3.54331135545));
#4795=DIRECTION('',(0.0,-1.0,0.0));
#4796=DIRECTION('',(0.0,0.0,-1.0));
#4797=ORIENTED_EDGE('',*,*,#9382,.F.);
#4798=ORIENTED_EDGE('',*,*,#9466,.F.);
#4799=ORIENTED_EDGE('',*,*,#9499,.F.);
#4800=ORIENTED_EDGE('',*,*,#9285,.T.);
#4801=CARTESIAN_POINT('',(2.88488321580756,0.294300410239427,-2.050621502071));
#4802=DIRECTION('',(1.0,0.0,0.0));
#4803=DIRECTION('',(0.0,1.0,0.0));
#4804=ORIENTED_EDGE('',*,*,#9500,.T.);
#4805=ORIENTED_EDGE('',*,*,#9501,.T.);
#4806=ORIENTED_EDGE('',*,*,#9502,.F.);
#4807=ORIENTED_EDGE('',*,*,#9503,.T.);
#4808=CARTESIAN_POINT('',(2.88488321580756,0.294300410239427,-2.050621502071));
#4809=DIRECTION('',(1.0,0.0,0.0));
#4810=DIRECTION('',(0.0,1.0,0.0));
#4811=ORIENTED_EDGE('',*,*,#9499,.T.);
#4812=ORIENTED_EDGE('',*,*,#9465,.T.);
#4813=ORIENTED_EDGE('',*,*,#9504,.F.);
#4814=ORIENTED_EDGE('',*,*,#9505,.F.);
#4815=ORIENTED_EDGE('',*,*,#9286,.T.);
#4816=CARTESIAN_POINT('',(2.84988294695257,-0.345702532528777,-0.638938824515784));
#4817=DIRECTION('',(-0.985030387401472,-5.99730906531983E-14,-0.172380787490095));
#4818=DIRECTION('',(-0.172380787490095,1.70453775618848E-30,0.985030387401472));
#4819=ORIENTED_EDGE('',*,*,#9505,.T.);
#4820=ORIENTED_EDGE('',*,*,#9506,.F.);
#4821=ORIENTED_EDGE('',*,*,#9287,.T.);
#4822=CARTESIAN_POINT('',(2.84988316071608,-0.34570263391815,-0.388938781160003));
#4823=DIRECTION('',(-1.0,0.0,0.0));
#4824=DIRECTION('',(0.0,0.0,1.0));
#4825=ORIENTED_EDGE('',*,*,#9506,.T.);
#4826=ORIENTED_EDGE('',*,*,#9504,.T.);
#4827=ORIENTED_EDGE('',*,*,#9464,.F.);
#4828=ORIENTED_EDGE('',*,*,#9507,.F.);
#4829=ORIENTED_EDGE('',*,*,#9508,.T.);
#4830=ORIENTED_EDGE('',*,*,#9288,.T.);
#4831=CARTESIAN_POINT('',(12.3545438989056,0.0843006908855475,-0.738939636187005));
#4832=DIRECTION('',(1.0,-0.0,0.0));
#4833=DIRECTION('',(0.0,0.762414834309231,0.647088572318525));
#4834=ORIENTED_EDGE('',*,*,#9508,.F.);
#4835=ORIENTED_EDGE('',*,*,#9509,.F.);
#4836=ORIENTED_EDGE('',*,*,#9289,.T.);
#4837=CARTESIAN_POINT('',(2.64988316071607,-0.34570255194895,-0.638938781160003));
#4838=DIRECTION('',(1.0,0.0,0.0));
#4839=DIRECTION('',(0.0,1.0,0.0));
#4840=ORIENTED_EDGE('',*,*,#9509,.T.);
#4841=ORIENTED_EDGE('',*,*,#9507,.T.);
#4842=ORIENTED_EDGE('',*,*,#9463,.T.);
#4843=ORIENTED_EDGE('',*,*,#9510,.T.);
#4844=ORIENTED_EDGE('',*,*,#9290,.T.);
#4845=CARTESIAN_POINT('',(2.61488329575945,-0.345702474235841,-0.838938729366665));
#4846=DIRECTION('',(0.985030387401472,1.15486836016597E-13,-0.172380787490095));
#4847=DIRECTION('',(-1.27312193630327E-29,-1.0,-6.69951899501752E-13));
#4848=ORIENTED_EDGE('',*,*,#9510,.F.);
#4849=ORIENTED_EDGE('',*,*,#9462,.F.);
#4850=ORIENTED_EDGE('',*,*,#9377,.T.);
#4851=ORIENTED_EDGE('',*,*,#9291,.F.);
#4852=CARTESIAN_POINT('',(2.61488355481056,-0.425701270128673,-4.45188528320001));
#4853=DIRECTION('',(-1.0,0.0,0.0));
#4854=DIRECTION('',(0.0,0.0,1.0));
#4855=ORIENTED_EDGE('',*,*,#9511,.T.);
#4856=ORIENTED_EDGE('',*,*,#9512,.T.);
#4857=ORIENTED_EDGE('',*,*,#9513,.T.);
#4858=ORIENTED_EDGE('',*,*,#9514,.F.);
#4859=ORIENTED_EDGE('',*,*,#9515,.T.);
#4860=ORIENTED_EDGE('',*,*,#9503,.F.);
#4861=ORIENTED_EDGE('',*,*,#9516,.T.);
#4862=ORIENTED_EDGE('',*,*,#9445,.F.);
#4863=ORIENTED_EDGE('',*,*,#9440,.F.);
#4864=ORIENTED_EDGE('',*,*,#9438,.F.);
#4865=ORIENTED_EDGE('',*,*,#9432,.F.);
#4866=ORIENTED_EDGE('',*,*,#9428,.F.);
#4867=ORIENTED_EDGE('',*,*,#9423,.F.);
#4868=ORIENTED_EDGE('',*,*,#9517,.T.);
#4869=ORIENTED_EDGE('',*,*,#9518,.F.);
#4870=ORIENTED_EDGE('',*,*,#9519,.T.);
#4871=ORIENTED_EDGE('',*,*,#9520,.F.);
#4872=ORIENTED_EDGE('',*,*,#9521,.F.);
#4873=ORIENTED_EDGE('',*,*,#9522,.F.);
#4874=ORIENTED_EDGE('',*,*,#9523,.F.);
#4875=ORIENTED_EDGE('',*,*,#9393,.F.);
#4876=ORIENTED_EDGE('',*,*,#9391,.F.);
#4877=ORIENTED_EDGE('',*,*,#9524,.T.);
#4878=ORIENTED_EDGE('',*,*,#9356,.F.);
#4879=ORIENTED_EDGE('',*,*,#9525,.F.);
#4880=ORIENTED_EDGE('',*,*,#9526,.T.);
#4881=ORIENTED_EDGE('',*,*,#9527,.T.);
#4882=ORIENTED_EDGE('',*,*,#9528,.F.);
#4883=ORIENTED_EDGE('',*,*,#9529,.F.);
#4884=ORIENTED_EDGE('',*,*,#9530,.F.);
#4885=ORIENTED_EDGE('',*,*,#9531,.F.);
#4886=ORIENTED_EDGE('',*,*,#9532,.F.);
#4887=ORIENTED_EDGE('',*,*,#9533,.T.);
#4888=ORIENTED_EDGE('',*,*,#9534,.T.);
#4889=ORIENTED_EDGE('',*,*,#9535,.T.);
#4890=ORIENTED_EDGE('',*,*,#9536,.F.);
#4891=ORIENTED_EDGE('',*,*,#9537,.T.);
#4892=ORIENTED_EDGE('',*,*,#9538,.F.);
#4893=ORIENTED_EDGE('',*,*,#9539,.T.);
#4894=ORIENTED_EDGE('',*,*,#9540,.F.);
#4895=ORIENTED_EDGE('',*,*,#9541,.F.);
#4896=ORIENTED_EDGE('',*,*,#9542,.F.);
#4897=ORIENTED_EDGE('',*,*,#9543,.T.);
#4898=ORIENTED_EDGE('',*,*,#9544,.F.);
#4899=ORIENTED_EDGE('',*,*,#9545,.F.);
#4900=ORIENTED_EDGE('',*,*,#9546,.F.);
#4901=ORIENTED_EDGE('',*,*,#9547,.T.);
#4902=ORIENTED_EDGE('',*,*,#9548,.F.);
#4903=ORIENTED_EDGE('',*,*,#9549,.F.);
#4904=ORIENTED_EDGE('',*,*,#9550,.F.);
#4905=ORIENTED_EDGE('',*,*,#9551,.T.);
#4906=ORIENTED_EDGE('',*,*,#9552,.F.);
#4907=ORIENTED_EDGE('',*,*,#9553,.F.);
#4908=ORIENTED_EDGE('',*,*,#9554,.F.);
#4909=ORIENTED_EDGE('',*,*,#9555,.T.);
#4910=ORIENTED_EDGE('',*,*,#9556,.F.);
#4911=ORIENTED_EDGE('',*,*,#9557,.T.);
#4912=ORIENTED_EDGE('',*,*,#9558,.T.);
#4913=ORIENTED_EDGE('',*,*,#9559,.T.);
#4914=ORIENTED_EDGE('',*,*,#9560,.T.);
#4915=ORIENTED_EDGE('',*,*,#9561,.T.);
#4916=ORIENTED_EDGE('',*,*,#9562,.F.);
#4917=ORIENTED_EDGE('',*,*,#9563,.T.);
#4918=ORIENTED_EDGE('',*,*,#9564,.F.);
#4919=ORIENTED_EDGE('',*,*,#9565,.T.);
#4920=ORIENTED_EDGE('',*,*,#9566,.T.);
#4921=ORIENTED_EDGE('',*,*,#9567,.T.);
#4922=ORIENTED_EDGE('',*,*,#9568,.T.);
#4923=ORIENTED_EDGE('',*,*,#9569,.T.);
#4924=ORIENTED_EDGE('',*,*,#9570,.F.);
#4925=ORIENTED_EDGE('',*,*,#9571,.T.);
#4926=ORIENTED_EDGE('',*,*,#9572,.F.);
#4927=ORIENTED_EDGE('',*,*,#9573,.T.);
#4928=ORIENTED_EDGE('',*,*,#9574,.T.);
#4929=ORIENTED_EDGE('',*,*,#9575,.T.);
#4930=ORIENTED_EDGE('',*,*,#9576,.F.);
#4931=ORIENTED_EDGE('',*,*,#9577,.T.);
#4932=ORIENTED_EDGE('',*,*,#9578,.F.);
#4933=ORIENTED_EDGE('',*,*,#9579,.F.);
#4934=ORIENTED_EDGE('',*,*,#9580,.F.);
#4935=CARTESIAN_POINT('',(-0.000105618806410074,-0.320699309058944,-1.87269569123901));
#4936=DIRECTION('',(-0.0,1.0,0.0));
#4937=DIRECTION('',(1.0,0.0,0.0));
#4938=ORIENTED_EDGE('',*,*,#9581,.T.);
#4939=ORIENTED_EDGE('',*,*,#9582,.T.);
#4940=ORIENTED_EDGE('',*,*,#9583,.F.);
#4941=ORIENTED_EDGE('',*,*,#9580,.T.);
#4942=CARTESIAN_POINT('',(2.61488355481056,-0.425701270128673,-4.45188528320001));
#4943=DIRECTION('',(-1.0,0.0,0.0));
#4944=DIRECTION('',(0.0,0.0,1.0));
#4945=ORIENTED_EDGE('',*,*,#9584,.F.);
#4946=ORIENTED_EDGE('',*,*,#9585,.F.);
#4947=ORIENTED_EDGE('',*,*,#9586,.T.);
#4948=ORIENTED_EDGE('',*,*,#9511,.F.);
#4949=ORIENTED_EDGE('',*,*,#9583,.T.);
#4950=CARTESIAN_POINT('',(2.61488329575945,-0.345702474235841,-0.838938729366665));
#4951=DIRECTION('',(0.985030387401472,1.15486836016597E-13,-0.172380787490095));
#4952=DIRECTION('',(-1.27312193630327E-29,-1.0,-6.69951899501752E-13));
#4953=ORIENTED_EDGE('',*,*,#9586,.F.);
#4954=ORIENTED_EDGE('',*,*,#9587,.F.);
#4955=ORIENTED_EDGE('',*,*,#9512,.F.);
#4956=CARTESIAN_POINT('',(2.64988316071607,-0.34570255194895,-0.638938781160003));
#4957=DIRECTION('',(1.0,0.0,0.0));
#4958=DIRECTION('',(0.0,1.0,0.0));
#4959=ORIENTED_EDGE('',*,*,#9587,.T.);
#4960=ORIENTED_EDGE('',*,*,#9585,.T.);
#4961=ORIENTED_EDGE('',*,*,#9588,.F.);
#4962=ORIENTED_EDGE('',*,*,#9589,.F.);
#4963=ORIENTED_EDGE('',*,*,#9590,.F.);
#4964=ORIENTED_EDGE('',*,*,#9513,.F.);
#4965=CARTESIAN_POINT('',(-11.4529761643044,-0.0756993091024525,-0.738938153949004));
#4966=DIRECTION('',(-1.0,0.0,0.0));
#4967=DIRECTION('',(0.0,-0.762412859702497,0.647090898838996));
#4968=ORIENTED_EDGE('',*,*,#9590,.T.);
#4969=ORIENTED_EDGE('',*,*,#9591,.T.);
#4970=ORIENTED_EDGE('',*,*,#9514,.T.);
#4971=CARTESIAN_POINT('',(2.84988316071608,-0.34570263391815,-0.388938781160003));
#4972=DIRECTION('',(-1.0,0.0,0.0));
#4973=DIRECTION('',(0.0,0.0,1.0));
#4974=ORIENTED_EDGE('',*,*,#9515,.F.);
#4975=ORIENTED_EDGE('',*,*,#9591,.F.);
#4976=ORIENTED_EDGE('',*,*,#9589,.T.);
#4977=ORIENTED_EDGE('',*,*,#9592,.T.);
#4978=ORIENTED_EDGE('',*,*,#9500,.F.);
#4979=CARTESIAN_POINT('',(2.84988294695257,-0.345702532528777,-0.638938824515784));
#4980=DIRECTION('',(-0.985030387401472,-5.99730906531983E-14,-0.172380787490095));
#4981=DIRECTION('',(-0.172380787490095,1.70453775618848E-30,0.985030387401472));
#4982=ORIENTED_EDGE('',*,*,#9501,.F.);
#4983=ORIENTED_EDGE('',*,*,#9592,.F.);
#4984=ORIENTED_EDGE('',*,*,#9588,.T.);
#4985=ORIENTED_EDGE('',*,*,#9584,.T.);
#4986=ORIENTED_EDGE('',*,*,#9582,.F.);
#4987=ORIENTED_EDGE('',*,*,#9593,.F.);
#4988=CARTESIAN_POINT('',(-2.89761616430744,-0.345699309101273,-3.56534914234301));
#4989=DIRECTION('',(0.0,-1.0,0.0));
#4990=DIRECTION('',(0.0,0.0,-1.0));
#4991=ORIENTED_EDGE('',*,*,#9594,.T.);
#4992=ORIENTED_EDGE('',*,*,#9595,.F.);
#4993=ORIENTED_EDGE('',*,*,#9596,.F.);
#4994=ORIENTED_EDGE('',*,*,#9597,.T.);
#4995=ORIENTED_EDGE('',*,*,#9598,.T.);
#4996=ORIENTED_EDGE('',*,*,#9599,.F.);
#4997=CARTESIAN_POINT('',(-2.89761616430744,-0.345699309101273,-3.56534914234301));
#4998=DIRECTION('',(0.0,-1.0,0.0));
#4999=DIRECTION('',(0.0,0.0,-1.0));
#5000=ORIENTED_EDGE('',*,*,#9600,.T.);
#5001=ORIENTED_EDGE('',*,*,#9601,.F.);
#5002=ORIENTED_EDGE('',*,*,#9602,.T.);
#5003=ORIENTED_EDGE('',*,*,#9603,.T.);
#5004=ORIENTED_EDGE('',*,*,#9604,.T.);
#5005=ORIENTED_EDGE('',*,*,#9605,.F.);
#5006=CARTESIAN_POINT('',(-2.89761616430744,-0.345699309101273,-3.56534914234301));
#5007=DIRECTION('',(0.0,-1.0,0.0));
#5008=DIRECTION('',(0.0,0.0,-1.0));
#5009=ORIENTED_EDGE('',*,*,#9606,.T.);
#5010=ORIENTED_EDGE('',*,*,#9607,.F.);
#5011=ORIENTED_EDGE('',*,*,#9608,.T.);
#5012=ORIENTED_EDGE('',*,*,#9609,.T.);
#5013=ORIENTED_EDGE('',*,*,#9610,.T.);
#5014=ORIENTED_EDGE('',*,*,#9611,.F.);
#5015=CARTESIAN_POINT('',(-2.89761616430744,-0.345699309101273,-3.56534914234301));
#5016=DIRECTION('',(0.0,-1.0,0.0));
#5017=DIRECTION('',(0.0,0.0,-1.0));
#5018=ORIENTED_EDGE('',*,*,#9612,.T.);
#5019=ORIENTED_EDGE('',*,*,#9613,.F.);
#5020=ORIENTED_EDGE('',*,*,#9614,.F.);
#5021=ORIENTED_EDGE('',*,*,#9615,.T.);
#5022=ORIENTED_EDGE('',*,*,#9616,.T.);
#5023=ORIENTED_EDGE('',*,*,#9617,.F.);
#5024=CARTESIAN_POINT('',(-2.89761616430744,-0.345699309101273,-3.56534914234301));
#5025=DIRECTION('',(0.0,-1.0,0.0));
#5026=DIRECTION('',(0.0,0.0,-1.0));
#5027=ORIENTED_EDGE('',*,*,#9618,.T.);
#5028=ORIENTED_EDGE('',*,*,#9619,.F.);
#5029=ORIENTED_EDGE('',*,*,#9620,.F.);
#5030=ORIENTED_EDGE('',*,*,#9621,.T.);
#5031=ORIENTED_EDGE('',*,*,#9622,.T.);
#5032=ORIENTED_EDGE('',*,*,#9623,.F.);
#5033=CARTESIAN_POINT('',(-2.89761616430744,-0.345699309101273,-3.56534914234301));
#5034=DIRECTION('',(0.0,-1.0,0.0));
#5035=DIRECTION('',(0.0,0.0,-1.0));
#5036=ORIENTED_EDGE('',*,*,#9624,.T.);
#5037=ORIENTED_EDGE('',*,*,#9625,.T.);
#5038=ORIENTED_EDGE('',*,*,#9626,.F.);
#5039=ORIENTED_EDGE('',*,*,#9627,.T.);
#5040=ORIENTED_EDGE('',*,*,#9628,.T.);
#5041=ORIENTED_EDGE('',*,*,#9629,.F.);
#5042=CARTESIAN_POINT('',(-2.89761616430744,-0.345699309101273,-3.56534914234301));
#5043=DIRECTION('',(0.0,-1.0,0.0));
#5044=DIRECTION('',(0.0,0.0,-1.0));
#5045=ORIENTED_EDGE('',*,*,#9630,.T.);
#5046=ORIENTED_EDGE('',*,*,#9631,.F.);
#5047=ORIENTED_EDGE('',*,*,#9632,.F.);
#5048=ORIENTED_EDGE('',*,*,#9633,.T.);
#5049=ORIENTED_EDGE('',*,*,#9354,.T.);
#5050=ORIENTED_EDGE('',*,*,#9634,.F.);
#5051=CARTESIAN_POINT('',(-2.89761616430744,-0.345699309101273,-3.56534914234301));
#5052=DIRECTION('',(0.0,-1.0,0.0));
#5053=DIRECTION('',(0.0,0.0,-1.0));
#5054=ORIENTED_EDGE('',*,*,#9635,.F.);
#5055=ORIENTED_EDGE('',*,*,#9599,.T.);
#5056=ORIENTED_EDGE('',*,*,#9636,.F.);
#5057=ORIENTED_EDGE('',*,*,#9605,.T.);
#5058=ORIENTED_EDGE('',*,*,#9637,.F.);
#5059=ORIENTED_EDGE('',*,*,#9611,.T.);
#5060=ORIENTED_EDGE('',*,*,#9638,.F.);
#5061=ORIENTED_EDGE('',*,*,#9617,.T.);
#5062=ORIENTED_EDGE('',*,*,#9639,.F.);
#5063=ORIENTED_EDGE('',*,*,#9623,.T.);
#5064=ORIENTED_EDGE('',*,*,#9640,.F.);
#5065=ORIENTED_EDGE('',*,*,#9629,.T.);
#5066=ORIENTED_EDGE('',*,*,#9641,.F.);
#5067=ORIENTED_EDGE('',*,*,#9634,.T.);
#5068=ORIENTED_EDGE('',*,*,#9642,.F.);
#5069=ORIENTED_EDGE('',*,*,#9389,.T.);
#5070=ORIENTED_EDGE('',*,*,#9643,.T.);
#5071=ORIENTED_EDGE('',*,*,#8792,.T.);
#5072=ORIENTED_EDGE('',*,*,#9644,.T.);
#5073=ORIENTED_EDGE('',*,*,#9447,.T.);
#5074=ORIENTED_EDGE('',*,*,#9645,.F.);
#5075=ORIENTED_EDGE('',*,*,#9593,.T.);
#5076=CARTESIAN_POINT('',(-0.000116164307498491,-0.470699309112473,-3.099999999998));
#5077=DIRECTION('',(0.0,-0.624695047554424,0.78086880944303));
#5078=DIRECTION('',(-1.0,0.0,0.0));
#5079=ORIENTED_EDGE('',*,*,#9524,.F.);
#5080=ORIENTED_EDGE('',*,*,#9390,.T.);
#5081=ORIENTED_EDGE('',*,*,#9642,.T.);
#5082=ORIENTED_EDGE('',*,*,#9353,.F.);
#5083=CARTESIAN_POINT('',(3.34488383569256,0.604300690887527,-2.99999999999801));
#5084=DIRECTION('',(0.0,0.0,1.0));
#5085=DIRECTION('',(1.0,0.0,0.0));
#5086=ORIENTED_EDGE('',*,*,#9645,.T.);
#5087=ORIENTED_EDGE('',*,*,#9446,.F.);
#5088=ORIENTED_EDGE('',*,*,#9516,.F.);
#5089=ORIENTED_EDGE('',*,*,#9502,.T.);
#5090=CARTESIAN_POINT('',(3.34488383569256,0.604300690887527,-2.99999999999801));
#5091=DIRECTION('',(0.0,0.0,1.0));
#5092=DIRECTION('',(1.0,0.0,0.0));
#5093=ORIENTED_EDGE('',*,*,#9638,.T.);
#5094=ORIENTED_EDGE('',*,*,#9646,.F.);
#5095=ORIENTED_EDGE('',*,*,#9555,.F.);
#5096=ORIENTED_EDGE('',*,*,#9647,.T.);
#5097=CARTESIAN_POINT('',(3.34488383569256,0.604300690887527,-2.99999999999801));
#5098=DIRECTION('',(0.0,0.0,1.0));
#5099=DIRECTION('',(1.0,0.0,0.0));
#5100=ORIENTED_EDGE('',*,*,#9547,.F.);
#5101=ORIENTED_EDGE('',*,*,#9648,.T.);
#5102=ORIENTED_EDGE('',*,*,#9639,.T.);
#5103=ORIENTED_EDGE('',*,*,#9649,.F.);
#5104=CARTESIAN_POINT('',(3.34488383569256,0.604300690887527,-2.99999999999801));
#5105=DIRECTION('',(0.0,0.0,1.0));
#5106=DIRECTION('',(1.0,0.0,0.0));
#5107=ORIENTED_EDGE('',*,*,#9539,.F.);
#5108=ORIENTED_EDGE('',*,*,#9650,.T.);
#5109=ORIENTED_EDGE('',*,*,#9640,.T.);
#5110=ORIENTED_EDGE('',*,*,#9651,.F.);
#5111=CARTESIAN_POINT('',(3.34488383569256,0.604300690887527,-2.99999999999801));
#5112=DIRECTION('',(0.0,0.0,1.0));
#5113=DIRECTION('',(1.0,0.0,0.0));
#5114=ORIENTED_EDGE('',*,*,#9531,.T.);
#5115=ORIENTED_EDGE('',*,*,#9652,.T.);
#5116=ORIENTED_EDGE('',*,*,#9641,.T.);
#5117=ORIENTED_EDGE('',*,*,#9653,.F.);
#5118=CARTESIAN_POINT('',(3.34488383569256,0.604300690887527,-2.99999999999801));
#5119=DIRECTION('',(0.0,0.0,1.0));
#5120=DIRECTION('',(1.0,0.0,0.0));
#5121=ORIENTED_EDGE('',*,*,#9637,.T.);
#5122=ORIENTED_EDGE('',*,*,#9654,.F.);
#5123=ORIENTED_EDGE('',*,*,#9563,.F.);
#5124=ORIENTED_EDGE('',*,*,#9655,.T.);
#5125=CARTESIAN_POINT('',(3.34488383569256,0.604300690887527,-2.99999999999801));
#5126=DIRECTION('',(0.0,0.0,1.0));
#5127=DIRECTION('',(1.0,0.0,0.0));
#5128=ORIENTED_EDGE('',*,*,#9636,.T.);
#5129=ORIENTED_EDGE('',*,*,#9656,.F.);
#5130=ORIENTED_EDGE('',*,*,#9571,.F.);
#5131=ORIENTED_EDGE('',*,*,#9657,.T.);
#5132=CARTESIAN_POINT('',(3.34488383569256,0.604300690887527,-2.99999999999801));
#5133=DIRECTION('',(0.0,0.0,1.0));
#5134=DIRECTION('',(1.0,0.0,0.0));
#5135=ORIENTED_EDGE('',*,*,#9635,.T.);
#5136=ORIENTED_EDGE('',*,*,#9581,.F.);
#5137=ORIENTED_EDGE('',*,*,#9579,.T.);
#5138=ORIENTED_EDGE('',*,*,#9658,.T.);
#5139=CARTESIAN_POINT('',(3.34488383569256,0.604300690887527,-2.99999999999801));
#5140=DIRECTION('',(0.0,0.0,1.0));
#5141=DIRECTION('',(1.0,0.0,0.0));
#5142=ORIENTED_EDGE('',*,*,#9659,.T.);
#5143=ORIENTED_EDGE('',*,*,#9612,.F.);
#5144=ORIENTED_EDGE('',*,*,#9647,.F.);
#5145=ORIENTED_EDGE('',*,*,#9554,.T.);
#5146=CARTESIAN_POINT('',(-0.11511588342504,-0.425700934217872,-4.732156161894));
#5147=DIRECTION('',(-1.0,0.0,0.0));
#5148=DIRECTION('',(0.0,0.0,1.0));
#5149=ORIENTED_EDGE('',*,*,#9553,.T.);
#5150=ORIENTED_EDGE('',*,*,#9660,.F.);
#5151=ORIENTED_EDGE('',*,*,#9661,.T.);
#5152=ORIENTED_EDGE('',*,*,#9613,.T.);
#5153=ORIENTED_EDGE('',*,*,#9659,.F.);
#5154=CARTESIAN_POINT('',(-0.115115595247834,-0.345702506098507,-1.35893806232669));
#5155=DIRECTION('',(0.985030387401472,5.99730906531983E-14,0.172380787490095));
#5156=DIRECTION('',(-1.27312193630327E-29,-1.0,3.47910527190534E-13));
#5157=ORIENTED_EDGE('',*,*,#9662,.T.);
#5158=ORIENTED_EDGE('',*,*,#9663,.T.);
#5159=ORIENTED_EDGE('',*,*,#9614,.T.);
#5160=ORIENTED_EDGE('',*,*,#9661,.F.);
#5161=ORIENTED_EDGE('',*,*,#9664,.F.);
#5162=ORIENTED_EDGE('',*,*,#9551,.F.);
#5163=CARTESIAN_POINT('',(11.4000537222498,-0.0757025659340464,-1.23893832420846));
#5164=DIRECTION('',(-1.0,-1.84777764992986E-15,1.55046826758184E-15));
#5165=DIRECTION('',(2.41210159246217E-15,-0.766044703798617,0.642787299020515));
#5166=ORIENTED_EDGE('',*,*,#9664,.T.);
#5167=ORIENTED_EDGE('',*,*,#9660,.T.);
#5168=ORIENTED_EDGE('',*,*,#9552,.T.);
#5169=CARTESIAN_POINT('',(-0.15011595604834,-0.660699309105473,-6.995066902195));
#5170=DIRECTION('',(-1.0,0.0,0.0));
#5171=DIRECTION('',(0.0,0.0,1.0));
#5172=ORIENTED_EDGE('',*,*,#9615,.F.);
#5173=ORIENTED_EDGE('',*,*,#9663,.F.);
#5174=ORIENTED_EDGE('',*,*,#9665,.T.);
#5175=ORIENTED_EDGE('',*,*,#9549,.T.);
#5176=ORIENTED_EDGE('',*,*,#9666,.T.);
#5177=CARTESIAN_POINT('',(-0.350115275564918,-0.345702564391475,-1.15893823515618));
#5178=DIRECTION('',(-0.985030387401472,-1.15486836016597E-13,0.172380787490095));
#5179=DIRECTION('',(-1.17241901867874E-13,1.0,-2.22796945919422E-30));
#5180=ORIENTED_EDGE('',*,*,#9649,.T.);
#5181=ORIENTED_EDGE('',*,*,#9616,.F.);
#5182=ORIENTED_EDGE('',*,*,#9666,.F.);
#5183=ORIENTED_EDGE('',*,*,#9548,.T.);
#5184=CARTESIAN_POINT('',(-0.385116074158639,-0.285702191744472,-2.25496704109));
#5185=DIRECTION('',(-1.0,0.0,0.0));
#5186=DIRECTION('',(0.0,0.0,1.0));
#5187=ORIENTED_EDGE('',*,*,#9665,.F.);
#5188=ORIENTED_EDGE('',*,*,#9662,.F.);
#5189=ORIENTED_EDGE('',*,*,#9550,.T.);
#5190=CARTESIAN_POINT('',(-0.35011576531334,-1.67569930910028,-10.7076977298599));
#5191=DIRECTION('',(-1.0,0.0,0.0));
#5192=DIRECTION('',(0.0,0.0,1.0));
#5193=ORIENTED_EDGE('',*,*,#9646,.T.);
#5194=ORIENTED_EDGE('',*,*,#9610,.F.);
#5195=ORIENTED_EDGE('',*,*,#9667,.F.);
#5196=ORIENTED_EDGE('',*,*,#9556,.T.);
#5197=CARTESIAN_POINT('',(0.11488355480986,-0.425700934217872,-4.732156161894));
#5198=DIRECTION('',(-1.0,0.0,0.0));
#5199=DIRECTION('',(0.0,0.0,1.0));
#5200=ORIENTED_EDGE('',*,*,#9609,.F.);
#5201=ORIENTED_EDGE('',*,*,#9668,.F.);
#5202=ORIENTED_EDGE('',*,*,#9669,.T.);
#5203=ORIENTED_EDGE('',*,*,#9557,.F.);
#5204=ORIENTED_EDGE('',*,*,#9667,.T.);
#5205=CARTESIAN_POINT('',(0.114883266632554,-0.345702506098506,-1.35893806232668));
#5206=DIRECTION('',(0.985030387401472,1.15486836016597E-13,-0.172380787490095));
#5207=DIRECTION('',(-1.27312193630327E-29,-1.0,-6.69951899501752E-13));
#5208=ORIENTED_EDGE('',*,*,#9669,.F.);
#5209=ORIENTED_EDGE('',*,*,#9670,.F.);
#5210=ORIENTED_EDGE('',*,*,#9558,.F.);
#5211=CARTESIAN_POINT('',(0.14988362743936,-1.67569930910028,-10.7076977298599));
#5212=DIRECTION('',(-1.0,0.0,0.0));
#5213=DIRECTION('',(0.0,0.0,1.0));
#5214=ORIENTED_EDGE('',*,*,#9670,.T.);
#5215=ORIENTED_EDGE('',*,*,#9668,.T.);
#5216=ORIENTED_EDGE('',*,*,#9608,.F.);
#5217=ORIENTED_EDGE('',*,*,#9671,.F.);
#5218=ORIENTED_EDGE('',*,*,#9672,.F.);
#5219=ORIENTED_EDGE('',*,*,#9559,.F.);
#5220=CARTESIAN_POINT('',(11.4000537222498,-0.0757025659340464,-1.23893832420846));
#5221=DIRECTION('',(-1.0,-1.84777764992986E-15,1.55046826758184E-15));
#5222=DIRECTION('',(2.41210159246217E-15,-0.766044703798617,0.642787299020515));
#5223=ORIENTED_EDGE('',*,*,#9672,.T.);
#5224=ORIENTED_EDGE('',*,*,#9673,.T.);
#5225=ORIENTED_EDGE('',*,*,#9560,.F.);
#5226=CARTESIAN_POINT('',(0.34988343670456,-0.660699309105473,-6.99506752909701));
#5227=DIRECTION('',(-1.0,0.0,0.0));
#5228=DIRECTION('',(0.0,0.0,1.0));
#5229=ORIENTED_EDGE('',*,*,#9561,.F.);
#5230=ORIENTED_EDGE('',*,*,#9673,.F.);
#5231=ORIENTED_EDGE('',*,*,#9671,.T.);
#5232=ORIENTED_EDGE('',*,*,#9607,.T.);
#5233=ORIENTED_EDGE('',*,*,#9674,.F.);
#5234=CARTESIAN_POINT('',(0.349882946949739,-0.345702564391376,-1.15893823515618));
#5235=DIRECTION('',(-0.985030387401472,-5.99730906531983E-14,-0.172380787490095));
#5236=DIRECTION('',(-0.172380787490095,1.70453775618848E-30,0.985030387401472));
#5237=ORIENTED_EDGE('',*,*,#9674,.T.);
#5238=ORIENTED_EDGE('',*,*,#9606,.F.);
#5239=ORIENTED_EDGE('',*,*,#9655,.F.);
#5240=ORIENTED_EDGE('',*,*,#9562,.T.);
#5241=CARTESIAN_POINT('',(0.38488374554336,-0.285702191744372,-2.25496704109));
#5242=DIRECTION('',(-1.0,0.0,0.0));
#5243=DIRECTION('',(0.0,0.0,1.0));
#5244=ORIENTED_EDGE('',*,*,#9675,.T.);
#5245=ORIENTED_EDGE('',*,*,#9618,.F.);
#5246=ORIENTED_EDGE('',*,*,#9648,.F.);
#5247=ORIENTED_EDGE('',*,*,#9546,.T.);
#5248=CARTESIAN_POINT('',(-0.61511588342504,-0.425700982768873,-4.732156161895));
#5249=DIRECTION('',(-1.0,0.0,0.0));
#5250=DIRECTION('',(0.0,0.0,1.0));
#5251=ORIENTED_EDGE('',*,*,#9545,.T.);
#5252=ORIENTED_EDGE('',*,*,#9676,.F.);
#5253=ORIENTED_EDGE('',*,*,#9677,.T.);
#5254=ORIENTED_EDGE('',*,*,#9619,.T.);
#5255=ORIENTED_EDGE('',*,*,#9675,.F.);
#5256=CARTESIAN_POINT('',(-0.615115581653651,-0.345702465658907,-1.33893890294766));
#5257=DIRECTION('',(0.985030387401472,5.99730906531983E-14,0.172380787490095));
#5258=DIRECTION('',(-1.27312193630327E-29,-1.0,3.47910527190534E-13));
#5259=ORIENTED_EDGE('',*,*,#9678,.T.);
#5260=ORIENTED_EDGE('',*,*,#9679,.T.);
#5261=ORIENTED_EDGE('',*,*,#9620,.T.);
#5262=ORIENTED_EDGE('',*,*,#9677,.F.);
#5263=ORIENTED_EDGE('',*,*,#9680,.F.);
#5264=ORIENTED_EDGE('',*,*,#9543,.F.);
#5265=CARTESIAN_POINT('',(11.4000537222498,-0.0757025659340464,-1.23893832420846));
#5266=DIRECTION('',(-1.0,-1.84777764992986E-15,1.55046826758184E-15));
#5267=DIRECTION('',(2.41210159246217E-15,-0.766044703798617,0.642787299020515));
#5268=ORIENTED_EDGE('',*,*,#9680,.T.);
#5269=ORIENTED_EDGE('',*,*,#9676,.T.);
#5270=ORIENTED_EDGE('',*,*,#9544,.T.);
#5271=CARTESIAN_POINT('',(-0.65011616430754,-1.01069930910027,-6.80194561351301));
#5272=DIRECTION('',(-1.0,0.0,0.0));
#5273=DIRECTION('',(0.0,0.0,1.0));
#5274=ORIENTED_EDGE('',*,*,#9621,.F.);
#5275=ORIENTED_EDGE('',*,*,#9679,.F.);
#5276=ORIENTED_EDGE('',*,*,#9681,.T.);
#5277=ORIENTED_EDGE('',*,*,#9541,.T.);
#5278=ORIENTED_EDGE('',*,*,#9682,.T.);
#5279=CARTESIAN_POINT('',(-0.85011527556591,-0.345702523951876,-1.13893899809519));
#5280=DIRECTION('',(-0.985030387401472,-1.15486836016597E-13,0.172380787490095));
#5281=DIRECTION('',(-1.17241901867874E-13,1.0,-2.22796945919422E-30));
#5282=ORIENTED_EDGE('',*,*,#9651,.T.);
#5283=ORIENTED_EDGE('',*,*,#9622,.F.);
#5284=ORIENTED_EDGE('',*,*,#9682,.F.);
#5285=ORIENTED_EDGE('',*,*,#9540,.T.);
#5286=CARTESIAN_POINT('',(-0.88511607415944,-0.425701009956972,-4.732156161893));
#5287=DIRECTION('',(-1.0,0.0,0.0));
#5288=DIRECTION('',(0.0,0.0,1.0));
#5289=ORIENTED_EDGE('',*,*,#9681,.F.);
#5290=ORIENTED_EDGE('',*,*,#9678,.F.);
#5291=ORIENTED_EDGE('',*,*,#9542,.T.);
#5292=CARTESIAN_POINT('',(-0.85011616430754,-1.24069930911227,-4.899999999998));
#5293=DIRECTION('',(-1.0,0.0,0.0));
#5294=DIRECTION('',(0.0,0.0,1.0));
#5295=ORIENTED_EDGE('',*,*,#9683,.T.);
#5296=ORIENTED_EDGE('',*,*,#9624,.F.);
#5297=ORIENTED_EDGE('',*,*,#9650,.F.);
#5298=ORIENTED_EDGE('',*,*,#9538,.T.);
#5299=CARTESIAN_POINT('',(-1.11511588342544,-0.425701122277673,-4.45730841599801));
#5300=DIRECTION('',(-1.0,0.0,0.0));
#5301=DIRECTION('',(0.0,0.0,1.0));
#5302=ORIENTED_EDGE('',*,*,#9537,.F.);
#5303=ORIENTED_EDGE('',*,*,#9684,.F.);
#5304=ORIENTED_EDGE('',*,*,#9685,.T.);
#5305=ORIENTED_EDGE('',*,*,#9625,.F.);
#5306=ORIENTED_EDGE('',*,*,#9683,.F.);
#5307=CARTESIAN_POINT('',(-1.15011597879244,-0.345699748501172,-0.638938691930003));
#5308=DIRECTION('',(-0.985030387401472,-5.99730906531983E-14,-0.172380787490095));
#5309=DIRECTION('',(-0.172380787490095,1.70453775618848E-30,0.985030387401472));
#5310=ORIENTED_EDGE('',*,*,#9686,.F.);
#5311=ORIENTED_EDGE('',*,*,#9687,.F.);
#5312=ORIENTED_EDGE('',*,*,#9626,.T.);
#5313=ORIENTED_EDGE('',*,*,#9685,.F.);
#5314=ORIENTED_EDGE('',*,*,#9688,.F.);
#5315=ORIENTED_EDGE('',*,*,#9535,.F.);
#5316=CARTESIAN_POINT('',(-11.4529761643044,-0.0756993091024525,-0.738938153949004));
#5317=DIRECTION('',(-1.0,0.0,0.0));
#5318=DIRECTION('',(0.0,-0.762412859702497,0.647090898838996));
#5319=ORIENTED_EDGE('',*,*,#9688,.T.);
#5320=ORIENTED_EDGE('',*,*,#9684,.T.);
#5321=ORIENTED_EDGE('',*,*,#9536,.T.);
#5322=CARTESIAN_POINT('',(-1.15011595604844,-0.660699309105573,-6.90004343310201));
#5323=DIRECTION('',(-1.0,0.0,0.0));
#5324=DIRECTION('',(0.0,0.0,1.0));
#5325=ORIENTED_EDGE('',*,*,#9627,.F.);
#5326=ORIENTED_EDGE('',*,*,#9687,.T.);
#5327=ORIENTED_EDGE('',*,*,#9689,.T.);
#5328=ORIENTED_EDGE('',*,*,#9533,.F.);
#5329=ORIENTED_EDGE('',*,*,#9690,.T.);
#5330=CARTESIAN_POINT('',(-1.38511607415844,-0.345699748501172,-0.838938691935005));
#5331=DIRECTION('',(0.985030387401472,1.15486836016597E-13,-0.172380787490095));
#5332=DIRECTION('',(-1.27312193630327E-29,-1.0,-6.69951899501752E-13));
#5333=ORIENTED_EDGE('',*,*,#9653,.T.);
#5334=ORIENTED_EDGE('',*,*,#9628,.F.);
#5335=ORIENTED_EDGE('',*,*,#9690,.F.);
#5336=ORIENTED_EDGE('',*,*,#9532,.T.);
#5337=CARTESIAN_POINT('',(-1.38511607415844,-0.285702339586872,-2.129854562932));
#5338=DIRECTION('',(-1.0,0.0,0.0));
#5339=DIRECTION('',(0.0,0.0,1.0));
#5340=ORIENTED_EDGE('',*,*,#9689,.F.);
#5341=ORIENTED_EDGE('',*,*,#9686,.T.);
#5342=ORIENTED_EDGE('',*,*,#9534,.F.);
#5343=CARTESIAN_POINT('',(-1.35011576531344,-1.67569930910028,-10.7076977298599));
#5344=DIRECTION('',(-1.0,0.0,0.0));
#5345=DIRECTION('',(0.0,0.0,1.0));
#5346=ORIENTED_EDGE('',*,*,#9691,.T.);
#5347=ORIENTED_EDGE('',*,*,#9630,.F.);
#5348=ORIENTED_EDGE('',*,*,#9652,.F.);
#5349=ORIENTED_EDGE('',*,*,#9530,.T.);
#5350=CARTESIAN_POINT('',(-2.61511588342544,-0.425701270129173,-4.45188528320001));
#5351=DIRECTION('',(-1.0,0.0,0.0));
#5352=DIRECTION('',(0.0,0.0,1.0));
#5353=ORIENTED_EDGE('',*,*,#9529,.T.);
#5354=ORIENTED_EDGE('',*,*,#9692,.F.);
#5355=ORIENTED_EDGE('',*,*,#9693,.T.);
#5356=ORIENTED_EDGE('',*,*,#9631,.T.);
#5357=ORIENTED_EDGE('',*,*,#9691,.F.);
#5358=CARTESIAN_POINT('',(-2.61511562437534,-0.34570247423624,-0.838938729366644));
#5359=DIRECTION('',(0.985030387401472,5.99730906531983E-14,0.172380787490095));
#5360=DIRECTION('',(-1.27312193630327E-29,-1.0,3.47910527190534E-13));
#5361=ORIENTED_EDGE('',*,*,#9694,.T.);
#5362=ORIENTED_EDGE('',*,*,#9695,.T.);
#5363=ORIENTED_EDGE('',*,*,#9632,.T.);
#5364=ORIENTED_EDGE('',*,*,#9693,.F.);
#5365=ORIENTED_EDGE('',*,*,#9696,.F.);
#5366=ORIENTED_EDGE('',*,*,#9527,.F.);
#5367=CARTESIAN_POINT('',(-11.4529761643044,-0.0756993091024525,-0.738938153949004));
#5368=DIRECTION('',(-1.0,0.0,0.0));
#5369=DIRECTION('',(0.0,-0.762412859702497,0.647090898838996));
#5370=ORIENTED_EDGE('',*,*,#9696,.T.);
#5371=ORIENTED_EDGE('',*,*,#9692,.T.);
#5372=ORIENTED_EDGE('',*,*,#9528,.T.);
#5373=CARTESIAN_POINT('',(-2.65011548933102,-0.345702551949351,-0.638938781160003));
#5374=DIRECTION('',(1.0,0.0,0.0));
#5375=DIRECTION('',(0.0,1.0,0.0));
#5376=ORIENTED_EDGE('',*,*,#9633,.F.);
#5377=ORIENTED_EDGE('',*,*,#9695,.F.);
#5378=ORIENTED_EDGE('',*,*,#9697,.T.);
#5379=ORIENTED_EDGE('',*,*,#9525,.T.);
#5380=ORIENTED_EDGE('',*,*,#9355,.T.);
#5381=CARTESIAN_POINT('',(-2.85011527556745,-0.345702532529277,-0.638938824515784));
#5382=DIRECTION('',(-0.985030387401472,-1.15486836016597E-13,0.172380787490095));
#5383=DIRECTION('',(-1.17241901867874E-13,1.0,-2.22796945919422E-30));
#5384=ORIENTED_EDGE('',*,*,#9697,.F.);
#5385=ORIENTED_EDGE('',*,*,#9694,.F.);
#5386=ORIENTED_EDGE('',*,*,#9526,.F.);
#5387=CARTESIAN_POINT('',(-2.85011548933102,-0.345702633918651,-0.388938781160003));
#5388=DIRECTION('',(-1.0,0.0,0.0));
#5389=DIRECTION('',(0.0,0.0,1.0));
#5390=ORIENTED_EDGE('',*,*,#9654,.T.);
#5391=ORIENTED_EDGE('',*,*,#9604,.F.);
#5392=ORIENTED_EDGE('',*,*,#9698,.F.);
#5393=ORIENTED_EDGE('',*,*,#9564,.T.);
#5394=CARTESIAN_POINT('',(0.61488355480986,-0.425700982768773,-4.732156161895));
#5395=DIRECTION('',(-1.0,0.0,0.0));
#5396=DIRECTION('',(0.0,0.0,1.0));
#5397=ORIENTED_EDGE('',*,*,#9603,.F.);
#5398=ORIENTED_EDGE('',*,*,#9699,.F.);
#5399=ORIENTED_EDGE('',*,*,#9700,.T.);
#5400=ORIENTED_EDGE('',*,*,#9565,.F.);
#5401=ORIENTED_EDGE('',*,*,#9698,.T.);
#5402=CARTESIAN_POINT('',(0.614883253038371,-0.345702465658805,-1.33893890294766));
#5403=DIRECTION('',(0.985030387401472,1.15486836016597E-13,-0.172380787490095));
#5404=DIRECTION('',(-1.27312193630327E-29,-1.0,-6.69951899501752E-13));
#5405=ORIENTED_EDGE('',*,*,#9700,.F.);
#5406=ORIENTED_EDGE('',*,*,#9701,.F.);
#5407=ORIENTED_EDGE('',*,*,#9566,.F.);
#5408=CARTESIAN_POINT('',(0.64988383569246,-1.01069930910027,-6.80194561351301));
#5409=DIRECTION('',(-1.0,0.0,0.0));
#5410=DIRECTION('',(0.0,0.0,1.0));
#5411=ORIENTED_EDGE('',*,*,#9701,.T.);
#5412=ORIENTED_EDGE('',*,*,#9699,.T.);
#5413=ORIENTED_EDGE('',*,*,#9602,.F.);
#5414=ORIENTED_EDGE('',*,*,#9702,.F.);
#5415=ORIENTED_EDGE('',*,*,#9703,.F.);
#5416=ORIENTED_EDGE('',*,*,#9567,.F.);
#5417=CARTESIAN_POINT('',(11.4000537222498,-0.0757025659340464,-1.23893832420846));
#5418=DIRECTION('',(-1.0,-1.84777764992986E-15,1.55046826758184E-15));
#5419=DIRECTION('',(2.41210159246217E-15,-0.766044703798617,0.642787299020515));
#5420=ORIENTED_EDGE('',*,*,#9703,.T.);
#5421=ORIENTED_EDGE('',*,*,#9704,.T.);
#5422=ORIENTED_EDGE('',*,*,#9568,.F.);
#5423=CARTESIAN_POINT('',(0.84988383569246,-1.24069930911227,-5.79999999999801));
#5424=DIRECTION('',(1.0,0.0,0.0));
#5425=DIRECTION('',(0.0,1.0,0.0));
#5426=ORIENTED_EDGE('',*,*,#9569,.F.);
#5427=ORIENTED_EDGE('',*,*,#9704,.F.);
#5428=ORIENTED_EDGE('',*,*,#9702,.T.);
#5429=ORIENTED_EDGE('',*,*,#9601,.T.);
#5430=ORIENTED_EDGE('',*,*,#9705,.F.);
#5431=CARTESIAN_POINT('',(0.84988294695073,-0.345702523951775,-1.13893899809519));
#5432=DIRECTION('',(-0.985030387401472,-5.99730906531983E-14,-0.172380787490095));
#5433=DIRECTION('',(-0.172380787490095,1.70453775618848E-30,0.985030387401472));
#5434=ORIENTED_EDGE('',*,*,#9705,.T.);
#5435=ORIENTED_EDGE('',*,*,#9600,.F.);
#5436=ORIENTED_EDGE('',*,*,#9657,.F.);
#5437=ORIENTED_EDGE('',*,*,#9570,.T.);
#5438=CARTESIAN_POINT('',(0.88488374554426,-0.425701009956772,-4.732156161893));
#5439=DIRECTION('',(-1.0,0.0,0.0));
#5440=DIRECTION('',(0.0,0.0,1.0));
#5441=ORIENTED_EDGE('',*,*,#9656,.T.);
#5442=ORIENTED_EDGE('',*,*,#9598,.F.);
#5443=ORIENTED_EDGE('',*,*,#9706,.F.);
#5444=ORIENTED_EDGE('',*,*,#9572,.T.);
#5445=CARTESIAN_POINT('',(1.11488355481056,-0.425701122277472,-4.45730841599801));
#5446=DIRECTION('',(-1.0,0.0,0.0));
#5447=DIRECTION('',(0.0,0.0,1.0));
#5448=ORIENTED_EDGE('',*,*,#9597,.F.);
#5449=ORIENTED_EDGE('',*,*,#9707,.T.);
#5450=ORIENTED_EDGE('',*,*,#9708,.T.);
#5451=ORIENTED_EDGE('',*,*,#9573,.F.);
#5452=ORIENTED_EDGE('',*,*,#9706,.T.);
#5453=CARTESIAN_POINT('',(1.11488355481056,-0.345699748500972,-0.838938691935005));
#5454=DIRECTION('',(0.985030387401472,1.15486836016597E-13,-0.172380787490095));
#5455=DIRECTION('',(-1.27312193630327E-29,-1.0,-6.69951899501752E-13));
#5456=ORIENTED_EDGE('',*,*,#9708,.F.);
#5457=ORIENTED_EDGE('',*,*,#9709,.T.);
#5458=ORIENTED_EDGE('',*,*,#9574,.F.);
#5459=CARTESIAN_POINT('',(1.14988362743956,-1.67569930910028,-10.7076977298599));
#5460=DIRECTION('',(-1.0,0.0,0.0));
#5461=DIRECTION('',(0.0,0.0,1.0));
#5462=ORIENTED_EDGE('',*,*,#9709,.F.);
#5463=ORIENTED_EDGE('',*,*,#9707,.F.);
#5464=ORIENTED_EDGE('',*,*,#9596,.T.);
#5465=ORIENTED_EDGE('',*,*,#9710,.F.);
#5466=ORIENTED_EDGE('',*,*,#9711,.F.);
#5467=ORIENTED_EDGE('',*,*,#9575,.F.);
#5468=CARTESIAN_POINT('',(-11.4529761643044,-0.0756993091024525,-0.738938153949004));
#5469=DIRECTION('',(-1.0,0.0,0.0));
#5470=DIRECTION('',(0.0,-0.762412859702497,0.647090898838996));
#5471=ORIENTED_EDGE('',*,*,#9711,.T.);
#5472=ORIENTED_EDGE('',*,*,#9712,.T.);
#5473=ORIENTED_EDGE('',*,*,#9576,.T.);
#5474=CARTESIAN_POINT('',(1.34988343670456,-0.660699309106173,-6.510094381523));
#5475=DIRECTION('',(-1.0,0.0,0.0));
#5476=DIRECTION('',(0.0,0.0,1.0));
#5477=ORIENTED_EDGE('',*,*,#9577,.F.);
#5478=ORIENTED_EDGE('',*,*,#9712,.F.);
#5479=ORIENTED_EDGE('',*,*,#9710,.T.);
#5480=ORIENTED_EDGE('',*,*,#9595,.T.);
#5481=ORIENTED_EDGE('',*,*,#9713,.F.);
#5482=CARTESIAN_POINT('',(1.34988365017656,-0.345699748500972,-0.638938691930003));
#5483=DIRECTION('',(-0.985030387401472,-5.99730906531983E-14,-0.172380787490095));
#5484=DIRECTION('',(-0.172380787490095,1.70453775618848E-30,0.985030387401472));
#5485=ORIENTED_EDGE('',*,*,#9713,.T.);
#5486=ORIENTED_EDGE('',*,*,#9594,.F.);
#5487=ORIENTED_EDGE('',*,*,#9658,.F.);
#5488=ORIENTED_EDGE('',*,*,#9578,.T.);
#5489=CARTESIAN_POINT('',(1.38488374554356,-0.285702339586672,-2.129854562932));
#5490=DIRECTION('',(-1.0,0.0,0.0));
#5491=DIRECTION('',(0.0,0.0,1.0));
#5492=ORIENTED_EDGE('',*,*,#8937,.T.);
#5493=ORIENTED_EDGE('',*,*,#9714,.F.);
#5494=ORIENTED_EDGE('',*,*,#9448,.F.);
#5495=ORIENTED_EDGE('',*,*,#9644,.F.);
#5496=ORIENTED_EDGE('',*,*,#8791,.F.);
#5497=CARTESIAN_POINT('',(2.94488383569256,-0.240699309165573,-10.4010199999983));
#5498=DIRECTION('',(0.0,-0.0,-1.0));
#5499=DIRECTION('',(0.0,-1.0,0.0));
#5500=ORIENTED_EDGE('',*,*,#8766,.T.);
#5501=ORIENTED_EDGE('',*,*,#9715,.F.);
#5502=ORIENTED_EDGE('',*,*,#9716,.F.);
#5503=ORIENTED_EDGE('',*,*,#9717,.T.);
#5504=ORIENTED_EDGE('',*,*,#8836,.T.);
#5505=CARTESIAN_POINT('',(1.47238383570056,-1.48069930911227,-5.319999999998));
#5506=DIRECTION('',(0.0,0.0,-1.0));
#5507=DIRECTION('',(0.0,-1.0,0.0));
#5508=ORIENTED_EDGE('',*,*,#9005,.T.);
#5509=ORIENTED_EDGE('',*,*,#8837,.T.);
#5510=ORIENTED_EDGE('',*,*,#9718,.F.);
#5511=CARTESIAN_POINT('',(1.47238383570056,-1.48069930911227,-5.319999999998));
#5512=DIRECTION('',(0.0,0.0,-1.0));
#5513=DIRECTION('',(0.0,-1.0,0.0));
#5514=ORIENTED_EDGE('',*,*,#9719,.T.);
#5515=ORIENTED_EDGE('',*,*,#9251,.T.);
#5516=ORIENTED_EDGE('',*,*,#9720,.T.);
#5517=CARTESIAN_POINT('',(1.47238383570056,-1.48069930911227,-5.319999999998));
#5518=DIRECTION('',(0.0,0.0,-1.0));
#5519=DIRECTION('',(0.0,-1.0,0.0));
#5520=ORIENTED_EDGE('',*,*,#9717,.F.);
#5521=ORIENTED_EDGE('',*,*,#9721,.T.);
#5522=ORIENTED_EDGE('',*,*,#9722,.T.);
#5523=ORIENTED_EDGE('',*,*,#9723,.T.);
#5524=ORIENTED_EDGE('',*,*,#8988,.F.);
#5525=ORIENTED_EDGE('',*,*,#9718,.T.);
#5526=CARTESIAN_POINT('',(3.18988383569556,-0.300699309112472,-4.599999999998));
#5527=DIRECTION('',(0.0,0.0,-1.0));
#5528=DIRECTION('',(1.0,0.0,0.0));
#5529=ORIENTED_EDGE('',*,*,#9724,.T.);
#5530=ORIENTED_EDGE('',*,*,#9073,.T.);
#5531=ORIENTED_EDGE('',*,*,#9006,.T.);
#5532=ORIENTED_EDGE('',*,*,#8989,.F.);
#5533=ORIENTED_EDGE('',*,*,#9723,.F.);
#5534=ORIENTED_EDGE('',*,*,#9725,.T.);
#5535=ORIENTED_EDGE('',*,*,#9726,.T.);
#5536=ORIENTED_EDGE('',*,*,#9727,.T.);
#5537=ORIENTED_EDGE('',*,*,#9728,.T.);
#5538=ORIENTED_EDGE('',*,*,#9729,.F.);
#5539=ORIENTED_EDGE('',*,*,#9730,.F.);
#5540=ORIENTED_EDGE('',*,*,#9731,.F.);
#5541=ORIENTED_EDGE('',*,*,#9732,.T.);
#5542=ORIENTED_EDGE('',*,*,#9733,.T.);
#5543=ORIENTED_EDGE('',*,*,#9734,.T.);
#5544=ORIENTED_EDGE('',*,*,#9735,.T.);
#5545=ORIENTED_EDGE('',*,*,#9736,.T.);
#5546=ORIENTED_EDGE('',*,*,#9737,.T.);
#5547=ORIENTED_EDGE('',*,*,#9738,.T.);
#5548=ORIENTED_EDGE('',*,*,#9739,.T.);
#5549=ORIENTED_EDGE('',*,*,#9740,.T.);
#5550=ORIENTED_EDGE('',*,*,#9741,.T.);
#5551=ORIENTED_EDGE('',*,*,#9742,.T.);
#5552=ORIENTED_EDGE('',*,*,#9743,.T.);
#5553=ORIENTED_EDGE('',*,*,#9744,.T.);
#5554=ORIENTED_EDGE('',*,*,#9745,.T.);
#5555=ORIENTED_EDGE('',*,*,#9746,.T.);
#5556=ORIENTED_EDGE('',*,*,#9747,.T.);
#5557=ORIENTED_EDGE('',*,*,#8995,.F.);
#5558=ORIENTED_EDGE('',*,*,#9010,.T.);
#5559=ORIENTED_EDGE('',*,*,#9078,.T.);
#5560=ORIENTED_EDGE('',*,*,#9133,.F.);
#5561=ORIENTED_EDGE('',*,*,#8751,.F.);
#5562=ORIENTED_EDGE('',*,*,#9748,.T.);
#5563=ORIENTED_EDGE('',*,*,#9749,.T.);
#5564=ORIENTED_EDGE('',*,*,#9105,.T.);
#5565=ORIENTED_EDGE('',*,*,#9750,.F.);
#5566=ORIENTED_EDGE('',*,*,#9751,.T.);
#5567=ORIENTED_EDGE('',*,*,#9752,.F.);
#5568=CARTESIAN_POINT('',(1.47238383570056,-1.58069930911227,-2.29999999999801));
#5569=DIRECTION('',(0.0,-1.0,0.0));
#5570=DIRECTION('',(0.0,0.0,-1.0));
#5571=ORIENTED_EDGE('',*,*,#9753,.F.);
#5572=ORIENTED_EDGE('',*,*,#9169,.T.);
#5573=ORIENTED_EDGE('',*,*,#9106,.F.);
#5574=ORIENTED_EDGE('',*,*,#9752,.T.);
#5575=CARTESIAN_POINT('',(1.16739018124056,-1.23069930911227,-4.599999999998));
#5576=DIRECTION('',(0.0,0.0,-1.0));
#5577=DIRECTION('',(1.0,0.0,0.0));
#5578=ORIENTED_EDGE('',*,*,#9754,.F.);
#5579=ORIENTED_EDGE('',*,*,#9750,.T.);
#5580=ORIENTED_EDGE('',*,*,#9104,.F.);
#5581=ORIENTED_EDGE('',*,*,#9146,.T.);
#5582=CARTESIAN_POINT('',(2.38237749015056,-1.23069930911227,-4.599999999998));
#5583=DIRECTION('',(0.0,0.0,-1.0));
#5584=DIRECTION('',(1.0,0.0,0.0));
#5585=ORIENTED_EDGE('',*,*,#9145,.T.);
#5586=ORIENTED_EDGE('',*,*,#8849,.T.);
#5587=ORIENTED_EDGE('',*,*,#9170,.T.);
#5588=ORIENTED_EDGE('',*,*,#9753,.T.);
#5589=ORIENTED_EDGE('',*,*,#9751,.F.);
#5590=ORIENTED_EDGE('',*,*,#9754,.T.);
#5591=CARTESIAN_POINT('',(1.77488383569556,-1.43069930911227,-5.09999999999801));
#5592=DIRECTION('',(0.0,0.0,1.0));
#5593=DIRECTION('',(1.0,0.0,0.0));
#5594=ORIENTED_EDGE('',*,*,#9127,.T.);
#5595=ORIENTED_EDGE('',*,*,#9172,.T.);
#5596=ORIENTED_EDGE('',*,*,#9174,.T.);
#5597=ORIENTED_EDGE('',*,*,#9176,.T.);
#5598=ORIENTED_EDGE('',*,*,#9178,.T.);
#5599=ORIENTED_EDGE('',*,*,#9179,.T.);
#5600=ORIENTED_EDGE('',*,*,#9124,.T.);
#5601=ORIENTED_EDGE('',*,*,#9048,.F.);
#5602=ORIENTED_EDGE('',*,*,#9149,.T.);
#5603=ORIENTED_EDGE('',*,*,#9182,.T.);
#5604=ORIENTED_EDGE('',*,*,#9185,.T.);
#5605=ORIENTED_EDGE('',*,*,#9187,.T.);
#5606=ORIENTED_EDGE('',*,*,#9168,.T.);
#5607=ORIENTED_EDGE('',*,*,#9044,.F.);
#5608=CARTESIAN_POINT('',(-0.000116164307498491,0.604300690887527,-4.499999999998));
#5609=DIRECTION('',(0.0,0.0,-1.0));
#5610=DIRECTION('',(0.0,-1.0,0.0));
#5611=ORIENTED_EDGE('',*,*,#9755,.T.);
#5612=ORIENTED_EDGE('',*,*,#9756,.T.);
#5613=ORIENTED_EDGE('',*,*,#9130,.T.);
#5614=ORIENTED_EDGE('',*,*,#9757,.T.);
#5615=CARTESIAN_POINT('',(0.52488383570496,-1.13069930911227,-5.724999999998));
#5616=DIRECTION('',(0.0,-3.98895778370947E-17,-1.0));
#5617=DIRECTION('',(0.0,-1.0,3.98895778370947E-17));
#5618=ORIENTED_EDGE('',*,*,#9758,.F.);
#5619=ORIENTED_EDGE('',*,*,#9759,.T.);
#5620=ORIENTED_EDGE('',*,*,#9760,.F.);
#5621=ORIENTED_EDGE('',*,*,#9757,.F.);
#5622=ORIENTED_EDGE('',*,*,#9129,.T.);
#5623=ORIENTED_EDGE('',*,*,#9761,.F.);
#5624=ORIENTED_EDGE('',*,*,#9749,.F.);
#5625=ORIENTED_EDGE('',*,*,#9762,.F.);
#5626=CARTESIAN_POINT('',(-2.47511616430444,1.25430069088773,-5.79999999999801));
#5627=DIRECTION('',(0.0,0.0,1.0));
#5628=DIRECTION('',(1.0,0.0,0.0));
#5629=ORIENTED_EDGE('',*,*,#9760,.T.);
#5630=ORIENTED_EDGE('',*,*,#9763,.T.);
#5631=ORIENTED_EDGE('',*,*,#9755,.F.);
#5632=CARTESIAN_POINT('',(0.173919201019776,-1.06247564651176,-5.72500115663762));
#5633=DIRECTION('',(-0.54167463002062,-0.454518982268437,0.707107551896944));
#5634=DIRECTION('',(-0.642787609686577,0.766044443118947,-4.01944107521185E-17));
#5635=ORIENTED_EDGE('',*,*,#9764,.T.);
#5636=ORIENTED_EDGE('',*,*,#9765,.T.);
#5637=ORIENTED_EDGE('',*,*,#9758,.T.);
#5638=ORIENTED_EDGE('',*,*,#9766,.T.);
#5639=CARTESIAN_POINT('',(0.00156529894980739,-1.20710828495027,-5.549999999998));
#5640=DIRECTION('',(0.766044443119097,0.642787609686397,0.0));
#5641=DIRECTION('',(0.0,0.0,-1.0));
#5642=ORIENTED_EDGE('',*,*,#9767,.F.);
#5643=ORIENTED_EDGE('',*,*,#9764,.F.);
#5644=ORIENTED_EDGE('',*,*,#9768,.F.);
#5645=ORIENTED_EDGE('',*,*,#8750,.F.);
#5646=CARTESIAN_POINT('',(0.22213436937646,-1.24851626455227,-5.299999999998));
#5647=DIRECTION('',(0.0,0.0,1.0));
#5648=DIRECTION('',(1.0,0.0,0.0));
#5649=ORIENTED_EDGE('',*,*,#9131,.T.);
#5650=ORIENTED_EDGE('',*,*,#9756,.F.);
#5651=ORIENTED_EDGE('',*,*,#9763,.F.);
#5652=ORIENTED_EDGE('',*,*,#9759,.F.);
#5653=ORIENTED_EDGE('',*,*,#9765,.F.);
#5654=ORIENTED_EDGE('',*,*,#9767,.T.);
#5655=ORIENTED_EDGE('',*,*,#8749,.T.);
#5656=ORIENTED_EDGE('',*,*,#8748,.T.);
#5657=ORIENTED_EDGE('',*,*,#9134,.T.);
#5658=ORIENTED_EDGE('',*,*,#9076,.T.);
#5659=ORIENTED_EDGE('',*,*,#9008,.T.);
#5660=ORIENTED_EDGE('',*,*,#8993,.T.);
#5661=ORIENTED_EDGE('',*,*,#8951,.F.);
#5662=ORIENTED_EDGE('',*,*,#9769,.F.);
#5663=ORIENTED_EDGE('',*,*,#9136,.F.);
#5664=ORIENTED_EDGE('',*,*,#9770,.F.);
#5665=ORIENTED_EDGE('',*,*,#9771,.T.);
#5666=ORIENTED_EDGE('',*,*,#9772,.F.);
#5667=ORIENTED_EDGE('',*,*,#9141,.F.);
#5668=ORIENTED_EDGE('',*,*,#9773,.T.);
#5669=ORIENTED_EDGE('',*,*,#9258,.T.);
#5670=ORIENTED_EDGE('',*,*,#9774,.T.);
#5671=CARTESIAN_POINT('',(-0.000116164307498491,-1.32069930911227,-0.150000000000004));
#5672=DIRECTION('',(0.0,-1.0,0.0));
#5673=DIRECTION('',(0.0,0.0,-1.0));
#5674=ORIENTED_EDGE('',*,*,#9123,.T.);
#5675=ORIENTED_EDGE('',*,*,#9243,.T.);
#5676=ORIENTED_EDGE('',*,*,#9245,.T.);
#5677=ORIENTED_EDGE('',*,*,#9247,.T.);
#5678=ORIENTED_EDGE('',*,*,#9249,.T.);
#5679=ORIENTED_EDGE('',*,*,#9250,.T.);
#5680=ORIENTED_EDGE('',*,*,#9120,.T.);
#5681=ORIENTED_EDGE('',*,*,#9017,.F.);
#5682=ORIENTED_EDGE('',*,*,#9154,.T.);
#5683=ORIENTED_EDGE('',*,*,#9236,.T.);
#5684=ORIENTED_EDGE('',*,*,#9239,.T.);
#5685=ORIENTED_EDGE('',*,*,#9241,.T.);
#5686=ORIENTED_EDGE('',*,*,#9190,.T.);
#5687=ORIENTED_EDGE('',*,*,#9013,.F.);
#5688=CARTESIAN_POINT('',(-0.000116164307498491,0.604300690887527,-4.499999999998));
#5689=DIRECTION('',(0.0,0.0,-1.0));
#5690=DIRECTION('',(0.0,-1.0,0.0));
#5691=ORIENTED_EDGE('',*,*,#9775,.F.);
#5692=ORIENTED_EDGE('',*,*,#9776,.T.);
#5693=ORIENTED_EDGE('',*,*,#9099,.F.);
#5694=ORIENTED_EDGE('',*,*,#9151,.T.);
#5695=CARTESIAN_POINT('',(-1.16662250984944,-1.23069930911227,-4.599999999998));
#5696=DIRECTION('',(0.0,0.0,-1.0));
#5697=DIRECTION('',(1.0,0.0,0.0));
#5698=ORIENTED_EDGE('',*,*,#9150,.T.);
#5699=ORIENTED_EDGE('',*,*,#8853,.T.);
#5700=ORIENTED_EDGE('',*,*,#9192,.T.);
#5701=ORIENTED_EDGE('',*,*,#9777,.T.);
#5702=ORIENTED_EDGE('',*,*,#9778,.F.);
#5703=ORIENTED_EDGE('',*,*,#9775,.T.);
#5704=CARTESIAN_POINT('',(1.77488383569556,-1.43069930911227,-5.09999999999801));
#5705=DIRECTION('',(0.0,0.0,1.0));
#5706=DIRECTION('',(1.0,0.0,0.0));
#5707=ORIENTED_EDGE('',*,*,#8783,.T.);
#5708=ORIENTED_EDGE('',*,*,#9081,.T.);
#5709=ORIENTED_EDGE('',*,*,#9085,.T.);
#5710=ORIENTED_EDGE('',*,*,#9779,.T.);
#5711=ORIENTED_EDGE('',*,*,#9780,.T.);
#5712=ORIENTED_EDGE('',*,*,#9781,.T.);
#5713=ORIENTED_EDGE('',*,*,#9782,.T.);
#5714=ORIENTED_EDGE('',*,*,#9783,.T.);
#5715=ORIENTED_EDGE('',*,*,#9138,.T.);
#5716=ORIENTED_EDGE('',*,*,#9784,.T.);
#5717=ORIENTED_EDGE('',*,*,#9785,.T.);
#5718=ORIENTED_EDGE('',*,*,#9786,.T.);
#5719=ORIENTED_EDGE('',*,*,#9787,.T.);
#5720=ORIENTED_EDGE('',*,*,#9788,.T.);
#5721=ORIENTED_EDGE('',*,*,#9789,.T.);
#5722=ORIENTED_EDGE('',*,*,#9790,.T.);
#5723=ORIENTED_EDGE('',*,*,#9791,.T.);
#5724=ORIENTED_EDGE('',*,*,#9792,.T.);
#5725=ORIENTED_EDGE('',*,*,#9793,.T.);
#5726=ORIENTED_EDGE('',*,*,#9794,.T.);
#5727=ORIENTED_EDGE('',*,*,#9795,.T.);
#5728=ORIENTED_EDGE('',*,*,#9796,.T.);
#5729=ORIENTED_EDGE('',*,*,#9797,.T.);
#5730=ORIENTED_EDGE('',*,*,#9798,.T.);
#5731=ORIENTED_EDGE('',*,*,#9799,.T.);
#5732=ORIENTED_EDGE('',*,*,#9800,.T.);
#5733=ORIENTED_EDGE('',*,*,#9801,.F.);
#5734=ORIENTED_EDGE('',*,*,#9802,.F.);
#5735=ORIENTED_EDGE('',*,*,#9803,.F.);
#5736=ORIENTED_EDGE('',*,*,#9804,.T.);
#5737=ORIENTED_EDGE('',*,*,#9805,.F.);
#5738=ORIENTED_EDGE('',*,*,#9806,.T.);
#5739=ORIENTED_EDGE('',*,*,#9807,.T.);
#5740=ORIENTED_EDGE('',*,*,#9808,.F.);
#5741=ORIENTED_EDGE('',*,*,#9809,.F.);
#5742=ORIENTED_EDGE('',*,*,#9100,.T.);
#5743=ORIENTED_EDGE('',*,*,#9776,.F.);
#5744=ORIENTED_EDGE('',*,*,#9778,.T.);
#5745=CARTESIAN_POINT('',(1.47238383570056,-1.58069930911227,-2.29999999999801));
#5746=DIRECTION('',(0.0,-1.0,0.0));
#5747=DIRECTION('',(0.0,0.0,-1.0));
#5748=ORIENTED_EDGE('',*,*,#9777,.F.);
#5749=ORIENTED_EDGE('',*,*,#9191,.T.);
#5750=ORIENTED_EDGE('',*,*,#9101,.F.);
#5751=ORIENTED_EDGE('',*,*,#9809,.T.);
#5752=CARTESIAN_POINT('',(-2.38160981875944,-1.23069930911227,-4.599999999998));
#5753=DIRECTION('',(0.0,0.0,-1.0));
#5754=DIRECTION('',(1.0,0.0,0.0));
#5755=ORIENTED_EDGE('',*,*,#9810,.T.);
#5756=ORIENTED_EDGE('',*,*,#9811,.F.);
#5757=ORIENTED_EDGE('',*,*,#9812,.T.);
#5758=ORIENTED_EDGE('',*,*,#9813,.F.);
#5759=ORIENTED_EDGE('',*,*,#9814,.T.);
#5760=ORIENTED_EDGE('',*,*,#9815,.F.);
#5761=ORIENTED_EDGE('',*,*,#9816,.T.);
#5762=ORIENTED_EDGE('',*,*,#9801,.T.);
#5763=ORIENTED_EDGE('',*,*,#9817,.T.);
#5764=ORIENTED_EDGE('',*,*,#9818,.F.);
#5765=ORIENTED_EDGE('',*,*,#9819,.T.);
#5766=ORIENTED_EDGE('',*,*,#9820,.F.);
#5767=ORIENTED_EDGE('',*,*,#9821,.T.);
#5768=ORIENTED_EDGE('',*,*,#9822,.T.);
#5769=ORIENTED_EDGE('',*,*,#9823,.T.);
#5770=ORIENTED_EDGE('',*,*,#9824,.T.);
#5771=ORIENTED_EDGE('',*,*,#9825,.T.);
#5772=ORIENTED_EDGE('',*,*,#9826,.T.);
#5773=ORIENTED_EDGE('',*,*,#9827,.T.);
#5774=ORIENTED_EDGE('',*,*,#9731,.T.);
#5775=CARTESIAN_POINT('',(-4.37011616430444,1.47930069088773,-5.20417042793042E-15));
#5776=DIRECTION('',(0.0,0.0,1.0));
#5777=DIRECTION('',(1.0,0.0,0.0));
#5778=ORIENTED_EDGE('',*,*,#9828,.T.);
#5779=ORIENTED_EDGE('',*,*,#9732,.F.);
#5780=ORIENTED_EDGE('',*,*,#9827,.F.);
#5781=ORIENTED_EDGE('',*,*,#9829,.F.);
#5782=ORIENTED_EDGE('',*,*,#9065,.F.);
#5783=CARTESIAN_POINT('',(-0.24511616429504,-1.43069930911227,-0.491748818130005));
#5784=DIRECTION('',(1.0,0.0,0.0));
#5785=DIRECTION('',(0.0,1.0,0.0));
#5786=ORIENTED_EDGE('',*,*,#9830,.F.);
#5787=ORIENTED_EDGE('',*,*,#9066,.F.);
#5788=ORIENTED_EDGE('',*,*,#9829,.T.);
#5789=ORIENTED_EDGE('',*,*,#9826,.F.);
#5790=CARTESIAN_POINT('',(1.47238383570056,-1.35569930911227,-0.150000000000004));
#5791=DIRECTION('',(0.0,0.894427190999896,0.447213595499998));
#5792=DIRECTION('',(1.0,0.0,-0.0));
#5793=ORIENTED_EDGE('',*,*,#9830,.T.);
#5794=ORIENTED_EDGE('',*,*,#9825,.F.);
#5795=ORIENTED_EDGE('',*,*,#9831,.T.);
#5796=ORIENTED_EDGE('',*,*,#9832,.T.);
#5797=CARTESIAN_POINT('',(3.18988383569579,-0.300699309112507,-0.150000727081505));
#5798=DIRECTION('',(-6.43434950899606E-07,6.43434950819977E-07,0.999999999999586));
#5799=DIRECTION('',(0.999999999999793,2.07001082992596E-13,6.43434950899606E-07));
#5800=ORIENTED_EDGE('',*,*,#9067,.T.);
#5801=ORIENTED_EDGE('',*,*,#9832,.F.);
#5802=ORIENTED_EDGE('',*,*,#8825,.T.);
#5803=ORIENTED_EDGE('',*,*,#9833,.T.);
#5804=CARTESIAN_POINT('',(3.18988383569556,-0.300699309112272,-5.599999999998));
#5805=DIRECTION('',(0.0,0.0,-1.0));
#5806=DIRECTION('',(1.0,0.0,0.0));
#5807=ORIENTED_EDGE('',*,*,#8798,.F.);
#5808=ORIENTED_EDGE('',*,*,#9834,.F.);
#5809=ORIENTED_EDGE('',*,*,#9023,.T.);
#5810=ORIENTED_EDGE('',*,*,#9835,.F.);
#5811=ORIENTED_EDGE('',*,*,#9803,.T.);
#5812=ORIENTED_EDGE('',*,*,#9836,.F.);
#5813=ORIENTED_EDGE('',*,*,#9837,.T.);
#5814=ORIENTED_EDGE('',*,*,#9838,.F.);
#5815=CARTESIAN_POINT('',(-4.32011616430444,-1.14069930911227,-1.149999999998));
#5816=DIRECTION('',(0.0,0.0,-1.0));
#5817=DIRECTION('',(0.0,-1.0,0.0));
#5818=ORIENTED_EDGE('',*,*,#9839,.F.);
#5819=ORIENTED_EDGE('',*,*,#9840,.F.);
#5820=ORIENTED_EDGE('',*,*,#9729,.T.);
#5821=ORIENTED_EDGE('',*,*,#9841,.F.);
#5822=ORIENTED_EDGE('',*,*,#9068,.T.);
#5823=ORIENTED_EDGE('',*,*,#9833,.F.);
#5824=ORIENTED_EDGE('',*,*,#8824,.T.);
#5825=ORIENTED_EDGE('',*,*,#9842,.F.);
#5826=CARTESIAN_POINT('',(-4.32011616430444,-1.14069930911227,-1.149999999998));
#5827=DIRECTION('',(0.0,0.0,-1.0));
#5828=DIRECTION('',(0.0,-1.0,0.0));
#5829=ORIENTED_EDGE('',*,*,#9843,.F.);
#5830=ORIENTED_EDGE('',*,*,#9844,.F.);
#5831=ORIENTED_EDGE('',*,*,#8799,.F.);
#5832=ORIENTED_EDGE('',*,*,#9838,.T.);
#5833=CARTESIAN_POINT('',(20.8134278356956,-0.150699309112473,-1.299999999998));
#5834=DIRECTION('',(1.0,-0.0,0.0));
#5835=DIRECTION('',(0.0,0.0,1.0));
#5836=ORIENTED_EDGE('',*,*,#8779,.F.);
#5837=ORIENTED_EDGE('',*,*,#8985,.T.);
#5838=ORIENTED_EDGE('',*,*,#9845,.F.);
#5839=ORIENTED_EDGE('',*,*,#9846,.T.);
#5840=ORIENTED_EDGE('',*,*,#8915,.T.);
#5841=ORIENTED_EDGE('',*,*,#8920,.T.);
#5842=CARTESIAN_POINT('',(-4.17011616430444,0.299300690887428,-3.049999999998));
#5843=DIRECTION('',(1.0,0.0,0.0));
#5844=DIRECTION('',(0.0,1.0,0.0));
#5845=ORIENTED_EDGE('',*,*,#9847,.F.);
#5846=ORIENTED_EDGE('',*,*,#9848,.F.);
#5847=ORIENTED_EDGE('',*,*,#9807,.F.);
#5848=ORIENTED_EDGE('',*,*,#9849,.F.);
#5849=ORIENTED_EDGE('',*,*,#9019,.F.);
#5850=ORIENTED_EDGE('',*,*,#8991,.F.);
#5851=ORIENTED_EDGE('',*,*,#8808,.T.);
#5852=ORIENTED_EDGE('',*,*,#9850,.T.);
#5853=CARTESIAN_POINT('',(-4.32011616430444,-1.14069930911227,-3.049999999998));
#5854=DIRECTION('',(0.0,0.0,-1.0));
#5855=DIRECTION('',(0.0,-1.0,0.0));
#5856=ORIENTED_EDGE('',*,*,#8814,.F.);
#5857=ORIENTED_EDGE('',*,*,#9851,.F.);
#5858=ORIENTED_EDGE('',*,*,#9072,.F.);
#5859=ORIENTED_EDGE('',*,*,#9852,.F.);
#5860=ORIENTED_EDGE('',*,*,#9725,.F.);
#5861=ORIENTED_EDGE('',*,*,#9722,.F.);
#5862=ORIENTED_EDGE('',*,*,#9853,.T.);
#5863=ORIENTED_EDGE('',*,*,#9854,.T.);
#5864=CARTESIAN_POINT('',(-4.32011616430444,-1.14069930911227,-3.049999999998));
#5865=DIRECTION('',(0.0,0.0,-1.0));
#5866=DIRECTION('',(0.0,-1.0,0.0));
#5867=ORIENTED_EDGE('',*,*,#9855,.F.);
#5868=ORIENTED_EDGE('',*,*,#9850,.F.);
#5869=ORIENTED_EDGE('',*,*,#8807,.F.);
#5870=ORIENTED_EDGE('',*,*,#9856,.T.);
#5871=CARTESIAN_POINT('',(20.8134278356956,-0.150699309112473,-2.899999999998));
#5872=DIRECTION('',(1.0,-0.0,0.0));
#5873=DIRECTION('',(0.0,1.0,0.0));
#5874=ORIENTED_EDGE('',*,*,#8816,.F.);
#5875=ORIENTED_EDGE('',*,*,#9857,.F.);
#5876=ORIENTED_EDGE('',*,*,#9858,.T.);
#5877=ORIENTED_EDGE('',*,*,#9859,.T.);
#5878=CARTESIAN_POINT('',(54.4698838356956,-0.000699309112478496,-3.049999999998));
#5879=DIRECTION('',(-0.0,1.0,0.0));
#5880=DIRECTION('',(1.0,0.0,0.0));
#5881=ORIENTED_EDGE('',*,*,#9860,.F.);
#5882=ORIENTED_EDGE('',*,*,#9856,.F.);
#5883=ORIENTED_EDGE('',*,*,#8806,.F.);
#5884=ORIENTED_EDGE('',*,*,#9861,.F.);
#5885=CARTESIAN_POINT('',(54.4698838356956,-0.000699309112478496,-3.049999999998));
#5886=DIRECTION('',(-0.0,1.0,0.0));
#5887=DIRECTION('',(1.0,0.0,0.0));
#5888=ORIENTED_EDGE('',*,*,#9859,.F.);
#5889=ORIENTED_EDGE('',*,*,#9862,.T.);
#5890=ORIENTED_EDGE('',*,*,#9863,.T.);
#5891=ORIENTED_EDGE('',*,*,#8817,.T.);
#5892=CARTESIAN_POINT('',(20.8134278356956,-0.150699309112473,-2.84999999999801));
#5893=DIRECTION('',(1.0,-0.0,0.0));
#5894=DIRECTION('',(0.0,0.0,1.0));
#5895=ORIENTED_EDGE('',*,*,#9715,.T.);
#5896=ORIENTED_EDGE('',*,*,#8834,.T.);
#5897=ORIENTED_EDGE('',*,*,#9864,.F.);
#5898=ORIENTED_EDGE('',*,*,#9865,.F.);
#5899=CARTESIAN_POINT('',(20.8134278356956,-0.230699309112472,-5.469999999998));
#5900=DIRECTION('',(1.0,-0.0,0.0));
#5901=DIRECTION('',(0.0,0.0,1.0));
#5902=ORIENTED_EDGE('',*,*,#9716,.T.);
#5903=ORIENTED_EDGE('',*,*,#9865,.T.);
#5904=ORIENTED_EDGE('',*,*,#9866,.T.);
#5905=ORIENTED_EDGE('',*,*,#9867,.F.);
#5906=ORIENTED_EDGE('',*,*,#9868,.F.);
#5907=ORIENTED_EDGE('',*,*,#9869,.F.);
#5908=ORIENTED_EDGE('',*,*,#9870,.F.);
#5909=ORIENTED_EDGE('',*,*,#9811,.T.);
#5910=ORIENTED_EDGE('',*,*,#9871,.F.);
#5911=ORIENTED_EDGE('',*,*,#9839,.T.);
#5912=ORIENTED_EDGE('',*,*,#9872,.T.);
#5913=ORIENTED_EDGE('',*,*,#9873,.T.);
#5914=ORIENTED_EDGE('',*,*,#9874,.T.);
#5915=ORIENTED_EDGE('',*,*,#9875,.F.);
#5916=ORIENTED_EDGE('',*,*,#9876,.F.);
#5917=ORIENTED_EDGE('',*,*,#9877,.F.);
#5918=ORIENTED_EDGE('',*,*,#9862,.F.);
#5919=ORIENTED_EDGE('',*,*,#9858,.F.);
#5920=ORIENTED_EDGE('',*,*,#9878,.T.);
#5921=ORIENTED_EDGE('',*,*,#9853,.F.);
#5922=ORIENTED_EDGE('',*,*,#9721,.F.);
#5923=CARTESIAN_POINT('',(4.46988383569556,-0.000699309112483496,-3.599999999998));
#5924=DIRECTION('',(1.0,0.0,0.0));
#5925=DIRECTION('',(0.0,1.0,0.0));
#5926=ORIENTED_EDGE('',*,*,#9879,.F.);
#5927=ORIENTED_EDGE('',*,*,#9880,.T.);
#5928=ORIENTED_EDGE('',*,*,#9881,.F.);
#5929=ORIENTED_EDGE('',*,*,#9882,.T.);
#5930=ORIENTED_EDGE('',*,*,#9883,.F.);
#5931=ORIENTED_EDGE('',*,*,#9884,.T.);
#5932=ORIENTED_EDGE('',*,*,#9885,.T.);
#5933=ORIENTED_EDGE('',*,*,#9886,.T.);
#5934=ORIENTED_EDGE('',*,*,#9875,.T.);
#5935=ORIENTED_EDGE('',*,*,#9887,.F.);
#5936=ORIENTED_EDGE('',*,*,#8820,.T.);
#5937=ORIENTED_EDGE('',*,*,#9888,.T.);
#5938=CARTESIAN_POINT('',(4.26886776280856,-0.828845560217473,-1.499999999998));
#5939=DIRECTION('',(0.0,0.0,1.0));
#5940=DIRECTION('',(1.0,0.0,0.0));
#5941=ORIENTED_EDGE('',*,*,#9889,.F.);
#5942=ORIENTED_EDGE('',*,*,#9888,.F.);
#5943=ORIENTED_EDGE('',*,*,#8819,.T.);
#5944=ORIENTED_EDGE('',*,*,#9890,.F.);
#5945=CARTESIAN_POINT('',(4.61988383569556,-0.330699309112472,8.4734));
#5946=DIRECTION('',(-0.0,0.0,1.0));
#5947=DIRECTION('',(0.0,-1.0,0.0));
#5948=ORIENTED_EDGE('',*,*,#8818,.T.);
#5949=ORIENTED_EDGE('',*,*,#9863,.F.);
#5950=ORIENTED_EDGE('',*,*,#9877,.T.);
#5951=ORIENTED_EDGE('',*,*,#9891,.T.);
#5952=ORIENTED_EDGE('',*,*,#9892,.T.);
#5953=ORIENTED_EDGE('',*,*,#9893,.T.);
#5954=ORIENTED_EDGE('',*,*,#9894,.F.);
#5955=ORIENTED_EDGE('',*,*,#9895,.T.);
#5956=ORIENTED_EDGE('',*,*,#9896,.F.);
#5957=ORIENTED_EDGE('',*,*,#9897,.T.);
#5958=ORIENTED_EDGE('',*,*,#9898,.F.);
#5959=ORIENTED_EDGE('',*,*,#9890,.T.);
#5960=CARTESIAN_POINT('',(4.61988383569556,-0.330699309112472,-2.69999999999801));
#5961=DIRECTION('',(0.0,0.0,-1.0));
#5962=DIRECTION('',(0.0,-1.0,0.0));
#5963=ORIENTED_EDGE('',*,*,#9899,.F.);
#5964=ORIENTED_EDGE('',*,*,#9879,.T.);
#5965=ORIENTED_EDGE('',*,*,#9889,.T.);
#5966=ORIENTED_EDGE('',*,*,#9898,.T.);
#5967=ORIENTED_EDGE('',*,*,#9900,.F.);
#5968=ORIENTED_EDGE('',*,*,#9901,.F.);
#5969=ORIENTED_EDGE('',*,*,#9902,.T.);
#5970=ORIENTED_EDGE('',*,*,#9903,.T.);
#5971=ORIENTED_EDGE('',*,*,#9904,.T.);
#5972=ORIENTED_EDGE('',*,*,#9905,.T.);
#5973=CARTESIAN_POINT('',(4.16988383569556,-0.780699309112473,-1.499999999998));
#5974=DIRECTION('',(0.0,-1.0,0.0));
#5975=DIRECTION('',(0.0,0.0,-1.0));
#5976=ORIENTED_EDGE('',*,*,#9906,.F.);
#5977=ORIENTED_EDGE('',*,*,#9907,.T.);
#5978=ORIENTED_EDGE('',*,*,#9908,.F.);
#5979=ORIENTED_EDGE('',*,*,#9909,.F.);
#5980=ORIENTED_EDGE('',*,*,#9910,.F.);
#5981=ORIENTED_EDGE('',*,*,#9911,.T.);
#5982=ORIENTED_EDGE('',*,*,#9905,.F.);
#5983=ORIENTED_EDGE('',*,*,#9912,.F.);
#5984=CARTESIAN_POINT('',(5.34362752240356,-0.583211935697173,-1.84999999999801));
#5985=DIRECTION('',(0.0,0.0,-1.0));
#5986=DIRECTION('',(0.0,-1.0,0.0));
#5987=ORIENTED_EDGE('',*,*,#9904,.F.);
#5988=ORIENTED_EDGE('',*,*,#9913,.F.);
#5989=ORIENTED_EDGE('',*,*,#9914,.F.);
#5990=ORIENTED_EDGE('',*,*,#9912,.T.);
#5991=CARTESIAN_POINT('',(5.16988383569556,8.46711411686173,-1.99999999999801));
#5992=DIRECTION('',(0.0,1.0,-0.0));
#5993=DIRECTION('',(0.0,0.0,1.0));
#5994=ORIENTED_EDGE('',*,*,#9915,.T.);
#5995=ORIENTED_EDGE('',*,*,#9916,.T.);
#5996=ORIENTED_EDGE('',*,*,#9917,.F.);
#5997=ORIENTED_EDGE('',*,*,#9892,.F.);
#5998=ORIENTED_EDGE('',*,*,#9918,.T.);
#5999=ORIENTED_EDGE('',*,*,#9885,.F.);
#6000=ORIENTED_EDGE('',*,*,#9919,.F.);
#6001=ORIENTED_EDGE('',*,*,#9906,.T.);
#6002=ORIENTED_EDGE('',*,*,#9914,.T.);
#6003=ORIENTED_EDGE('',*,*,#9920,.T.);
#6004=CARTESIAN_POINT('',(4.14691048109256,-0.480699309112473,-2.49999999999801));
#6005=DIRECTION('',(-0.0,1.0,0.0));
#6006=DIRECTION('',(1.0,0.0,0.0));
#6007=ORIENTED_EDGE('',*,*,#9903,.F.);
#6008=ORIENTED_EDGE('',*,*,#9921,.F.);
#6009=ORIENTED_EDGE('',*,*,#9920,.F.);
#6010=ORIENTED_EDGE('',*,*,#9913,.T.);
#6011=CARTESIAN_POINT('',(5.01988383569556,-1.43069930911227,-2.099999999998));
#6012=DIRECTION('',(1.0,0.0,0.0));
#6013=DIRECTION('',(0.0,1.0,0.0));
#6014=ORIENTED_EDGE('',*,*,#9915,.F.);
#6015=ORIENTED_EDGE('',*,*,#9921,.T.);
#6016=ORIENTED_EDGE('',*,*,#9902,.F.);
#6017=ORIENTED_EDGE('',*,*,#9922,.T.);
#6018=CARTESIAN_POINT('',(5.16988383569556,-0.200699309112473,-2.19999999999801));
#6019=DIRECTION('',(0.0,-1.0,0.0));
#6020=DIRECTION('',(1.0,0.0,0.0));
#6021=ORIENTED_EDGE('',*,*,#9916,.F.);
#6022=ORIENTED_EDGE('',*,*,#9922,.F.);
#6023=ORIENTED_EDGE('',*,*,#9901,.T.);
#6024=ORIENTED_EDGE('',*,*,#9923,.T.);
#6025=ORIENTED_EDGE('',*,*,#9924,.T.);
#6026=ORIENTED_EDGE('',*,*,#9925,.F.);
#6027=ORIENTED_EDGE('',*,*,#9926,.T.);
#6028=ORIENTED_EDGE('',*,*,#9927,.T.);
#6029=CARTESIAN_POINT('',(5.34362752240356,-0.783211935697173,-2.34999999999801));
#6030=DIRECTION('',(0.0,0.0,1.0));
#6031=DIRECTION('',(1.0,0.0,0.0));
#6032=ORIENTED_EDGE('',*,*,#9928,.F.);
#6033=ORIENTED_EDGE('',*,*,#9893,.F.);
#6034=ORIENTED_EDGE('',*,*,#9917,.T.);
#6035=ORIENTED_EDGE('',*,*,#9927,.F.);
#6036=CARTESIAN_POINT('',(5.41988383569556,-0.830699309112473,-14.973399999998));
#6037=DIRECTION('',(0.0,0.0,-1.0));
#6038=DIRECTION('',(1.0,0.0,0.0));
#6039=ORIENTED_EDGE('',*,*,#9929,.T.);
#6040=ORIENTED_EDGE('',*,*,#9883,.T.);
#6041=ORIENTED_EDGE('',*,*,#9930,.T.);
#6042=ORIENTED_EDGE('',*,*,#9931,.T.);
#6043=ORIENTED_EDGE('',*,*,#9932,.T.);
#6044=ORIENTED_EDGE('',*,*,#9894,.T.);
#6045=ORIENTED_EDGE('',*,*,#9928,.T.);
#6046=ORIENTED_EDGE('',*,*,#9926,.F.);
#6047=ORIENTED_EDGE('',*,*,#9933,.T.);
#6048=ORIENTED_EDGE('',*,*,#9934,.T.);
#6049=ORIENTED_EDGE('',*,*,#9935,.T.);
#6050=ORIENTED_EDGE('',*,*,#9908,.T.);
#6051=CARTESIAN_POINT('',(5.76988383569556,-0.680699309112473,-2.49999999999801));
#6052=DIRECTION('',(1.0,0.0,0.0));
#6053=DIRECTION('',(0.0,1.0,0.0));
#6054=ORIENTED_EDGE('',*,*,#9935,.F.);
#6055=ORIENTED_EDGE('',*,*,#9936,.F.);
#6056=ORIENTED_EDGE('',*,*,#9937,.F.);
#6057=ORIENTED_EDGE('',*,*,#9909,.T.);
#6058=CARTESIAN_POINT('',(-19.5051067124245,-1.13069930911227,-1.99999999999801));
#6059=DIRECTION('',(-1.0,0.0,0.0));
#6060=DIRECTION('',(0.0,0.0,1.0));
#6061=ORIENTED_EDGE('',*,*,#9938,.T.);
#6062=ORIENTED_EDGE('',*,*,#9924,.F.);
#6063=ORIENTED_EDGE('',*,*,#9939,.T.);
#6064=ORIENTED_EDGE('',*,*,#9896,.T.);
#6065=ORIENTED_EDGE('',*,*,#9940,.T.);
#6066=ORIENTED_EDGE('',*,*,#9941,.T.);
#6067=ORIENTED_EDGE('',*,*,#9942,.T.);
#6068=ORIENTED_EDGE('',*,*,#9881,.T.);
#6069=ORIENTED_EDGE('',*,*,#9943,.T.);
#6070=ORIENTED_EDGE('',*,*,#9910,.T.);
#6071=ORIENTED_EDGE('',*,*,#9937,.T.);
#6072=ORIENTED_EDGE('',*,*,#9944,.T.);
#6073=CARTESIAN_POINT('',(5.46988383569556,-1.83069930911227,-2.49999999999801));
#6074=DIRECTION('',(-1.0,0.0,0.0));
#6075=DIRECTION('',(0.0,0.0,1.0));
#6076=ORIENTED_EDGE('',*,*,#9934,.F.);
#6077=ORIENTED_EDGE('',*,*,#9945,.F.);
#6078=ORIENTED_EDGE('',*,*,#9944,.F.);
#6079=ORIENTED_EDGE('',*,*,#9936,.T.);
#6080=CARTESIAN_POINT('',(1.47238383570056,-1.28069930911227,-2.29999999999801));
#6081=DIRECTION('',(0.0,-1.0,0.0));
#6082=DIRECTION('',(0.0,0.0,-1.0));
#6083=ORIENTED_EDGE('',*,*,#9938,.F.);
#6084=ORIENTED_EDGE('',*,*,#9945,.T.);
#6085=ORIENTED_EDGE('',*,*,#9933,.F.);
#6086=ORIENTED_EDGE('',*,*,#9925,.T.);
#6087=CARTESIAN_POINT('',(-0.000116164304439604,-1.13069930911227,-2.19999999999801));
#6088=DIRECTION('',(1.0,-0.0,0.0));
#6089=DIRECTION('',(0.0,1.0,0.0));
#6090=ORIENTED_EDGE('',*,*,#9880,.F.);
#6091=ORIENTED_EDGE('',*,*,#9899,.T.);
#6092=ORIENTED_EDGE('',*,*,#9911,.F.);
#6093=ORIENTED_EDGE('',*,*,#9943,.F.);
#6094=CARTESIAN_POINT('',(5.41988383569556,-0.830699309112473,8.4734));
#6095=DIRECTION('',(-0.0,0.0,1.0));
#6096=DIRECTION('',(0.0,1.0,0.0));
#6097=ORIENTED_EDGE('',*,*,#9882,.F.);
#6098=ORIENTED_EDGE('',*,*,#9942,.F.);
#6099=ORIENTED_EDGE('',*,*,#9946,.T.);
#6100=ORIENTED_EDGE('',*,*,#9930,.F.);
#6101=CARTESIAN_POINT('',(-19.7504701926845,-1.43069930911227,-1.699999999998));
#6102=DIRECTION('',(-1.0,0.0,0.0));
#6103=DIRECTION('',(0.0,0.0,1.0));
#6104=ORIENTED_EDGE('',*,*,#9941,.F.);
#6105=ORIENTED_EDGE('',*,*,#9947,.F.);
#6106=ORIENTED_EDGE('',*,*,#9931,.F.);
#6107=ORIENTED_EDGE('',*,*,#9946,.F.);
#6108=CARTESIAN_POINT('',(5.76988383569556,-1.63069930911228,-2.49999999999801));
#6109=DIRECTION('',(0.0,-1.0,0.0));
#6110=DIRECTION('',(0.0,0.0,-1.0));
#6111=ORIENTED_EDGE('',*,*,#9895,.F.);
#6112=ORIENTED_EDGE('',*,*,#9932,.F.);
#6113=ORIENTED_EDGE('',*,*,#9947,.T.);
#6114=ORIENTED_EDGE('',*,*,#9940,.F.);
#6115=CARTESIAN_POINT('',(20.8134278356956,-1.43069930911227,-2.49999999999801));
#6116=DIRECTION('',(1.0,-0.0,0.0));
#6117=DIRECTION('',(0.0,0.0,-1.0));
#6118=ORIENTED_EDGE('',*,*,#9923,.F.);
#6119=ORIENTED_EDGE('',*,*,#9900,.T.);
#6120=ORIENTED_EDGE('',*,*,#9897,.F.);
#6121=ORIENTED_EDGE('',*,*,#9939,.F.);
#6122=CARTESIAN_POINT('',(5.41988383569556,-0.830699309112473,8.4734));
#6123=DIRECTION('',(-0.0,0.0,1.0));
#6124=DIRECTION('',(0.0,1.0,0.0));
#6125=ORIENTED_EDGE('',*,*,#9929,.F.);
#6126=ORIENTED_EDGE('',*,*,#9907,.F.);
#6127=ORIENTED_EDGE('',*,*,#9919,.T.);
#6128=ORIENTED_EDGE('',*,*,#9884,.F.);
#6129=CARTESIAN_POINT('',(5.41988383569556,-0.830699309112473,-14.973399999998));
#6130=DIRECTION('',(0.0,0.0,-1.0));
#6131=DIRECTION('',(1.0,0.0,0.0));
#6132=ORIENTED_EDGE('',*,*,#9886,.F.);
#6133=ORIENTED_EDGE('',*,*,#9918,.F.);
#6134=ORIENTED_EDGE('',*,*,#9891,.F.);
#6135=ORIENTED_EDGE('',*,*,#9876,.T.);
#6136=CARTESIAN_POINT('',(4.61988383569556,-0.330699309112472,-14.973399999998));
#6137=DIRECTION('',(-0.0,0.0,-1.0));
#6138=DIRECTION('',(-1.0,0.0,0.0));
#6139=ORIENTED_EDGE('',*,*,#9874,.F.);
#6140=ORIENTED_EDGE('',*,*,#9948,.F.);
#6141=ORIENTED_EDGE('',*,*,#8821,.F.);
#6142=ORIENTED_EDGE('',*,*,#9887,.T.);
#6143=CARTESIAN_POINT('',(-20.8136601643044,-0.150699309112473,-1.349999999998));
#6144=DIRECTION('',(-1.0,0.0,-0.0));
#6145=DIRECTION('',(0.0,0.0,-1.0));
#6146=ORIENTED_EDGE('',*,*,#9873,.F.);
#6147=ORIENTED_EDGE('',*,*,#9949,.T.);
#6148=ORIENTED_EDGE('',*,*,#8822,.F.);
#6149=ORIENTED_EDGE('',*,*,#9948,.T.);
#6150=CARTESIAN_POINT('',(54.4698838356956,-0.000699309112478496,-3.049999999998));
#6151=DIRECTION('',(-0.0,1.0,0.0));
#6152=DIRECTION('',(1.0,0.0,0.0));
#6153=ORIENTED_EDGE('',*,*,#8800,.F.);
#6154=ORIENTED_EDGE('',*,*,#9844,.T.);
#6155=ORIENTED_EDGE('',*,*,#9950,.F.);
#6156=ORIENTED_EDGE('',*,*,#9951,.T.);
#6157=CARTESIAN_POINT('',(54.4698838356956,-0.000699309112478496,-3.049999999998));
#6158=DIRECTION('',(-0.0,1.0,0.0));
#6159=DIRECTION('',(1.0,0.0,0.0));
#6160=ORIENTED_EDGE('',*,*,#8823,.F.);
#6161=ORIENTED_EDGE('',*,*,#9949,.F.);
#6162=ORIENTED_EDGE('',*,*,#9872,.F.);
#6163=ORIENTED_EDGE('',*,*,#9842,.T.);
#6164=CARTESIAN_POINT('',(20.8134278356956,-0.150699309112473,-1.299999999998));
#6165=DIRECTION('',(1.0,-0.0,0.0));
#6166=DIRECTION('',(0.0,0.0,1.0));
#6167=ORIENTED_EDGE('',*,*,#8801,.F.);
#6168=ORIENTED_EDGE('',*,*,#9951,.F.);
#6169=ORIENTED_EDGE('',*,*,#9952,.F.);
#6170=ORIENTED_EDGE('',*,*,#9953,.T.);
#6171=CARTESIAN_POINT('',(-20.8136601643044,-0.150699309112473,-1.349999999998));
#6172=DIRECTION('',(-1.0,0.0,-0.0));
#6173=DIRECTION('',(0.0,0.0,-1.0));
#6174=ORIENTED_EDGE('',*,*,#8802,.F.);
#6175=ORIENTED_EDGE('',*,*,#9953,.F.);
#6176=ORIENTED_EDGE('',*,*,#9954,.F.);
#6177=ORIENTED_EDGE('',*,*,#9955,.T.);
#6178=ORIENTED_EDGE('',*,*,#9956,.T.);
#6179=ORIENTED_EDGE('',*,*,#9957,.T.);
#6180=ORIENTED_EDGE('',*,*,#9958,.T.);
#6181=ORIENTED_EDGE('',*,*,#9959,.F.);
#6182=ORIENTED_EDGE('',*,*,#9960,.T.);
#6183=ORIENTED_EDGE('',*,*,#9961,.T.);
#6184=ORIENTED_EDGE('',*,*,#9962,.F.);
#6185=ORIENTED_EDGE('',*,*,#9963,.T.);
#6186=CARTESIAN_POINT('',(4.26886776280856,-0.828845560217473,-1.499999999998));
#6187=DIRECTION('',(0.0,0.0,1.0));
#6188=DIRECTION('',(1.0,0.0,0.0));
#6189=ORIENTED_EDGE('',*,*,#8803,.F.);
#6190=ORIENTED_EDGE('',*,*,#9963,.F.);
#6191=ORIENTED_EDGE('',*,*,#9964,.T.);
#6192=ORIENTED_EDGE('',*,*,#9965,.F.);
#6193=CARTESIAN_POINT('',(-4.62011616430444,-0.330699309112472,8.4734));
#6194=DIRECTION('',(-0.0,0.0,1.0));
#6195=DIRECTION('',(1.0,0.0,0.0));
#6196=ORIENTED_EDGE('',*,*,#9966,.F.);
#6197=ORIENTED_EDGE('',*,*,#9967,.T.);
#6198=ORIENTED_EDGE('',*,*,#9968,.T.);
#6199=ORIENTED_EDGE('',*,*,#9969,.F.);
#6200=ORIENTED_EDGE('',*,*,#9970,.F.);
#6201=ORIENTED_EDGE('',*,*,#9971,.T.);
#6202=ORIENTED_EDGE('',*,*,#9972,.T.);
#6203=ORIENTED_EDGE('',*,*,#9973,.T.);
#6204=ORIENTED_EDGE('',*,*,#9974,.F.);
#6205=ORIENTED_EDGE('',*,*,#9975,.T.);
#6206=ORIENTED_EDGE('',*,*,#8804,.F.);
#6207=ORIENTED_EDGE('',*,*,#9965,.T.);
#6208=CARTESIAN_POINT('',(4.61988383569556,-0.330699309112472,-2.69999999999801));
#6209=DIRECTION('',(0.0,0.0,-1.0));
#6210=DIRECTION('',(0.0,-1.0,0.0));
#6211=ORIENTED_EDGE('',*,*,#8805,.F.);
#6212=ORIENTED_EDGE('',*,*,#9975,.F.);
#6213=ORIENTED_EDGE('',*,*,#9976,.F.);
#6214=ORIENTED_EDGE('',*,*,#9861,.T.);
#6215=CARTESIAN_POINT('',(20.8134278356956,-0.150699309112473,-2.84999999999801));
#6216=DIRECTION('',(1.0,-0.0,0.0));
#6217=DIRECTION('',(0.0,0.0,1.0));
#6218=ORIENTED_EDGE('',*,*,#9815,.T.);
#6219=ORIENTED_EDGE('',*,*,#9977,.F.);
#6220=ORIENTED_EDGE('',*,*,#9978,.F.);
#6221=ORIENTED_EDGE('',*,*,#9979,.T.);
#6222=ORIENTED_EDGE('',*,*,#9980,.F.);
#6223=ORIENTED_EDGE('',*,*,#9981,.T.);
#6224=ORIENTED_EDGE('',*,*,#9982,.T.);
#6225=ORIENTED_EDGE('',*,*,#8776,.T.);
#6226=ORIENTED_EDGE('',*,*,#9983,.F.);
#6227=ORIENTED_EDGE('',*,*,#9847,.T.);
#6228=ORIENTED_EDGE('',*,*,#9855,.T.);
#6229=ORIENTED_EDGE('',*,*,#9860,.T.);
#6230=ORIENTED_EDGE('',*,*,#9976,.T.);
#6231=ORIENTED_EDGE('',*,*,#9974,.T.);
#6232=ORIENTED_EDGE('',*,*,#9984,.T.);
#6233=ORIENTED_EDGE('',*,*,#9954,.T.);
#6234=ORIENTED_EDGE('',*,*,#9952,.T.);
#6235=ORIENTED_EDGE('',*,*,#9950,.T.);
#6236=ORIENTED_EDGE('',*,*,#9843,.T.);
#6237=ORIENTED_EDGE('',*,*,#9837,.F.);
#6238=ORIENTED_EDGE('',*,*,#9985,.F.);
#6239=CARTESIAN_POINT('',(-4.47011616430444,0.299300690887528,-1.499999999998));
#6240=DIRECTION('',(-1.0,0.0,0.0));
#6241=DIRECTION('',(0.0,0.0,1.0));
#6242=ORIENTED_EDGE('',*,*,#9955,.F.);
#6243=ORIENTED_EDGE('',*,*,#9984,.F.);
#6244=ORIENTED_EDGE('',*,*,#9973,.F.);
#6245=ORIENTED_EDGE('',*,*,#9986,.T.);
#6246=CARTESIAN_POINT('',(-4.62011616430444,-0.330699309112472,-14.973399999998));
#6247=DIRECTION('',(0.0,-0.0,-1.0));
#6248=DIRECTION('',(0.0,-1.0,0.0));
#6249=ORIENTED_EDGE('',*,*,#9972,.F.);
#6250=ORIENTED_EDGE('',*,*,#9987,.T.);
#6251=ORIENTED_EDGE('',*,*,#9988,.T.);
#6252=ORIENTED_EDGE('',*,*,#9989,.T.);
#6253=ORIENTED_EDGE('',*,*,#9990,.T.);
#6254=ORIENTED_EDGE('',*,*,#9991,.T.);
#6255=ORIENTED_EDGE('',*,*,#9992,.T.);
#6256=ORIENTED_EDGE('',*,*,#9993,.T.);
#6257=ORIENTED_EDGE('',*,*,#9956,.F.);
#6258=ORIENTED_EDGE('',*,*,#9986,.F.);
#6259=CARTESIAN_POINT('',(4.14691048109256,-0.480699309112473,-2.49999999999801));
#6260=DIRECTION('',(-0.0,1.0,0.0));
#6261=DIRECTION('',(1.0,0.0,0.0));
#6262=ORIENTED_EDGE('',*,*,#9993,.F.);
#6263=ORIENTED_EDGE('',*,*,#9994,.F.);
#6264=ORIENTED_EDGE('',*,*,#9995,.T.);
#6265=ORIENTED_EDGE('',*,*,#9957,.F.);
#6266=CARTESIAN_POINT('',(-5.42011616430444,-0.830699309112473,-14.973399999998));
#6267=DIRECTION('',(0.0,0.0,-1.0));
#6268=DIRECTION('',(0.0,1.0,0.0));
#6269=ORIENTED_EDGE('',*,*,#9970,.T.);
#6270=ORIENTED_EDGE('',*,*,#9996,.T.);
#6271=ORIENTED_EDGE('',*,*,#9997,.F.);
#6272=ORIENTED_EDGE('',*,*,#9998,.T.);
#6273=ORIENTED_EDGE('',*,*,#9958,.F.);
#6274=ORIENTED_EDGE('',*,*,#9995,.F.);
#6275=ORIENTED_EDGE('',*,*,#9999,.T.);
#6276=ORIENTED_EDGE('',*,*,#10000,.T.);
#6277=ORIENTED_EDGE('',*,*,#10001,.T.);
#6278=ORIENTED_EDGE('',*,*,#10002,.T.);
#6279=ORIENTED_EDGE('',*,*,#10003,.T.);
#6280=ORIENTED_EDGE('',*,*,#10004,.F.);
#6281=CARTESIAN_POINT('',(-5.77011616430444,-1.83069930911227,-2.49999999999801));
#6282=DIRECTION('',(-1.0,0.0,0.0));
#6283=DIRECTION('',(0.0,0.0,1.0));
#6284=ORIENTED_EDGE('',*,*,#9987,.F.);
#6285=ORIENTED_EDGE('',*,*,#9971,.F.);
#6286=ORIENTED_EDGE('',*,*,#10004,.T.);
#6287=ORIENTED_EDGE('',*,*,#10005,.F.);
#6288=CARTESIAN_POINT('',(-5.42011616430444,-0.830699309112473,-14.973399999998));
#6289=DIRECTION('',(0.0,0.0,-1.0));
#6290=DIRECTION('',(0.0,1.0,0.0));
#6291=ORIENTED_EDGE('',*,*,#10003,.F.);
#6292=ORIENTED_EDGE('',*,*,#10006,.F.);
#6293=ORIENTED_EDGE('',*,*,#10007,.T.);
#6294=ORIENTED_EDGE('',*,*,#10008,.T.);
#6295=ORIENTED_EDGE('',*,*,#10009,.T.);
#6296=ORIENTED_EDGE('',*,*,#10010,.F.);
#6297=ORIENTED_EDGE('',*,*,#9988,.F.);
#6298=ORIENTED_EDGE('',*,*,#10005,.T.);
#6299=CARTESIAN_POINT('',(5.34362752240356,-0.783211935697173,-2.34999999999801));
#6300=DIRECTION('',(0.0,0.0,1.0));
#6301=DIRECTION('',(1.0,0.0,0.0));
#6302=ORIENTED_EDGE('',*,*,#10011,.F.);
#6303=ORIENTED_EDGE('',*,*,#10012,.T.);
#6304=ORIENTED_EDGE('',*,*,#9989,.F.);
#6305=ORIENTED_EDGE('',*,*,#10010,.T.);
#6306=CARTESIAN_POINT('',(-5.17011616430444,-0.200699309112473,-2.19999999999801));
#6307=DIRECTION('',(0.0,1.0,-0.0));
#6308=DIRECTION('',(-1.0,0.0,0.0));
#6309=ORIENTED_EDGE('',*,*,#10012,.F.);
#6310=ORIENTED_EDGE('',*,*,#10013,.F.);
#6311=ORIENTED_EDGE('',*,*,#10014,.F.);
#6312=ORIENTED_EDGE('',*,*,#9990,.F.);
#6313=CARTESIAN_POINT('',(-5.02011616430444,-1.43069930911227,-2.099999999998));
#6314=DIRECTION('',(-1.0,0.0,0.0));
#6315=DIRECTION('',(0.0,0.0,1.0));
#6316=ORIENTED_EDGE('',*,*,#9991,.F.);
#6317=ORIENTED_EDGE('',*,*,#10014,.T.);
#6318=ORIENTED_EDGE('',*,*,#10015,.F.);
#6319=ORIENTED_EDGE('',*,*,#10016,.T.);
#6320=CARTESIAN_POINT('',(-5.17011616430444,-0.200699309112473,-1.99999999999801));
#6321=DIRECTION('',(0.0,-1.0,0.0));
#6322=DIRECTION('',(1.0,0.0,0.0));
#6323=ORIENTED_EDGE('',*,*,#9992,.F.);
#6324=ORIENTED_EDGE('',*,*,#10016,.F.);
#6325=ORIENTED_EDGE('',*,*,#10017,.T.);
#6326=ORIENTED_EDGE('',*,*,#10018,.T.);
#6327=ORIENTED_EDGE('',*,*,#10019,.T.);
#6328=ORIENTED_EDGE('',*,*,#10020,.F.);
#6329=ORIENTED_EDGE('',*,*,#9999,.F.);
#6330=ORIENTED_EDGE('',*,*,#9994,.T.);
#6331=CARTESIAN_POINT('',(5.34362752240356,-0.583211935697173,-1.84999999999801));
#6332=DIRECTION('',(0.0,0.0,-1.0));
#6333=DIRECTION('',(0.0,-1.0,0.0));
#6334=ORIENTED_EDGE('',*,*,#10021,.F.);
#6335=ORIENTED_EDGE('',*,*,#10022,.T.);
#6336=ORIENTED_EDGE('',*,*,#10000,.F.);
#6337=ORIENTED_EDGE('',*,*,#10020,.T.);
#6338=CARTESIAN_POINT('',(-19.5051067124245,-1.13069930911227,-1.99999999999801));
#6339=DIRECTION('',(-1.0,0.0,0.0));
#6340=DIRECTION('',(0.0,0.0,1.0));
#6341=ORIENTED_EDGE('',*,*,#10022,.F.);
#6342=ORIENTED_EDGE('',*,*,#10023,.F.);
#6343=ORIENTED_EDGE('',*,*,#10024,.F.);
#6344=ORIENTED_EDGE('',*,*,#10001,.F.);
#6345=CARTESIAN_POINT('',(1.47238383570056,-1.28069930911227,-2.29999999999801));
#6346=DIRECTION('',(0.0,-1.0,0.0));
#6347=DIRECTION('',(0.0,0.0,-1.0));
#6348=ORIENTED_EDGE('',*,*,#10002,.F.);
#6349=ORIENTED_EDGE('',*,*,#10024,.T.);
#6350=ORIENTED_EDGE('',*,*,#10025,.F.);
#6351=ORIENTED_EDGE('',*,*,#10006,.T.);
#6352=CARTESIAN_POINT('',(-0.000116164304439604,-1.13069930911227,-2.19999999999801));
#6353=DIRECTION('',(1.0,-0.0,0.0));
#6354=DIRECTION('',(0.0,1.0,0.0));
#6355=ORIENTED_EDGE('',*,*,#9960,.F.);
#6356=ORIENTED_EDGE('',*,*,#10026,.T.);
#6357=ORIENTED_EDGE('',*,*,#10027,.T.);
#6358=ORIENTED_EDGE('',*,*,#10028,.T.);
#6359=ORIENTED_EDGE('',*,*,#9968,.F.);
#6360=ORIENTED_EDGE('',*,*,#10029,.F.);
#6361=ORIENTED_EDGE('',*,*,#10007,.F.);
#6362=ORIENTED_EDGE('',*,*,#10025,.T.);
#6363=ORIENTED_EDGE('',*,*,#10023,.T.);
#6364=ORIENTED_EDGE('',*,*,#10021,.T.);
#6365=ORIENTED_EDGE('',*,*,#10019,.F.);
#6366=ORIENTED_EDGE('',*,*,#10030,.F.);
#6367=CARTESIAN_POINT('',(-5.47011616430444,-0.980699309112473,-2.49999999999801));
#6368=DIRECTION('',(1.0,0.0,0.0));
#6369=DIRECTION('',(0.0,1.0,0.0));
#6370=ORIENTED_EDGE('',*,*,#9961,.F.);
#6371=ORIENTED_EDGE('',*,*,#10030,.T.);
#6372=ORIENTED_EDGE('',*,*,#10018,.F.);
#6373=ORIENTED_EDGE('',*,*,#10031,.F.);
#6374=CARTESIAN_POINT('',(-5.42011616430444,-0.830699309112473,8.4734));
#6375=DIRECTION('',(0.0,0.0,1.0));
#6376=DIRECTION('',(-1.0,0.0,0.0));
#6377=ORIENTED_EDGE('',*,*,#9962,.T.);
#6378=ORIENTED_EDGE('',*,*,#10031,.T.);
#6379=ORIENTED_EDGE('',*,*,#10017,.F.);
#6380=ORIENTED_EDGE('',*,*,#10015,.T.);
#6381=ORIENTED_EDGE('',*,*,#10013,.T.);
#6382=ORIENTED_EDGE('',*,*,#10011,.T.);
#6383=ORIENTED_EDGE('',*,*,#10009,.F.);
#6384=ORIENTED_EDGE('',*,*,#10032,.T.);
#6385=ORIENTED_EDGE('',*,*,#9966,.T.);
#6386=ORIENTED_EDGE('',*,*,#9964,.F.);
#6387=CARTESIAN_POINT('',(4.16988383569556,-0.780699309112473,-1.499999999998));
#6388=DIRECTION('',(0.0,-1.0,0.0));
#6389=DIRECTION('',(0.0,0.0,-1.0));
#6390=ORIENTED_EDGE('',*,*,#10008,.F.);
#6391=ORIENTED_EDGE('',*,*,#10029,.T.);
#6392=ORIENTED_EDGE('',*,*,#9967,.F.);
#6393=ORIENTED_EDGE('',*,*,#10032,.F.);
#6394=CARTESIAN_POINT('',(-5.42011616430444,-0.830699309112473,8.4734));
#6395=DIRECTION('',(0.0,0.0,1.0));
#6396=DIRECTION('',(-1.0,0.0,0.0));
#6397=ORIENTED_EDGE('',*,*,#10028,.F.);
#6398=ORIENTED_EDGE('',*,*,#10033,.T.);
#6399=ORIENTED_EDGE('',*,*,#9996,.F.);
#6400=ORIENTED_EDGE('',*,*,#9969,.T.);
#6401=CARTESIAN_POINT('',(20.8134278356956,-1.43069930911227,-2.49999999999801));
#6402=DIRECTION('',(1.0,-0.0,0.0));
#6403=DIRECTION('',(0.0,0.0,-1.0));
#6404=ORIENTED_EDGE('',*,*,#9997,.T.);
#6405=ORIENTED_EDGE('',*,*,#10033,.F.);
#6406=ORIENTED_EDGE('',*,*,#10027,.F.);
#6407=ORIENTED_EDGE('',*,*,#10034,.F.);
#6408=CARTESIAN_POINT('',(5.76988383569556,-1.63069930911228,-2.49999999999801));
#6409=DIRECTION('',(0.0,-1.0,0.0));
#6410=DIRECTION('',(0.0,0.0,-1.0));
#6411=ORIENTED_EDGE('',*,*,#9998,.F.);
#6412=ORIENTED_EDGE('',*,*,#10034,.T.);
#6413=ORIENTED_EDGE('',*,*,#10026,.F.);
#6414=ORIENTED_EDGE('',*,*,#9959,.T.);
#6415=CARTESIAN_POINT('',(-19.7504701926845,-1.43069930911227,-1.699999999998));
#6416=DIRECTION('',(-1.0,0.0,0.0));
#6417=DIRECTION('',(0.0,0.0,1.0));
#6418=ORIENTED_EDGE('',*,*,#8784,.F.);
#6419=ORIENTED_EDGE('',*,*,#9808,.T.);
#6420=ORIENTED_EDGE('',*,*,#9848,.T.);
#6421=ORIENTED_EDGE('',*,*,#9983,.T.);
#6422=ORIENTED_EDGE('',*,*,#8775,.F.);
#6423=ORIENTED_EDGE('',*,*,#9720,.F.);
#6424=CARTESIAN_POINT('',(-3.19011616430444,-0.300699309112472,-4.44999999999801));
#6425=DIRECTION('',(0.0,0.0,1.0));
#6426=DIRECTION('',(-1.0,0.0,0.0));
#6427=ORIENTED_EDGE('',*,*,#8982,.T.);
#6428=ORIENTED_EDGE('',*,*,#8777,.T.);
#6429=ORIENTED_EDGE('',*,*,#9982,.F.);
#6430=ORIENTED_EDGE('',*,*,#10035,.F.);
#6431=CARTESIAN_POINT('',(20.8134278356956,-0.230699309112472,-5.469999999998));
#6432=DIRECTION('',(1.0,-0.0,0.0));
#6433=DIRECTION('',(0.0,0.0,1.0));
#6434=ORIENTED_EDGE('',*,*,#8984,.T.);
#6435=ORIENTED_EDGE('',*,*,#10036,.F.);
#6436=ORIENTED_EDGE('',*,*,#10037,.T.);
#6437=CARTESIAN_POINT('',(-4.47011616430444,-0.0806993091124825,-5.319999999998));
#6438=DIRECTION('',(0.0,-1.0,0.0));
#6439=DIRECTION('',(0.0,0.0,-1.0));
#6440=ORIENTED_EDGE('',*,*,#10038,.T.);
#6441=ORIENTED_EDGE('',*,*,#8831,.F.);
#6442=ORIENTED_EDGE('',*,*,#10039,.T.);
#6443=ORIENTED_EDGE('',*,*,#10040,.F.);
#6444=ORIENTED_EDGE('',*,*,#10041,.T.);
#6445=ORIENTED_EDGE('',*,*,#9867,.T.);
#6446=CARTESIAN_POINT('',(-0.000116164304439604,-0.230699309112472,-5.549999999998));
#6447=DIRECTION('',(-1.0,-0.0,0.0));
#6448=DIRECTION('',(0.0,-1.0,0.0));
#6449=ORIENTED_EDGE('',*,*,#10036,.T.);
#6450=ORIENTED_EDGE('',*,*,#10042,.T.);
#6451=ORIENTED_EDGE('',*,*,#9980,.T.);
#6452=ORIENTED_EDGE('',*,*,#10043,.T.);
#6453=ORIENTED_EDGE('',*,*,#10044,.F.);
#6454=ORIENTED_EDGE('',*,*,#10045,.T.);
#6455=ORIENTED_EDGE('',*,*,#9845,.T.);
#6456=ORIENTED_EDGE('',*,*,#10037,.F.);
#6457=CARTESIAN_POINT('',(-0.000116164304439604,-0.230699309112472,-5.549999999998));
#6458=DIRECTION('',(-1.0,-0.0,0.0));
#6459=DIRECTION('',(0.0,-1.0,0.0));
#6460=ORIENTED_EDGE('',*,*,#10046,.F.);
#6461=ORIENTED_EDGE('',*,*,#9868,.T.);
#6462=ORIENTED_EDGE('',*,*,#10041,.F.);
#6463=ORIENTED_EDGE('',*,*,#10047,.F.);
#6464=ORIENTED_EDGE('',*,*,#10048,.F.);
#6465=CARTESIAN_POINT('',(4.61988383569556,-0.130699309112472,-14.973399999998));
#6466=DIRECTION('',(-0.0,0.0,-1.0));
#6467=DIRECTION('',(-1.0,0.0,0.0));
#6468=ORIENTED_EDGE('',*,*,#10049,.F.);
#6469=ORIENTED_EDGE('',*,*,#10050,.F.);
#6470=ORIENTED_EDGE('',*,*,#10051,.F.);
#6471=ORIENTED_EDGE('',*,*,#10048,.T.);
#6472=CARTESIAN_POINT('',(4.14691048109256,-0.280699309112472,-6.499999999998));
#6473=DIRECTION('',(-0.0,1.0,0.0));
#6474=DIRECTION('',(1.0,0.0,0.0));
#6475=ORIENTED_EDGE('',*,*,#10052,.T.);
#6476=ORIENTED_EDGE('',*,*,#10053,.T.);
#6477=ORIENTED_EDGE('',*,*,#10054,.T.);
#6478=ORIENTED_EDGE('',*,*,#10055,.T.);
#6479=ORIENTED_EDGE('',*,*,#10056,.T.);
#6480=ORIENTED_EDGE('',*,*,#10057,.T.);
#6481=ORIENTED_EDGE('',*,*,#10058,.T.);
#6482=ORIENTED_EDGE('',*,*,#8926,.T.);
#6483=ORIENTED_EDGE('',*,*,#8931,.T.);
#6484=ORIENTED_EDGE('',*,*,#8843,.T.);
#6485=ORIENTED_EDGE('',*,*,#10059,.F.);
#6486=ORIENTED_EDGE('',*,*,#10060,.T.);
#6487=ORIENTED_EDGE('',*,*,#10061,.T.);
#6488=ORIENTED_EDGE('',*,*,#9869,.T.);
#6489=ORIENTED_EDGE('',*,*,#10046,.T.);
#6490=ORIENTED_EDGE('',*,*,#10051,.T.);
#6491=CARTESIAN_POINT('',(-0.000116164307498491,0.604300690887527,-6.499999999998));
#6492=DIRECTION('',(0.0,0.0,-1.0));
#6493=DIRECTION('',(0.0,-1.0,0.0));
#6494=ORIENTED_EDGE('',*,*,#9870,.T.);
#6495=ORIENTED_EDGE('',*,*,#10061,.F.);
#6496=ORIENTED_EDGE('',*,*,#10062,.T.);
#6497=ORIENTED_EDGE('',*,*,#9812,.F.);
#6498=CARTESIAN_POINT('',(3.18988383569556,0.299300690887528,-1.499999999998));
#6499=DIRECTION('',(0.0,0.0,-1.0));
#6500=DIRECTION('',(1.0,0.0,0.0));
#6501=ORIENTED_EDGE('',*,*,#10063,.T.);
#6502=ORIENTED_EDGE('',*,*,#10064,.F.);
#6503=ORIENTED_EDGE('',*,*,#10065,.T.);
#6504=ORIENTED_EDGE('',*,*,#10066,.F.);
#6505=ORIENTED_EDGE('',*,*,#10067,.F.);
#6506=ORIENTED_EDGE('',*,*,#9813,.T.);
#6507=ORIENTED_EDGE('',*,*,#10062,.F.);
#6508=ORIENTED_EDGE('',*,*,#10060,.F.);
#6509=ORIENTED_EDGE('',*,*,#10068,.T.);
#6510=ORIENTED_EDGE('',*,*,#10069,.T.);
#6511=ORIENTED_EDGE('',*,*,#10070,.T.);
#6512=ORIENTED_EDGE('',*,*,#10071,.T.);
#6513=ORIENTED_EDGE('',*,*,#8886,.T.);
#6514=ORIENTED_EDGE('',*,*,#10072,.T.);
#6515=ORIENTED_EDGE('',*,*,#10073,.T.);
#6516=ORIENTED_EDGE('',*,*,#10074,.F.);
#6517=ORIENTED_EDGE('',*,*,#10075,.F.);
#6518=ORIENTED_EDGE('',*,*,#10076,.F.);
#6519=ORIENTED_EDGE('',*,*,#10077,.T.);
#6520=ORIENTED_EDGE('',*,*,#10078,.T.);
#6521=ORIENTED_EDGE('',*,*,#8883,.T.);
#6522=ORIENTED_EDGE('',*,*,#10079,.T.);
#6523=ORIENTED_EDGE('',*,*,#10080,.T.);
#6524=ORIENTED_EDGE('',*,*,#10081,.F.);
#6525=ORIENTED_EDGE('',*,*,#8860,.T.);
#6526=ORIENTED_EDGE('',*,*,#10082,.F.);
#6527=ORIENTED_EDGE('',*,*,#10083,.F.);
#6528=ORIENTED_EDGE('',*,*,#10084,.F.);
#6529=ORIENTED_EDGE('',*,*,#8869,.T.);
#6530=ORIENTED_EDGE('',*,*,#10085,.F.);
#6531=CARTESIAN_POINT('',(3.18988383569556,1.57930069088773,-6.049999999998));
#6532=DIRECTION('',(-0.0,1.0,0.0));
#6533=DIRECTION('',(1.0,0.0,0.0));
#6534=ORIENTED_EDGE('',*,*,#8904,.F.);
#6535=ORIENTED_EDGE('',*,*,#10086,.T.);
#6536=ORIENTED_EDGE('',*,*,#10079,.F.);
#6537=ORIENTED_EDGE('',*,*,#8882,.T.);
#6538=CARTESIAN_POINT('',(2.55988383569556,1.57930069088773,-5.49999999999801));
#6539=DIRECTION('',(0.0,0.0,-1.0));
#6540=DIRECTION('',(0.0,-1.0,0.0));
#6541=ORIENTED_EDGE('',*,*,#10087,.F.);
#6542=ORIENTED_EDGE('',*,*,#8905,.T.);
#6543=ORIENTED_EDGE('',*,*,#8880,.F.);
#6544=ORIENTED_EDGE('',*,*,#10078,.F.);
#6545=CARTESIAN_POINT('',(-1.06011616430444,1.57930069088773,-5.474999999998));
#6546=DIRECTION('',(1.0,0.0,0.0));
#6547=DIRECTION('',(0.0,1.0,0.0));
#6548=ORIENTED_EDGE('',*,*,#8964,.F.);
#6549=ORIENTED_EDGE('',*,*,#10088,.T.);
#6550=ORIENTED_EDGE('',*,*,#10089,.F.);
#6551=ORIENTED_EDGE('',*,*,#10090,.T.);
#6552=ORIENTED_EDGE('',*,*,#8980,.F.);
#6553=ORIENTED_EDGE('',*,*,#9117,.F.);
#6554=ORIENTED_EDGE('',*,*,#10091,.F.);
#6555=ORIENTED_EDGE('',*,*,#9203,.F.);
#6556=ORIENTED_EDGE('',*,*,#9092,.T.);
#6557=ORIENTED_EDGE('',*,*,#9157,.T.);
#6558=ORIENTED_EDGE('',*,*,#10092,.F.);
#6559=ORIENTED_EDGE('',*,*,#9114,.F.);
#6560=ORIENTED_EDGE('',*,*,#8972,.F.);
#6561=ORIENTED_EDGE('',*,*,#9111,.F.);
#6562=ORIENTED_EDGE('',*,*,#10093,.F.);
#6563=ORIENTED_EDGE('',*,*,#9213,.F.);
#6564=ORIENTED_EDGE('',*,*,#9086,.F.);
#6565=ORIENTED_EDGE('',*,*,#9162,.T.);
#6566=ORIENTED_EDGE('',*,*,#10094,.F.);
#6567=ORIENTED_EDGE('',*,*,#9108,.F.);
#6568=CARTESIAN_POINT('',(2.69988383569556,1.27930069088773,-4.549999999998));
#6569=DIRECTION('',(0.0,-1.0,0.0));
#6570=DIRECTION('',(0.0,0.0,-1.0));
#6571=ORIENTED_EDGE('',*,*,#10092,.T.);
#6572=ORIENTED_EDGE('',*,*,#9159,.T.);
#6573=ORIENTED_EDGE('',*,*,#9208,.T.);
#6574=ORIENTED_EDGE('',*,*,#9210,.T.);
#6575=ORIENTED_EDGE('',*,*,#9211,.T.);
#6576=ORIENTED_EDGE('',*,*,#9204,.T.);
#6577=ORIENTED_EDGE('',*,*,#10091,.T.);
#6578=ORIENTED_EDGE('',*,*,#9119,.T.);
#6579=ORIENTED_EDGE('',*,*,#9194,.T.);
#6580=ORIENTED_EDGE('',*,*,#9201,.T.);
#6581=ORIENTED_EDGE('',*,*,#9200,.T.);
#6582=ORIENTED_EDGE('',*,*,#9198,.T.);
#6583=ORIENTED_EDGE('',*,*,#9196,.T.);
#6584=ORIENTED_EDGE('',*,*,#9115,.T.);
#6585=CARTESIAN_POINT('',(-0.000116164307498491,0.604300690887527,-4.499999999998));
#6586=DIRECTION('',(0.0,0.0,-1.0));
#6587=DIRECTION('',(0.0,-1.0,0.0));
#6588=ORIENTED_EDGE('',*,*,#9206,.T.);
#6589=ORIENTED_EDGE('',*,*,#10095,.F.);
#6590=ORIENTED_EDGE('',*,*,#10082,.T.);
#6591=ORIENTED_EDGE('',*,*,#8859,.F.);
#6592=CARTESIAN_POINT('',(-1.16862250985044,1.22930069088773,-4.599999999998));
#6593=DIRECTION('',(0.0,0.0,-1.0));
#6594=DIRECTION('',(1.0,0.0,0.0));
#6595=ORIENTED_EDGE('',*,*,#9205,.T.);
#6596=ORIENTED_EDGE('',*,*,#8865,.F.);
#6597=ORIENTED_EDGE('',*,*,#9155,.T.);
#6598=ORIENTED_EDGE('',*,*,#10096,.T.);
#6599=ORIENTED_EDGE('',*,*,#10080,.F.);
#6600=ORIENTED_EDGE('',*,*,#10095,.T.);
#6601=CARTESIAN_POINT('',(-0.000116164307498491,0.604300690887527,-4.599999999998));
#6602=DIRECTION('',(0.0,0.0,-1.0));
#6603=DIRECTION('',(0.0,-1.0,0.0));
#6604=ORIENTED_EDGE('',*,*,#10081,.T.);
#6605=ORIENTED_EDGE('',*,*,#10096,.F.);
#6606=ORIENTED_EDGE('',*,*,#9156,.T.);
#6607=ORIENTED_EDGE('',*,*,#8861,.T.);
#6608=CARTESIAN_POINT('',(-2.38360981875844,1.22930069088773,-4.599999999998));
#6609=DIRECTION('',(0.0,0.0,-1.0));
#6610=DIRECTION('',(1.0,0.0,0.0));
#6611=ORIENTED_EDGE('',*,*,#9113,.T.);
#6612=ORIENTED_EDGE('',*,*,#9220,.T.);
#6613=ORIENTED_EDGE('',*,*,#9222,.T.);
#6614=ORIENTED_EDGE('',*,*,#9224,.F.);
#6615=ORIENTED_EDGE('',*,*,#9226,.T.);
#6616=ORIENTED_EDGE('',*,*,#9227,.T.);
#6617=ORIENTED_EDGE('',*,*,#9109,.T.);
#6618=ORIENTED_EDGE('',*,*,#10094,.T.);
#6619=ORIENTED_EDGE('',*,*,#9164,.T.);
#6620=ORIENTED_EDGE('',*,*,#9218,.T.);
#6621=ORIENTED_EDGE('',*,*,#9229,.F.);
#6622=ORIENTED_EDGE('',*,*,#9230,.T.);
#6623=ORIENTED_EDGE('',*,*,#9214,.T.);
#6624=ORIENTED_EDGE('',*,*,#10093,.T.);
#6625=CARTESIAN_POINT('',(-0.000116164307498491,0.604300690887527,-4.499999999998));
#6626=DIRECTION('',(0.0,0.0,-1.0));
#6627=DIRECTION('',(0.0,-1.0,0.0));
#6628=ORIENTED_EDGE('',*,*,#10084,.T.);
#6629=ORIENTED_EDGE('',*,*,#10097,.F.);
#6630=ORIENTED_EDGE('',*,*,#9161,.T.);
#6631=ORIENTED_EDGE('',*,*,#8870,.F.);
#6632=CARTESIAN_POINT('',(1.16739018124156,1.22930069088773,-4.599999999998));
#6633=DIRECTION('',(0.0,0.0,-1.0));
#6634=DIRECTION('',(1.0,0.0,0.0));
#6635=ORIENTED_EDGE('',*,*,#9215,.T.);
#6636=ORIENTED_EDGE('',*,*,#8879,.F.);
#6637=ORIENTED_EDGE('',*,*,#9160,.T.);
#6638=ORIENTED_EDGE('',*,*,#10097,.T.);
#6639=ORIENTED_EDGE('',*,*,#10083,.T.);
#6640=ORIENTED_EDGE('',*,*,#10098,.T.);
#6641=CARTESIAN_POINT('',(-0.000116164307498491,0.604300690887527,-4.599999999998));
#6642=DIRECTION('',(0.0,0.0,-1.0));
#6643=DIRECTION('',(0.0,-1.0,0.0));
#6644=ORIENTED_EDGE('',*,*,#9216,.T.);
#6645=ORIENTED_EDGE('',*,*,#10098,.F.);
#6646=ORIENTED_EDGE('',*,*,#10085,.T.);
#6647=ORIENTED_EDGE('',*,*,#8868,.T.);
#6648=CARTESIAN_POINT('',(2.38237749014956,1.22930069088773,-4.599999999998));
#6649=DIRECTION('',(0.0,0.0,-1.0));
#6650=DIRECTION('',(1.0,0.0,0.0));
#6651=ORIENTED_EDGE('',*,*,#8963,.F.);
#6652=ORIENTED_EDGE('',*,*,#8811,.T.);
#6653=ORIENTED_EDGE('',*,*,#10099,.F.);
#6654=ORIENTED_EDGE('',*,*,#10088,.F.);
#6655=CARTESIAN_POINT('',(3.18988383569556,0.299300690887628,-7.39999999999801));
#6656=DIRECTION('',(0.0,0.0,-1.0));
#6657=DIRECTION('',(1.0,0.0,0.0));
#6658=ORIENTED_EDGE('',*,*,#10100,.T.);
#6659=ORIENTED_EDGE('',*,*,#9823,.F.);
#6660=ORIENTED_EDGE('',*,*,#10101,.T.);
#6661=ORIENTED_EDGE('',*,*,#10099,.T.);
#6662=CARTESIAN_POINT('',(3.18988383569579,0.299300690887862,-0.150000727081505));
#6663=DIRECTION('',(-6.43434950899606E-07,-6.43434950819977E-07,0.999999999999586));
#6664=DIRECTION('',(0.999999999999793,-2.07001082992596E-13,6.43434950899606E-07));
#6665=ORIENTED_EDGE('',*,*,#10101,.F.);
#6666=ORIENTED_EDGE('',*,*,#9822,.F.);
#6667=ORIENTED_EDGE('',*,*,#10102,.F.);
#6668=ORIENTED_EDGE('',*,*,#10089,.T.);
#6669=CARTESIAN_POINT('',(-0.000116167216939345,1.35430069088773,-0.150000000000004));
#6670=DIRECTION('',(0.0,-0.894427190999896,0.447213595499998));
#6671=DIRECTION('',(-1.0,0.0,0.0));
#6672=ORIENTED_EDGE('',*,*,#10102,.T.);
#6673=ORIENTED_EDGE('',*,*,#9821,.F.);
#6674=ORIENTED_EDGE('',*,*,#10103,.T.);
#6675=ORIENTED_EDGE('',*,*,#10104,.T.);
#6676=CARTESIAN_POINT('',(-3.19011616430468,0.299300690887662,-0.150000727081505));
#6677=DIRECTION('',(6.43434950740347E-07,-6.43434950819977E-07,0.999999999999586));
#6678=DIRECTION('',(0.999999999999793,2.07001082890124E-13,-6.43434950740347E-07));
#6679=ORIENTED_EDGE('',*,*,#8981,.F.);
#6680=ORIENTED_EDGE('',*,*,#10090,.F.);
#6681=ORIENTED_EDGE('',*,*,#10104,.F.);
#6682=ORIENTED_EDGE('',*,*,#8795,.F.);
#6683=CARTESIAN_POINT('',(-3.19011616430444,0.299300690887428,-3.049999999998));
#6684=DIRECTION('',(0.0,0.0,1.0));
#6685=DIRECTION('',(-1.0,0.0,0.0));
#6686=ORIENTED_EDGE('',*,*,#8912,.F.);
#6687=ORIENTED_EDGE('',*,*,#10105,.F.);
#6688=ORIENTED_EDGE('',*,*,#8893,.F.);
#6689=ORIENTED_EDGE('',*,*,#8788,.F.);
#6690=ORIENTED_EDGE('',*,*,#8930,.T.);
#6691=ORIENTED_EDGE('',*,*,#9165,.T.);
#6692=ORIENTED_EDGE('',*,*,#8839,.T.);
#6693=ORIENTED_EDGE('',*,*,#9004,.F.);
#6694=ORIENTED_EDGE('',*,*,#10106,.F.);
#6695=ORIENTED_EDGE('',*,*,#10107,.F.);
#6696=ORIENTED_EDGE('',*,*,#10108,.F.);
#6697=ORIENTED_EDGE('',*,*,#9253,.F.);
#6698=ORIENTED_EDGE('',*,*,#10109,.T.);
#6699=ORIENTED_EDGE('',*,*,#8922,.F.);
#6700=ORIENTED_EDGE('',*,*,#8932,.T.);
#6701=ORIENTED_EDGE('',*,*,#10110,.F.);
#6702=ORIENTED_EDGE('',*,*,#10111,.F.);
#6703=ORIENTED_EDGE('',*,*,#10112,.T.);
#6704=ORIENTED_EDGE('',*,*,#10113,.T.);
#6705=ORIENTED_EDGE('',*,*,#10114,.F.);
#6706=ORIENTED_EDGE('',*,*,#10115,.F.);
#6707=ORIENTED_EDGE('',*,*,#10116,.T.);
#6708=ORIENTED_EDGE('',*,*,#10117,.T.);
#6709=ORIENTED_EDGE('',*,*,#10118,.F.);
#6710=ORIENTED_EDGE('',*,*,#10119,.F.);
#6711=ORIENTED_EDGE('',*,*,#10120,.T.);
#6712=ORIENTED_EDGE('',*,*,#10121,.T.);
#6713=ORIENTED_EDGE('',*,*,#10122,.F.);
#6714=ORIENTED_EDGE('',*,*,#10123,.F.);
#6715=ORIENTED_EDGE('',*,*,#10124,.T.);
#6716=ORIENTED_EDGE('',*,*,#10125,.T.);
#6717=ORIENTED_EDGE('',*,*,#10126,.F.);
#6718=ORIENTED_EDGE('',*,*,#10127,.F.);
#6719=ORIENTED_EDGE('',*,*,#10128,.T.);
#6720=ORIENTED_EDGE('',*,*,#10129,.T.);
#6721=ORIENTED_EDGE('',*,*,#10130,.F.);
#6722=ORIENTED_EDGE('',*,*,#10131,.F.);
#6723=ORIENTED_EDGE('',*,*,#10132,.T.);
#6724=ORIENTED_EDGE('',*,*,#10133,.T.);
#6725=ORIENTED_EDGE('',*,*,#10134,.F.);
#6726=ORIENTED_EDGE('',*,*,#10135,.F.);
#6727=ORIENTED_EDGE('',*,*,#10136,.T.);
#6728=ORIENTED_EDGE('',*,*,#10137,.T.);
#6729=ORIENTED_EDGE('',*,*,#10138,.F.);
#6730=ORIENTED_EDGE('',*,*,#10139,.F.);
#6731=ORIENTED_EDGE('',*,*,#10140,.T.);
#6732=ORIENTED_EDGE('',*,*,#10141,.T.);
#6733=ORIENTED_EDGE('',*,*,#10142,.F.);
#6734=ORIENTED_EDGE('',*,*,#10143,.F.);
#6735=ORIENTED_EDGE('',*,*,#10144,.T.);
#6736=ORIENTED_EDGE('',*,*,#10145,.T.);
#6737=ORIENTED_EDGE('',*,*,#10146,.F.);
#6738=ORIENTED_EDGE('',*,*,#10147,.F.);
#6739=ORIENTED_EDGE('',*,*,#10148,.T.);
#6740=ORIENTED_EDGE('',*,*,#10149,.T.);
#6741=ORIENTED_EDGE('',*,*,#10150,.F.);
#6742=ORIENTED_EDGE('',*,*,#10151,.F.);
#6743=ORIENTED_EDGE('',*,*,#10152,.T.);
#6744=ORIENTED_EDGE('',*,*,#10153,.T.);
#6745=ORIENTED_EDGE('',*,*,#10154,.T.);
#6746=ORIENTED_EDGE('',*,*,#10155,.T.);
#6747=ORIENTED_EDGE('',*,*,#10156,.F.);
#6748=ORIENTED_EDGE('',*,*,#10157,.F.);
#6749=ORIENTED_EDGE('',*,*,#10158,.T.);
#6750=ORIENTED_EDGE('',*,*,#10159,.T.);
#6751=ORIENTED_EDGE('',*,*,#10160,.F.);
#6752=ORIENTED_EDGE('',*,*,#10161,.F.);
#6753=ORIENTED_EDGE('',*,*,#10162,.T.);
#6754=ORIENTED_EDGE('',*,*,#10163,.T.);
#6755=ORIENTED_EDGE('',*,*,#10164,.F.);
#6756=ORIENTED_EDGE('',*,*,#10165,.F.);
#6757=ORIENTED_EDGE('',*,*,#10166,.T.);
#6758=ORIENTED_EDGE('',*,*,#10167,.T.);
#6759=ORIENTED_EDGE('',*,*,#10168,.F.);
#6760=ORIENTED_EDGE('',*,*,#10169,.F.);
#6761=ORIENTED_EDGE('',*,*,#10170,.F.);
#6762=ORIENTED_EDGE('',*,*,#10171,.F.);
#6763=ORIENTED_EDGE('',*,*,#10172,.T.);
#6764=ORIENTED_EDGE('',*,*,#10173,.T.);
#6765=CARTESIAN_POINT('',(-0.000116164307498491,0.604300690887527,-6.499999999998));
#6766=DIRECTION('',(0.0,0.0,-1.0));
#6767=DIRECTION('',(0.0,-1.0,0.0));
#6768=ORIENTED_EDGE('',*,*,#8919,.T.);
#6769=ORIENTED_EDGE('',*,*,#10109,.F.);
#6770=ORIENTED_EDGE('',*,*,#9252,.F.);
#6771=ORIENTED_EDGE('',*,*,#9719,.F.);
#6772=ORIENTED_EDGE('',*,*,#8774,.F.);
#6773=CARTESIAN_POINT('',(-4.14511616430744,-1.24069930911227,-4.599999999998));
#6774=DIRECTION('',(-1.0,0.0,0.0));
#6775=DIRECTION('',(0.0,0.0,1.0));
#6776=ORIENTED_EDGE('',*,*,#8908,.F.);
#6777=ORIENTED_EDGE('',*,*,#10174,.T.);
#6778=ORIENTED_EDGE('',*,*,#10175,.T.);
#6779=ORIENTED_EDGE('',*,*,#10176,.T.);
#6780=CARTESIAN_POINT('',(1.24664279481856,3.74246315190973,-5.879999999998));
#6781=DIRECTION('',(0.0,0.0,1.0));
#6782=DIRECTION('',(1.0,0.0,0.0));
#6783=ORIENTED_EDGE('',*,*,#8910,.F.);
#6784=ORIENTED_EDGE('',*,*,#10177,.T.);
#6785=ORIENTED_EDGE('',*,*,#10178,.T.);
#6786=ORIENTED_EDGE('',*,*,#10075,.T.);
#6787=ORIENTED_EDGE('',*,*,#10179,.T.);
#6788=ORIENTED_EDGE('',*,*,#10180,.T.);
#6789=ORIENTED_EDGE('',*,*,#8897,.F.);
#6790=ORIENTED_EDGE('',*,*,#10181,.T.);
#6791=ORIENTED_EDGE('',*,*,#10182,.T.);
#6792=ORIENTED_EDGE('',*,*,#8874,.T.);
#6793=ORIENTED_EDGE('',*,*,#8746,.T.);
#6794=CARTESIAN_POINT('',(0.181727974192561,0.742300693351428,-6.429999999998));
#6795=DIRECTION('',(0.0,0.0,-1.0));
#6796=DIRECTION('',(0.0,-1.0,0.0));
#6797=ORIENTED_EDGE('',*,*,#10174,.F.);
#6798=ORIENTED_EDGE('',*,*,#8907,.T.);
#6799=ORIENTED_EDGE('',*,*,#10183,.F.);
#6800=ORIENTED_EDGE('',*,*,#10184,.T.);
#6801=CARTESIAN_POINT('',(-1.21141206507924,1.32830885595222,-5.72739353127865));
#6802=DIRECTION('',(-0.0016230074933065,-0.999998001000418,-0.00116783639511475));
#6803=DIRECTION('',(0.999998682920675,-0.0016230086000704,-4.14224352208993E-22));
#6804=ORIENTED_EDGE('',*,*,#10183,.T.);
#6805=ORIENTED_EDGE('',*,*,#8906,.T.);
#6806=ORIENTED_EDGE('',*,*,#10087,.T.);
#6807=ORIENTED_EDGE('',*,*,#10077,.F.);
#6808=CARTESIAN_POINT('',(-1.21011616430444,-0.000699309112486496,-5.729999999998));
#6809=DIRECTION('',(0.0,1.0,-0.0));
#6810=DIRECTION('',(-1.0,0.0,0.0));
#6811=ORIENTED_EDGE('',*,*,#10178,.F.);
#6812=ORIENTED_EDGE('',*,*,#10185,.T.);
#6813=ORIENTED_EDGE('',*,*,#10175,.F.);
#6814=ORIENTED_EDGE('',*,*,#10184,.F.);
#6815=ORIENTED_EDGE('',*,*,#10076,.T.);
#6816=CARTESIAN_POINT('',(-1.10940871324965,1.12930069088773,-6.1380591792355));
#6817=DIRECTION('',(0.0,0.0,1.0));
#6818=DIRECTION('',(-1.0,0.0,0.0));
#6819=ORIENTED_EDGE('',*,*,#8909,.F.);
#6820=ORIENTED_EDGE('',*,*,#10176,.F.);
#6821=ORIENTED_EDGE('',*,*,#10185,.F.);
#6822=ORIENTED_EDGE('',*,*,#10177,.F.);
#6823=CARTESIAN_POINT('',(-1.91225354277744,0.871629545037127,-5.37499999999801));
#6824=DIRECTION('',(-0.767413812727857,0.641152119262265,0.0));
#6825=DIRECTION('',(0.0,0.0,1.0));
#6826=ORIENTED_EDGE('',*,*,#8899,.F.);
#6827=ORIENTED_EDGE('',*,*,#10186,.F.);
#6828=ORIENTED_EDGE('',*,*,#10187,.T.);
#6829=ORIENTED_EDGE('',*,*,#10188,.T.);
#6830=CARTESIAN_POINT('',(1.24664279481856,3.74246315190973,-5.879999999998));
#6831=DIRECTION('',(0.0,0.0,1.0));
#6832=DIRECTION('',(1.0,0.0,0.0));
#6833=ORIENTED_EDGE('',*,*,#10189,.T.);
#6834=ORIENTED_EDGE('',*,*,#8900,.T.);
#6835=ORIENTED_EDGE('',*,*,#10188,.F.);
#6836=ORIENTED_EDGE('',*,*,#10190,.T.);
#6837=ORIENTED_EDGE('',*,*,#10073,.F.);
#6838=CARTESIAN_POINT('',(1.20988383569556,-0.000699309112485496,-5.729999999998));
#6839=DIRECTION('',(0.0,-1.0,0.0));
#6840=DIRECTION('',(1.0,0.0,0.0));
#6841=ORIENTED_EDGE('',*,*,#10190,.F.);
#6842=ORIENTED_EDGE('',*,*,#10187,.F.);
#6843=ORIENTED_EDGE('',*,*,#10191,.T.);
#6844=ORIENTED_EDGE('',*,*,#10179,.F.);
#6845=ORIENTED_EDGE('',*,*,#10074,.T.);
#6846=CARTESIAN_POINT('',(1.11030581510456,1.12930069088773,-4.599999999998));
#6847=DIRECTION('',(0.0,0.0,1.0));
#6848=DIRECTION('',(-1.0,0.0,0.0));
#6849=ORIENTED_EDGE('',*,*,#8898,.F.);
#6850=ORIENTED_EDGE('',*,*,#10180,.F.);
#6851=ORIENTED_EDGE('',*,*,#10191,.F.);
#6852=ORIENTED_EDGE('',*,*,#10186,.T.);
#6853=CARTESIAN_POINT('',(1.91244207626756,0.872248937814228,-6.174999999998));
#6854=DIRECTION('',(0.766727749218219,0.641972397053615,0.0));
#6855=DIRECTION('',(0.0,0.0,-1.0));
#6856=ORIENTED_EDGE('',*,*,#8896,.F.);
#6857=ORIENTED_EDGE('',*,*,#10192,.T.);
#6858=ORIENTED_EDGE('',*,*,#10181,.F.);
#6859=CARTESIAN_POINT('',(1.48818687577056,1.02740861163173,-6.35499999999801));
#6860=DIRECTION('',(-0.542158390795831,-0.453943035291526,-0.707106781186541));
#6861=DIRECTION('',(-0.793582954749969,2.58036740940228E-17,0.60846207271309));
#6862=ORIENTED_EDGE('',*,*,#10192,.F.);
#6863=ORIENTED_EDGE('',*,*,#8895,.T.);
#6864=ORIENTED_EDGE('',*,*,#8875,.F.);
#6865=ORIENTED_EDGE('',*,*,#10182,.F.);
#6866=CARTESIAN_POINT('',(0.508385766364461,-0.157831343468472,-5.05499999999801));
#6867=DIRECTION('',(0.313537817160382,0.671451426839762,-0.671451426839761));
#6868=DIRECTION('',(0.0,0.707106781186547,0.707106781186548));
#6869=ORIENTED_EDGE('',*,*,#8885,.F.);
#6870=ORIENTED_EDGE('',*,*,#8888,.T.);
#6871=ORIENTED_EDGE('',*,*,#10189,.F.);
#6872=ORIENTED_EDGE('',*,*,#10072,.F.);
#6873=CARTESIAN_POINT('',(1.05988383569556,1.57930069088773,-5.774999999998));
#6874=DIRECTION('',(-1.0,0.0,0.0));
#6875=DIRECTION('',(0.0,0.0,1.0));
#6876=ORIENTED_EDGE('',*,*,#8889,.F.);
#6877=ORIENTED_EDGE('',*,*,#8887,.T.);
#6878=ORIENTED_EDGE('',*,*,#10071,.F.);
#6879=ORIENTED_EDGE('',*,*,#10193,.T.);
#6880=CARTESIAN_POINT('',(2.55988383569556,1.57930069088773,-5.49999999999801));
#6881=DIRECTION('',(0.0,0.0,-1.0));
#6882=DIRECTION('',(0.0,-1.0,0.0));
#6883=ORIENTED_EDGE('',*,*,#10194,.T.);
#6884=ORIENTED_EDGE('',*,*,#8890,.T.);
#6885=ORIENTED_EDGE('',*,*,#10193,.F.);
#6886=ORIENTED_EDGE('',*,*,#10070,.F.);
#6887=CARTESIAN_POINT('',(2.40988383569556,8.40193411686173,-5.64999999999801));
#6888=DIRECTION('',(0.0,1.0,-0.0));
#6889=DIRECTION('',(1.0,0.0,0.0));
#6890=ORIENTED_EDGE('',*,*,#8891,.F.);
#6891=ORIENTED_EDGE('',*,*,#10194,.F.);
#6892=ORIENTED_EDGE('',*,*,#10069,.F.);
#6893=ORIENTED_EDGE('',*,*,#10195,.F.);
#6894=CARTESIAN_POINT('',(2.55988383569556,1.27930069088773,-5.624999999998));
#6895=DIRECTION('',(-1.0,0.0,0.0));
#6896=DIRECTION('',(0.0,0.0,1.0));
#6897=ORIENTED_EDGE('',*,*,#8892,.F.);
#6898=ORIENTED_EDGE('',*,*,#10195,.T.);
#6899=ORIENTED_EDGE('',*,*,#10068,.F.);
#6900=ORIENTED_EDGE('',*,*,#10059,.T.);
#6901=ORIENTED_EDGE('',*,*,#8842,.T.);
#6902=CARTESIAN_POINT('',(2.85988383569556,-0.000699309112485496,-6.199999999998));
#6903=DIRECTION('',(0.0,-1.0,0.0));
#6904=DIRECTION('',(1.0,0.0,0.0));
#6905=ORIENTED_EDGE('',*,*,#8936,.T.);
#6906=ORIENTED_EDGE('',*,*,#10196,.T.);
#6907=ORIENTED_EDGE('',*,*,#9449,.T.);
#6908=ORIENTED_EDGE('',*,*,#9714,.T.);
#6909=CARTESIAN_POINT('',(3.34488383569256,0.604300690887527,-4.599999999998));
#6910=DIRECTION('',(1.0,0.0,0.0));
#6911=DIRECTION('',(0.0,1.0,0.0));
#6912=ORIENTED_EDGE('',*,*,#9452,.F.);
#6913=ORIENTED_EDGE('',*,*,#9450,.F.);
#6914=ORIENTED_EDGE('',*,*,#10196,.F.);
#6915=ORIENTED_EDGE('',*,*,#8935,.T.);
#6916=ORIENTED_EDGE('',*,*,#9233,.F.);
#6917=CARTESIAN_POINT('',(2.94488383569256,0.204300690887528,5.65102));
#6918=DIRECTION('',(-0.0,0.0,1.0));
#6919=DIRECTION('',(0.0,1.0,0.0));
#6920=ORIENTED_EDGE('',*,*,#8933,.T.);
#6921=ORIENTED_EDGE('',*,*,#10197,.F.);
#6922=ORIENTED_EDGE('',*,*,#9386,.F.);
#6923=ORIENTED_EDGE('',*,*,#9453,.F.);
#6924=ORIENTED_EDGE('',*,*,#9231,.F.);
#6925=CARTESIAN_POINT('',(-2.94511616430744,0.204300690887528,-10.4010199999983));
#6926=DIRECTION('',(0.0,0.0,-1.0));
#6927=DIRECTION('',(0.0,1.0,0.0));
#6928=ORIENTED_EDGE('',*,*,#9387,.F.);
#6929=ORIENTED_EDGE('',*,*,#10197,.T.);
#6930=ORIENTED_EDGE('',*,*,#8939,.F.);
#6931=ORIENTED_EDGE('',*,*,#10198,.T.);
#6932=CARTESIAN_POINT('',(-3.34511616430744,0.604300690887527,-2.899999999998));
#6933=DIRECTION('',(-1.0,0.0,0.0));
#6934=DIRECTION('',(0.0,0.0,1.0));
#6935=ORIENTED_EDGE('',*,*,#9643,.F.);
#6936=ORIENTED_EDGE('',*,*,#9388,.F.);
#6937=ORIENTED_EDGE('',*,*,#10198,.F.);
#6938=ORIENTED_EDGE('',*,*,#8938,.T.);
#6939=ORIENTED_EDGE('',*,*,#8789,.F.);
#6940=CARTESIAN_POINT('',(-2.94511616430744,-0.240699309165573,5.65102));
#6941=DIRECTION('',(-0.0,0.0,1.0));
#6942=DIRECTION('',(0.0,-1.0,0.0));
#6943=ORIENTED_EDGE('',*,*,#9254,.F.);
#6944=ORIENTED_EDGE('',*,*,#10108,.T.);
#6945=ORIENTED_EDGE('',*,*,#10199,.T.);
#6946=ORIENTED_EDGE('',*,*,#9260,.T.);
#6947=CARTESIAN_POINT('',(-3.60011616430744,-1.24069930911227,-6.499999999998));
#6948=DIRECTION('',(1.0,0.0,0.0));
#6949=DIRECTION('',(0.0,1.0,0.0));
#6950=ORIENTED_EDGE('',*,*,#9001,.T.);
#6951=ORIENTED_EDGE('',*,*,#9132,.F.);
#6952=ORIENTED_EDGE('',*,*,#9774,.F.);
#6953=ORIENTED_EDGE('',*,*,#9257,.F.);
#6954=CARTESIAN_POINT('',(0.84988383569246,-1.24069930911227,-5.79999999999801));
#6955=DIRECTION('',(1.0,0.0,0.0));
#6956=DIRECTION('',(0.0,1.0,0.0));
#6957=ORIENTED_EDGE('',*,*,#10200,.F.);
#6958=ORIENTED_EDGE('',*,*,#10106,.T.);
#6959=ORIENTED_EDGE('',*,*,#9003,.F.);
#6960=ORIENTED_EDGE('',*,*,#9262,.T.);
#6961=CARTESIAN_POINT('',(3.59988383569256,-1.60069930911227,-6.499999999998));
#6962=DIRECTION('',(-1.0,0.0,0.0));
#6963=DIRECTION('',(0.0,0.0,1.0));
#6964=ORIENTED_EDGE('',*,*,#10199,.F.);
#6965=ORIENTED_EDGE('',*,*,#10107,.T.);
#6966=ORIENTED_EDGE('',*,*,#10200,.T.);
#6967=ORIENTED_EDGE('',*,*,#9261,.F.);
#6968=CARTESIAN_POINT('',(4.14488383569256,-1.60069930911227,-6.499999999998));
#6969=DIRECTION('',(0.0,-1.0,0.0));
#6970=DIRECTION('',(0.0,0.0,-1.0));
#6971=ORIENTED_EDGE('',*,*,#9140,.T.);
#6972=ORIENTED_EDGE('',*,*,#9256,.T.);
#6973=ORIENTED_EDGE('',*,*,#9259,.T.);
#6974=ORIENTED_EDGE('',*,*,#9773,.F.);
#6975=CARTESIAN_POINT('',(-0.85011616430754,-1.24069930911227,-4.899999999998));
#6976=DIRECTION('',(-1.0,0.0,0.0));
#6977=DIRECTION('',(0.0,0.0,1.0));
#6978=ORIENTED_EDGE('',*,*,#10201,.T.);
#6979=ORIENTED_EDGE('',*,*,#10202,.T.);
#6980=ORIENTED_EDGE('',*,*,#10203,.T.);
#6981=ORIENTED_EDGE('',*,*,#10113,.F.);
#6982=CARTESIAN_POINT('',(-3.42511618182644,-1.67569930910028,-10.7076977298599));
#6983=DIRECTION('',(-1.0,0.0,0.0));
#6984=DIRECTION('',(0.0,0.0,1.0));
#6985=ORIENTED_EDGE('',*,*,#10203,.F.);
#6986=ORIENTED_EDGE('',*,*,#10204,.T.);
#6987=ORIENTED_EDGE('',*,*,#10205,.F.);
#6988=ORIENTED_EDGE('',*,*,#10110,.T.);
#6989=CARTESIAN_POINT('',(4.16988383569556,-0.780699309112473,-1.499999999998));
#6990=DIRECTION('',(0.0,-1.0,0.0));
#6991=DIRECTION('',(0.0,0.0,-1.0));
#6992=ORIENTED_EDGE('',*,*,#10205,.T.);
#6993=ORIENTED_EDGE('',*,*,#10206,.F.);
#6994=ORIENTED_EDGE('',*,*,#10207,.T.);
#6995=ORIENTED_EDGE('',*,*,#10111,.T.);
#6996=CARTESIAN_POINT('',(-3.22511541888644,-0.660699309105373,-7.02933769191));
#6997=DIRECTION('',(-1.0,0.0,0.0));
#6998=DIRECTION('',(0.0,0.0,1.0));
#6999=ORIENTED_EDGE('',*,*,#10207,.F.);
#7000=ORIENTED_EDGE('',*,*,#10208,.F.);
#7001=ORIENTED_EDGE('',*,*,#10201,.F.);
#7002=ORIENTED_EDGE('',*,*,#10112,.F.);
#7003=CARTESIAN_POINT('',(3.22488309027756,-0.660699329105173,-6.347499804294));
#7004=DIRECTION('',(-0.0,1.0,0.0));
#7005=DIRECTION('',(1.0,0.0,0.0));
#7006=ORIENTED_EDGE('',*,*,#10208,.T.);
#7007=ORIENTED_EDGE('',*,*,#10206,.T.);
#7008=ORIENTED_EDGE('',*,*,#10204,.F.);
#7009=ORIENTED_EDGE('',*,*,#10202,.F.);
#7010=CARTESIAN_POINT('',(3.22488309027756,-0.660699329103873,-7.20009772985601));
#7011=DIRECTION('',(0.0,0.0,-1.0));
#7012=DIRECTION('',(0.0,-1.0,0.0));
#7013=ORIENTED_EDGE('',*,*,#10209,.T.);
#7014=ORIENTED_EDGE('',*,*,#10210,.T.);
#7015=ORIENTED_EDGE('',*,*,#10211,.T.);
#7016=ORIENTED_EDGE('',*,*,#10117,.F.);
#7017=CARTESIAN_POINT('',(-2.62511633751744,-1.67569930910028,-10.7076977298601));
#7018=DIRECTION('',(-1.0,0.0,0.0));
#7019=DIRECTION('',(0.0,0.0,1.0));
#7020=ORIENTED_EDGE('',*,*,#10211,.F.);
#7021=ORIENTED_EDGE('',*,*,#10212,.T.);
#7022=ORIENTED_EDGE('',*,*,#10213,.F.);
#7023=ORIENTED_EDGE('',*,*,#10114,.T.);
#7024=CARTESIAN_POINT('',(4.16988383569556,-0.780699309112473,-1.499999999998));
#7025=DIRECTION('',(0.0,-1.0,0.0));
#7026=DIRECTION('',(0.0,0.0,-1.0));
#7027=ORIENTED_EDGE('',*,*,#10213,.T.);
#7028=ORIENTED_EDGE('',*,*,#10214,.F.);
#7029=ORIENTED_EDGE('',*,*,#10215,.T.);
#7030=ORIENTED_EDGE('',*,*,#10115,.T.);
#7031=CARTESIAN_POINT('',(-2.42511652825244,-0.660699309105373,-7.036980017312));
#7032=DIRECTION('',(-1.0,0.0,0.0));
#7033=DIRECTION('',(0.0,0.0,1.0));
#7034=ORIENTED_EDGE('',*,*,#10215,.F.);
#7035=ORIENTED_EDGE('',*,*,#10216,.F.);
#7036=ORIENTED_EDGE('',*,*,#10209,.F.);
#7037=ORIENTED_EDGE('',*,*,#10116,.F.);
#7038=CARTESIAN_POINT('',(3.22488309027756,-0.660699329105173,-6.347499804294));
#7039=DIRECTION('',(-0.0,1.0,0.0));
#7040=DIRECTION('',(1.0,0.0,0.0));
#7041=ORIENTED_EDGE('',*,*,#10216,.T.);
#7042=ORIENTED_EDGE('',*,*,#10214,.T.);
#7043=ORIENTED_EDGE('',*,*,#10212,.F.);
#7044=ORIENTED_EDGE('',*,*,#10210,.F.);
#7045=CARTESIAN_POINT('',(3.22488309027756,-0.660699329103873,-7.20009772985601));
#7046=DIRECTION('',(0.0,0.0,-1.0));
#7047=DIRECTION('',(0.0,-1.0,0.0));
#7048=ORIENTED_EDGE('',*,*,#10217,.T.);
#7049=ORIENTED_EDGE('',*,*,#10218,.T.);
#7050=ORIENTED_EDGE('',*,*,#10219,.T.);
#7051=ORIENTED_EDGE('',*,*,#10121,.F.);
#7052=CARTESIAN_POINT('',(-1.35011576531344,-1.67569930910028,-10.7076977298599));
#7053=DIRECTION('',(-1.0,0.0,0.0));
#7054=DIRECTION('',(0.0,0.0,1.0));
#7055=ORIENTED_EDGE('',*,*,#10219,.F.);
#7056=ORIENTED_EDGE('',*,*,#10220,.T.);
#7057=ORIENTED_EDGE('',*,*,#10221,.F.);
#7058=ORIENTED_EDGE('',*,*,#10118,.T.);
#7059=CARTESIAN_POINT('',(4.16988383569556,-0.780699309112473,-1.499999999998));
#7060=DIRECTION('',(0.0,-1.0,0.0));
#7061=DIRECTION('',(0.0,0.0,-1.0));
#7062=ORIENTED_EDGE('',*,*,#10221,.T.);
#7063=ORIENTED_EDGE('',*,*,#10222,.F.);
#7064=ORIENTED_EDGE('',*,*,#10223,.T.);
#7065=ORIENTED_EDGE('',*,*,#10119,.T.);
#7066=CARTESIAN_POINT('',(-1.15011595604844,-0.660699309105573,-6.90004343310201));
#7067=DIRECTION('',(-1.0,0.0,0.0));
#7068=DIRECTION('',(0.0,0.0,1.0));
#7069=ORIENTED_EDGE('',*,*,#10223,.F.);
#7070=ORIENTED_EDGE('',*,*,#10224,.F.);
#7071=ORIENTED_EDGE('',*,*,#10217,.F.);
#7072=ORIENTED_EDGE('',*,*,#10120,.F.);
#7073=CARTESIAN_POINT('',(3.22488309027756,-0.660699329105173,-6.347499804294));
#7074=DIRECTION('',(-0.0,1.0,0.0));
#7075=DIRECTION('',(1.0,0.0,0.0));
#7076=ORIENTED_EDGE('',*,*,#10224,.T.);
#7077=ORIENTED_EDGE('',*,*,#10222,.T.);
#7078=ORIENTED_EDGE('',*,*,#10220,.F.);
#7079=ORIENTED_EDGE('',*,*,#10218,.F.);
#7080=CARTESIAN_POINT('',(3.22488309027756,-0.660699329103873,-7.20009772985601));
#7081=DIRECTION('',(0.0,0.0,-1.0));
#7082=DIRECTION('',(0.0,-1.0,0.0));
#7083=ORIENTED_EDGE('',*,*,#10225,.T.);
#7084=ORIENTED_EDGE('',*,*,#10226,.T.);
#7085=ORIENTED_EDGE('',*,*,#10227,.T.);
#7086=ORIENTED_EDGE('',*,*,#10125,.F.);
#7087=CARTESIAN_POINT('',(-0.35011576531334,-1.67569930910028,-10.7076977298599));
#7088=DIRECTION('',(-1.0,0.0,0.0));
#7089=DIRECTION('',(0.0,0.0,1.0));
#7090=ORIENTED_EDGE('',*,*,#10227,.F.);
#7091=ORIENTED_EDGE('',*,*,#10228,.T.);
#7092=ORIENTED_EDGE('',*,*,#10229,.F.);
#7093=ORIENTED_EDGE('',*,*,#10122,.T.);
#7094=CARTESIAN_POINT('',(4.16988383569556,-0.780699309112473,-1.499999999998));
#7095=DIRECTION('',(0.0,-1.0,0.0));
#7096=DIRECTION('',(0.0,0.0,-1.0));
#7097=ORIENTED_EDGE('',*,*,#10229,.T.);
#7098=ORIENTED_EDGE('',*,*,#10230,.F.);
#7099=ORIENTED_EDGE('',*,*,#10231,.T.);
#7100=ORIENTED_EDGE('',*,*,#10123,.T.);
#7101=CARTESIAN_POINT('',(-0.15011595604834,-0.660699309105473,-6.995066902195));
#7102=DIRECTION('',(-1.0,0.0,0.0));
#7103=DIRECTION('',(0.0,0.0,1.0));
#7104=ORIENTED_EDGE('',*,*,#10231,.F.);
#7105=ORIENTED_EDGE('',*,*,#10232,.F.);
#7106=ORIENTED_EDGE('',*,*,#10225,.F.);
#7107=ORIENTED_EDGE('',*,*,#10124,.F.);
#7108=CARTESIAN_POINT('',(3.22488309027756,-0.660699329105173,-6.347499804294));
#7109=DIRECTION('',(-0.0,1.0,0.0));
#7110=DIRECTION('',(1.0,0.0,0.0));
#7111=ORIENTED_EDGE('',*,*,#10232,.T.);
#7112=ORIENTED_EDGE('',*,*,#10230,.T.);
#7113=ORIENTED_EDGE('',*,*,#10228,.F.);
#7114=ORIENTED_EDGE('',*,*,#10226,.F.);
#7115=CARTESIAN_POINT('',(3.22488309027756,-0.660699329103873,-7.20009772985601));
#7116=DIRECTION('',(0.0,0.0,-1.0));
#7117=DIRECTION('',(0.0,-1.0,0.0));
#7118=ORIENTED_EDGE('',*,*,#10233,.T.);
#7119=ORIENTED_EDGE('',*,*,#10234,.T.);
#7120=ORIENTED_EDGE('',*,*,#10235,.T.);
#7121=ORIENTED_EDGE('',*,*,#10129,.F.);
#7122=CARTESIAN_POINT('',(0.14988362743936,-1.67569930910028,-10.7076977298599));
#7123=DIRECTION('',(-1.0,0.0,0.0));
#7124=DIRECTION('',(0.0,0.0,1.0));
#7125=ORIENTED_EDGE('',*,*,#10235,.F.);
#7126=ORIENTED_EDGE('',*,*,#10236,.T.);
#7127=ORIENTED_EDGE('',*,*,#10237,.F.);
#7128=ORIENTED_EDGE('',*,*,#10126,.T.);
#7129=CARTESIAN_POINT('',(4.16988383569556,-0.780699309112473,-1.499999999998));
#7130=DIRECTION('',(0.0,-1.0,0.0));
#7131=DIRECTION('',(0.0,0.0,-1.0));
#7132=ORIENTED_EDGE('',*,*,#10237,.T.);
#7133=ORIENTED_EDGE('',*,*,#10238,.F.);
#7134=ORIENTED_EDGE('',*,*,#10239,.T.);
#7135=ORIENTED_EDGE('',*,*,#10127,.T.);
#7136=CARTESIAN_POINT('',(0.34988343670456,-0.660699309105473,-6.99506752909701));
#7137=DIRECTION('',(-1.0,0.0,0.0));
#7138=DIRECTION('',(0.0,0.0,1.0));
#7139=ORIENTED_EDGE('',*,*,#10239,.F.);
#7140=ORIENTED_EDGE('',*,*,#10240,.F.);
#7141=ORIENTED_EDGE('',*,*,#10233,.F.);
#7142=ORIENTED_EDGE('',*,*,#10128,.F.);
#7143=CARTESIAN_POINT('',(3.22488309027756,-0.660699329105173,-6.347499804294));
#7144=DIRECTION('',(-0.0,1.0,0.0));
#7145=DIRECTION('',(1.0,0.0,0.0));
#7146=ORIENTED_EDGE('',*,*,#10240,.T.);
#7147=ORIENTED_EDGE('',*,*,#10238,.T.);
#7148=ORIENTED_EDGE('',*,*,#10236,.F.);
#7149=ORIENTED_EDGE('',*,*,#10234,.F.);
#7150=CARTESIAN_POINT('',(3.22488309027756,-0.660699329103873,-7.20009772985601));
#7151=DIRECTION('',(0.0,0.0,-1.0));
#7152=DIRECTION('',(0.0,-1.0,0.0));
#7153=ORIENTED_EDGE('',*,*,#10241,.T.);
#7154=ORIENTED_EDGE('',*,*,#10242,.T.);
#7155=ORIENTED_EDGE('',*,*,#10243,.T.);
#7156=ORIENTED_EDGE('',*,*,#10133,.F.);
#7157=CARTESIAN_POINT('',(1.14988362743956,-1.67569930910028,-10.7076977298599));
#7158=DIRECTION('',(-1.0,0.0,0.0));
#7159=DIRECTION('',(0.0,0.0,1.0));
#7160=ORIENTED_EDGE('',*,*,#10243,.F.);
#7161=ORIENTED_EDGE('',*,*,#10244,.T.);
#7162=ORIENTED_EDGE('',*,*,#10245,.F.);
#7163=ORIENTED_EDGE('',*,*,#10130,.T.);
#7164=CARTESIAN_POINT('',(4.16988383569556,-0.780699309112473,-1.499999999998));
#7165=DIRECTION('',(0.0,-1.0,0.0));
#7166=DIRECTION('',(0.0,0.0,-1.0));
#7167=ORIENTED_EDGE('',*,*,#10245,.T.);
#7168=ORIENTED_EDGE('',*,*,#10246,.F.);
#7169=ORIENTED_EDGE('',*,*,#10247,.T.);
#7170=ORIENTED_EDGE('',*,*,#10131,.T.);
#7171=CARTESIAN_POINT('',(1.34988343670456,-0.660699309106173,-6.510094381523));
#7172=DIRECTION('',(-1.0,0.0,0.0));
#7173=DIRECTION('',(0.0,0.0,1.0));
#7174=ORIENTED_EDGE('',*,*,#10247,.F.);
#7175=ORIENTED_EDGE('',*,*,#10248,.F.);
#7176=ORIENTED_EDGE('',*,*,#10241,.F.);
#7177=ORIENTED_EDGE('',*,*,#10132,.F.);
#7178=CARTESIAN_POINT('',(3.22488309027756,-0.660699329105173,-6.347499804294));
#7179=DIRECTION('',(-0.0,1.0,0.0));
#7180=DIRECTION('',(1.0,0.0,0.0));
#7181=ORIENTED_EDGE('',*,*,#10248,.T.);
#7182=ORIENTED_EDGE('',*,*,#10246,.T.);
#7183=ORIENTED_EDGE('',*,*,#10244,.F.);
#7184=ORIENTED_EDGE('',*,*,#10242,.F.);
#7185=CARTESIAN_POINT('',(3.22488309027756,-0.660699329103873,-7.20009772985601));
#7186=DIRECTION('',(0.0,0.0,-1.0));
#7187=DIRECTION('',(0.0,-1.0,0.0));
#7188=ORIENTED_EDGE('',*,*,#10249,.T.);
#7189=ORIENTED_EDGE('',*,*,#10250,.T.);
#7190=ORIENTED_EDGE('',*,*,#10251,.T.);
#7191=ORIENTED_EDGE('',*,*,#10137,.F.);
#7192=CARTESIAN_POINT('',(2.42488419964356,-1.67569930910028,-10.70769772986));
#7193=DIRECTION('',(-1.0,0.0,0.0));
#7194=DIRECTION('',(0.0,0.0,1.0));
#7195=ORIENTED_EDGE('',*,*,#10251,.F.);
#7196=ORIENTED_EDGE('',*,*,#10252,.T.);
#7197=ORIENTED_EDGE('',*,*,#10253,.F.);
#7198=ORIENTED_EDGE('',*,*,#10134,.T.);
#7199=CARTESIAN_POINT('',(4.16988383569556,-0.780699309112473,-1.499999999998));
#7200=DIRECTION('',(0.0,-1.0,0.0));
#7201=DIRECTION('',(0.0,0.0,-1.0));
#7202=ORIENTED_EDGE('',*,*,#10253,.T.);
#7203=ORIENTED_EDGE('',*,*,#10254,.F.);
#7204=ORIENTED_EDGE('',*,*,#10255,.T.);
#7205=ORIENTED_EDGE('',*,*,#10135,.T.);
#7206=CARTESIAN_POINT('',(2.62488400890856,-0.660699309105373,-7.019072585241));
#7207=DIRECTION('',(-1.0,0.0,0.0));
#7208=DIRECTION('',(0.0,0.0,1.0));
#7209=ORIENTED_EDGE('',*,*,#10255,.F.);
#7210=ORIENTED_EDGE('',*,*,#10256,.F.);
#7211=ORIENTED_EDGE('',*,*,#10249,.F.);
#7212=ORIENTED_EDGE('',*,*,#10136,.F.);
#7213=CARTESIAN_POINT('',(3.22488309027756,-0.660699329105173,-6.347499804294));
#7214=DIRECTION('',(-0.0,1.0,0.0));
#7215=DIRECTION('',(1.0,0.0,0.0));
#7216=ORIENTED_EDGE('',*,*,#10256,.T.);
#7217=ORIENTED_EDGE('',*,*,#10254,.T.);
#7218=ORIENTED_EDGE('',*,*,#10252,.F.);
#7219=ORIENTED_EDGE('',*,*,#10250,.F.);
#7220=CARTESIAN_POINT('',(3.22488309027756,-0.660699329103873,-7.20009772985601));
#7221=DIRECTION('',(0.0,0.0,-1.0));
#7222=DIRECTION('',(0.0,-1.0,0.0));
#7223=ORIENTED_EDGE('',*,*,#10257,.T.);
#7224=ORIENTED_EDGE('',*,*,#10258,.T.);
#7225=ORIENTED_EDGE('',*,*,#10259,.F.);
#7226=ORIENTED_EDGE('',*,*,#10141,.F.);
#7227=CARTESIAN_POINT('',(3.22488309027756,-1.67569930910028,-10.7076977298599));
#7228=DIRECTION('',(-1.0,0.0,0.0));
#7229=DIRECTION('',(0.0,0.0,1.0));
#7230=ORIENTED_EDGE('',*,*,#10259,.T.);
#7231=ORIENTED_EDGE('',*,*,#10260,.T.);
#7232=ORIENTED_EDGE('',*,*,#10261,.T.);
#7233=ORIENTED_EDGE('',*,*,#10138,.T.);
#7234=CARTESIAN_POINT('',(4.16988383569556,-0.780699309112473,-1.499999999998));
#7235=DIRECTION('',(0.0,-1.0,0.0));
#7236=DIRECTION('',(0.0,0.0,-1.0));
#7237=ORIENTED_EDGE('',*,*,#10261,.F.);
#7238=ORIENTED_EDGE('',*,*,#10262,.F.);
#7239=ORIENTED_EDGE('',*,*,#10263,.T.);
#7240=ORIENTED_EDGE('',*,*,#10139,.T.);
#7241=CARTESIAN_POINT('',(3.42488385321756,-0.660699309105373,-7.057224086361));
#7242=DIRECTION('',(-1.0,0.0,0.0));
#7243=DIRECTION('',(0.0,0.0,1.0));
#7244=ORIENTED_EDGE('',*,*,#10263,.F.);
#7245=ORIENTED_EDGE('',*,*,#10264,.F.);
#7246=ORIENTED_EDGE('',*,*,#10257,.F.);
#7247=ORIENTED_EDGE('',*,*,#10140,.F.);
#7248=CARTESIAN_POINT('',(3.22488309027756,-0.660699329105173,-6.347499804294));
#7249=DIRECTION('',(-0.0,1.0,0.0));
#7250=DIRECTION('',(1.0,0.0,0.0));
#7251=ORIENTED_EDGE('',*,*,#10264,.T.);
#7252=ORIENTED_EDGE('',*,*,#10262,.T.);
#7253=ORIENTED_EDGE('',*,*,#10260,.F.);
#7254=ORIENTED_EDGE('',*,*,#10258,.F.);
#7255=CARTESIAN_POINT('',(3.22488309027756,-0.660699329103873,-7.20009772985601));
#7256=DIRECTION('',(0.0,0.0,-1.0));
#7257=DIRECTION('',(0.0,-1.0,0.0));
#7258=ORIENTED_EDGE('',*,*,#10265,.T.);
#7259=ORIENTED_EDGE('',*,*,#10266,.T.);
#7260=ORIENTED_EDGE('',*,*,#10267,.T.);
#7261=ORIENTED_EDGE('',*,*,#10145,.F.);
#7262=CARTESIAN_POINT('',(-0.85011616430754,-1.24069930911227,-4.899999999998));
#7263=DIRECTION('',(-1.0,0.0,0.0));
#7264=DIRECTION('',(0.0,0.0,1.0));
#7265=ORIENTED_EDGE('',*,*,#10267,.F.);
#7266=ORIENTED_EDGE('',*,*,#10268,.T.);
#7267=ORIENTED_EDGE('',*,*,#10269,.F.);
#7268=ORIENTED_EDGE('',*,*,#10142,.T.);
#7269=CARTESIAN_POINT('',(4.16988383569556,-0.780699309112473,-1.499999999998));
#7270=DIRECTION('',(0.0,-1.0,0.0));
#7271=DIRECTION('',(0.0,0.0,-1.0));
#7272=ORIENTED_EDGE('',*,*,#10269,.T.);
#7273=ORIENTED_EDGE('',*,*,#10270,.F.);
#7274=ORIENTED_EDGE('',*,*,#10271,.T.);
#7275=ORIENTED_EDGE('',*,*,#10143,.T.);
#7276=CARTESIAN_POINT('',(-0.65011616430754,-1.01069930910027,-6.80194561351301));
#7277=DIRECTION('',(-1.0,0.0,0.0));
#7278=DIRECTION('',(0.0,0.0,1.0));
#7279=ORIENTED_EDGE('',*,*,#10271,.F.);
#7280=ORIENTED_EDGE('',*,*,#10272,.F.);
#7281=ORIENTED_EDGE('',*,*,#10265,.F.);
#7282=ORIENTED_EDGE('',*,*,#10144,.F.);
#7283=CARTESIAN_POINT('',(3.22488309027756,-0.660699329105173,-6.347499804294));
#7284=DIRECTION('',(-0.0,1.0,0.0));
#7285=DIRECTION('',(1.0,0.0,0.0));
#7286=ORIENTED_EDGE('',*,*,#10272,.T.);
#7287=ORIENTED_EDGE('',*,*,#10270,.T.);
#7288=ORIENTED_EDGE('',*,*,#10268,.F.);
#7289=ORIENTED_EDGE('',*,*,#10266,.F.);
#7290=CARTESIAN_POINT('',(3.22488309027756,-0.660699329103873,-7.20009772985601));
#7291=DIRECTION('',(0.0,0.0,-1.0));
#7292=DIRECTION('',(0.0,-1.0,0.0));
#7293=ORIENTED_EDGE('',*,*,#10273,.T.);
#7294=ORIENTED_EDGE('',*,*,#10274,.T.);
#7295=ORIENTED_EDGE('',*,*,#10275,.T.);
#7296=ORIENTED_EDGE('',*,*,#10149,.F.);
#7297=CARTESIAN_POINT('',(-1.85011616430744,-1.01069930910027,-6.72812436513101));
#7298=DIRECTION('',(-1.0,0.0,0.0));
#7299=DIRECTION('',(0.0,0.0,1.0));
#7300=ORIENTED_EDGE('',*,*,#10275,.F.);
#7301=ORIENTED_EDGE('',*,*,#10276,.T.);
#7302=ORIENTED_EDGE('',*,*,#10277,.F.);
#7303=ORIENTED_EDGE('',*,*,#10146,.T.);
#7304=CARTESIAN_POINT('',(4.16988383569556,-0.780699309112473,-1.499999999998));
#7305=DIRECTION('',(0.0,-1.0,0.0));
#7306=DIRECTION('',(0.0,0.0,-1.0));
#7307=ORIENTED_EDGE('',*,*,#10277,.T.);
#7308=ORIENTED_EDGE('',*,*,#10278,.F.);
#7309=ORIENTED_EDGE('',*,*,#10279,.T.);
#7310=ORIENTED_EDGE('',*,*,#10147,.T.);
#7311=CARTESIAN_POINT('',(-1.65011616430744,-1.01069930910027,-6.839943391458));
#7312=DIRECTION('',(-1.0,0.0,0.0));
#7313=DIRECTION('',(0.0,0.0,1.0));
#7314=ORIENTED_EDGE('',*,*,#10279,.F.);
#7315=ORIENTED_EDGE('',*,*,#10280,.F.);
#7316=ORIENTED_EDGE('',*,*,#10273,.F.);
#7317=ORIENTED_EDGE('',*,*,#10148,.F.);
#7318=CARTESIAN_POINT('',(3.22488309027756,-0.660699329105173,-6.347499804294));
#7319=DIRECTION('',(-0.0,1.0,0.0));
#7320=DIRECTION('',(1.0,0.0,0.0));
#7321=ORIENTED_EDGE('',*,*,#10280,.T.);
#7322=ORIENTED_EDGE('',*,*,#10278,.T.);
#7323=ORIENTED_EDGE('',*,*,#10276,.F.);
#7324=ORIENTED_EDGE('',*,*,#10274,.F.);
#7325=CARTESIAN_POINT('',(3.22488309027756,-0.660699329103873,-7.20009772985601));
#7326=DIRECTION('',(0.0,0.0,-1.0));
#7327=DIRECTION('',(0.0,-1.0,0.0));
#7328=ORIENTED_EDGE('',*,*,#10281,.T.);
#7329=ORIENTED_EDGE('',*,*,#10282,.T.);
#7330=ORIENTED_EDGE('',*,*,#10283,.T.);
#7331=ORIENTED_EDGE('',*,*,#10153,.F.);
#7332=CARTESIAN_POINT('',(-2.37511616430744,-1.01069930910027,-6.471185698037));
#7333=DIRECTION('',(-1.0,0.0,0.0));
#7334=DIRECTION('',(0.0,0.0,1.0));
#7335=ORIENTED_EDGE('',*,*,#10283,.F.);
#7336=ORIENTED_EDGE('',*,*,#10284,.T.);
#7337=ORIENTED_EDGE('',*,*,#10285,.F.);
#7338=ORIENTED_EDGE('',*,*,#10150,.T.);
#7339=CARTESIAN_POINT('',(4.16988383569556,-0.780699309112473,-1.499999999998));
#7340=DIRECTION('',(0.0,-1.0,0.0));
#7341=DIRECTION('',(0.0,0.0,-1.0));
#7342=ORIENTED_EDGE('',*,*,#10285,.T.);
#7343=ORIENTED_EDGE('',*,*,#10286,.F.);
#7344=ORIENTED_EDGE('',*,*,#10287,.T.);
#7345=ORIENTED_EDGE('',*,*,#10151,.T.);
#7346=CARTESIAN_POINT('',(-2.17511616430744,-1.01069930910027,-6.614835337879));
#7347=DIRECTION('',(-1.0,0.0,0.0));
#7348=DIRECTION('',(0.0,0.0,1.0));
#7349=ORIENTED_EDGE('',*,*,#10287,.F.);
#7350=ORIENTED_EDGE('',*,*,#10288,.F.);
#7351=ORIENTED_EDGE('',*,*,#10281,.F.);
#7352=ORIENTED_EDGE('',*,*,#10152,.F.);
#7353=CARTESIAN_POINT('',(3.22488309027756,-0.660699329105173,-6.347499804294));
#7354=DIRECTION('',(-0.0,1.0,0.0));
#7355=DIRECTION('',(1.0,0.0,0.0));
#7356=ORIENTED_EDGE('',*,*,#10288,.T.);
#7357=ORIENTED_EDGE('',*,*,#10286,.T.);
#7358=ORIENTED_EDGE('',*,*,#10284,.F.);
#7359=ORIENTED_EDGE('',*,*,#10282,.F.);
#7360=CARTESIAN_POINT('',(3.22488309027756,-0.660699329103873,-7.20009772985601));
#7361=DIRECTION('',(0.0,0.0,-1.0));
#7362=DIRECTION('',(0.0,-1.0,0.0));
#7363=ORIENTED_EDGE('',*,*,#10289,.T.);
#7364=ORIENTED_EDGE('',*,*,#10290,.F.);
#7365=ORIENTED_EDGE('',*,*,#10291,.T.);
#7366=ORIENTED_EDGE('',*,*,#10157,.T.);
#7367=CARTESIAN_POINT('',(-2.97511616430744,-1.01069930910027,-7.020965010162));
#7368=DIRECTION('',(-1.0,0.0,0.0));
#7369=DIRECTION('',(0.0,0.0,1.0));
#7370=ORIENTED_EDGE('',*,*,#10291,.F.);
#7371=ORIENTED_EDGE('',*,*,#10292,.F.);
#7372=ORIENTED_EDGE('',*,*,#10293,.F.);
#7373=ORIENTED_EDGE('',*,*,#10154,.F.);
#7374=CARTESIAN_POINT('',(3.22488309027756,-0.660699329105173,-6.347499804294));
#7375=DIRECTION('',(-0.0,1.0,0.0));
#7376=DIRECTION('',(1.0,0.0,0.0));
#7377=ORIENTED_EDGE('',*,*,#10293,.T.);
#7378=ORIENTED_EDGE('',*,*,#10294,.T.);
#7379=ORIENTED_EDGE('',*,*,#10295,.T.);
#7380=ORIENTED_EDGE('',*,*,#10155,.F.);
#7381=CARTESIAN_POINT('',(-3.17511616430744,-1.01069930910027,-7.09538932027501));
#7382=DIRECTION('',(-1.0,0.0,0.0));
#7383=DIRECTION('',(0.0,0.0,1.0));
#7384=ORIENTED_EDGE('',*,*,#10295,.F.);
#7385=ORIENTED_EDGE('',*,*,#10296,.T.);
#7386=ORIENTED_EDGE('',*,*,#10289,.F.);
#7387=ORIENTED_EDGE('',*,*,#10156,.T.);
#7388=CARTESIAN_POINT('',(4.16988383569556,-0.780699309112473,-1.499999999998));
#7389=DIRECTION('',(0.0,-1.0,0.0));
#7390=DIRECTION('',(0.0,0.0,-1.0));
#7391=ORIENTED_EDGE('',*,*,#10292,.T.);
#7392=ORIENTED_EDGE('',*,*,#10290,.T.);
#7393=ORIENTED_EDGE('',*,*,#10296,.F.);
#7394=ORIENTED_EDGE('',*,*,#10294,.F.);
#7395=CARTESIAN_POINT('',(3.22488309027756,-0.660699329103873,-7.20009772985601));
#7396=DIRECTION('',(0.0,0.0,-1.0));
#7397=DIRECTION('',(0.0,-1.0,0.0));
#7398=ORIENTED_EDGE('',*,*,#10297,.T.);
#7399=ORIENTED_EDGE('',*,*,#10298,.F.);
#7400=ORIENTED_EDGE('',*,*,#10299,.T.);
#7401=ORIENTED_EDGE('',*,*,#10161,.T.);
#7402=CARTESIAN_POINT('',(0.84988383569246,-1.24069930911227,-5.79999999999801));
#7403=DIRECTION('',(1.0,0.0,0.0));
#7404=DIRECTION('',(0.0,1.0,0.0));
#7405=ORIENTED_EDGE('',*,*,#10299,.F.);
#7406=ORIENTED_EDGE('',*,*,#10300,.F.);
#7407=ORIENTED_EDGE('',*,*,#10301,.F.);
#7408=ORIENTED_EDGE('',*,*,#10158,.F.);
#7409=CARTESIAN_POINT('',(3.22488309027756,-0.660699329105173,-6.347499804294));
#7410=DIRECTION('',(-0.0,1.0,0.0));
#7411=DIRECTION('',(1.0,0.0,0.0));
#7412=ORIENTED_EDGE('',*,*,#10301,.T.);
#7413=ORIENTED_EDGE('',*,*,#10302,.T.);
#7414=ORIENTED_EDGE('',*,*,#10303,.T.);
#7415=ORIENTED_EDGE('',*,*,#10159,.F.);
#7416=CARTESIAN_POINT('',(0.64988383569246,-1.01069930910027,-6.80194561351301));
#7417=DIRECTION('',(-1.0,0.0,0.0));
#7418=DIRECTION('',(0.0,0.0,1.0));
#7419=ORIENTED_EDGE('',*,*,#10303,.F.);
#7420=ORIENTED_EDGE('',*,*,#10304,.T.);
#7421=ORIENTED_EDGE('',*,*,#10297,.F.);
#7422=ORIENTED_EDGE('',*,*,#10160,.T.);
#7423=CARTESIAN_POINT('',(4.16988383569556,-0.780699309112473,-1.499999999998));
#7424=DIRECTION('',(0.0,-1.0,0.0));
#7425=DIRECTION('',(0.0,0.0,-1.0));
#7426=ORIENTED_EDGE('',*,*,#10300,.T.);
#7427=ORIENTED_EDGE('',*,*,#10298,.T.);
#7428=ORIENTED_EDGE('',*,*,#10304,.F.);
#7429=ORIENTED_EDGE('',*,*,#10302,.F.);
#7430=CARTESIAN_POINT('',(3.22488309027756,-0.660699329103873,-7.20009772985601));
#7431=DIRECTION('',(0.0,0.0,-1.0));
#7432=DIRECTION('',(0.0,-1.0,0.0));
#7433=ORIENTED_EDGE('',*,*,#10305,.F.);
#7434=ORIENTED_EDGE('',*,*,#10306,.F.);
#7435=ORIENTED_EDGE('',*,*,#10307,.T.);
#7436=ORIENTED_EDGE('',*,*,#10165,.T.);
#7437=CARTESIAN_POINT('',(1.84988383569256,-1.01069930910027,-6.72812436513101));
#7438=DIRECTION('',(-1.0,0.0,0.0));
#7439=DIRECTION('',(0.0,0.0,1.0));
#7440=ORIENTED_EDGE('',*,*,#10307,.F.);
#7441=ORIENTED_EDGE('',*,*,#10308,.F.);
#7442=ORIENTED_EDGE('',*,*,#10309,.F.);
#7443=ORIENTED_EDGE('',*,*,#10162,.F.);
#7444=CARTESIAN_POINT('',(3.22488309027756,-0.660699329105173,-6.347499804294));
#7445=DIRECTION('',(-0.0,1.0,0.0));
#7446=DIRECTION('',(1.0,0.0,0.0));
#7447=ORIENTED_EDGE('',*,*,#10309,.T.);
#7448=ORIENTED_EDGE('',*,*,#10310,.T.);
#7449=ORIENTED_EDGE('',*,*,#10311,.F.);
#7450=ORIENTED_EDGE('',*,*,#10163,.F.);
#7451=CARTESIAN_POINT('',(1.64988383569256,-1.01069930910027,-6.839943391458));
#7452=DIRECTION('',(-1.0,0.0,0.0));
#7453=DIRECTION('',(0.0,0.0,1.0));
#7454=ORIENTED_EDGE('',*,*,#10311,.T.);
#7455=ORIENTED_EDGE('',*,*,#10312,.T.);
#7456=ORIENTED_EDGE('',*,*,#10305,.T.);
#7457=ORIENTED_EDGE('',*,*,#10164,.T.);
#7458=CARTESIAN_POINT('',(4.16988383569556,-0.780699309112473,-1.499999999998));
#7459=DIRECTION('',(0.0,-1.0,0.0));
#7460=DIRECTION('',(0.0,0.0,-1.0));
#7461=ORIENTED_EDGE('',*,*,#10308,.T.);
#7462=ORIENTED_EDGE('',*,*,#10306,.T.);
#7463=ORIENTED_EDGE('',*,*,#10312,.F.);
#7464=ORIENTED_EDGE('',*,*,#10310,.F.);
#7465=CARTESIAN_POINT('',(3.22488309027756,-0.660699329103873,-7.20009772985601));
#7466=DIRECTION('',(0.0,0.0,-1.0));
#7467=DIRECTION('',(0.0,-1.0,0.0));
#7468=ORIENTED_EDGE('',*,*,#10313,.T.);
#7469=ORIENTED_EDGE('',*,*,#10314,.F.);
#7470=ORIENTED_EDGE('',*,*,#10315,.T.);
#7471=ORIENTED_EDGE('',*,*,#10169,.T.);
#7472=CARTESIAN_POINT('',(2.37488383569256,-1.01069930910027,-6.471185698037));
#7473=DIRECTION('',(-1.0,0.0,0.0));
#7474=DIRECTION('',(0.0,0.0,1.0));
#7475=ORIENTED_EDGE('',*,*,#10315,.F.);
#7476=ORIENTED_EDGE('',*,*,#10316,.F.);
#7477=ORIENTED_EDGE('',*,*,#10317,.F.);
#7478=ORIENTED_EDGE('',*,*,#10166,.F.);
#7479=CARTESIAN_POINT('',(3.22488309027756,-0.660699329105173,-6.347499804294));
#7480=DIRECTION('',(-0.0,1.0,0.0));
#7481=DIRECTION('',(1.0,0.0,0.0));
#7482=ORIENTED_EDGE('',*,*,#10317,.T.);
#7483=ORIENTED_EDGE('',*,*,#10318,.T.);
#7484=ORIENTED_EDGE('',*,*,#10319,.T.);
#7485=ORIENTED_EDGE('',*,*,#10167,.F.);
#7486=CARTESIAN_POINT('',(2.17488383569256,-1.01069930910027,-6.614835337879));
#7487=DIRECTION('',(-1.0,0.0,0.0));
#7488=DIRECTION('',(0.0,0.0,1.0));
#7489=ORIENTED_EDGE('',*,*,#10319,.F.);
#7490=ORIENTED_EDGE('',*,*,#10320,.T.);
#7491=ORIENTED_EDGE('',*,*,#10313,.F.);
#7492=ORIENTED_EDGE('',*,*,#10168,.T.);
#7493=CARTESIAN_POINT('',(4.16988383569556,-0.780699309112473,-1.499999999998));
#7494=DIRECTION('',(0.0,-1.0,0.0));
#7495=DIRECTION('',(0.0,0.0,-1.0));
#7496=ORIENTED_EDGE('',*,*,#10316,.T.);
#7497=ORIENTED_EDGE('',*,*,#10314,.T.);
#7498=ORIENTED_EDGE('',*,*,#10320,.F.);
#7499=ORIENTED_EDGE('',*,*,#10318,.F.);
#7500=CARTESIAN_POINT('',(3.22488309027756,-0.660699329103873,-7.20009772985601));
#7501=DIRECTION('',(0.0,0.0,-1.0));
#7502=DIRECTION('',(0.0,-1.0,0.0));
#7503=ORIENTED_EDGE('',*,*,#10321,.T.);
#7504=ORIENTED_EDGE('',*,*,#10322,.T.);
#7505=ORIENTED_EDGE('',*,*,#10323,.T.);
#7506=ORIENTED_EDGE('',*,*,#10173,.F.);
#7507=CARTESIAN_POINT('',(2.97488383569256,-1.01069930910027,-7.020965010162));
#7508=DIRECTION('',(-1.0,0.0,0.0));
#7509=DIRECTION('',(0.0,0.0,1.0));
#7510=ORIENTED_EDGE('',*,*,#10323,.F.);
#7511=ORIENTED_EDGE('',*,*,#10324,.T.);
#7512=ORIENTED_EDGE('',*,*,#10325,.F.);
#7513=ORIENTED_EDGE('',*,*,#10170,.T.);
#7514=CARTESIAN_POINT('',(4.16988383569556,-0.780699309112473,-1.499999999998));
#7515=DIRECTION('',(0.0,-1.0,0.0));
#7516=DIRECTION('',(0.0,0.0,-1.0));
#7517=ORIENTED_EDGE('',*,*,#10325,.T.);
#7518=ORIENTED_EDGE('',*,*,#10326,.F.);
#7519=ORIENTED_EDGE('',*,*,#10327,.T.);
#7520=ORIENTED_EDGE('',*,*,#10171,.T.);
#7521=CARTESIAN_POINT('',(3.17488383569256,-1.01069930910027,-7.09538932027501));
#7522=DIRECTION('',(-1.0,0.0,0.0));
#7523=DIRECTION('',(0.0,0.0,1.0));
#7524=ORIENTED_EDGE('',*,*,#10327,.F.);
#7525=ORIENTED_EDGE('',*,*,#10328,.F.);
#7526=ORIENTED_EDGE('',*,*,#10321,.F.);
#7527=ORIENTED_EDGE('',*,*,#10172,.F.);
#7528=CARTESIAN_POINT('',(3.22488309027756,-0.660699329105173,-6.347499804294));
#7529=DIRECTION('',(-0.0,1.0,0.0));
#7530=DIRECTION('',(1.0,0.0,0.0));
#7531=ORIENTED_EDGE('',*,*,#10328,.T.);
#7532=ORIENTED_EDGE('',*,*,#10326,.T.);
#7533=ORIENTED_EDGE('',*,*,#10324,.F.);
#7534=ORIENTED_EDGE('',*,*,#10322,.F.);
#7535=CARTESIAN_POINT('',(3.22488309027756,-0.660699329103873,-7.20009772985601));
#7536=DIRECTION('',(0.0,0.0,-1.0));
#7537=DIRECTION('',(0.0,-1.0,0.0));
#7538=ORIENTED_EDGE('',*,*,#8901,.F.);
#7539=ORIENTED_EDGE('',*,*,#8848,.F.);
#7540=ORIENTED_EDGE('',*,*,#10329,.F.);
#7541=ORIENTED_EDGE('',*,*,#10065,.F.);
#7542=ORIENTED_EDGE('',*,*,#10330,.F.);
#7543=CARTESIAN_POINT('',(-2.86011616430444,-0.000699309112485496,-6.199999999998));
#7544=DIRECTION('',(0.0,1.0,-0.0));
#7545=DIRECTION('',(-1.0,0.0,0.0));
#7546=ORIENTED_EDGE('',*,*,#8902,.F.);
#7547=ORIENTED_EDGE('',*,*,#10330,.T.);
#7548=ORIENTED_EDGE('',*,*,#10064,.T.);
#7549=ORIENTED_EDGE('',*,*,#10331,.F.);
#7550=CARTESIAN_POINT('',(-2.56011616430444,1.27930069088773,-6.724999999998));
#7551=DIRECTION('',(1.0,0.0,0.0));
#7552=DIRECTION('',(0.0,1.0,0.0));
#7553=ORIENTED_EDGE('',*,*,#10086,.F.);
#7554=ORIENTED_EDGE('',*,*,#8903,.T.);
#7555=ORIENTED_EDGE('',*,*,#10331,.T.);
#7556=ORIENTED_EDGE('',*,*,#10063,.F.);
#7557=CARTESIAN_POINT('',(-2.41011616430444,-7.22984019038527,-5.64999999999801));
#7558=DIRECTION('',(-0.0,-1.0,0.0));
#7559=DIRECTION('',(-1.0,0.0,0.0));
#7560=ORIENTED_EDGE('',*,*,#10332,.T.);
#7561=ORIENTED_EDGE('',*,*,#10066,.T.);
#7562=ORIENTED_EDGE('',*,*,#10329,.T.);
#7563=ORIENTED_EDGE('',*,*,#8847,.F.);
#7564=ORIENTED_EDGE('',*,*,#8755,.F.);
#7565=ORIENTED_EDGE('',*,*,#8917,.F.);
#7566=ORIENTED_EDGE('',*,*,#10333,.T.);
#7567=ORIENTED_EDGE('',*,*,#10334,.T.);
#7568=ORIENTED_EDGE('',*,*,#10335,.T.);
#7569=ORIENTED_EDGE('',*,*,#10336,.F.);
#7570=ORIENTED_EDGE('',*,*,#10337,.F.);
#7571=ORIENTED_EDGE('',*,*,#10338,.F.);
#7572=ORIENTED_EDGE('',*,*,#10339,.T.);
#7573=ORIENTED_EDGE('',*,*,#10340,.T.);
#7574=ORIENTED_EDGE('',*,*,#10341,.T.);
#7575=ORIENTED_EDGE('',*,*,#9978,.T.);
#7576=CARTESIAN_POINT('',(-0.000116164307498491,0.604300690887527,-6.499999999998));
#7577=DIRECTION('',(0.0,0.0,-1.0));
#7578=DIRECTION('',(0.0,-1.0,0.0));
#7579=ORIENTED_EDGE('',*,*,#10341,.F.);
#7580=ORIENTED_EDGE('',*,*,#10342,.T.);
#7581=ORIENTED_EDGE('',*,*,#10343,.F.);
#7582=ORIENTED_EDGE('',*,*,#10043,.F.);
#7583=ORIENTED_EDGE('',*,*,#9979,.F.);
#7584=CARTESIAN_POINT('',(-4.62011616430444,-0.130699309112472,-14.973399999998));
#7585=DIRECTION('',(0.0,-0.0,-1.0));
#7586=DIRECTION('',(0.0,-1.0,0.0));
#7587=ORIENTED_EDGE('',*,*,#10344,.T.);
#7588=ORIENTED_EDGE('',*,*,#10345,.T.);
#7589=ORIENTED_EDGE('',*,*,#10346,.T.);
#7590=ORIENTED_EDGE('',*,*,#10347,.T.);
#7591=ORIENTED_EDGE('',*,*,#10348,.T.);
#7592=ORIENTED_EDGE('',*,*,#10349,.T.);
#7593=ORIENTED_EDGE('',*,*,#10350,.T.);
#7594=ORIENTED_EDGE('',*,*,#10049,.T.);
#7595=ORIENTED_EDGE('',*,*,#10047,.T.);
#7596=ORIENTED_EDGE('',*,*,#10040,.T.);
#7597=CARTESIAN_POINT('',(-4.32011616430444,-1.34069930911227,-5.699999999998));
#7598=DIRECTION('',(0.0,0.0,-1.0));
#7599=DIRECTION('',(0.0,-1.0,0.0));
#7600=ORIENTED_EDGE('',*,*,#10351,.T.);
#7601=ORIENTED_EDGE('',*,*,#10352,.F.);
#7602=ORIENTED_EDGE('',*,*,#10353,.T.);
#7603=ORIENTED_EDGE('',*,*,#10354,.F.);
#7604=ORIENTED_EDGE('',*,*,#10355,.T.);
#7605=ORIENTED_EDGE('',*,*,#10356,.T.);
#7606=ORIENTED_EDGE('',*,*,#10357,.T.);
#7607=ORIENTED_EDGE('',*,*,#10044,.T.);
#7608=ORIENTED_EDGE('',*,*,#10343,.T.);
#7609=ORIENTED_EDGE('',*,*,#10358,.T.);
#7610=CARTESIAN_POINT('',(-4.32011616430444,-1.34069930911227,-5.699999999998));
#7611=DIRECTION('',(0.0,0.0,-1.0));
#7612=DIRECTION('',(0.0,-1.0,0.0));
#7613=ORIENTED_EDGE('',*,*,#10359,.F.);
#7614=ORIENTED_EDGE('',*,*,#10052,.F.);
#7615=ORIENTED_EDGE('',*,*,#10050,.T.);
#7616=ORIENTED_EDGE('',*,*,#10350,.F.);
#7617=CARTESIAN_POINT('',(5.41988383569556,-0.630699309112473,-14.973399999998));
#7618=DIRECTION('',(0.0,0.0,-1.0));
#7619=DIRECTION('',(1.0,0.0,0.0));
#7620=ORIENTED_EDGE('',*,*,#10053,.F.);
#7621=ORIENTED_EDGE('',*,*,#10359,.T.);
#7622=ORIENTED_EDGE('',*,*,#10349,.F.);
#7623=ORIENTED_EDGE('',*,*,#10360,.T.);
#7624=ORIENTED_EDGE('',*,*,#10361,.T.);
#7625=ORIENTED_EDGE('',*,*,#10362,.T.);
#7626=CARTESIAN_POINT('',(5.76988383569556,-0.680699309112473,-2.49999999999801));
#7627=DIRECTION('',(1.0,0.0,0.0));
#7628=DIRECTION('',(0.0,1.0,0.0));
#7629=ORIENTED_EDGE('',*,*,#10054,.F.);
#7630=ORIENTED_EDGE('',*,*,#10362,.F.);
#7631=ORIENTED_EDGE('',*,*,#10363,.T.);
#7632=ORIENTED_EDGE('',*,*,#10364,.F.);
#7633=CARTESIAN_POINT('',(20.8134278356956,-1.43069930911227,-6.299999999998));
#7634=DIRECTION('',(1.0,-0.0,0.0));
#7635=DIRECTION('',(0.0,0.0,-1.0));
#7636=ORIENTED_EDGE('',*,*,#10365,.T.);
#7637=ORIENTED_EDGE('',*,*,#10366,.T.);
#7638=ORIENTED_EDGE('',*,*,#10347,.F.);
#7639=ORIENTED_EDGE('',*,*,#10367,.F.);
#7640=ORIENTED_EDGE('',*,*,#10055,.F.);
#7641=ORIENTED_EDGE('',*,*,#10364,.T.);
#7642=CARTESIAN_POINT('',(5.46988383569556,-1.83069930911227,-2.49999999999801));
#7643=DIRECTION('',(-1.0,0.0,0.0));
#7644=DIRECTION('',(0.0,0.0,1.0));
#7645=ORIENTED_EDGE('',*,*,#10346,.F.);
#7646=ORIENTED_EDGE('',*,*,#10368,.F.);
#7647=ORIENTED_EDGE('',*,*,#10056,.F.);
#7648=ORIENTED_EDGE('',*,*,#10367,.T.);
#7649=CARTESIAN_POINT('',(5.41988383569556,-0.630699309112473,-14.973399999998));
#7650=DIRECTION('',(0.0,0.0,-1.0));
#7651=DIRECTION('',(1.0,0.0,0.0));
#7652=ORIENTED_EDGE('',*,*,#10057,.F.);
#7653=ORIENTED_EDGE('',*,*,#10368,.T.);
#7654=ORIENTED_EDGE('',*,*,#10345,.F.);
#7655=ORIENTED_EDGE('',*,*,#10369,.T.);
#7656=CARTESIAN_POINT('',(4.89542407097956,-0.580699309112473,-6.499999999998));
#7657=DIRECTION('',(0.0,-1.0,0.0));
#7658=DIRECTION('',(0.0,0.0,-1.0));
#7659=ORIENTED_EDGE('',*,*,#10369,.F.);
#7660=ORIENTED_EDGE('',*,*,#10344,.F.);
#7661=ORIENTED_EDGE('',*,*,#10039,.F.);
#7662=ORIENTED_EDGE('',*,*,#8830,.T.);
#7663=ORIENTED_EDGE('',*,*,#8927,.F.);
#7664=ORIENTED_EDGE('',*,*,#10058,.F.);
#7665=CARTESIAN_POINT('',(4.61988383569556,-0.130699309112472,8.4734));
#7666=DIRECTION('',(-0.0,0.0,1.0));
#7667=DIRECTION('',(0.0,-1.0,0.0));
#7668=ORIENTED_EDGE('',*,*,#10348,.F.);
#7669=ORIENTED_EDGE('',*,*,#10366,.F.);
#7670=ORIENTED_EDGE('',*,*,#10370,.T.);
#7671=ORIENTED_EDGE('',*,*,#10360,.F.);
#7672=CARTESIAN_POINT('',(-17.7309412466444,-1.43069930911227,-5.899999999998));
#7673=DIRECTION('',(-1.0,0.0,0.0));
#7674=DIRECTION('',(0.0,0.0,1.0));
#7675=ORIENTED_EDGE('',*,*,#10361,.F.);
#7676=ORIENTED_EDGE('',*,*,#10370,.F.);
#7677=ORIENTED_EDGE('',*,*,#10365,.F.);
#7678=ORIENTED_EDGE('',*,*,#10363,.F.);
#7679=CARTESIAN_POINT('',(5.76988383569556,-1.63069930911228,-2.49999999999801));
#7680=DIRECTION('',(0.0,-1.0,0.0));
#7681=DIRECTION('',(0.0,0.0,-1.0));
#7682=ORIENTED_EDGE('',*,*,#10340,.F.);
#7683=ORIENTED_EDGE('',*,*,#10371,.T.);
#7684=ORIENTED_EDGE('',*,*,#10358,.F.);
#7685=ORIENTED_EDGE('',*,*,#10342,.F.);
#7686=CARTESIAN_POINT('',(4.14691048109256,-0.280699309112472,-6.499999999998));
#7687=DIRECTION('',(-0.0,1.0,0.0));
#7688=DIRECTION('',(1.0,0.0,0.0));
#7689=ORIENTED_EDGE('',*,*,#10371,.F.);
#7690=ORIENTED_EDGE('',*,*,#10339,.F.);
#7691=ORIENTED_EDGE('',*,*,#10372,.T.);
#7692=ORIENTED_EDGE('',*,*,#10351,.F.);
#7693=CARTESIAN_POINT('',(-5.42011616430444,-0.630699309112473,-14.973399999998));
#7694=DIRECTION('',(0.0,0.0,-1.0));
#7695=DIRECTION('',(0.0,1.0,0.0));
#7696=ORIENTED_EDGE('',*,*,#10373,.F.);
#7697=ORIENTED_EDGE('',*,*,#10374,.T.);
#7698=ORIENTED_EDGE('',*,*,#10352,.T.);
#7699=ORIENTED_EDGE('',*,*,#10372,.F.);
#7700=ORIENTED_EDGE('',*,*,#10338,.T.);
#7701=ORIENTED_EDGE('',*,*,#10375,.T.);
#7702=CARTESIAN_POINT('',(-5.77011616430444,-1.83069930911227,-2.49999999999801));
#7703=DIRECTION('',(-1.0,0.0,0.0));
#7704=DIRECTION('',(0.0,0.0,1.0));
#7705=ORIENTED_EDGE('',*,*,#10376,.F.);
#7706=ORIENTED_EDGE('',*,*,#10375,.F.);
#7707=ORIENTED_EDGE('',*,*,#10337,.T.);
#7708=ORIENTED_EDGE('',*,*,#10377,.F.);
#7709=CARTESIAN_POINT('',(20.8134278356956,-1.43069930911227,-6.299999999998));
#7710=DIRECTION('',(1.0,-0.0,0.0));
#7711=DIRECTION('',(0.0,0.0,-1.0));
#7712=ORIENTED_EDGE('',*,*,#10336,.T.);
#7713=ORIENTED_EDGE('',*,*,#10378,.T.);
#7714=ORIENTED_EDGE('',*,*,#10354,.T.);
#7715=ORIENTED_EDGE('',*,*,#10379,.T.);
#7716=ORIENTED_EDGE('',*,*,#10380,.F.);
#7717=ORIENTED_EDGE('',*,*,#10377,.T.);
#7718=CARTESIAN_POINT('',(-5.47011616430444,-0.980699309112473,-2.49999999999801));
#7719=DIRECTION('',(1.0,0.0,0.0));
#7720=DIRECTION('',(0.0,1.0,0.0));
#7721=ORIENTED_EDGE('',*,*,#10380,.T.);
#7722=ORIENTED_EDGE('',*,*,#10381,.F.);
#7723=ORIENTED_EDGE('',*,*,#10373,.T.);
#7724=ORIENTED_EDGE('',*,*,#10376,.T.);
#7725=CARTESIAN_POINT('',(5.76988383569556,-1.63069930911228,-2.49999999999801));
#7726=DIRECTION('',(0.0,-1.0,0.0));
#7727=DIRECTION('',(0.0,0.0,-1.0));
#7728=ORIENTED_EDGE('',*,*,#10353,.F.);
#7729=ORIENTED_EDGE('',*,*,#10374,.F.);
#7730=ORIENTED_EDGE('',*,*,#10381,.T.);
#7731=ORIENTED_EDGE('',*,*,#10379,.F.);
#7732=CARTESIAN_POINT('',(-17.7309412466444,-1.43069930911227,-5.899999999998));
#7733=DIRECTION('',(-1.0,0.0,0.0));
#7734=DIRECTION('',(0.0,0.0,1.0));
#7735=ORIENTED_EDGE('',*,*,#10355,.F.);
#7736=ORIENTED_EDGE('',*,*,#10378,.F.);
#7737=ORIENTED_EDGE('',*,*,#10335,.F.);
#7738=ORIENTED_EDGE('',*,*,#10382,.T.);
#7739=CARTESIAN_POINT('',(-5.42011616430444,-0.630699309112473,-14.973399999998));
#7740=DIRECTION('',(0.0,0.0,-1.0));
#7741=DIRECTION('',(0.0,1.0,0.0));
#7742=ORIENTED_EDGE('',*,*,#10356,.F.);
#7743=ORIENTED_EDGE('',*,*,#10382,.F.);
#7744=ORIENTED_EDGE('',*,*,#10334,.F.);
#7745=ORIENTED_EDGE('',*,*,#10383,.F.);
#7746=CARTESIAN_POINT('',(4.89542407097956,-0.580699309112473,-6.499999999998));
#7747=DIRECTION('',(0.0,-1.0,0.0));
#7748=DIRECTION('',(0.0,0.0,-1.0));
#7749=ORIENTED_EDGE('',*,*,#9846,.F.);
#7750=ORIENTED_EDGE('',*,*,#10045,.F.);
#7751=ORIENTED_EDGE('',*,*,#10357,.F.);
#7752=ORIENTED_EDGE('',*,*,#10383,.T.);
#7753=ORIENTED_EDGE('',*,*,#10333,.F.);
#7754=ORIENTED_EDGE('',*,*,#8916,.F.);
#7755=CARTESIAN_POINT('',(-4.62011616430444,-0.130699309112472,8.4734));
#7756=DIRECTION('',(-0.0,0.0,1.0));
#7757=DIRECTION('',(1.0,0.0,0.0));
#7758=ORIENTED_EDGE('',*,*,#9814,.F.);
#7759=ORIENTED_EDGE('',*,*,#10067,.T.);
#7760=ORIENTED_EDGE('',*,*,#10332,.F.);
#7761=ORIENTED_EDGE('',*,*,#9977,.T.);
#7762=CARTESIAN_POINT('',(-3.19011616430444,0.299300690887528,-1.499999999998));
#7763=DIRECTION('',(0.0,0.0,-1.0));
#7764=DIRECTION('',(1.0,0.0,0.0));
#7765=ORIENTED_EDGE('',*,*,#10384,.F.);
#7766=ORIENTED_EDGE('',*,*,#8796,.F.);
#7767=ORIENTED_EDGE('',*,*,#10103,.F.);
#7768=ORIENTED_EDGE('',*,*,#9820,.T.);
#7769=CARTESIAN_POINT('',(-4.24511616430444,-0.000699309112524496,-0.150000000000004));
#7770=DIRECTION('',(0.894427190999896,0.0,0.447213595499998));
#7771=DIRECTION('',(0.0,-1.0,0.0));
#7772=ORIENTED_EDGE('',*,*,#10385,.T.);
#7773=ORIENTED_EDGE('',*,*,#10386,.T.);
#7774=ORIENTED_EDGE('',*,*,#10384,.T.);
#7775=ORIENTED_EDGE('',*,*,#9819,.F.);
#7776=CARTESIAN_POINT('',(-3.19011616430468,-0.300699309112507,-0.150000727081505));
#7777=DIRECTION('',(6.43434950740347E-07,6.43434950819977E-07,0.999999999999586));
#7778=DIRECTION('',(0.999999999999793,-2.07001082890124E-13,-6.43434950740347E-07));
#7779=ORIENTED_EDGE('',*,*,#8797,.T.);
#7780=ORIENTED_EDGE('',*,*,#10386,.F.);
#7781=ORIENTED_EDGE('',*,*,#9024,.T.);
#7782=ORIENTED_EDGE('',*,*,#9834,.T.);
#7783=CARTESIAN_POINT('',(-3.19011616430444,-0.300699309112272,-0.100000000000005));
#7784=DIRECTION('',(0.0,0.0,1.0));
#7785=DIRECTION('',(-1.0,0.0,0.0));
#7786=ORIENTED_EDGE('',*,*,#10385,.F.);
#7787=ORIENTED_EDGE('',*,*,#9818,.T.);
#7788=ORIENTED_EDGE('',*,*,#10387,.T.);
#7789=ORIENTED_EDGE('',*,*,#9025,.F.);
#7790=CARTESIAN_POINT('',(1.47238383570056,-1.35569930911227,-0.150000000000004));
#7791=DIRECTION('',(0.0,0.894427190999896,0.447213595499998));
#7792=DIRECTION('',(1.0,0.0,-0.0));
#7793=ORIENTED_EDGE('',*,*,#9800,.F.);
#7794=ORIENTED_EDGE('',*,*,#10388,.F.);
#7795=ORIENTED_EDGE('',*,*,#9026,.F.);
#7796=ORIENTED_EDGE('',*,*,#10387,.F.);
#7797=ORIENTED_EDGE('',*,*,#9817,.F.);
#7798=CARTESIAN_POINT('',(-0.255116164295039,-1.43069930911227,-0.491748818130005));
#7799=DIRECTION('',(1.0,0.0,0.0));
#7800=DIRECTION('',(0.0,1.0,0.0));
#7801=ORIENTED_EDGE('',*,*,#10388,.T.);
#7802=ORIENTED_EDGE('',*,*,#9799,.F.);
#7803=ORIENTED_EDGE('',*,*,#10389,.T.);
#7804=ORIENTED_EDGE('',*,*,#9027,.T.);
#7805=CARTESIAN_POINT('',(-0.0951161642950096,-1.27219306822927,-0.983497636258004));
#7806=DIRECTION('',(0.0,1.0,-0.0));
#7807=DIRECTION('',(-1.0,0.0,0.0));
#7808=ORIENTED_EDGE('',*,*,#9028,.T.);
#7809=ORIENTED_EDGE('',*,*,#10389,.F.);
#7810=ORIENTED_EDGE('',*,*,#9798,.F.);
#7811=ORIENTED_EDGE('',*,*,#10390,.T.);
#7812=CARTESIAN_POINT('',(0.152383835705161,-1.43069930911227,-1.025355530775));
#7813=DIRECTION('',(-0.500000000000983,0.0,0.866025403783871));
#7814=DIRECTION('',(0.0,1.0,0.0));
#7815=ORIENTED_EDGE('',*,*,#10390,.F.);
#7816=ORIENTED_EDGE('',*,*,#9797,.F.);
#7817=ORIENTED_EDGE('',*,*,#10391,.F.);
#7818=ORIENTED_EDGE('',*,*,#9029,.T.);
#7819=CARTESIAN_POINT('',(0.394883835704761,-1.58920554999528,-1.058553171253));
#7820=DIRECTION('',(-0.0,-1.0,0.0));
#7821=DIRECTION('',(-0.499999999999513,0.0,0.86602540378472));
#7822=ORIENTED_EDGE('',*,*,#9030,.F.);
#7823=ORIENTED_EDGE('',*,*,#10391,.T.);
#7824=ORIENTED_EDGE('',*,*,#9796,.F.);
#7825=ORIENTED_EDGE('',*,*,#10392,.T.);
#7826=CARTESIAN_POINT('',(0.54488383570506,-1.43069930911227,-3.48083302489101));
#7827=DIRECTION('',(1.0,0.0,0.0));
#7828=DIRECTION('',(0.0,1.0,0.0));
#7829=ORIENTED_EDGE('',*,*,#10393,.F.);
#7830=ORIENTED_EDGE('',*,*,#9031,.T.);
#7831=ORIENTED_EDGE('',*,*,#10392,.F.);
#7832=ORIENTED_EDGE('',*,*,#9795,.F.);
#7833=CARTESIAN_POINT('',(0.394883835704761,-1.58920554999528,-1.92576260933901));
#7834=DIRECTION('',(0.0,-1.0,0.0));
#7835=DIRECTION('',(1.0,0.0,0.0));
#7836=ORIENTED_EDGE('',*,*,#9032,.T.);
#7837=ORIENTED_EDGE('',*,*,#10393,.T.);
#7838=ORIENTED_EDGE('',*,*,#9794,.F.);
#7839=ORIENTED_EDGE('',*,*,#10394,.F.);
#7840=CARTESIAN_POINT('',(0.15238383570476,-1.43069930911227,-1.958960249818));
#7841=DIRECTION('',(0.500000000000478,0.0,0.866025403784163));
#7842=DIRECTION('',(0.0,-1.0,0.0));
#7843=ORIENTED_EDGE('',*,*,#9793,.F.);
#7844=ORIENTED_EDGE('',*,*,#10395,.T.);
#7845=ORIENTED_EDGE('',*,*,#9033,.T.);
#7846=ORIENTED_EDGE('',*,*,#10394,.T.);
#7847=CARTESIAN_POINT('',(-0.0951161642950096,-1.58920554999528,-2.000818144334));
#7848=DIRECTION('',(-0.0,-1.0,0.0));
#7849=DIRECTION('',(-1.0,0.0,0.0));
#7850=ORIENTED_EDGE('',*,*,#9034,.F.);
#7851=ORIENTED_EDGE('',*,*,#10395,.F.);
#7852=ORIENTED_EDGE('',*,*,#9792,.F.);
#7853=ORIENTED_EDGE('',*,*,#10396,.F.);
#7854=CARTESIAN_POINT('',(-0.255116164295039,-1.43069930911227,-0.491748818130005));
#7855=DIRECTION('',(1.0,0.0,0.0));
#7856=DIRECTION('',(0.0,1.0,0.0));
#7857=ORIENTED_EDGE('',*,*,#9791,.F.);
#7858=ORIENTED_EDGE('',*,*,#10397,.T.);
#7859=ORIENTED_EDGE('',*,*,#9035,.T.);
#7860=ORIENTED_EDGE('',*,*,#10396,.T.);
#7861=CARTESIAN_POINT('',(-0.0951161642950096,-1.58920554999528,-2.94330525739401));
#7862=DIRECTION('',(0.0,-1.0,0.0));
#7863=DIRECTION('',(0.5000000000018,0.0,-0.866025403783399));
#7864=ORIENTED_EDGE('',*,*,#9790,.F.);
#7865=ORIENTED_EDGE('',*,*,#10398,.T.);
#7866=ORIENTED_EDGE('',*,*,#9036,.T.);
#7867=ORIENTED_EDGE('',*,*,#10397,.F.);
#7868=CARTESIAN_POINT('',(0.152383835705461,-1.43069930911227,-2.98516315191101));
#7869=DIRECTION('',(-0.500000000000715,0.0,0.866025403784026));
#7870=DIRECTION('',(0.0,1.0,0.0));
#7871=ORIENTED_EDGE('',*,*,#10399,.F.);
#7872=ORIENTED_EDGE('',*,*,#9037,.T.);
#7873=ORIENTED_EDGE('',*,*,#10398,.F.);
#7874=ORIENTED_EDGE('',*,*,#9789,.F.);
#7875=CARTESIAN_POINT('',(0.39488383570506,-1.58920554999528,-3.018360792389));
#7876=DIRECTION('',(-0.0,-1.0,0.0));
#7877=DIRECTION('',(-0.49999999999951,0.0,0.866025403784721));
#7878=ORIENTED_EDGE('',*,*,#9788,.F.);
#7879=ORIENTED_EDGE('',*,*,#10400,.T.);
#7880=ORIENTED_EDGE('',*,*,#9038,.F.);
#7881=ORIENTED_EDGE('',*,*,#10399,.T.);
#7882=CARTESIAN_POINT('',(0.54488383570506,-1.43069930911227,-3.48083302489101));
#7883=DIRECTION('',(1.0,0.0,0.0));
#7884=DIRECTION('',(0.0,1.0,0.0));
#7885=ORIENTED_EDGE('',*,*,#10401,.F.);
#7886=ORIENTED_EDGE('',*,*,#9039,.T.);
#7887=ORIENTED_EDGE('',*,*,#10400,.F.);
#7888=ORIENTED_EDGE('',*,*,#9787,.F.);
#7889=CARTESIAN_POINT('',(0.39488383570506,-1.27219306822927,-3.943305257393));
#7890=DIRECTION('',(0.0,1.0,0.0));
#7891=DIRECTION('',(-0.499999999999392,0.0,-0.86602540378479));
#7892=ORIENTED_EDGE('',*,*,#9786,.F.);
#7893=ORIENTED_EDGE('',*,*,#10402,.F.);
#7894=ORIENTED_EDGE('',*,*,#9040,.T.);
#7895=ORIENTED_EDGE('',*,*,#10401,.T.);
#7896=CARTESIAN_POINT('',(0.15238383570496,-1.43069930911227,-3.976502897872));
#7897=DIRECTION('',(0.499999999999512,0.0,0.86602540378472));
#7898=DIRECTION('',(0.0,-1.0,0.0));
#7899=ORIENTED_EDGE('',*,*,#9041,.T.);
#7900=ORIENTED_EDGE('',*,*,#10402,.T.);
#7901=ORIENTED_EDGE('',*,*,#9785,.F.);
#7902=ORIENTED_EDGE('',*,*,#10403,.T.);
#7903=CARTESIAN_POINT('',(-0.0951161642950096,-1.58920554999528,-4.018360792388));
#7904=DIRECTION('',(-0.0,-1.0,0.0));
#7905=DIRECTION('',(-1.0,0.0,0.0));
#7906=ORIENTED_EDGE('',*,*,#9769,.T.);
#7907=ORIENTED_EDGE('',*,*,#8950,.T.);
#7908=ORIENTED_EDGE('',*,*,#9011,.F.);
#7909=ORIENTED_EDGE('',*,*,#10403,.F.);
#7910=ORIENTED_EDGE('',*,*,#9784,.F.);
#7911=ORIENTED_EDGE('',*,*,#9137,.T.);
#7912=CARTESIAN_POINT('',(-0.255116164295039,-1.43069930911227,-0.491748818130005));
#7913=DIRECTION('',(1.0,0.0,0.0));
#7914=DIRECTION('',(0.0,1.0,0.0));
#7915=ORIENTED_EDGE('',*,*,#10404,.T.);
#7916=ORIENTED_EDGE('',*,*,#9770,.T.);
#7917=ORIENTED_EDGE('',*,*,#9135,.T.);
#7918=ORIENTED_EDGE('',*,*,#9783,.F.);
#7919=CARTESIAN_POINT('',(-0.30511616429504,-1.58920554999528,-5.23284271247301));
#7920=DIRECTION('',(-0.0,-1.0,0.0));
#7921=DIRECTION('',(-1.0,0.0,0.0));
#7922=ORIENTED_EDGE('',*,*,#9771,.F.);
#7923=ORIENTED_EDGE('',*,*,#10404,.F.);
#7924=ORIENTED_EDGE('',*,*,#9782,.F.);
#7925=ORIENTED_EDGE('',*,*,#10405,.T.);
#7926=CARTESIAN_POINT('',(-0.45511616429504,-1.43069930911227,-5.441421356236));
#7927=DIRECTION('',(1.0,0.0,0.0));
#7928=DIRECTION('',(0.0,1.0,0.0));
#7929=ORIENTED_EDGE('',*,*,#10406,.F.);
#7930=ORIENTED_EDGE('',*,*,#9142,.F.);
#7931=ORIENTED_EDGE('',*,*,#9772,.T.);
#7932=ORIENTED_EDGE('',*,*,#10405,.F.);
#7933=ORIENTED_EDGE('',*,*,#9781,.F.);
#7934=CARTESIAN_POINT('',(-0.60511616429504,-1.27219306822927,-5.64999999999801));
#7935=DIRECTION('',(0.0,1.0,0.0));
#7936=DIRECTION('',(0.0,0.0,-1.0));
#7937=ORIENTED_EDGE('',*,*,#10407,.F.);
#7938=ORIENTED_EDGE('',*,*,#9143,.F.);
#7939=ORIENTED_EDGE('',*,*,#10406,.T.);
#7940=ORIENTED_EDGE('',*,*,#9780,.F.);
#7941=CARTESIAN_POINT('',(-2.47511616430444,1.25430069088773,-5.79999999999801));
#7942=DIRECTION('',(0.0,0.0,1.0));
#7943=DIRECTION('',(1.0,0.0,0.0));
#7944=ORIENTED_EDGE('',*,*,#9779,.F.);
#7945=ORIENTED_EDGE('',*,*,#9084,.T.);
#7946=ORIENTED_EDGE('',*,*,#9144,.T.);
#7947=ORIENTED_EDGE('',*,*,#10407,.T.);
#7948=CARTESIAN_POINT('',(-2.04798412994844,-0.000699309112485496,-5.64999999999801));
#7949=DIRECTION('',(0.0,1.0,-0.0));
#7950=DIRECTION('',(-1.0,0.0,0.0));
#7951=ORIENTED_EDGE('',*,*,#9831,.F.);
#7952=ORIENTED_EDGE('',*,*,#9824,.F.);
#7953=ORIENTED_EDGE('',*,*,#10100,.F.);
#7954=ORIENTED_EDGE('',*,*,#8826,.T.);
#7955=CARTESIAN_POINT('',(4.24488383569556,-0.000699309112443496,-0.150000000000004));
#7956=DIRECTION('',(-0.894427190999896,0.0,0.447213595499998));
#7957=DIRECTION('',(0.0,1.0,0.0));
#7958=ORIENTED_EDGE('',*,*,#10038,.F.);
#7959=ORIENTED_EDGE('',*,*,#9866,.F.);
#7960=ORIENTED_EDGE('',*,*,#9864,.T.);
#7961=ORIENTED_EDGE('',*,*,#8833,.T.);
#7962=ORIENTED_EDGE('',*,*,#8832,.F.);
#7963=CARTESIAN_POINT('',(-4.47011616430444,-0.0806993091124825,-5.319999999998));
#7964=DIRECTION('',(0.0,-1.0,0.0));
#7965=DIRECTION('',(0.0,0.0,-1.0));
#7966=ORIENTED_EDGE('',*,*,#10035,.T.);
#7967=ORIENTED_EDGE('',*,*,#9981,.F.);
#7968=ORIENTED_EDGE('',*,*,#10042,.F.);
#7969=ORIENTED_EDGE('',*,*,#8983,.T.);
#7970=CARTESIAN_POINT('',(-4.47011616430444,-0.0806993091124825,-5.319999999998));
#7971=DIRECTION('',(0.0,-1.0,0.0));
#7972=DIRECTION('',(0.0,0.0,-1.0));
#7973=ORIENTED_EDGE('',*,*,#9802,.T.);
#7974=ORIENTED_EDGE('',*,*,#9816,.F.);
#7975=ORIENTED_EDGE('',*,*,#9985,.T.);
#7976=ORIENTED_EDGE('',*,*,#9836,.T.);
#7977=CARTESIAN_POINT('',(-3.19011616430444,-0.300699309112472,-4.44999999999801));
#7978=DIRECTION('',(0.0,0.0,1.0));
#7979=DIRECTION('',(-1.0,0.0,0.0));
#7980=ORIENTED_EDGE('',*,*,#9871,.T.);
#7981=ORIENTED_EDGE('',*,*,#9810,.F.);
#7982=ORIENTED_EDGE('',*,*,#9730,.T.);
#7983=ORIENTED_EDGE('',*,*,#9840,.T.);
#7984=CARTESIAN_POINT('',(3.18988383569556,-0.300699309112472,-4.599999999998));
#7985=DIRECTION('',(0.0,0.0,-1.0));
#7986=DIRECTION('',(1.0,0.0,0.0));
#7987=ORIENTED_EDGE('',*,*,#8815,.F.);
#7988=ORIENTED_EDGE('',*,*,#9854,.F.);
#7989=ORIENTED_EDGE('',*,*,#9878,.F.);
#7990=ORIENTED_EDGE('',*,*,#9857,.T.);
#7991=CARTESIAN_POINT('',(20.8134278356956,-0.150699309112473,-2.899999999998));
#7992=DIRECTION('',(1.0,-0.0,0.0));
#7993=DIRECTION('',(0.0,1.0,0.0));
#7994=ORIENTED_EDGE('',*,*,#8962,.F.);
#7995=ORIENTED_EDGE('',*,*,#9042,.T.);
#7996=ORIENTED_EDGE('',*,*,#9851,.T.);
#7997=ORIENTED_EDGE('',*,*,#8813,.T.);
#7998=CARTESIAN_POINT('',(3.18988383569556,-0.300699309112272,-5.599999999998));
#7999=DIRECTION('',(0.0,0.0,-1.0));
#8000=DIRECTION('',(1.0,0.0,0.0));
#8001=ORIENTED_EDGE('',*,*,#9806,.F.);
#8002=ORIENTED_EDGE('',*,*,#10408,.T.);
#8003=ORIENTED_EDGE('',*,*,#9020,.F.);
#8004=ORIENTED_EDGE('',*,*,#9849,.T.);
#8005=CARTESIAN_POINT('',(-2.47011616430444,-0.000699309112485496,-2.749999999998));
#8006=DIRECTION('',(0.0,1.0,-0.0));
#8007=DIRECTION('',(-1.0,0.0,0.0));
#8008=ORIENTED_EDGE('',*,*,#9021,.F.);
#8009=ORIENTED_EDGE('',*,*,#10408,.F.);
#8010=ORIENTED_EDGE('',*,*,#9805,.T.);
#8011=ORIENTED_EDGE('',*,*,#10409,.F.);
#8012=CARTESIAN_POINT('',(-2.17011616430444,-1.28069930911227,-3.44999999999801));
#8013=DIRECTION('',(-1.0,0.0,0.0));
#8014=DIRECTION('',(0.0,0.0,1.0));
#8015=ORIENTED_EDGE('',*,*,#9022,.F.);
#8016=ORIENTED_EDGE('',*,*,#10409,.T.);
#8017=ORIENTED_EDGE('',*,*,#9804,.F.);
#8018=ORIENTED_EDGE('',*,*,#9835,.T.);
#8019=CARTESIAN_POINT('',(-2.47011616430444,-0.000699309112485496,-1.449999999998));
#8020=DIRECTION('',(0.0,1.0,-0.0));
#8021=DIRECTION('',(-1.0,0.0,0.0));
#8022=ORIENTED_EDGE('',*,*,#9726,.F.);
#8023=ORIENTED_EDGE('',*,*,#9852,.T.);
#8024=ORIENTED_EDGE('',*,*,#9071,.F.);
#8025=ORIENTED_EDGE('',*,*,#10410,.T.);
#8026=CARTESIAN_POINT('',(2.46988383569556,-0.000699309112484496,-2.749999999998));
#8027=DIRECTION('',(0.0,-1.0,0.0));
#8028=DIRECTION('',(1.0,0.0,0.0));
#8029=ORIENTED_EDGE('',*,*,#9727,.F.);
#8030=ORIENTED_EDGE('',*,*,#10410,.F.);
#8031=ORIENTED_EDGE('',*,*,#9070,.F.);
#8032=ORIENTED_EDGE('',*,*,#10411,.F.);
#8033=CARTESIAN_POINT('',(2.16988383569556,-1.28069930911227,-1.84999999999801));
#8034=DIRECTION('',(1.0,0.0,0.0));
#8035=DIRECTION('',(0.0,1.0,0.0));
#8036=ORIENTED_EDGE('',*,*,#9069,.F.);
#8037=ORIENTED_EDGE('',*,*,#9841,.T.);
#8038=ORIENTED_EDGE('',*,*,#9728,.F.);
#8039=ORIENTED_EDGE('',*,*,#10411,.T.);
#8040=CARTESIAN_POINT('',(2.46988383569556,-0.000699309112484496,-1.449999999998));
#8041=DIRECTION('',(0.0,-1.0,0.0));
#8042=DIRECTION('',(1.0,0.0,0.0));
#8043=ORIENTED_EDGE('',*,*,#10412,.F.);
#8044=ORIENTED_EDGE('',*,*,#9733,.F.);
#8045=ORIENTED_EDGE('',*,*,#9828,.F.);
#8046=ORIENTED_EDGE('',*,*,#9064,.T.);
#8047=CARTESIAN_POINT('',(-0.0951161642949896,-1.27219306822927,-0.983497636258004));
#8048=DIRECTION('',(0.0,1.0,-0.0));
#8049=DIRECTION('',(-1.0,0.0,0.0));
#8050=ORIENTED_EDGE('',*,*,#9734,.F.);
#8051=ORIENTED_EDGE('',*,*,#10412,.T.);
#8052=ORIENTED_EDGE('',*,*,#9063,.T.);
#8053=ORIENTED_EDGE('',*,*,#10413,.F.);
#8054=CARTESIAN_POINT('',(0.14738383570466,-1.43069930911227,-1.016695276737));
#8055=DIRECTION('',(-0.499999999999082,0.0,0.866025403784969));
#8056=DIRECTION('',(0.0,1.0,0.0));
#8057=ORIENTED_EDGE('',*,*,#9062,.T.);
#8058=ORIENTED_EDGE('',*,*,#10414,.T.);
#8059=ORIENTED_EDGE('',*,*,#9735,.F.);
#8060=ORIENTED_EDGE('',*,*,#10413,.T.);
#8061=CARTESIAN_POINT('',(0.394883835704761,-1.27219306822927,-1.058553171253));
#8062=DIRECTION('',(0.0,1.0,-0.0));
#8063=DIRECTION('',(1.0,0.0,0.0));
#8064=ORIENTED_EDGE('',*,*,#9736,.F.);
#8065=ORIENTED_EDGE('',*,*,#10414,.F.);
#8066=ORIENTED_EDGE('',*,*,#9061,.F.);
#8067=ORIENTED_EDGE('',*,*,#10415,.F.);
#8068=CARTESIAN_POINT('',(0.55488383570506,-1.43069930911227,-3.48949327892901));
#8069=DIRECTION('',(1.0,0.0,0.0));
#8070=DIRECTION('',(0.0,1.0,0.0));
#8071=ORIENTED_EDGE('',*,*,#9737,.F.);
#8072=ORIENTED_EDGE('',*,*,#10415,.T.);
#8073=ORIENTED_EDGE('',*,*,#9060,.T.);
#8074=ORIENTED_EDGE('',*,*,#10416,.T.);
#8075=CARTESIAN_POINT('',(0.394883835704761,-1.27219306822927,-1.92576260933901));
#8076=DIRECTION('',(0.0,1.0,0.0));
#8077=DIRECTION('',(-0.499999999998694,0.0,-0.866025403785193));
#8078=ORIENTED_EDGE('',*,*,#9059,.T.);
#8079=ORIENTED_EDGE('',*,*,#10417,.T.);
#8080=ORIENTED_EDGE('',*,*,#9738,.F.);
#8081=ORIENTED_EDGE('',*,*,#10416,.F.);
#8082=CARTESIAN_POINT('',(0.14738383570546,-1.43069930911227,-1.967620503856));
#8083=DIRECTION('',(0.500000000000983,0.0,0.866025403783871));
#8084=DIRECTION('',(0.0,-1.0,0.0));
#8085=ORIENTED_EDGE('',*,*,#10417,.F.);
#8086=ORIENTED_EDGE('',*,*,#9058,.T.);
#8087=ORIENTED_EDGE('',*,*,#10418,.F.);
#8088=ORIENTED_EDGE('',*,*,#9739,.F.);
#8089=CARTESIAN_POINT('',(-0.0951161642949896,-1.58920554999528,-2.000818144334));
#8090=DIRECTION('',(-0.0,-1.0,0.0));
#8091=DIRECTION('',(-1.0,0.0,0.0));
#8092=ORIENTED_EDGE('',*,*,#9740,.F.);
#8093=ORIENTED_EDGE('',*,*,#10418,.T.);
#8094=ORIENTED_EDGE('',*,*,#9057,.F.);
#8095=ORIENTED_EDGE('',*,*,#10419,.T.);
#8096=CARTESIAN_POINT('',(-0.24511616429504,-1.43069930911227,-0.491748818130005));
#8097=DIRECTION('',(1.0,0.0,0.0));
#8098=DIRECTION('',(0.0,1.0,0.0));
#8099=ORIENTED_EDGE('',*,*,#10419,.F.);
#8100=ORIENTED_EDGE('',*,*,#9056,.T.);
#8101=ORIENTED_EDGE('',*,*,#10420,.F.);
#8102=ORIENTED_EDGE('',*,*,#9741,.F.);
#8103=CARTESIAN_POINT('',(-0.0951161642949896,-1.27219306822927,-2.94330525739401));
#8104=DIRECTION('',(0.0,1.0,-0.0));
#8105=DIRECTION('',(-1.0,0.0,0.0));
#8106=ORIENTED_EDGE('',*,*,#9742,.F.);
#8107=ORIENTED_EDGE('',*,*,#10420,.T.);
#8108=ORIENTED_EDGE('',*,*,#9055,.T.);
#8109=ORIENTED_EDGE('',*,*,#10421,.F.);
#8110=CARTESIAN_POINT('',(0.14738383570466,-1.43069930911227,-2.97650289787201));
#8111=DIRECTION('',(-0.50000000000079,0.0,0.866025403783983));
#8112=DIRECTION('',(0.0,1.0,0.0));
#8113=ORIENTED_EDGE('',*,*,#9054,.T.);
#8114=ORIENTED_EDGE('',*,*,#10422,.T.);
#8115=ORIENTED_EDGE('',*,*,#9743,.F.);
#8116=ORIENTED_EDGE('',*,*,#10421,.T.);
#8117=CARTESIAN_POINT('',(0.39488383570506,-1.58920554999528,-3.018360792389));
#8118=DIRECTION('',(-0.0,-1.0,0.0));
#8119=DIRECTION('',(-0.500000000001798,0.0,0.866025403783401));
#8120=ORIENTED_EDGE('',*,*,#9053,.F.);
#8121=ORIENTED_EDGE('',*,*,#10423,.F.);
#8122=ORIENTED_EDGE('',*,*,#9744,.F.);
#8123=ORIENTED_EDGE('',*,*,#10422,.F.);
#8124=CARTESIAN_POINT('',(0.55488383570506,-1.43069930911227,-3.48949327892901));
#8125=DIRECTION('',(1.0,0.0,0.0));
#8126=DIRECTION('',(0.0,1.0,0.0));
#8127=ORIENTED_EDGE('',*,*,#9052,.T.);
#8128=ORIENTED_EDGE('',*,*,#10424,.T.);
#8129=ORIENTED_EDGE('',*,*,#9745,.F.);
#8130=ORIENTED_EDGE('',*,*,#10423,.T.);
#8131=CARTESIAN_POINT('',(0.404883835705061,-1.27219306822927,-3.960625765469));
#8132=DIRECTION('',(0.0,1.0,0.0));
#8133=DIRECTION('',(-0.499999999999392,0.0,-0.86602540378479));
#8134=ORIENTED_EDGE('',*,*,#9051,.T.);
#8135=ORIENTED_EDGE('',*,*,#10425,.T.);
#8136=ORIENTED_EDGE('',*,*,#9746,.F.);
#8137=ORIENTED_EDGE('',*,*,#10424,.F.);
#8138=CARTESIAN_POINT('',(0.15488383570506,-1.43069930911227,-3.98949327892801));
#8139=DIRECTION('',(0.499999999999705,0.0,0.866025403784609));
#8140=DIRECTION('',(0.0,-1.0,0.0));
#8141=ORIENTED_EDGE('',*,*,#10425,.F.);
#8142=ORIENTED_EDGE('',*,*,#9050,.T.);
#8143=ORIENTED_EDGE('',*,*,#8996,.F.);
#8144=ORIENTED_EDGE('',*,*,#9747,.F.);
#8145=CARTESIAN_POINT('',(-0.0951161642949896,-1.58920554999528,-4.018360792388));
#8146=DIRECTION('',(-0.0,-1.0,0.0));
#8147=DIRECTION('',(-1.0,0.0,0.0));
#8148=ORIENTED_EDGE('',*,*,#9766,.F.);
#8149=ORIENTED_EDGE('',*,*,#9762,.T.);
#8150=ORIENTED_EDGE('',*,*,#9748,.F.);
#8151=ORIENTED_EDGE('',*,*,#9768,.T.);
#8152=CARTESIAN_POINT('',(0.52488383570496,-1.13069930911227,-5.28999999999801));
#8153=DIRECTION('',(0.0,0.0,1.0));
#8154=DIRECTION('',(-1.0,0.0,0.0));
#8155=ORIENTED_EDGE('',*,*,#9724,.F.);
#8156=ORIENTED_EDGE('',*,*,#9761,.T.);
#8157=ORIENTED_EDGE('',*,*,#9128,.T.);
#8158=ORIENTED_EDGE('',*,*,#9074,.T.);
#8159=CARTESIAN_POINT('',(2.04775180133956,-0.000699309112485496,-5.64999999999801));
#8160=DIRECTION('',(0.0,-1.0,0.0));
#8161=DIRECTION('',(1.0,0.0,0.0));
#8162=ORIENTED_EDGE('',*,*,#10426,.F.);
#8163=ORIENTED_EDGE('',*,*,#10427,.T.);
#8164=ORIENTED_EDGE('',*,*,#9271,.F.);
#8165=ORIENTED_EDGE('',*,*,#9397,.T.);
#8166=CARTESIAN_POINT('',(-2.99511616430744,0.329300690887528,-1.319999999998));
#8167=DIRECTION('',(-1.0,0.0,0.0));
#8168=DIRECTION('',(0.0,0.0,1.0));
#8169=ORIENTED_EDGE('',*,*,#9523,.T.);
#8170=ORIENTED_EDGE('',*,*,#10428,.T.);
#8171=ORIENTED_EDGE('',*,*,#9411,.T.);
#8172=ORIENTED_EDGE('',*,*,#9394,.T.);
#8173=CARTESIAN_POINT('',(-2.99511616430744,0.329300690887528,-1.319999999998));
#8174=DIRECTION('',(-1.0,0.0,0.0));
#8175=DIRECTION('',(0.0,0.0,1.0));
#8176=ORIENTED_EDGE('',*,*,#9522,.T.);
#8177=ORIENTED_EDGE('',*,*,#10429,.F.);
#8178=ORIENTED_EDGE('',*,*,#9412,.F.);
#8179=ORIENTED_EDGE('',*,*,#10428,.F.);
#8180=CARTESIAN_POINT('',(-3.19511616430744,2.16862069088773,-1.51999999999801));
#8181=DIRECTION('',(0.0,1.0,-0.0));
#8182=DIRECTION('',(1.0,0.0,0.0));
#8183=ORIENTED_EDGE('',*,*,#10430,.T.);
#8184=ORIENTED_EDGE('',*,*,#10431,.F.);
#8185=ORIENTED_EDGE('',*,*,#9272,.T.);
#8186=ORIENTED_EDGE('',*,*,#10427,.F.);
#8187=CARTESIAN_POINT('',(-3.19511616430744,2.16862069088773,-1.51999999999801));
#8188=DIRECTION('',(0.0,1.0,-0.0));
#8189=DIRECTION('',(1.0,0.0,0.0));
#8190=ORIENTED_EDGE('',*,*,#10432,.F.);
#8191=ORIENTED_EDGE('',*,*,#10433,.T.);
#8192=ORIENTED_EDGE('',*,*,#9273,.F.);
#8193=ORIENTED_EDGE('',*,*,#10431,.T.);
#8194=CARTESIAN_POINT('',(2.99488383569256,0.329300690887528,-1.319999999998));
#8195=DIRECTION('',(0.0,0.0,-1.0));
#8196=DIRECTION('',(0.0,-1.0,0.0));
#8197=ORIENTED_EDGE('',*,*,#9521,.T.);
#8198=ORIENTED_EDGE('',*,*,#10434,.T.);
#8199=ORIENTED_EDGE('',*,*,#9413,.T.);
#8200=ORIENTED_EDGE('',*,*,#10429,.T.);
#8201=CARTESIAN_POINT('',(2.99488383569256,0.329300690887528,-1.319999999998));
#8202=DIRECTION('',(0.0,0.0,-1.0));
#8203=DIRECTION('',(0.0,-1.0,0.0));
#8204=ORIENTED_EDGE('',*,*,#9520,.T.);
#8205=ORIENTED_EDGE('',*,*,#10435,.T.);
#8206=ORIENTED_EDGE('',*,*,#9414,.T.);
#8207=ORIENTED_EDGE('',*,*,#10434,.F.);
#8208=CARTESIAN_POINT('',(-3.24511616430744,0.329300690887528,-0.150000000000004));
#8209=DIRECTION('',(-1.0,0.0,0.0));
#8210=DIRECTION('',(0.0,0.0,1.0));
#8211=ORIENTED_EDGE('',*,*,#10436,.F.);
#8212=ORIENTED_EDGE('',*,*,#10437,.T.);
#8213=ORIENTED_EDGE('',*,*,#9274,.F.);
#8214=ORIENTED_EDGE('',*,*,#10433,.F.);
#8215=CARTESIAN_POINT('',(-3.24511616430744,0.329300690887528,-0.150000000000004));
#8216=DIRECTION('',(-1.0,0.0,0.0));
#8217=DIRECTION('',(0.0,0.0,1.0));
#8218=ORIENTED_EDGE('',*,*,#9519,.F.);
#8219=ORIENTED_EDGE('',*,*,#10438,.T.);
#8220=ORIENTED_EDGE('',*,*,#10439,.T.);
#8221=ORIENTED_EDGE('',*,*,#10440,.T.);
#8222=ORIENTED_EDGE('',*,*,#9275,.T.);
#8223=ORIENTED_EDGE('',*,*,#10437,.F.);
#8224=ORIENTED_EDGE('',*,*,#10441,.F.);
#8225=ORIENTED_EDGE('',*,*,#10442,.T.);
#8226=ORIENTED_EDGE('',*,*,#9415,.T.);
#8227=ORIENTED_EDGE('',*,*,#10435,.F.);
#8228=CARTESIAN_POINT('',(-3.03220024393644,-0.320699309112472,-0.150000000000004));
#8229=DIRECTION('',(-0.961261695938344,0.0,0.275637355816913));
#8230=DIRECTION('',(0.0,1.0,0.0));
#8231=ORIENTED_EDGE('',*,*,#10443,.F.);
#8232=ORIENTED_EDGE('',*,*,#9416,.T.);
#8233=ORIENTED_EDGE('',*,*,#10442,.F.);
#8234=ORIENTED_EDGE('',*,*,#10444,.T.);
#8235=CARTESIAN_POINT('',(-2.61980103370644,-0.0456993091137225,-0.439837054130005));
#8236=DIRECTION('',(0.0,0.0,-1.0));
#8237=DIRECTION('',(0.0,-1.0,0.0));
#8238=ORIENTED_EDGE('',*,*,#10441,.T.);
#8239=ORIENTED_EDGE('',*,*,#10436,.T.);
#8240=ORIENTED_EDGE('',*,*,#10432,.T.);
#8241=ORIENTED_EDGE('',*,*,#10430,.F.);
#8242=ORIENTED_EDGE('',*,*,#10426,.T.);
#8243=ORIENTED_EDGE('',*,*,#9396,.T.);
#8244=ORIENTED_EDGE('',*,*,#10445,.F.);
#8245=ORIENTED_EDGE('',*,*,#8743,.T.);
#8246=ORIENTED_EDGE('',*,*,#10446,.T.);
#8247=ORIENTED_EDGE('',*,*,#10447,.T.);
#8248=ORIENTED_EDGE('',*,*,#10448,.F.);
#8249=ORIENTED_EDGE('',*,*,#10449,.T.);
#8250=ORIENTED_EDGE('',*,*,#10444,.F.);
#8251=CARTESIAN_POINT('',(-0.000105618813489984,0.0793006909276179,-3.59142400124201));
#8252=DIRECTION('',(-0.0,1.0,0.0));
#8253=DIRECTION('',(1.0,0.0,0.0));
#8254=ORIENTED_EDGE('',*,*,#10450,.T.);
#8255=ORIENTED_EDGE('',*,*,#10451,.F.);
#8256=ORIENTED_EDGE('',*,*,#10452,.T.);
#8257=ORIENTED_EDGE('',*,*,#10453,.T.);
#8258=ORIENTED_EDGE('',*,*,#10454,.T.);
#8259=ORIENTED_EDGE('',*,*,#10455,.F.);
#8260=ORIENTED_EDGE('',*,*,#9442,.F.);
#8261=ORIENTED_EDGE('',*,*,#9436,.T.);
#8262=ORIENTED_EDGE('',*,*,#9434,.F.);
#8263=ORIENTED_EDGE('',*,*,#9430,.T.);
#8264=ORIENTED_EDGE('',*,*,#9426,.T.);
#8265=ORIENTED_EDGE('',*,*,#10456,.F.);
#8266=ORIENTED_EDGE('',*,*,#10457,.T.);
#8267=CARTESIAN_POINT('',(-0.000105618813489984,0.0793006909276179,-3.59142400124201));
#8268=DIRECTION('',(-0.0,1.0,0.0));
#8269=DIRECTION('',(1.0,0.0,0.0));
#8270=ORIENTED_EDGE('',*,*,#10458,.F.);
#8271=ORIENTED_EDGE('',*,*,#9417,.F.);
#8272=ORIENTED_EDGE('',*,*,#10443,.T.);
#8273=ORIENTED_EDGE('',*,*,#10449,.F.);
#8274=CARTESIAN_POINT('',(-3.14494524021879,-0.266239309312073,-0.589837054130005));
#8275=DIRECTION('',(-0.0,-1.0,0.0));
#8276=DIRECTION('',(-0.963419049747646,0.0,0.26799950481921));
#8277=ORIENTED_EDGE('',*,*,#10448,.T.);
#8278=ORIENTED_EDGE('',*,*,#10459,.F.);
#8279=ORIENTED_EDGE('',*,*,#9418,.F.);
#8280=ORIENTED_EDGE('',*,*,#10458,.T.);
#8281=CARTESIAN_POINT('',(-3.25905823629044,-0.0706993093114125,-0.440354069870004));
#8282=DIRECTION('',(-0.963419049747646,1.10290913755305E-12,0.267999504819213));
#8283=DIRECTION('',(1.1447865161499E-12,1.0,-5.54209986400662E-29));
#8284=ORIENTED_EDGE('',*,*,#10460,.F.);
#8285=ORIENTED_EDGE('',*,*,#9419,.F.);
#8286=ORIENTED_EDGE('',*,*,#10459,.T.);
#8287=ORIENTED_EDGE('',*,*,#10447,.F.);
#8288=CARTESIAN_POINT('',(-3.19511616430744,-0.266239309312772,-0.770194193383134));
#8289=DIRECTION('',(-0.0,-1.0,0.0));
#8290=DIRECTION('',(-1.0,0.0,0.0));
#8291=ORIENTED_EDGE('',*,*,#10446,.F.);
#8292=ORIENTED_EDGE('',*,*,#8742,.T.);
#8293=ORIENTED_EDGE('',*,*,#9420,.F.);
#8294=ORIENTED_EDGE('',*,*,#10460,.T.);
#8295=CARTESIAN_POINT('',(-3.34511616430744,0.604300690887527,-2.899999999998));
#8296=DIRECTION('',(-1.0,0.0,0.0));
#8297=DIRECTION('',(0.0,0.0,1.0));
#8298=ORIENTED_EDGE('',*,*,#9421,.T.);
#8299=ORIENTED_EDGE('',*,*,#8740,.T.);
#8300=ORIENTED_EDGE('',*,*,#10445,.T.);
#8301=ORIENTED_EDGE('',*,*,#9383,.F.);
#8302=CARTESIAN_POINT('',(-3.09510561881044,0.00430069087887651,-3.140554328336));
#8303=DIRECTION('',(-1.0,0.0,0.0));
#8304=DIRECTION('',(0.0,0.0,1.0));
#8305=ORIENTED_EDGE('',*,*,#10461,.T.);
#8306=ORIENTED_EDGE('',*,*,#9408,.T.);
#8307=ORIENTED_EDGE('',*,*,#10462,.T.);
#8308=ORIENTED_EDGE('',*,*,#10457,.F.);
#8309=CARTESIAN_POINT('',(-2.61980103370644,-0.0456993091137225,-0.439837054130005));
#8310=DIRECTION('',(0.0,0.0,-1.0));
#8311=DIRECTION('',(0.0,-1.0,0.0));
#8312=ORIENTED_EDGE('',*,*,#10462,.F.);
#8313=ORIENTED_EDGE('',*,*,#9407,.F.);
#8314=ORIENTED_EDGE('',*,*,#10463,.T.);
#8315=ORIENTED_EDGE('',*,*,#10450,.F.);
#8316=CARTESIAN_POINT('',(3.14473407833029,-0.266239309312073,-0.589837054130005));
#8317=DIRECTION('',(0.0,-1.0,0.0));
#8318=DIRECTION('',(0.0,0.0,1.0));
#8319=ORIENTED_EDGE('',*,*,#9406,.F.);
#8320=ORIENTED_EDGE('',*,*,#10464,.T.);
#8321=ORIENTED_EDGE('',*,*,#10451,.T.);
#8322=ORIENTED_EDGE('',*,*,#10463,.F.);
#8323=CARTESIAN_POINT('',(3.34489436734656,-0.0706993093126825,-0.749681511568004));
#8324=DIRECTION('',(0.963419049747646,1.10314510716405E-12,0.267999504819213));
#8325=DIRECTION('',(0.0,-1.0,4.11622069193079E-12));
#8326=ORIENTED_EDGE('',*,*,#10464,.F.);
#8327=ORIENTED_EDGE('',*,*,#9405,.F.);
#8328=ORIENTED_EDGE('',*,*,#10465,.T.);
#8329=ORIENTED_EDGE('',*,*,#10452,.F.);
#8330=CARTESIAN_POINT('',(3.19488383569256,-0.266239309312772,-0.770118102095445));
#8331=DIRECTION('',(0.0,-1.0,0.0));
#8332=DIRECTION('',(0.963419049747646,0.0,0.26799950481921));
#8333=ORIENTED_EDGE('',*,*,#9404,.F.);
#8334=ORIENTED_EDGE('',*,*,#10466,.F.);
#8335=ORIENTED_EDGE('',*,*,#10453,.F.);
#8336=ORIENTED_EDGE('',*,*,#10465,.F.);
#8337=CARTESIAN_POINT('',(3.34488383569256,0.604300690887527,-4.599999999998));
#8338=DIRECTION('',(1.0,0.0,0.0));
#8339=DIRECTION('',(0.0,1.0,0.0));
#8340=ORIENTED_EDGE('',*,*,#10466,.T.);
#8341=ORIENTED_EDGE('',*,*,#9403,.F.);
#8342=ORIENTED_EDGE('',*,*,#10467,.F.);
#8343=ORIENTED_EDGE('',*,*,#10454,.F.);
#8344=CARTESIAN_POINT('',(3.34489442046656,0.00430069068360727,-1.650554152655));
#8345=DIRECTION('',(0.0,1.0,-0.0));
#8346=DIRECTION('',(-2.0320347977531E-07,0.0,0.999999999999979));
#8347=ORIENTED_EDGE('',*,*,#10455,.T.);
#8348=ORIENTED_EDGE('',*,*,#10467,.T.);
#8349=ORIENTED_EDGE('',*,*,#9402,.T.);
#8350=ORIENTED_EDGE('',*,*,#9444,.F.);
#8351=CARTESIAN_POINT('',(3.09489438118956,0.00430069100270147,-3.140554328336));
#8352=DIRECTION('',(-1.0,0.0,0.0));
#8353=DIRECTION('',(0.0,0.0,1.0));
#8354=ORIENTED_EDGE('',*,*,#9277,.T.);
#8355=ORIENTED_EDGE('',*,*,#10468,.T.);
#8356=ORIENTED_EDGE('',*,*,#10469,.F.);
#8357=ORIENTED_EDGE('',*,*,#10470,.T.);
#8358=ORIENTED_EDGE('',*,*,#9517,.F.);
#8359=ORIENTED_EDGE('',*,*,#9422,.F.);
#8360=ORIENTED_EDGE('',*,*,#9409,.F.);
#8361=ORIENTED_EDGE('',*,*,#10461,.F.);
#8362=ORIENTED_EDGE('',*,*,#10456,.T.);
#8363=ORIENTED_EDGE('',*,*,#9425,.F.);
#8364=CARTESIAN_POINT('',(3.24488383569256,-0.320699309112472,-0.892526056023005));
#8365=DIRECTION('',(0.961261695938344,0.0,0.275637355816913));
#8366=DIRECTION('',(0.0,-1.0,0.0));
#8367=ORIENTED_EDGE('',*,*,#10471,.F.);
#8368=ORIENTED_EDGE('',*,*,#10438,.F.);
#8369=ORIENTED_EDGE('',*,*,#9518,.T.);
#8370=ORIENTED_EDGE('',*,*,#10470,.F.);
#8371=CARTESIAN_POINT('',(-0.000116164307502043,-0.245699309112472,-0.250000000000004));
#8372=DIRECTION('',(0.0,-0.8,0.6));
#8373=DIRECTION('',(-1.0,0.0,0.0));
#8374=ORIENTED_EDGE('',*,*,#10439,.F.);
#8375=ORIENTED_EDGE('',*,*,#10471,.T.);
#8376=ORIENTED_EDGE('',*,*,#10469,.T.);
#8377=ORIENTED_EDGE('',*,*,#10472,.F.);
#8378=CARTESIAN_POINT('',(3.34488383569256,0.329300690887528,-0.150000000000004));
#8379=DIRECTION('',(0.0,0.0,1.0));
#8380=DIRECTION('',(1.0,0.0,0.0));
#8381=ORIENTED_EDGE('',*,*,#9276,.F.);
#8382=ORIENTED_EDGE('',*,*,#10440,.F.);
#8383=ORIENTED_EDGE('',*,*,#10472,.T.);
#8384=ORIENTED_EDGE('',*,*,#10468,.F.);
#8385=CARTESIAN_POINT('',(-0.000116164307501155,0.254300690887528,-0.250000000000004));
#8386=DIRECTION('',(0.0,0.8,0.6));
#8387=DIRECTION('',(1.0,0.0,-0.0));
#8388=ORIENTED_EDGE('',*,*,#9379,.F.);
#8389=ORIENTED_EDGE('',*,*,#9471,.F.);
#8390=ORIENTED_EDGE('',*,*,#10473,.T.);
#8391=ORIENTED_EDGE('',*,*,#9293,.T.);
#8392=CARTESIAN_POINT('',(1.38488374554356,-0.285702339586672,-2.129854562932));
#8393=DIRECTION('',(-1.0,0.0,0.0));
#8394=DIRECTION('',(0.0,0.0,1.0));
#8395=ORIENTED_EDGE('',*,*,#10473,.F.);
#8396=ORIENTED_EDGE('',*,*,#9470,.F.);
#8397=ORIENTED_EDGE('',*,*,#10474,.T.);
#8398=ORIENTED_EDGE('',*,*,#10475,.T.);
#8399=ORIENTED_EDGE('',*,*,#9294,.F.);
#8400=CARTESIAN_POINT('',(1.34988365017656,-0.345699748500972,-0.638938691930003));
#8401=DIRECTION('',(-0.985030387401472,-5.99730906531983E-14,-0.172380787490095));
#8402=DIRECTION('',(-0.172380787490095,1.70453775618848E-30,0.985030387401472));
#8403=ORIENTED_EDGE('',*,*,#10475,.F.);
#8404=ORIENTED_EDGE('',*,*,#10476,.T.);
#8405=ORIENTED_EDGE('',*,*,#9295,.F.);
#8406=CARTESIAN_POINT('',(1.34988343670456,-0.660699309106173,-6.510094381523));
#8407=DIRECTION('',(-1.0,0.0,0.0));
#8408=DIRECTION('',(0.0,0.0,1.0));
#8409=ORIENTED_EDGE('',*,*,#10476,.F.);
#8410=ORIENTED_EDGE('',*,*,#10474,.F.);
#8411=ORIENTED_EDGE('',*,*,#9469,.T.);
#8412=ORIENTED_EDGE('',*,*,#10477,.F.);
#8413=ORIENTED_EDGE('',*,*,#10478,.F.);
#8414=ORIENTED_EDGE('',*,*,#9296,.F.);
#8415=CARTESIAN_POINT('',(12.3545438989056,0.0843006908855475,-0.738939636187005));
#8416=DIRECTION('',(1.0,-0.0,0.0));
#8417=DIRECTION('',(0.0,0.762414834309231,0.647088572318525));
#8418=ORIENTED_EDGE('',*,*,#10478,.T.);
#8419=ORIENTED_EDGE('',*,*,#10479,.T.);
#8420=ORIENTED_EDGE('',*,*,#9297,.F.);
#8421=CARTESIAN_POINT('',(1.14988362743956,-1.67569930910028,-10.7076977298599));
#8422=DIRECTION('',(-1.0,0.0,0.0));
#8423=DIRECTION('',(0.0,0.0,1.0));
#8424=ORIENTED_EDGE('',*,*,#10479,.F.);
#8425=ORIENTED_EDGE('',*,*,#10477,.T.);
#8426=ORIENTED_EDGE('',*,*,#9468,.F.);
#8427=ORIENTED_EDGE('',*,*,#10480,.F.);
#8428=ORIENTED_EDGE('',*,*,#9298,.F.);
#8429=CARTESIAN_POINT('',(1.11488355481056,-0.345699748500972,-0.838938691935005));
#8430=DIRECTION('',(0.985030387401472,1.15486836016597E-13,-0.172380787490095));
#8431=DIRECTION('',(-1.27312193630327E-29,-1.0,-6.69951899501752E-13));
#8432=ORIENTED_EDGE('',*,*,#10480,.T.);
#8433=ORIENTED_EDGE('',*,*,#9467,.F.);
#8434=ORIENTED_EDGE('',*,*,#9374,.T.);
#8435=ORIENTED_EDGE('',*,*,#9299,.F.);
#8436=CARTESIAN_POINT('',(1.11488355481056,-0.425701122277472,-4.45730841599801));
#8437=DIRECTION('',(-1.0,0.0,0.0));
#8438=DIRECTION('',(0.0,0.0,1.0));
#8439=ORIENTED_EDGE('',*,*,#9376,.F.);
#8440=ORIENTED_EDGE('',*,*,#9476,.F.);
#8441=ORIENTED_EDGE('',*,*,#10481,.T.);
#8442=ORIENTED_EDGE('',*,*,#9301,.T.);
#8443=CARTESIAN_POINT('',(0.88488374554426,-0.425701009956772,-4.732156161893));
#8444=DIRECTION('',(-1.0,0.0,0.0));
#8445=DIRECTION('',(0.0,0.0,1.0));
#8446=ORIENTED_EDGE('',*,*,#10481,.F.);
#8447=ORIENTED_EDGE('',*,*,#9475,.T.);
#8448=ORIENTED_EDGE('',*,*,#10482,.T.);
#8449=ORIENTED_EDGE('',*,*,#10483,.F.);
#8450=ORIENTED_EDGE('',*,*,#9302,.T.);
#8451=CARTESIAN_POINT('',(0.84988294695073,-0.345702523951775,-1.13893899809519));
#8452=DIRECTION('',(-0.985030387401472,-5.99730906531983E-14,-0.172380787490095));
#8453=DIRECTION('',(-0.172380787490095,1.70453775618848E-30,0.985030387401472));
#8454=ORIENTED_EDGE('',*,*,#10483,.T.);
#8455=ORIENTED_EDGE('',*,*,#10484,.F.);
#8456=ORIENTED_EDGE('',*,*,#9303,.T.);
#8457=CARTESIAN_POINT('',(0.84988383569246,-1.24069930911227,-5.79999999999801));
#8458=DIRECTION('',(1.0,0.0,0.0));
#8459=DIRECTION('',(0.0,1.0,0.0));
#8460=ORIENTED_EDGE('',*,*,#10484,.T.);
#8461=ORIENTED_EDGE('',*,*,#10482,.F.);
#8462=ORIENTED_EDGE('',*,*,#9474,.F.);
#8463=ORIENTED_EDGE('',*,*,#10485,.T.);
#8464=ORIENTED_EDGE('',*,*,#10486,.T.);
#8465=ORIENTED_EDGE('',*,*,#9304,.F.);
#8466=CARTESIAN_POINT('',(-11.4002864747982,0.0843006908659999,-1.23893928873787));
#8467=DIRECTION('',(1.0,-2.74475166405735E-17,-2.30312010902306E-17));
#8468=DIRECTION('',(3.58301882969263E-17,0.766044443113575,0.642787609692978));
#8469=ORIENTED_EDGE('',*,*,#10486,.F.);
#8470=ORIENTED_EDGE('',*,*,#10487,.F.);
#8471=ORIENTED_EDGE('',*,*,#9305,.T.);
#8472=CARTESIAN_POINT('',(0.64988383569246,-1.01069930910027,-6.80194561351301));
#8473=DIRECTION('',(-1.0,0.0,0.0));
#8474=DIRECTION('',(0.0,0.0,1.0));
#8475=ORIENTED_EDGE('',*,*,#10487,.T.);
#8476=ORIENTED_EDGE('',*,*,#10485,.F.);
#8477=ORIENTED_EDGE('',*,*,#9473,.T.);
#8478=ORIENTED_EDGE('',*,*,#10488,.T.);
#8479=ORIENTED_EDGE('',*,*,#9306,.T.);
#8480=CARTESIAN_POINT('',(0.614883253038371,-0.345702465658805,-1.33893890294766));
#8481=DIRECTION('',(0.985030387401472,1.15486836016597E-13,-0.172380787490095));
#8482=DIRECTION('',(-1.27312193630327E-29,-1.0,-6.69951899501752E-13));
#8483=ORIENTED_EDGE('',*,*,#10488,.F.);
#8484=ORIENTED_EDGE('',*,*,#9472,.F.);
#8485=ORIENTED_EDGE('',*,*,#9371,.T.);
#8486=ORIENTED_EDGE('',*,*,#9307,.F.);
#8487=CARTESIAN_POINT('',(0.61488355480986,-0.425700982768773,-4.732156161895));
#8488=DIRECTION('',(-1.0,0.0,0.0));
#8489=DIRECTION('',(0.0,0.0,1.0));
#8490=ORIENTED_EDGE('',*,*,#9373,.F.);
#8491=ORIENTED_EDGE('',*,*,#9481,.F.);
#8492=ORIENTED_EDGE('',*,*,#10489,.F.);
#8493=ORIENTED_EDGE('',*,*,#9309,.T.);
#8494=CARTESIAN_POINT('',(0.38488374554336,-0.285702191744372,-2.25496704109));
#8495=DIRECTION('',(-1.0,0.0,0.0));
#8496=DIRECTION('',(0.0,0.0,1.0));
#8497=ORIENTED_EDGE('',*,*,#10489,.T.);
#8498=ORIENTED_EDGE('',*,*,#9480,.T.);
#8499=ORIENTED_EDGE('',*,*,#10490,.T.);
#8500=ORIENTED_EDGE('',*,*,#10491,.F.);
#8501=ORIENTED_EDGE('',*,*,#9310,.T.);
#8502=CARTESIAN_POINT('',(0.349882946949739,-0.345702564391376,-1.15893823515618));
#8503=DIRECTION('',(-0.985030387401472,-5.99730906531983E-14,-0.172380787490095));
#8504=DIRECTION('',(-0.172380787490095,1.70453775618848E-30,0.985030387401472));
#8505=ORIENTED_EDGE('',*,*,#10491,.T.);
#8506=ORIENTED_EDGE('',*,*,#10492,.F.);
#8507=ORIENTED_EDGE('',*,*,#9311,.T.);
#8508=CARTESIAN_POINT('',(0.34988343670456,-0.660699309105473,-6.99506752909701));
#8509=DIRECTION('',(-1.0,0.0,0.0));
#8510=DIRECTION('',(0.0,0.0,1.0));
#8511=ORIENTED_EDGE('',*,*,#10492,.T.);
#8512=ORIENTED_EDGE('',*,*,#10490,.F.);
#8513=ORIENTED_EDGE('',*,*,#9479,.F.);
#8514=ORIENTED_EDGE('',*,*,#10493,.T.);
#8515=ORIENTED_EDGE('',*,*,#10494,.T.);
#8516=ORIENTED_EDGE('',*,*,#9312,.F.);
#8517=CARTESIAN_POINT('',(-11.4002864747982,0.0843006908659999,-1.23893928873787));
#8518=DIRECTION('',(1.0,-2.74475166405735E-17,-2.30312010902306E-17));
#8519=DIRECTION('',(3.58301882969263E-17,0.766044443113575,0.642787609692978));
#8520=ORIENTED_EDGE('',*,*,#10494,.F.);
#8521=ORIENTED_EDGE('',*,*,#10495,.F.);
#8522=ORIENTED_EDGE('',*,*,#9313,.T.);
#8523=CARTESIAN_POINT('',(0.14988362743936,-1.67569930910028,-10.7076977298599));
#8524=DIRECTION('',(-1.0,0.0,0.0));
#8525=DIRECTION('',(0.0,0.0,1.0));
#8526=ORIENTED_EDGE('',*,*,#10495,.T.);
#8527=ORIENTED_EDGE('',*,*,#10493,.F.);
#8528=ORIENTED_EDGE('',*,*,#9478,.T.);
#8529=ORIENTED_EDGE('',*,*,#10496,.T.);
#8530=ORIENTED_EDGE('',*,*,#9314,.T.);
#8531=CARTESIAN_POINT('',(0.114883266632554,-0.345702506098506,-1.35893806232668));
#8532=DIRECTION('',(0.985030387401472,1.15486836016597E-13,-0.172380787490095));
#8533=DIRECTION('',(-1.27312193630327E-29,-1.0,-6.69951899501752E-13));
#8534=ORIENTED_EDGE('',*,*,#10496,.F.);
#8535=ORIENTED_EDGE('',*,*,#9477,.F.);
#8536=ORIENTED_EDGE('',*,*,#9368,.T.);
#8537=ORIENTED_EDGE('',*,*,#9315,.F.);
#8538=CARTESIAN_POINT('',(0.11488355480986,-0.425700934217872,-4.732156161894));
#8539=DIRECTION('',(-1.0,0.0,0.0));
#8540=DIRECTION('',(0.0,0.0,1.0));
#8541=ORIENTED_EDGE('',*,*,#9370,.F.);
#8542=ORIENTED_EDGE('',*,*,#9486,.F.);
#8543=ORIENTED_EDGE('',*,*,#10497,.T.);
#8544=ORIENTED_EDGE('',*,*,#9317,.T.);
#8545=CARTESIAN_POINT('',(-0.11511588342504,-0.425700934217872,-4.732156161894));
#8546=DIRECTION('',(-1.0,0.0,0.0));
#8547=DIRECTION('',(0.0,0.0,1.0));
#8548=ORIENTED_EDGE('',*,*,#10497,.F.);
#8549=ORIENTED_EDGE('',*,*,#9485,.T.);
#8550=ORIENTED_EDGE('',*,*,#10498,.T.);
#8551=ORIENTED_EDGE('',*,*,#10499,.F.);
#8552=ORIENTED_EDGE('',*,*,#9318,.F.);
#8553=CARTESIAN_POINT('',(-0.115115595247834,-0.345702506098507,-1.35893806232669));
#8554=DIRECTION('',(0.985030387401472,5.99730906531983E-14,0.172380787490095));
#8555=DIRECTION('',(-1.27312193630327E-29,-1.0,3.47910527190534E-13));
#8556=ORIENTED_EDGE('',*,*,#10499,.T.);
#8557=ORIENTED_EDGE('',*,*,#10500,.F.);
#8558=ORIENTED_EDGE('',*,*,#9319,.F.);
#8559=CARTESIAN_POINT('',(-0.15011595604834,-0.660699309105473,-6.995066902195));
#8560=DIRECTION('',(-1.0,0.0,0.0));
#8561=DIRECTION('',(0.0,0.0,1.0));
#8562=ORIENTED_EDGE('',*,*,#10500,.T.);
#8563=ORIENTED_EDGE('',*,*,#10498,.F.);
#8564=ORIENTED_EDGE('',*,*,#9484,.F.);
#8565=ORIENTED_EDGE('',*,*,#10501,.T.);
#8566=ORIENTED_EDGE('',*,*,#10502,.T.);
#8567=ORIENTED_EDGE('',*,*,#9320,.F.);
#8568=CARTESIAN_POINT('',(-11.4002864747982,0.0843006908659999,-1.23893928873787));
#8569=DIRECTION('',(1.0,-2.74475166405735E-17,-2.30312010902306E-17));
#8570=DIRECTION('',(3.58301882969263E-17,0.766044443113575,0.642787609692978));
#8571=ORIENTED_EDGE('',*,*,#10502,.F.);
#8572=ORIENTED_EDGE('',*,*,#10503,.F.);
#8573=ORIENTED_EDGE('',*,*,#9321,.F.);
#8574=CARTESIAN_POINT('',(-0.35011576531334,-1.67569930910028,-10.7076977298599));
#8575=DIRECTION('',(-1.0,0.0,0.0));
#8576=DIRECTION('',(0.0,0.0,1.0));
#8577=ORIENTED_EDGE('',*,*,#10503,.T.);
#8578=ORIENTED_EDGE('',*,*,#10501,.F.);
#8579=ORIENTED_EDGE('',*,*,#9483,.T.);
#8580=ORIENTED_EDGE('',*,*,#10504,.F.);
#8581=ORIENTED_EDGE('',*,*,#9322,.F.);
#8582=CARTESIAN_POINT('',(-0.350115275564918,-0.345702564391475,-1.15893823515618));
#8583=DIRECTION('',(-0.985030387401472,-1.15486836016597E-13,0.172380787490095));
#8584=DIRECTION('',(-1.17241901867874E-13,1.0,-2.22796945919422E-30));
#8585=ORIENTED_EDGE('',*,*,#10504,.T.);
#8586=ORIENTED_EDGE('',*,*,#9482,.F.);
#8587=ORIENTED_EDGE('',*,*,#9365,.T.);
#8588=ORIENTED_EDGE('',*,*,#9323,.F.);
#8589=CARTESIAN_POINT('',(-0.385116074158639,-0.285702191744472,-2.25496704109));
#8590=DIRECTION('',(-1.0,0.0,0.0));
#8591=DIRECTION('',(0.0,0.0,1.0));
#8592=ORIENTED_EDGE('',*,*,#9367,.F.);
#8593=ORIENTED_EDGE('',*,*,#9491,.F.);
#8594=ORIENTED_EDGE('',*,*,#10505,.T.);
#8595=ORIENTED_EDGE('',*,*,#9325,.T.);
#8596=CARTESIAN_POINT('',(-0.61511588342504,-0.425700982768873,-4.732156161895));
#8597=DIRECTION('',(-1.0,0.0,0.0));
#8598=DIRECTION('',(0.0,0.0,1.0));
#8599=ORIENTED_EDGE('',*,*,#10505,.F.);
#8600=ORIENTED_EDGE('',*,*,#9490,.T.);
#8601=ORIENTED_EDGE('',*,*,#10506,.T.);
#8602=ORIENTED_EDGE('',*,*,#10507,.F.);
#8603=ORIENTED_EDGE('',*,*,#9326,.F.);
#8604=CARTESIAN_POINT('',(-0.615115581653651,-0.345702465658907,-1.33893890294766));
#8605=DIRECTION('',(0.985030387401472,5.99730906531983E-14,0.172380787490095));
#8606=DIRECTION('',(-1.27312193630327E-29,-1.0,3.47910527190534E-13));
#8607=ORIENTED_EDGE('',*,*,#10507,.T.);
#8608=ORIENTED_EDGE('',*,*,#10508,.F.);
#8609=ORIENTED_EDGE('',*,*,#9327,.F.);
#8610=CARTESIAN_POINT('',(-0.65011616430754,-1.01069930910027,-6.80194561351301));
#8611=DIRECTION('',(-1.0,0.0,0.0));
#8612=DIRECTION('',(0.0,0.0,1.0));
#8613=ORIENTED_EDGE('',*,*,#10508,.T.);
#8614=ORIENTED_EDGE('',*,*,#10506,.F.);
#8615=ORIENTED_EDGE('',*,*,#9489,.F.);
#8616=ORIENTED_EDGE('',*,*,#10509,.T.);
#8617=ORIENTED_EDGE('',*,*,#10510,.T.);
#8618=ORIENTED_EDGE('',*,*,#9328,.F.);
#8619=CARTESIAN_POINT('',(-11.4002864747982,0.0843006908659999,-1.23893928873787));
#8620=DIRECTION('',(1.0,-2.74475166405735E-17,-2.30312010902306E-17));
#8621=DIRECTION('',(3.58301882969263E-17,0.766044443113575,0.642787609692978));
#8622=ORIENTED_EDGE('',*,*,#10510,.F.);
#8623=ORIENTED_EDGE('',*,*,#10511,.F.);
#8624=ORIENTED_EDGE('',*,*,#9329,.F.);
#8625=CARTESIAN_POINT('',(-0.85011616430754,-1.24069930911227,-4.899999999998));
#8626=DIRECTION('',(-1.0,0.0,0.0));
#8627=DIRECTION('',(0.0,0.0,1.0));
#8628=ORIENTED_EDGE('',*,*,#10511,.T.);
#8629=ORIENTED_EDGE('',*,*,#10509,.F.);
#8630=ORIENTED_EDGE('',*,*,#9488,.T.);
#8631=ORIENTED_EDGE('',*,*,#10512,.T.);
#8632=ORIENTED_EDGE('',*,*,#9330,.F.);
#8633=CARTESIAN_POINT('',(-0.85011527556591,-0.345702523951876,-1.13893899809519));
#8634=DIRECTION('',(-0.985030387401472,-1.15486836016597E-13,0.172380787490095));
#8635=DIRECTION('',(-1.17241901867874E-13,1.0,-2.22796945919422E-30));
#8636=ORIENTED_EDGE('',*,*,#10512,.F.);
#8637=ORIENTED_EDGE('',*,*,#9487,.F.);
#8638=ORIENTED_EDGE('',*,*,#9362,.T.);
#8639=ORIENTED_EDGE('',*,*,#9331,.F.);
#8640=CARTESIAN_POINT('',(-0.88511607415944,-0.425701009956972,-4.732156161893));
#8641=DIRECTION('',(-1.0,0.0,0.0));
#8642=DIRECTION('',(0.0,0.0,1.0));
#8643=ORIENTED_EDGE('',*,*,#9364,.F.);
#8644=ORIENTED_EDGE('',*,*,#9496,.F.);
#8645=ORIENTED_EDGE('',*,*,#10513,.F.);
#8646=ORIENTED_EDGE('',*,*,#9333,.T.);
#8647=CARTESIAN_POINT('',(-1.11511588342544,-0.425701122277673,-4.45730841599801));
#8648=DIRECTION('',(-1.0,0.0,0.0));
#8649=DIRECTION('',(0.0,0.0,1.0));
#8650=ORIENTED_EDGE('',*,*,#10513,.T.);
#8651=ORIENTED_EDGE('',*,*,#9495,.F.);
#8652=ORIENTED_EDGE('',*,*,#10514,.T.);
#8653=ORIENTED_EDGE('',*,*,#10515,.T.);
#8654=ORIENTED_EDGE('',*,*,#9334,.F.);
#8655=CARTESIAN_POINT('',(-1.15011597879244,-0.345699748501172,-0.638938691930003));
#8656=DIRECTION('',(-0.985030387401472,-5.99730906531983E-14,-0.172380787490095));
#8657=DIRECTION('',(-0.172380787490095,1.70453775618848E-30,0.985030387401472));
#8658=ORIENTED_EDGE('',*,*,#10515,.F.);
#8659=ORIENTED_EDGE('',*,*,#10516,.T.);
#8660=ORIENTED_EDGE('',*,*,#9335,.F.);
#8661=CARTESIAN_POINT('',(-1.15011595604844,-0.660699309105573,-6.90004343310201));
#8662=DIRECTION('',(-1.0,0.0,0.0));
#8663=DIRECTION('',(0.0,0.0,1.0));
#8664=ORIENTED_EDGE('',*,*,#10516,.F.);
#8665=ORIENTED_EDGE('',*,*,#10514,.F.);
#8666=ORIENTED_EDGE('',*,*,#9494,.T.);
#8667=ORIENTED_EDGE('',*,*,#10517,.F.);
#8668=ORIENTED_EDGE('',*,*,#10518,.F.);
#8669=ORIENTED_EDGE('',*,*,#9336,.F.);
#8670=CARTESIAN_POINT('',(12.3545438989056,0.0843006908855475,-0.738939636187005));
#8671=DIRECTION('',(1.0,-0.0,0.0));
#8672=DIRECTION('',(0.0,0.762414834309231,0.647088572318525));
#8673=ORIENTED_EDGE('',*,*,#10518,.T.);
#8674=ORIENTED_EDGE('',*,*,#10519,.T.);
#8675=ORIENTED_EDGE('',*,*,#9337,.F.);
#8676=CARTESIAN_POINT('',(-1.35011576531344,-1.67569930910028,-10.7076977298599));
#8677=DIRECTION('',(-1.0,0.0,0.0));
#8678=DIRECTION('',(0.0,0.0,1.0));
#8679=ORIENTED_EDGE('',*,*,#10519,.F.);
#8680=ORIENTED_EDGE('',*,*,#10517,.T.);
#8681=ORIENTED_EDGE('',*,*,#9493,.T.);
#8682=ORIENTED_EDGE('',*,*,#10520,.T.);
#8683=ORIENTED_EDGE('',*,*,#9338,.F.);
#8684=CARTESIAN_POINT('',(-1.38511607415844,-0.345699748501172,-0.838938691935005));
#8685=DIRECTION('',(0.985030387401472,1.15486836016597E-13,-0.172380787490095));
#8686=DIRECTION('',(-1.27312193630327E-29,-1.0,-6.69951899501752E-13));
#8687=ORIENTED_EDGE('',*,*,#10520,.F.);
#8688=ORIENTED_EDGE('',*,*,#9492,.F.);
#8689=ORIENTED_EDGE('',*,*,#9359,.T.);
#8690=ORIENTED_EDGE('',*,*,#9339,.F.);
#8691=CARTESIAN_POINT('',(-1.38511607415844,-0.285702339586872,-2.129854562932));
#8692=DIRECTION('',(-1.0,0.0,0.0));
#8693=DIRECTION('',(0.0,0.0,1.0));
#8694=ORIENTED_EDGE('',*,*,#9361,.F.);
#8695=ORIENTED_EDGE('',*,*,#9498,.F.);
#8696=ORIENTED_EDGE('',*,*,#10521,.T.);
#8697=ORIENTED_EDGE('',*,*,#9341,.T.);
#8698=CARTESIAN_POINT('',(-2.61511588342544,-0.425701270129173,-4.45188528320001));
#8699=DIRECTION('',(-1.0,0.0,0.0));
#8700=DIRECTION('',(0.0,0.0,1.0));
#8701=ORIENTED_EDGE('',*,*,#10521,.F.);
#8702=ORIENTED_EDGE('',*,*,#9497,.T.);
#8703=ORIENTED_EDGE('',*,*,#9346,.F.);
#8704=ORIENTED_EDGE('',*,*,#10522,.F.);
#8705=ORIENTED_EDGE('',*,*,#9342,.F.);
#8706=CARTESIAN_POINT('',(-2.61511562437534,-0.34570247423624,-0.838938729366644));
#8707=DIRECTION('',(0.985030387401472,5.99730906531983E-14,0.172380787490095));
#8708=DIRECTION('',(-1.27312193630327E-29,-1.0,3.47910527190534E-13));
#8709=ORIENTED_EDGE('',*,*,#10522,.T.);
#8710=ORIENTED_EDGE('',*,*,#9345,.F.);
#8711=ORIENTED_EDGE('',*,*,#9343,.F.);
#8712=CARTESIAN_POINT('',(-2.65011548933102,-0.345702551949351,-0.638938781160003));
#8713=DIRECTION('',(1.0,0.0,0.0));
#8714=DIRECTION('',(0.0,1.0,0.0));
#8715=ORIENTED_EDGE('',*,*,#9152,.F.);
#8716=ORIENTED_EDGE('',*,*,#9015,.F.);
#8717=ORIENTED_EDGE('',*,*,#9189,.F.);
#8718=ORIENTED_EDGE('',*,*,#9240,.T.);
#8719=ORIENTED_EDGE('',*,*,#9237,.F.);
#8720=ORIENTED_EDGE('',*,*,#9234,.T.);
#8721=CARTESIAN_POINT('',(-0.000116164307498491,0.604300690887527,-4.599999999998));
#8722=DIRECTION('',(0.0,0.0,-1.0));
#8723=DIRECTION('',(0.0,-1.0,0.0));
#8724=ORIENTED_EDGE('',*,*,#9147,.F.);
#8725=ORIENTED_EDGE('',*,*,#9046,.F.);
#8726=ORIENTED_EDGE('',*,*,#9167,.F.);
#8727=ORIENTED_EDGE('',*,*,#9186,.T.);
#8728=ORIENTED_EDGE('',*,*,#9183,.F.);
#8729=ORIENTED_EDGE('',*,*,#9180,.T.);
#8730=CARTESIAN_POINT('',(-0.000116164307498491,0.604300690887527,-4.599999999998));
#8731=DIRECTION('',(0.0,0.0,-1.0));
#8732=DIRECTION('',(0.0,-1.0,0.0));
#8733=ORIENTED_EDGE('',*,*,#8911,.F.);
#8734=ORIENTED_EDGE('',*,*,#8872,.T.);
#8735=ORIENTED_EDGE('',*,*,#8894,.F.);
#8736=ORIENTED_EDGE('',*,*,#10105,.T.);
#8737=CARTESIAN_POINT('',(-0.999236066295288,1.30018078889988,-6.499999999998));
#8738=DIRECTION('',(1.0,0.0,0.0));
#8739=DIRECTION('',(0.0,1.0,0.0));
#8740=EDGE_CURVE('',#10523,#10524,#10525,.T.);
#8741=EDGE_CURVE('',#10526,#10523,#10527,.T.);
#8742=EDGE_CURVE('',#10528,#10526,#10529,.T.);
#8743=EDGE_CURVE('',#10524,#10528,#10530,.T.);
#8744=EDGE_CURVE('',#10531,#10532,#10533,.F.);
#8745=EDGE_CURVE('',#10532,#10534,#10535,.T.);
#8746=EDGE_CURVE('',#10531,#10534,#10536,.F.);
#8747=EDGE_CURVE('',#10537,#10538,#10539,.T.);
#8748=EDGE_CURVE('',#10540,#10537,#10541,.T.);
#8749=EDGE_CURVE('',#10542,#10540,#10543,.T.);
#8750=EDGE_CURVE('',#10542,#10544,#10545,.T.);
#8751=EDGE_CURVE('',#10544,#10538,#10546,.T.);
#8752=EDGE_CURVE('',#10547,#10548,#10549,.T.);
#8753=EDGE_CURVE('',#10550,#10547,#10551,.T.);
#8754=EDGE_CURVE('',#10550,#10552,#10553,.T.);
#8755=EDGE_CURVE('',#10552,#10548,#10554,.T.);
#8756=EDGE_CURVE('',#10555,#10556,#10557,.T.);
#8757=EDGE_CURVE('',#10558,#10555,#10559,.T.);
#8758=EDGE_CURVE('',#10556,#10558,#10560,.T.);
#8759=EDGE_CURVE('',#10561,#10562,#10563,.T.);
#8760=EDGE_CURVE('',#10562,#10564,#10565,.T.);
#8761=EDGE_CURVE('',#10564,#10566,#10567,.F.);
#8762=EDGE_CURVE('',#10561,#10566,#10568,.T.);
#8763=EDGE_CURVE('',#10562,#10569,#10570,.T.);
#8764=EDGE_CURVE('',#10571,#10561,#10572,.F.);
#8765=EDGE_CURVE('',#10571,#10573,#10574,.T.);
#8766=EDGE_CURVE('',#10569,#10573,#10575,.T.);
#8767=EDGE_CURVE('',#10576,#10556,#10577,.T.);
#8768=EDGE_CURVE('',#10555,#10576,#10578,.T.);
#8769=EDGE_CURVE('',#10566,#10579,#10580,.T.);
#8770=EDGE_CURVE('',#10564,#10581,#10582,.T.);
#8771=EDGE_CURVE('',#10583,#10581,#10584,.T.);
#8772=EDGE_CURVE('',#10585,#10583,#10586,.T.);
#8773=EDGE_CURVE('',#10585,#10579,#10587,.T.);
#8774=EDGE_CURVE('',#10588,#10589,#10590,.T.);
#8775=EDGE_CURVE('',#10589,#10591,#10592,.T.);
#8776=EDGE_CURVE('',#10593,#10591,#10594,.T.);
#8777=EDGE_CURVE('',#10595,#10593,#10596,.T.);
#8778=EDGE_CURVE('',#10597,#10595,#10598,.T.);
#8779=EDGE_CURVE('',#10597,#10599,#10600,.T.);
#8780=EDGE_CURVE('',#10599,#10588,#10601,.T.);
#8781=EDGE_CURVE('',#10602,#10603,#10604,.F.);
#8782=EDGE_CURVE('',#10603,#10605,#10606,.T.);
#8783=EDGE_CURVE('',#10607,#10605,#10608,.T.);
#8784=EDGE_CURVE('',#10607,#10602,#10609,.T.);
#8785=EDGE_CURVE('',#10610,#10611,#10612,.T.);
#8786=EDGE_CURVE('',#10613,#10610,#10614,.F.);
#8787=EDGE_CURVE('',#10613,#10615,#10616,.F.);
#8788=EDGE_CURVE('',#10615,#10611,#10617,.F.);
#8789=EDGE_CURVE('',#10618,#10619,#10620,.T.);
#8790=EDGE_CURVE('',#10619,#10621,#10622,.T.);
#8791=EDGE_CURVE('',#10621,#10623,#10624,.T.);
#8792=EDGE_CURVE('',#10618,#10623,#10625,.T.);
#8793=EDGE_CURVE('',#10626,#10627,#10628,.T.);
#8794=EDGE_CURVE('',#10626,#10629,#10630,.T.);
#8795=EDGE_CURVE('',#10629,#10631,#10632,.T.);
#8796=EDGE_CURVE('',#10631,#10633,#10634,.T.);
#8797=EDGE_CURVE('',#10635,#10633,#10636,.T.);
#8798=EDGE_CURVE('',#10635,#10637,#10638,.T.);
#8799=EDGE_CURVE('',#10637,#10639,#10640,.T.);
#8800=EDGE_CURVE('',#10639,#10641,#10642,.T.);
#8801=EDGE_CURVE('',#10641,#10643,#10644,.T.);
#8802=EDGE_CURVE('',#10643,#10645,#10646,.T.);
#8803=EDGE_CURVE('',#10645,#10647,#10648,.T.);
#8804=EDGE_CURVE('',#10647,#10649,#10650,.T.);
#8805=EDGE_CURVE('',#10649,#10651,#10652,.T.);
#8806=EDGE_CURVE('',#10651,#10653,#10654,.T.);
#8807=EDGE_CURVE('',#10653,#10655,#10656,.T.);
#8808=EDGE_CURVE('',#10657,#10655,#10658,.T.);
#8809=EDGE_CURVE('',#10659,#10657,#10660,.T.);
#8810=EDGE_CURVE('',#10659,#10627,#10661,.T.);
#8811=EDGE_CURVE('',#10662,#10663,#10664,.T.);
#8812=EDGE_CURVE('',#10662,#10665,#10666,.T.);
#8813=EDGE_CURVE('',#10667,#10665,#10668,.T.);
#8814=EDGE_CURVE('',#10667,#10669,#10670,.T.);
#8815=EDGE_CURVE('',#10669,#10671,#10672,.T.);
#8816=EDGE_CURVE('',#10671,#10673,#10674,.T.);
#8817=EDGE_CURVE('',#10675,#10673,#10676,.T.);
#8818=EDGE_CURVE('',#10677,#10675,#10678,.T.);
#8819=EDGE_CURVE('',#10679,#10677,#10680,.T.);
#8820=EDGE_CURVE('',#10681,#10679,#10682,.T.);
#8821=EDGE_CURVE('',#10681,#10683,#10684,.T.);
#8822=EDGE_CURVE('',#10683,#10685,#10686,.T.);
#8823=EDGE_CURVE('',#10685,#10687,#10688,.T.);
#8824=EDGE_CURVE('',#10689,#10687,#10690,.T.);
#8825=EDGE_CURVE('',#10691,#10689,#10692,.T.);
#8826=EDGE_CURVE('',#10663,#10691,#10693,.T.);
#8827=EDGE_CURVE('',#10694,#10585,#10695,.T.);
#8828=EDGE_CURVE('',#10583,#10696,#10697,.T.);
#8829=EDGE_CURVE('',#10696,#10698,#10699,.T.);
#8830=EDGE_CURVE('',#10700,#10698,#10701,.T.);
#8831=EDGE_CURVE('',#10700,#10702,#10703,.T.);
#8832=EDGE_CURVE('',#10702,#10694,#10704,.T.);
#8833=EDGE_CURVE('',#10705,#10694,#10706,.T.);
#8834=EDGE_CURVE('',#10573,#10705,#10707,.T.);
#8835=EDGE_CURVE('',#10708,#10581,#10709,.T.);
#8836=EDGE_CURVE('',#10710,#10569,#10711,.T.);
#8837=EDGE_CURVE('',#10712,#10710,#10713,.T.);
#8838=EDGE_CURVE('',#10712,#10714,#10715,.T.);
#8839=EDGE_CURVE('',#10708,#10714,#10716,.T.);
#8840=EDGE_CURVE('',#10613,#10717,#10718,.T.);
#8841=EDGE_CURVE('',#10610,#10719,#10720,.T.);
#8842=EDGE_CURVE('',#10721,#10719,#10722,.F.);
#8843=EDGE_CURVE('',#10723,#10721,#10724,.T.);
#8844=EDGE_CURVE('',#10723,#10717,#10725,.T.);
#8845=EDGE_CURVE('',#10726,#10727,#10728,.T.);
#8846=EDGE_CURVE('',#10547,#10727,#10729,.T.);
#8847=EDGE_CURVE('',#10548,#10730,#10731,.T.);
#8848=EDGE_CURVE('',#10730,#10726,#10732,.T.);
#8849=EDGE_CURVE('',#10733,#10734,#10735,.F.);
#8850=EDGE_CURVE('',#10733,#10736,#10737,.T.);
#8851=EDGE_CURVE('',#10738,#10736,#10739,.T.);
#8852=EDGE_CURVE('',#10738,#10734,#10740,.T.);
#8853=EDGE_CURVE('',#10741,#10742,#10743,.F.);
#8854=EDGE_CURVE('',#10741,#10744,#10745,.T.);
#8855=EDGE_CURVE('',#10746,#10744,#10747,.T.);
#8856=EDGE_CURVE('',#10746,#10742,#10748,.T.);
#8857=EDGE_CURVE('',#10749,#10750,#10751,.T.);
#8858=EDGE_CURVE('',#10752,#10749,#10753,.T.);
#8859=EDGE_CURVE('',#10752,#10754,#10755,.T.);
#8860=EDGE_CURVE('',#10756,#10754,#10757,.T.);
#8861=EDGE_CURVE('',#10758,#10756,#10759,.T.);
#8862=EDGE_CURVE('',#10758,#10750,#10760,.T.);
#8863=EDGE_CURVE('',#10749,#10761,#10762,.T.);
#8864=EDGE_CURVE('',#10763,#10750,#10764,.T.);
#8865=EDGE_CURVE('',#10763,#10761,#10765,.T.);
#8866=EDGE_CURVE('',#10766,#10767,#10768,.T.);
#8867=EDGE_CURVE('',#10769,#10766,#10770,.T.);
#8868=EDGE_CURVE('',#10771,#10769,#10772,.T.);
#8869=EDGE_CURVE('',#10773,#10771,#10774,.T.);
#8870=EDGE_CURVE('',#10773,#10775,#10776,.T.);
#8871=EDGE_CURVE('',#10775,#10767,#10777,.T.);
#8872=EDGE_CURVE('',#10778,#10779,#10780,.T.);
#8873=EDGE_CURVE('',#10532,#10778,#10781,.T.);
#8874=EDGE_CURVE('',#10782,#10531,#10783,.T.);
#8875=EDGE_CURVE('',#10782,#10784,#10785,.T.);
#8876=EDGE_CURVE('',#10784,#10779,#10786,.T.);
#8877=EDGE_CURVE('',#10766,#10787,#10788,.T.);
#8878=EDGE_CURVE('',#10789,#10767,#10790,.T.);
#8879=EDGE_CURVE('',#10789,#10787,#10791,.T.);
#8880=EDGE_CURVE('',#10792,#10793,#10794,.T.);
#8881=EDGE_CURVE('',#10793,#10795,#10796,.F.);
#8882=EDGE_CURVE('',#10797,#10795,#10798,.T.);
#8883=EDGE_CURVE('',#10792,#10797,#10799,.T.);
#8884=EDGE_CURVE('',#10800,#10801,#10802,.F.);
#8885=EDGE_CURVE('',#10801,#10803,#10804,.T.);
#8886=EDGE_CURVE('',#10805,#10803,#10806,.T.);
#8887=EDGE_CURVE('',#10800,#10805,#10807,.T.);
#8888=EDGE_CURVE('',#10801,#10808,#10809,.T.);
#8889=EDGE_CURVE('',#10800,#10810,#10811,.T.);
#8890=EDGE_CURVE('',#10812,#10810,#10813,.F.);
#8891=EDGE_CURVE('',#10812,#10814,#10815,.T.);
#8892=EDGE_CURVE('',#10814,#10719,#10816,.F.);
#8893=EDGE_CURVE('',#10611,#10817,#10818,.T.);
#8894=EDGE_CURVE('',#10817,#10779,#10819,.T.);
#8895=EDGE_CURVE('',#10820,#10784,#10821,.F.);
#8896=EDGE_CURVE('',#10820,#10822,#10823,.T.);
#8897=EDGE_CURVE('',#10822,#10824,#10825,.T.);
#8898=EDGE_CURVE('',#10824,#10826,#10827,.T.);
#8899=EDGE_CURVE('',#10826,#10828,#10829,.T.);
#8900=EDGE_CURVE('',#10808,#10828,#10830,.F.);
#8901=EDGE_CURVE('',#10726,#10831,#10832,.F.);
#8902=EDGE_CURVE('',#10831,#10833,#10834,.T.);
#8903=EDGE_CURVE('',#10835,#10833,#10836,.F.);
#8904=EDGE_CURVE('',#10835,#10795,#10837,.T.);
#8905=EDGE_CURVE('',#10838,#10793,#10839,.T.);
#8906=EDGE_CURVE('',#10840,#10838,#10841,.F.);
#8907=EDGE_CURVE('',#10842,#10840,#10843,.F.);
#8908=EDGE_CURVE('',#10842,#10844,#10845,.T.);
#8909=EDGE_CURVE('',#10844,#10846,#10847,.T.);
#8910=EDGE_CURVE('',#10846,#10534,#10848,.T.);
#8911=EDGE_CURVE('',#10778,#10849,#10850,.T.);
#8912=EDGE_CURVE('',#10849,#10851,#10852,.T.);
#8913=EDGE_CURVE('',#10851,#10727,#10853,.F.);
#8914=EDGE_CURVE('',#10854,#10855,#10856,.T.);
#8915=EDGE_CURVE('',#10857,#10854,#10858,.T.);
#8916=EDGE_CURVE('',#10857,#10859,#10860,.T.);
#8917=EDGE_CURVE('',#10859,#10552,#10861,.T.);
#8918=EDGE_CURVE('',#10550,#10855,#10862,.F.);
#8919=EDGE_CURVE('',#10588,#10863,#10864,.T.);
#8920=EDGE_CURVE('',#10854,#10599,#10865,.T.);
#8921=EDGE_CURVE('',#10855,#10866,#10867,.T.);
#8922=EDGE_CURVE('',#10866,#10863,#10868,.F.);
#8923=EDGE_CURVE('',#10869,#10696,#10870,.T.);
#8924=EDGE_CURVE('',#10869,#10871,#10872,.F.);
#8925=EDGE_CURVE('',#10873,#10871,#10874,.T.);
#8926=EDGE_CURVE('',#10875,#10873,#10876,.T.);
#8927=EDGE_CURVE('',#10875,#10698,#10877,.T.);
#8928=EDGE_CURVE('',#10717,#10871,#10878,.T.);
#8929=EDGE_CURVE('',#10879,#10869,#10880,.T.);
#8930=EDGE_CURVE('',#10615,#10879,#10881,.T.);
#8931=EDGE_CURVE('',#10873,#10723,#10882,.T.);
#8932=EDGE_CURVE('',#10866,#10851,#10883,.T.);
#8933=EDGE_CURVE('',#10884,#10885,#10886,.T.);
#8934=EDGE_CURVE('',#10887,#10884,#10888,.T.);
#8935=EDGE_CURVE('',#10889,#10887,#10890,.T.);
#8936=EDGE_CURVE('',#10891,#10889,#10892,.T.);
#8937=EDGE_CURVE('',#10621,#10891,#10893,.T.);
#8938=EDGE_CURVE('',#10894,#10619,#10895,.T.);
#8939=EDGE_CURVE('',#10894,#10885,#10896,.T.);
#8940=EDGE_CURVE('',#10659,#10897,#10898,.F.);
#8941=EDGE_CURVE('',#10899,#10897,#10900,.T.);
#8942=EDGE_CURVE('',#10899,#10901,#10902,.F.);
#8943=EDGE_CURVE('',#10903,#10901,#10904,.T.);
#8944=EDGE_CURVE('',#10905,#10903,#10906,.F.);
#8945=EDGE_CURVE('',#10907,#10905,#10908,.F.);
#8946=EDGE_CURVE('',#10909,#10907,#10910,.F.);
#8947=EDGE_CURVE('',#10911,#10909,#10912,.T.);
#8948=EDGE_CURVE('',#10913,#10911,#10914,.T.);
#8949=EDGE_CURVE('',#10915,#10913,#10916,.T.);
#8950=EDGE_CURVE('',#10917,#10915,#10918,.T.);
#8951=EDGE_CURVE('',#10917,#10919,#10920,.T.);
#8952=EDGE_CURVE('',#10921,#10919,#10922,.T.);
#8953=EDGE_CURVE('',#10923,#10921,#10924,.T.);
#8954=EDGE_CURVE('',#10923,#10925,#10926,.F.);
#8955=EDGE_CURVE('',#10927,#10925,#10928,.T.);
#8956=EDGE_CURVE('',#10929,#10927,#10930,.F.);
#8957=EDGE_CURVE('',#10931,#10929,#10932,.F.);
#8958=EDGE_CURVE('',#10933,#10931,#10934,.F.);
#8959=EDGE_CURVE('',#10935,#10933,#10936,.T.);
#8960=EDGE_CURVE('',#10937,#10935,#10938,.T.);
#8961=EDGE_CURVE('',#10939,#10937,#10940,.T.);
#8962=EDGE_CURVE('',#10939,#10665,#10941,.F.);
#8963=EDGE_CURVE('',#10662,#10942,#10943,.F.);
#8964=EDGE_CURVE('',#10942,#10944,#10945,.T.);
#8965=EDGE_CURVE('',#10944,#10946,#10947,.F.);
#8966=EDGE_CURVE('',#10948,#10946,#10949,.T.);
#8967=EDGE_CURVE('',#10950,#10948,#10951,.F.);
#8968=EDGE_CURVE('',#10952,#10950,#10953,.T.);
#8969=EDGE_CURVE('',#10954,#10952,#10955,.F.);
#8970=EDGE_CURVE('',#10956,#10954,#10957,.T.);
#8971=EDGE_CURVE('',#10958,#10956,#10959,.T.);
#8972=EDGE_CURVE('',#10958,#10960,#10961,.T.);
#8973=EDGE_CURVE('',#10960,#10962,#10963,.F.);
#8974=EDGE_CURVE('',#10964,#10962,#10965,.T.);
#8975=EDGE_CURVE('',#10966,#10964,#10967,.F.);
#8976=EDGE_CURVE('',#10968,#10966,#10969,.T.);
#8977=EDGE_CURVE('',#10970,#10968,#10971,.F.);
#8978=EDGE_CURVE('',#10972,#10970,#10973,.T.);
#8979=EDGE_CURVE('',#10974,#10972,#10975,.T.);
#8980=EDGE_CURVE('',#10974,#10976,#10977,.T.);
#8981=EDGE_CURVE('',#10976,#10629,#10978,.F.);
#8982=EDGE_CURVE('',#10979,#10595,#10980,.T.);
#8983=EDGE_CURVE('',#10981,#10979,#10982,.T.);
#8984=EDGE_CURVE('',#10983,#10981,#10984,.T.);
#8985=EDGE_CURVE('',#10597,#10983,#10985,.T.);
#8986=EDGE_CURVE('',#10558,#10986,#10987,.T.);
#8987=EDGE_CURVE('',#10988,#10576,#10989,.T.);
#8988=EDGE_CURVE('',#10988,#10990,#10991,.T.);
#8989=EDGE_CURVE('',#10990,#10992,#10993,.T.);
#8990=EDGE_CURVE('',#10986,#10992,#10994,.T.);
#8991=EDGE_CURVE('',#10657,#10995,#10996,.T.);
#8992=EDGE_CURVE('',#10995,#10897,#10997,.T.);
#8993=EDGE_CURVE('',#10998,#10919,#10999,.F.);
#8994=EDGE_CURVE('',#10998,#11000,#11001,.T.);
#8995=EDGE_CURVE('',#11000,#11002,#11003,.T.);
#8996=EDGE_CURVE('',#11002,#11004,#11005,.T.);
#8997=EDGE_CURVE('',#11004,#10921,#11006,.T.);
#8998=EDGE_CURVE('',#10986,#11007,#11008,.T.);
#8999=EDGE_CURVE('',#11007,#11009,#11010,.T.);
#9000=EDGE_CURVE('',#11009,#11011,#11012,.T.);
#9001=EDGE_CURVE('',#11013,#11011,#11014,.T.);
#9002=EDGE_CURVE('',#11013,#11015,#11016,.T.);
#9003=EDGE_CURVE('',#11015,#11017,#11018,.T.);
#9004=EDGE_CURVE('',#11017,#10714,#11019,.T.);
#9005=EDGE_CURVE('',#10988,#10712,#11020,.F.);
#9006=EDGE_CURVE('',#11021,#10992,#11022,.T.);
#9007=EDGE_CURVE('',#11021,#11007,#11023,.T.);
#9008=EDGE_CURVE('',#11024,#10998,#11025,.F.);
#9009=EDGE_CURVE('',#11026,#11024,#11027,.T.);
#9010=EDGE_CURVE('',#11000,#11026,#11028,.T.);
#9011=EDGE_CURVE('',#11029,#10915,#11030,.T.);
#9012=EDGE_CURVE('',#11031,#10913,#11032,.T.);
#9013=EDGE_CURVE('',#11031,#11033,#11034,.F.);
#9014=EDGE_CURVE('',#11035,#11033,#11036,.T.);
#9015=EDGE_CURVE('',#11035,#11037,#11038,.T.);
#9016=EDGE_CURVE('',#11037,#11039,#11040,.T.);
#9017=EDGE_CURVE('',#11039,#11041,#11042,.F.);
#9018=EDGE_CURVE('',#10899,#11041,#11043,.T.);
#9019=EDGE_CURVE('',#10995,#11044,#11045,.T.);
#9020=EDGE_CURVE('',#11044,#11046,#11047,.T.);
#9021=EDGE_CURVE('',#11046,#11048,#11049,.T.);
#9022=EDGE_CURVE('',#11048,#11050,#11051,.T.);
#9023=EDGE_CURVE('',#11052,#11050,#11053,.T.);
#9024=EDGE_CURVE('',#11054,#11052,#11055,.T.);
#9025=EDGE_CURVE('',#11054,#11056,#11057,.T.);
#9026=EDGE_CURVE('',#11056,#11058,#11059,.T.);
#9027=EDGE_CURVE('',#11060,#11058,#11061,.T.);
#9028=EDGE_CURVE('',#11062,#11060,#11063,.T.);
#9029=EDGE_CURVE('',#11064,#11062,#11065,.T.);
#9030=EDGE_CURVE('',#11064,#11066,#11067,.T.);
#9031=EDGE_CURVE('',#11068,#11066,#11069,.T.);
#9032=EDGE_CURVE('',#11070,#11068,#11071,.T.);
#9033=EDGE_CURVE('',#11072,#11070,#11073,.T.);
#9034=EDGE_CURVE('',#11072,#11074,#11075,.T.);
#9035=EDGE_CURVE('',#11076,#11074,#11077,.T.);
#9036=EDGE_CURVE('',#11078,#11076,#11079,.T.);
#9037=EDGE_CURVE('',#11080,#11078,#11081,.T.);
#9038=EDGE_CURVE('',#11080,#11082,#11083,.T.);
#9039=EDGE_CURVE('',#11084,#11082,#11085,.T.);
#9040=EDGE_CURVE('',#11086,#11084,#11087,.T.);
#9041=EDGE_CURVE('',#11029,#11086,#11088,.T.);
#9042=EDGE_CURVE('',#10939,#11089,#11090,.T.);
#9043=EDGE_CURVE('',#11091,#10937,#11092,.T.);
#9044=EDGE_CURVE('',#11091,#11093,#11094,.F.);
#9045=EDGE_CURVE('',#11095,#11093,#11096,.T.);
#9046=EDGE_CURVE('',#11095,#11097,#11098,.T.);
#9047=EDGE_CURVE('',#11097,#11099,#11100,.T.);
#9048=EDGE_CURVE('',#11099,#11101,#11102,.F.);
#9049=EDGE_CURVE('',#10923,#11101,#11103,.T.);
#9050=EDGE_CURVE('',#11104,#11004,#11105,.T.);
#9051=EDGE_CURVE('',#11106,#11104,#11107,.T.);
#9052=EDGE_CURVE('',#11108,#11106,#11109,.T.);
#9053=EDGE_CURVE('',#11108,#11110,#11111,.T.);
#9054=EDGE_CURVE('',#11112,#11110,#11113,.T.);
#9055=EDGE_CURVE('',#11114,#11112,#11115,.T.);
#9056=EDGE_CURVE('',#11116,#11114,#11117,.T.);
#9057=EDGE_CURVE('',#11116,#11118,#11119,.T.);
#9058=EDGE_CURVE('',#11120,#11118,#11121,.T.);
#9059=EDGE_CURVE('',#11122,#11120,#11123,.T.);
#9060=EDGE_CURVE('',#11124,#11122,#11125,.T.);
#9061=EDGE_CURVE('',#11124,#11126,#11127,.T.);
#9062=EDGE_CURVE('',#11128,#11126,#11129,.T.);
#9063=EDGE_CURVE('',#11130,#11128,#11131,.T.);
#9064=EDGE_CURVE('',#11132,#11130,#11133,.T.);
#9065=EDGE_CURVE('',#11132,#11134,#11135,.T.);
#9066=EDGE_CURVE('',#11134,#11136,#11137,.T.);
#9067=EDGE_CURVE('',#11138,#11136,#11139,.T.);
#9068=EDGE_CURVE('',#11140,#11138,#11141,.T.);
#9069=EDGE_CURVE('',#11140,#11142,#11143,.T.);
#9070=EDGE_CURVE('',#11142,#11144,#11145,.T.);
#9071=EDGE_CURVE('',#11144,#11146,#11147,.T.);
#9072=EDGE_CURVE('',#11146,#11089,#11148,.T.);
#9073=EDGE_CURVE('',#11149,#11021,#11150,.T.);
#9074=EDGE_CURVE('',#11151,#11149,#11152,.T.);
#9075=EDGE_CURVE('',#11151,#11009,#11153,.T.);
#9076=EDGE_CURVE('',#11154,#11024,#11155,.F.);
#9077=EDGE_CURVE('',#11156,#11154,#11157,.T.);
#9078=EDGE_CURVE('',#11026,#11156,#11158,.T.);
#9079=EDGE_CURVE('',#11159,#10603,#11160,.T.);
#9080=EDGE_CURVE('',#11159,#11161,#11162,.T.);
#9081=EDGE_CURVE('',#10605,#11161,#11163,.T.);
#9082=EDGE_CURVE('',#11164,#11159,#11165,.T.);
#9083=EDGE_CURVE('',#11166,#11164,#11167,.T.);
#9084=EDGE_CURVE('',#11168,#11166,#11169,.T.);
#9085=EDGE_CURVE('',#11161,#11168,#11170,.T.);
#9086=EDGE_CURVE('',#11171,#11172,#11173,.T.);
#9087=EDGE_CURVE('',#11174,#11172,#11175,.T.);
#9088=EDGE_CURVE('',#11174,#11176,#11177,.F.);
#9089=EDGE_CURVE('',#11178,#11176,#11179,.T.);
#9090=EDGE_CURVE('',#11178,#11180,#11181,.F.);
#9091=EDGE_CURVE('',#11171,#11180,#11182,.T.);
#9092=EDGE_CURVE('',#11183,#11184,#11185,.T.);
#9093=EDGE_CURVE('',#11186,#11183,#11187,.T.);
#9094=EDGE_CURVE('',#11186,#11188,#11189,.F.);
#9095=EDGE_CURVE('',#11190,#11188,#11191,.T.);
#9096=EDGE_CURVE('',#11190,#11192,#11193,.F.);
#9097=EDGE_CURVE('',#11184,#11192,#11194,.T.);
#9098=EDGE_CURVE('',#10744,#11195,#11196,.T.);
#9099=EDGE_CURVE('',#11195,#11197,#11198,.T.);
#9100=EDGE_CURVE('',#11199,#11197,#11200,.T.);
#9101=EDGE_CURVE('',#11199,#11201,#11202,.T.);
#9102=EDGE_CURVE('',#11201,#10746,#11203,.T.);
#9103=EDGE_CURVE('',#10736,#11204,#11205,.T.);
#9104=EDGE_CURVE('',#11204,#11206,#11207,.T.);
#9105=EDGE_CURVE('',#11208,#11206,#11209,.T.);
#9106=EDGE_CURVE('',#11208,#11210,#11211,.T.);
#9107=EDGE_CURVE('',#11210,#10738,#11212,.T.);
#9108=EDGE_CURVE('',#10944,#11213,#11214,.T.);
#9109=EDGE_CURVE('',#11215,#11213,#11216,.T.);
#9110=EDGE_CURVE('',#11215,#10946,#11217,.T.);
#9111=EDGE_CURVE('',#11218,#10958,#11219,.T.);
#9112=EDGE_CURVE('',#10956,#11220,#11221,.T.);
#9113=EDGE_CURVE('',#11218,#11220,#11222,.T.);
#9114=EDGE_CURVE('',#10960,#11223,#11224,.T.);
#9115=EDGE_CURVE('',#11225,#11223,#11226,.T.);
#9116=EDGE_CURVE('',#11225,#10962,#11227,.T.);
#9117=EDGE_CURVE('',#11228,#10974,#11229,.T.);
#9118=EDGE_CURVE('',#10972,#11230,#11231,.T.);
#9119=EDGE_CURVE('',#11228,#11230,#11232,.T.);
#9120=EDGE_CURVE('',#11233,#11041,#11234,.T.);
#9121=EDGE_CURVE('',#11233,#10901,#11235,.T.);
#9122=EDGE_CURVE('',#10911,#11236,#11237,.T.);
#9123=EDGE_CURVE('',#11031,#11236,#11238,.T.);
#9124=EDGE_CURVE('',#11239,#11101,#11240,.T.);
#9125=EDGE_CURVE('',#11239,#10925,#11241,.T.);
#9126=EDGE_CURVE('',#10935,#11242,#11243,.T.);
#9127=EDGE_CURVE('',#11091,#11242,#11244,.T.);
#9128=EDGE_CURVE('',#11245,#11151,#11246,.F.);
#9129=EDGE_CURVE('',#11247,#11245,#11248,.T.);
#9130=EDGE_CURVE('',#11249,#11247,#11250,.T.);
#9131=EDGE_CURVE('',#11251,#11249,#11252,.T.);
#9132=EDGE_CURVE('',#11251,#11011,#11253,.T.);
#9133=EDGE_CURVE('',#10538,#11156,#11254,.T.);
#9134=EDGE_CURVE('',#10537,#11154,#11255,.T.);
#9135=EDGE_CURVE('',#11256,#11257,#11258,.T.);
#9136=EDGE_CURVE('',#11256,#11259,#11260,.T.);
#9137=EDGE_CURVE('',#11261,#11259,#11262,.T.);
#9138=EDGE_CURVE('',#11257,#11261,#11263,.T.);
#9139=EDGE_CURVE('',#11164,#11264,#11265,.T.);
#9140=EDGE_CURVE('',#11266,#11264,#11267,.T.);
#9141=EDGE_CURVE('',#11266,#11268,#11269,.T.);
#9142=EDGE_CURVE('',#11268,#11270,#11271,.T.);
#9143=EDGE_CURVE('',#11270,#11272,#11273,.T.);
#9144=EDGE_CURVE('',#11166,#11272,#11274,.F.);
#9145=EDGE_CURVE('',#11275,#10733,#11276,.T.);
#9146=EDGE_CURVE('',#11204,#11275,#11277,.T.);
#9147=EDGE_CURVE('',#11097,#11278,#11279,.T.);
#9148=EDGE_CURVE('',#11280,#11278,#11281,.T.);
#9149=EDGE_CURVE('',#11099,#11280,#11282,.F.);
#9150=EDGE_CURVE('',#11283,#10741,#11284,.T.);
#9151=EDGE_CURVE('',#11195,#11283,#11285,.T.);
#9152=EDGE_CURVE('',#11037,#11286,#11287,.T.);
#9153=EDGE_CURVE('',#11288,#11286,#11289,.T.);
#9154=EDGE_CURVE('',#11039,#11288,#11290,.F.);
#9155=EDGE_CURVE('',#10763,#11291,#11292,.T.);
#9156=EDGE_CURVE('',#11291,#10758,#11293,.T.);
#9157=EDGE_CURVE('',#11184,#11294,#11295,.T.);
#9158=EDGE_CURVE('',#11296,#11192,#11297,.T.);
#9159=EDGE_CURVE('',#11294,#11296,#11298,.F.);
#9160=EDGE_CURVE('',#10789,#11299,#11300,.T.);
#9161=EDGE_CURVE('',#11299,#10775,#11301,.T.);
#9162=EDGE_CURVE('',#11171,#11302,#11303,.T.);
#9163=EDGE_CURVE('',#11304,#11180,#11305,.T.);
#9164=EDGE_CURVE('',#11302,#11304,#11306,.T.);
#9165=EDGE_CURVE('',#10879,#10708,#11307,.T.);
#9166=EDGE_CURVE('',#11308,#11309,#11310,.T.);
#9167=EDGE_CURVE('',#11308,#11095,#11311,.T.);
#9168=EDGE_CURVE('',#11309,#11093,#11312,.F.);
#9169=EDGE_CURVE('',#11313,#11210,#11314,.T.);
#9170=EDGE_CURVE('',#10734,#11313,#11315,.T.);
#9171=EDGE_CURVE('',#11316,#10933,#11317,.T.);
#9172=EDGE_CURVE('',#11242,#11316,#11318,.F.);
#9173=EDGE_CURVE('',#10931,#11319,#11320,.T.);
#9174=EDGE_CURVE('',#11316,#11319,#11321,.F.);
#9175=EDGE_CURVE('',#11322,#10929,#11323,.T.);
#9176=EDGE_CURVE('',#11319,#11322,#11324,.T.);
#9177=EDGE_CURVE('',#10927,#11325,#11326,.T.);
#9178=EDGE_CURVE('',#11322,#11325,#11327,.F.);
#9179=EDGE_CURVE('',#11325,#11239,#11328,.F.);
#9180=EDGE_CURVE('',#11329,#11278,#11330,.F.);
#9181=EDGE_CURVE('',#11329,#11331,#11332,.T.);
#9182=EDGE_CURVE('',#11280,#11331,#11333,.T.);
#9183=EDGE_CURVE('',#11329,#11334,#11335,.T.);
#9184=EDGE_CURVE('',#11336,#11334,#11337,.T.);
#9185=EDGE_CURVE('',#11331,#11336,#11338,.F.);
#9186=EDGE_CURVE('',#11308,#11334,#11339,.F.);
#9187=EDGE_CURVE('',#11336,#11309,#11340,.T.);
#9188=EDGE_CURVE('',#11341,#11342,#11343,.T.);
#9189=EDGE_CURVE('',#11341,#11035,#11344,.T.);
#9190=EDGE_CURVE('',#11342,#11033,#11345,.F.);
#9191=EDGE_CURVE('',#11346,#11201,#11347,.T.);
#9192=EDGE_CURVE('',#10742,#11346,#11348,.T.);
#9193=EDGE_CURVE('',#11349,#10970,#11350,.T.);
#9194=EDGE_CURVE('',#11230,#11349,#11351,.F.);
#9195=EDGE_CURVE('',#10964,#11352,#11353,.T.);
#9196=EDGE_CURVE('',#11352,#11225,#11354,.F.);
#9197=EDGE_CURVE('',#11355,#10966,#11356,.T.);
#9198=EDGE_CURVE('',#11355,#11352,#11357,.F.);
#9199=EDGE_CURVE('',#10968,#11358,#11359,.T.);
#9200=EDGE_CURVE('',#11358,#11355,#11360,.F.);
#9201=EDGE_CURVE('',#11349,#11358,#11361,.F.);
#9202=EDGE_CURVE('',#11186,#11362,#11363,.T.);
#9203=EDGE_CURVE('',#11183,#11364,#11365,.T.);
#9204=EDGE_CURVE('',#11362,#11364,#11366,.F.);
#9205=EDGE_CURVE('',#11367,#10761,#11368,.T.);
#9206=EDGE_CURVE('',#10752,#11367,#11369,.T.);
#9207=EDGE_CURVE('',#11190,#11370,#11371,.T.);
#9208=EDGE_CURVE('',#11296,#11370,#11372,.T.);
#9209=EDGE_CURVE('',#11373,#11188,#11374,.T.);
#9210=EDGE_CURVE('',#11370,#11373,#11375,.F.);
#9211=EDGE_CURVE('',#11373,#11362,#11376,.T.);
#9212=EDGE_CURVE('',#11174,#11377,#11378,.T.);
#9213=EDGE_CURVE('',#11172,#11379,#11380,.T.);
#9214=EDGE_CURVE('',#11377,#11379,#11381,.T.);
#9215=EDGE_CURVE('',#11382,#10787,#11383,.T.);
#9216=EDGE_CURVE('',#10769,#11382,#11384,.T.);
#9217=EDGE_CURVE('',#11178,#11385,#11386,.T.);
#9218=EDGE_CURVE('',#11304,#11385,#11387,.T.);
#9219=EDGE_CURVE('',#11388,#10954,#11389,.T.);
#9220=EDGE_CURVE('',#11220,#11388,#11390,.T.);
#9221=EDGE_CURVE('',#10952,#11391,#11392,.T.);
#9222=EDGE_CURVE('',#11388,#11391,#11393,.F.);
#9223=EDGE_CURVE('',#11394,#10950,#11395,.T.);
#9224=EDGE_CURVE('',#11394,#11391,#11396,.T.);
#9225=EDGE_CURVE('',#10948,#11397,#11398,.T.);
#9226=EDGE_CURVE('',#11394,#11397,#11399,.F.);
#9227=EDGE_CURVE('',#11397,#11215,#11400,.T.);
#9228=EDGE_CURVE('',#11401,#11176,#11402,.T.);
#9229=EDGE_CURVE('',#11401,#11385,#11403,.T.);
#9230=EDGE_CURVE('',#11401,#11377,#11404,.T.);
#9231=EDGE_CURVE('',#10884,#11405,#11406,.T.);
#9232=EDGE_CURVE('',#11407,#11405,#11408,.T.);
#9233=EDGE_CURVE('',#11407,#10887,#11409,.T.);
#9234=EDGE_CURVE('',#11410,#11286,#11411,.F.);
#9235=EDGE_CURVE('',#11410,#11412,#11413,.T.);
#9236=EDGE_CURVE('',#11288,#11412,#11414,.T.);
#9237=EDGE_CURVE('',#11410,#11415,#11416,.T.);
#9238=EDGE_CURVE('',#11417,#11415,#11418,.T.);
#9239=EDGE_CURVE('',#11412,#11417,#11419,.F.);
#9240=EDGE_CURVE('',#11341,#11415,#11420,.F.);
#9241=EDGE_CURVE('',#11417,#11342,#11421,.T.);
#9242=EDGE_CURVE('',#11422,#10909,#11423,.T.);
#9243=EDGE_CURVE('',#11236,#11422,#11424,.F.);
#9244=EDGE_CURVE('',#10907,#11425,#11426,.T.);
#9245=EDGE_CURVE('',#11422,#11425,#11427,.F.);
#9246=EDGE_CURVE('',#11428,#10905,#11429,.T.);
#9247=EDGE_CURVE('',#11425,#11428,#11430,.T.);
#9248=EDGE_CURVE('',#10903,#11431,#11432,.T.);
#9249=EDGE_CURVE('',#11428,#11431,#11433,.F.);
#9250=EDGE_CURVE('',#11431,#11233,#11434,.F.);
#9251=EDGE_CURVE('',#11435,#10602,#11436,.F.);
#9252=EDGE_CURVE('',#11435,#11437,#11438,.T.);
#9253=EDGE_CURVE('',#11437,#11439,#11440,.T.);
#9254=EDGE_CURVE('',#11439,#11441,#11442,.T.);
#9255=EDGE_CURVE('',#11441,#11443,#11444,.T.);
#9256=EDGE_CURVE('',#11264,#11443,#11445,.T.);
#9257=EDGE_CURVE('',#11013,#11446,#11447,.T.);
#9258=EDGE_CURVE('',#11448,#11446,#11449,.T.);
#9259=EDGE_CURVE('',#11443,#11448,#11450,.T.);
#9260=EDGE_CURVE('',#11451,#11441,#11452,.T.);
#9261=EDGE_CURVE('',#11451,#11453,#11454,.T.);
#9262=EDGE_CURVE('',#11015,#11453,#11455,.T.);
#9263=EDGE_CURVE('',#11456,#11457,#11458,.T.);
#9264=EDGE_CURVE('',#11459,#11456,#11460,.T.);
#9265=EDGE_CURVE('',#11457,#11459,#11461,.T.);
#9266=EDGE_CURVE('',#11459,#11462,#11463,.T.);
#9267=EDGE_CURVE('',#11462,#11464,#11465,.T.);
#9268=EDGE_CURVE('',#11464,#11466,#11467,.T.);
#9269=EDGE_CURVE('',#11468,#11466,#11469,.T.);
#9270=EDGE_CURVE('',#11470,#11468,#11471,.T.);
#9271=EDGE_CURVE('',#11470,#11472,#11473,.T.);
#9272=EDGE_CURVE('',#11474,#11472,#11475,.T.);
#9273=EDGE_CURVE('',#11474,#11476,#11477,.T.);
#9274=EDGE_CURVE('',#11476,#11478,#11479,.T.);
#9275=EDGE_CURVE('',#11480,#11478,#11481,.T.);
#9276=EDGE_CURVE('',#11480,#11482,#11483,.T.);
#9277=EDGE_CURVE('',#11484,#11482,#11485,.T.);
#9278=EDGE_CURVE('',#11486,#11484,#11487,.T.);
#9279=EDGE_CURVE('',#11486,#11488,#11489,.T.);
#9280=EDGE_CURVE('',#11490,#11488,#11491,.T.);
#9281=EDGE_CURVE('',#11490,#11492,#11493,.T.);
#9282=EDGE_CURVE('',#11494,#11492,#11495,.T.);
#9283=EDGE_CURVE('',#11496,#11494,#11497,.T.);
#9284=EDGE_CURVE('',#11496,#11498,#11499,.T.);
#9285=EDGE_CURVE('',#11500,#11498,#11501,.T.);
#9286=EDGE_CURVE('',#11502,#11500,#11503,.T.);
#9287=EDGE_CURVE('',#11504,#11502,#11505,.T.);
#9288=EDGE_CURVE('',#11506,#11504,#11507,.T.);
#9289=EDGE_CURVE('',#11508,#11506,#11509,.T.);
#9290=EDGE_CURVE('',#11510,#11508,#11511,.T.);
#9291=EDGE_CURVE('',#11510,#11512,#11513,.T.);
#9292=EDGE_CURVE('',#11512,#11514,#11515,.T.);
#9293=EDGE_CURVE('',#11516,#11514,#11517,.T.);
#9294=EDGE_CURVE('',#11516,#11518,#11519,.T.);
#9295=EDGE_CURVE('',#11518,#11520,#11521,.T.);
#9296=EDGE_CURVE('',#11520,#11522,#11523,.T.);
#9297=EDGE_CURVE('',#11522,#11524,#11525,.T.);
#9298=EDGE_CURVE('',#11524,#11526,#11527,.T.);
#9299=EDGE_CURVE('',#11526,#11528,#11529,.T.);
#9300=EDGE_CURVE('',#11528,#11530,#11531,.T.);
#9301=EDGE_CURVE('',#11532,#11530,#11533,.T.);
#9302=EDGE_CURVE('',#11534,#11532,#11535,.T.);
#9303=EDGE_CURVE('',#11536,#11534,#11537,.T.);
#9304=EDGE_CURVE('',#11536,#11538,#11539,.T.);
#9305=EDGE_CURVE('',#11540,#11538,#11541,.T.);
#9306=EDGE_CURVE('',#11542,#11540,#11543,.T.);
#9307=EDGE_CURVE('',#11542,#11544,#11545,.T.);
#9308=EDGE_CURVE('',#11544,#11546,#11547,.T.);
#9309=EDGE_CURVE('',#11548,#11546,#11549,.T.);
#9310=EDGE_CURVE('',#11550,#11548,#11551,.T.);
#9311=EDGE_CURVE('',#11552,#11550,#11553,.T.);
#9312=EDGE_CURVE('',#11552,#11554,#11555,.T.);
#9313=EDGE_CURVE('',#11556,#11554,#11557,.T.);
#9314=EDGE_CURVE('',#11558,#11556,#11559,.T.);
#9315=EDGE_CURVE('',#11558,#11560,#11561,.T.);
#9316=EDGE_CURVE('',#11560,#11562,#11563,.T.);
#9317=EDGE_CURVE('',#11564,#11562,#11565,.T.);
#9318=EDGE_CURVE('',#11564,#11566,#11567,.T.);
#9319=EDGE_CURVE('',#11566,#11568,#11569,.T.);
#9320=EDGE_CURVE('',#11568,#11570,#11571,.T.);
#9321=EDGE_CURVE('',#11570,#11572,#11573,.T.);
#9322=EDGE_CURVE('',#11572,#11574,#11575,.T.);
#9323=EDGE_CURVE('',#11574,#11576,#11577,.T.);
#9324=EDGE_CURVE('',#11576,#11578,#11579,.T.);
#9325=EDGE_CURVE('',#11580,#11578,#11581,.T.);
#9326=EDGE_CURVE('',#11580,#11582,#11583,.T.);
#9327=EDGE_CURVE('',#11582,#11584,#11585,.T.);
#9328=EDGE_CURVE('',#11584,#11586,#11587,.T.);
#9329=EDGE_CURVE('',#11586,#11588,#11589,.T.);
#9330=EDGE_CURVE('',#11588,#11590,#11591,.T.);
#9331=EDGE_CURVE('',#11590,#11592,#11593,.T.);
#9332=EDGE_CURVE('',#11592,#11594,#11595,.T.);
#9333=EDGE_CURVE('',#11596,#11594,#11597,.T.);
#9334=EDGE_CURVE('',#11596,#11598,#11599,.T.);
#9335=EDGE_CURVE('',#11598,#11600,#11601,.T.);
#9336=EDGE_CURVE('',#11600,#11602,#11603,.T.);
#9337=EDGE_CURVE('',#11602,#11604,#11605,.T.);
#9338=EDGE_CURVE('',#11604,#11606,#11607,.T.);
#9339=EDGE_CURVE('',#11606,#11608,#11609,.T.);
#9340=EDGE_CURVE('',#11608,#11610,#11611,.T.);
#9341=EDGE_CURVE('',#11612,#11610,#11613,.T.);
#9342=EDGE_CURVE('',#11612,#11614,#11615,.T.);
#9343=EDGE_CURVE('',#11614,#11616,#11617,.T.);
#9344=EDGE_CURVE('',#11457,#11616,#11618,.T.);
#9345=EDGE_CURVE('',#11616,#11619,#11620,.T.);
#9346=EDGE_CURVE('',#11619,#11621,#11622,.F.);
#9347=EDGE_CURVE('',#11623,#11621,#11624,.T.);
#9348=EDGE_CURVE('',#11456,#11623,#11625,.T.);
#9349=EDGE_CURVE('',#11623,#11626,#11627,.T.);
#9350=EDGE_CURVE('',#11462,#11626,#11628,.T.);
#9351=EDGE_CURVE('',#11629,#11626,#11630,.T.);
#9352=EDGE_CURVE('',#11629,#11464,#11631,.T.);
#9353=EDGE_CURVE('',#11632,#11633,#11634,.T.);
#9354=EDGE_CURVE('',#11635,#11633,#11636,.T.);
#9355=EDGE_CURVE('',#11637,#11635,#11638,.T.);
#9356=EDGE_CURVE('',#11637,#11632,#11639,.T.);
#9357=EDGE_CURVE('',#11629,#11640,#11641,.T.);
#9358=EDGE_CURVE('',#11640,#11466,#11642,.T.);
#9359=EDGE_CURVE('',#11643,#11608,#11644,.T.);
#9360=EDGE_CURVE('',#11643,#11645,#11646,.T.);
#9361=EDGE_CURVE('',#11645,#11610,#11647,.T.);
#9362=EDGE_CURVE('',#11648,#11592,#11649,.T.);
#9363=EDGE_CURVE('',#11648,#11650,#11651,.T.);
#9364=EDGE_CURVE('',#11650,#11594,#11652,.T.);
#9365=EDGE_CURVE('',#11653,#11576,#11654,.T.);
#9366=EDGE_CURVE('',#11653,#11655,#11656,.T.);
#9367=EDGE_CURVE('',#11655,#11578,#11657,.T.);
#9368=EDGE_CURVE('',#11658,#11560,#11659,.T.);
#9369=EDGE_CURVE('',#11658,#11660,#11661,.T.);
#9370=EDGE_CURVE('',#11660,#11562,#11662,.T.);
#9371=EDGE_CURVE('',#11663,#11544,#11664,.T.);
#9372=EDGE_CURVE('',#11663,#11665,#11666,.T.);
#9373=EDGE_CURVE('',#11665,#11546,#11667,.T.);
#9374=EDGE_CURVE('',#11668,#11528,#11669,.T.);
#9375=EDGE_CURVE('',#11668,#11670,#11671,.T.);
#9376=EDGE_CURVE('',#11670,#11530,#11672,.T.);
#9377=EDGE_CURVE('',#11673,#11512,#11674,.T.);
#9378=EDGE_CURVE('',#11673,#11675,#11676,.T.);
#9379=EDGE_CURVE('',#11675,#11514,#11677,.T.);
#9380=EDGE_CURVE('',#11678,#11496,#11679,.T.);
#9381=EDGE_CURVE('',#11678,#11680,#11681,.T.);
#9382=EDGE_CURVE('',#11680,#11498,#11682,.T.);
#9383=EDGE_CURVE('',#11683,#11684,#11685,.T.);
#9384=EDGE_CURVE('',#11684,#11468,#11686,.T.);
#9385=EDGE_CURVE('',#11640,#11687,#11688,.T.);
#9386=EDGE_CURVE('',#11687,#11689,#11690,.T.);
#9387=EDGE_CURVE('',#11689,#11691,#11692,.T.);
#9388=EDGE_CURVE('',#11691,#11693,#11694,.T.);
#9389=EDGE_CURVE('',#11695,#11693,#11696,.T.);
#9390=EDGE_CURVE('',#11697,#11695,#11698,.T.);
#9391=EDGE_CURVE('',#11697,#11699,#11700,.T.);
#9392=EDGE_CURVE('',#11699,#11683,#11701,.T.);
#9393=EDGE_CURVE('',#11699,#11702,#11703,.T.);
#9394=EDGE_CURVE('',#11704,#11702,#11705,.T.);
#9395=EDGE_CURVE('',#11704,#11683,#11706,.T.);
#9396=EDGE_CURVE('',#11707,#11684,#11708,.T.);
#9397=EDGE_CURVE('',#11470,#11707,#11709,.T.);
#9398=EDGE_CURVE('',#11710,#11711,#11712,.T.);
#9399=EDGE_CURVE('',#11710,#11713,#11714,.T.);
#9400=EDGE_CURVE('',#11715,#11713,#11716,.T.);
#9401=EDGE_CURVE('',#11715,#11717,#11718,.T.);
#9402=EDGE_CURVE('',#11719,#11717,#11720,.T.);
#9403=EDGE_CURVE('',#11719,#11721,#11722,.T.);
#9404=EDGE_CURVE('',#11721,#11723,#11724,.T.);
#9405=EDGE_CURVE('',#11723,#11725,#11726,.F.);
#9406=EDGE_CURVE('',#11725,#11727,#11728,.T.);
#9407=EDGE_CURVE('',#11727,#11729,#11730,.F.);
#9408=EDGE_CURVE('',#11731,#11729,#11732,.T.);
#9409=EDGE_CURVE('',#11731,#11733,#11734,.T.);
#9410=EDGE_CURVE('',#11711,#11733,#11735,.T.);
#9411=EDGE_CURVE('',#11736,#11704,#11737,.T.);
#9412=EDGE_CURVE('',#11736,#11738,#11739,.T.);
#9413=EDGE_CURVE('',#11740,#11738,#11741,.T.);
#9414=EDGE_CURVE('',#11742,#11740,#11743,.T.);
#9415=EDGE_CURVE('',#11744,#11742,#11745,.T.);
#9416=EDGE_CURVE('',#11746,#11744,#11747,.T.);
#9417=EDGE_CURVE('',#11746,#11748,#11749,.F.);
#9418=EDGE_CURVE('',#11748,#11750,#11751,.T.);
#9419=EDGE_CURVE('',#11750,#11752,#11753,.F.);
#9420=EDGE_CURVE('',#11752,#10526,#11754,.F.);
#9421=EDGE_CURVE('',#11683,#10523,#11755,.T.);
#9422=EDGE_CURVE('',#11733,#11756,#11757,.T.);
#9423=EDGE_CURVE('',#11756,#11758,#11759,.T.);
#9424=EDGE_CURVE('',#11758,#11711,#11760,.T.);
#9425=EDGE_CURVE('',#11484,#11761,#11762,.T.);
#9426=EDGE_CURVE('',#11763,#11761,#11764,.T.);
#9427=EDGE_CURVE('',#11763,#11486,#11765,.T.);
#9428=EDGE_CURVE('',#11758,#11766,#11767,.T.);
#9429=EDGE_CURVE('',#11766,#11710,#11768,.T.);
#9430=EDGE_CURVE('',#11769,#11763,#11770,.T.);
#9431=EDGE_CURVE('',#11769,#11488,#11771,.T.);
#9432=EDGE_CURVE('',#11766,#11772,#11773,.T.);
#9433=EDGE_CURVE('',#11713,#11772,#11774,.T.);
#9434=EDGE_CURVE('',#11769,#11775,#11776,.T.);
#9435=EDGE_CURVE('',#11490,#11775,#11777,.T.);
#9436=EDGE_CURVE('',#11778,#11775,#11779,.T.);
#9437=EDGE_CURVE('',#11778,#11492,#11780,.T.);
#9438=EDGE_CURVE('',#11772,#11781,#11782,.T.);
#9439=EDGE_CURVE('',#11781,#11715,#11783,.T.);
#9440=EDGE_CURVE('',#11781,#11784,#11785,.T.);
#9441=EDGE_CURVE('',#11717,#11784,#11786,.T.);
#9442=EDGE_CURVE('',#11778,#11787,#11788,.T.);
#9443=EDGE_CURVE('',#11494,#11787,#11789,.T.);
#9444=EDGE_CURVE('',#11787,#11717,#11790,.T.);
#9445=EDGE_CURVE('',#11784,#11791,#11792,.T.);
#9446=EDGE_CURVE('',#11791,#11793,#11794,.T.);
#9447=EDGE_CURVE('',#11795,#11793,#11796,.T.);
#9448=EDGE_CURVE('',#11795,#11797,#11798,.T.);
#9449=EDGE_CURVE('',#11799,#11797,#11800,.T.);
#9450=EDGE_CURVE('',#11799,#11801,#11802,.T.);
#9451=EDGE_CURVE('',#11678,#11801,#11803,.T.);
#9452=EDGE_CURVE('',#11801,#11407,#11804,.T.);
#9453=EDGE_CURVE('',#11405,#11687,#11805,.T.);
#9454=EDGE_CURVE('',#11645,#11629,#11806,.T.);
#9455=EDGE_CURVE('',#11650,#11643,#11807,.T.);
#9456=EDGE_CURVE('',#11655,#11648,#11808,.T.);
#9457=EDGE_CURVE('',#11660,#11653,#11809,.T.);
#9458=EDGE_CURVE('',#11665,#11658,#11810,.T.);
#9459=EDGE_CURVE('',#11670,#11663,#11811,.T.);
#9460=EDGE_CURVE('',#11675,#11668,#11812,.T.);
#9461=EDGE_CURVE('',#11680,#11673,#11813,.T.);
#9462=EDGE_CURVE('',#11673,#11814,#11815,.T.);
#9463=EDGE_CURVE('',#11816,#11814,#11817,.T.);
#9464=EDGE_CURVE('',#11816,#11818,#11819,.T.);
#9465=EDGE_CURVE('',#11820,#11818,#11821,.T.);
#9466=EDGE_CURVE('',#11820,#11680,#11822,.T.);
#9467=EDGE_CURVE('',#11668,#11823,#11824,.T.);
#9468=EDGE_CURVE('',#11823,#11825,#11826,.T.);
#9469=EDGE_CURVE('',#11827,#11825,#11828,.T.);
#9470=EDGE_CURVE('',#11827,#11829,#11830,.T.);
#9471=EDGE_CURVE('',#11829,#11675,#11831,.T.);
#9472=EDGE_CURVE('',#11663,#11832,#11833,.T.);
#9473=EDGE_CURVE('',#11834,#11832,#11835,.T.);
#9474=EDGE_CURVE('',#11834,#11836,#11837,.T.);
#9475=EDGE_CURVE('',#11838,#11836,#11839,.T.);
#9476=EDGE_CURVE('',#11838,#11670,#11840,.T.);
#9477=EDGE_CURVE('',#11658,#11841,#11842,.T.);
#9478=EDGE_CURVE('',#11843,#11841,#11844,.T.);
#9479=EDGE_CURVE('',#11843,#11845,#11846,.T.);
#9480=EDGE_CURVE('',#11847,#11845,#11848,.T.);
#9481=EDGE_CURVE('',#11847,#11665,#11849,.T.);
#9482=EDGE_CURVE('',#11653,#11850,#11851,.T.);
#9483=EDGE_CURVE('',#11852,#11850,#11853,.T.);
#9484=EDGE_CURVE('',#11852,#11854,#11855,.T.);
#9485=EDGE_CURVE('',#11856,#11854,#11857,.T.);
#9486=EDGE_CURVE('',#11856,#11660,#11858,.T.);
#9487=EDGE_CURVE('',#11648,#11859,#11860,.T.);
#9488=EDGE_CURVE('',#11861,#11859,#11862,.T.);
#9489=EDGE_CURVE('',#11861,#11863,#11864,.T.);
#9490=EDGE_CURVE('',#11865,#11863,#11866,.T.);
#9491=EDGE_CURVE('',#11865,#11655,#11867,.T.);
#9492=EDGE_CURVE('',#11643,#11868,#11869,.T.);
#9493=EDGE_CURVE('',#11870,#11868,#11871,.T.);
#9494=EDGE_CURVE('',#11872,#11870,#11873,.T.);
#9495=EDGE_CURVE('',#11872,#11874,#11875,.T.);
#9496=EDGE_CURVE('',#11874,#11650,#11876,.T.);
#9497=EDGE_CURVE('',#11877,#11621,#11878,.T.);
#9498=EDGE_CURVE('',#11877,#11645,#11879,.T.);
#9499=EDGE_CURVE('',#11500,#11820,#11880,.T.);
#9500=EDGE_CURVE('',#11881,#11882,#11883,.T.);
#9501=EDGE_CURVE('',#11882,#11884,#11885,.T.);
#9502=EDGE_CURVE('',#11886,#11884,#11887,.T.);
#9503=EDGE_CURVE('',#11886,#11881,#11888,.T.);
#9504=EDGE_CURVE('',#11889,#11818,#11890,.T.);
#9505=EDGE_CURVE('',#11502,#11889,#11891,.T.);
#9506=EDGE_CURVE('',#11504,#11889,#11892,.T.);
#9507=EDGE_CURVE('',#11893,#11816,#11894,.T.);
#9508=EDGE_CURVE('',#11893,#11506,#11895,.T.);
#9509=EDGE_CURVE('',#11508,#11893,#11896,.T.);
#9510=EDGE_CURVE('',#11814,#11510,#11897,.T.);
#9511=EDGE_CURVE('',#11898,#11899,#11900,.T.);
#9512=EDGE_CURVE('',#11899,#11901,#11902,.T.);
#9513=EDGE_CURVE('',#11901,#11903,#11904,.T.);
#9514=EDGE_CURVE('',#11905,#11903,#11906,.T.);
#9515=EDGE_CURVE('',#11905,#11881,#11907,.T.);
#9516=EDGE_CURVE('',#11886,#11791,#11908,.T.);
#9517=EDGE_CURVE('',#11756,#11909,#11910,.T.);
#9518=EDGE_CURVE('',#11911,#11909,#11912,.T.);
#9519=EDGE_CURVE('',#11911,#11913,#11914,.T.);
#9520=EDGE_CURVE('',#11915,#11913,#11916,.T.);
#9521=EDGE_CURVE('',#11917,#11915,#11918,.T.);
#9522=EDGE_CURVE('',#11919,#11917,#11920,.T.);
#9523=EDGE_CURVE('',#11702,#11919,#11921,.T.);
#9524=EDGE_CURVE('',#11697,#11632,#11922,.T.);
#9525=EDGE_CURVE('',#11923,#11637,#11924,.T.);
#9526=EDGE_CURVE('',#11923,#11925,#11926,.T.);
#9527=EDGE_CURVE('',#11925,#11927,#11928,.T.);
#9528=EDGE_CURVE('',#11929,#11927,#11930,.T.);
#9529=EDGE_CURVE('',#11931,#11929,#11932,.T.);
#9530=EDGE_CURVE('',#11933,#11931,#11934,.T.);
#9531=EDGE_CURVE('',#11935,#11933,#11936,.T.);
#9532=EDGE_CURVE('',#11937,#11935,#11938,.T.);
#9533=EDGE_CURVE('',#11937,#11939,#11940,.T.);
#9534=EDGE_CURVE('',#11939,#11941,#11942,.T.);
#9535=EDGE_CURVE('',#11941,#11943,#11944,.T.);
#9536=EDGE_CURVE('',#11945,#11943,#11946,.T.);
#9537=EDGE_CURVE('',#11945,#11947,#11948,.T.);
#9538=EDGE_CURVE('',#11949,#11947,#11950,.T.);
#9539=EDGE_CURVE('',#11949,#11951,#11952,.T.);
#9540=EDGE_CURVE('',#11953,#11951,#11954,.T.);
#9541=EDGE_CURVE('',#11955,#11953,#11956,.T.);
#9542=EDGE_CURVE('',#11957,#11955,#11958,.T.);
#9543=EDGE_CURVE('',#11957,#11959,#11960,.T.);
#9544=EDGE_CURVE('',#11961,#11959,#11962,.T.);
#9545=EDGE_CURVE('',#11963,#11961,#11964,.T.);
#9546=EDGE_CURVE('',#11965,#11963,#11966,.T.);
#9547=EDGE_CURVE('',#11965,#11967,#11968,.T.);
#9548=EDGE_CURVE('',#11969,#11967,#11970,.T.);
#9549=EDGE_CURVE('',#11971,#11969,#11972,.T.);
#9550=EDGE_CURVE('',#11973,#11971,#11974,.T.);
#9551=EDGE_CURVE('',#11973,#11975,#11976,.T.);
#9552=EDGE_CURVE('',#11977,#11975,#11978,.T.);
#9553=EDGE_CURVE('',#11979,#11977,#11980,.T.);
#9554=EDGE_CURVE('',#11981,#11979,#11982,.T.);
#9555=EDGE_CURVE('',#11981,#11983,#11984,.T.);
#9556=EDGE_CURVE('',#11985,#11983,#11986,.T.);
#9557=EDGE_CURVE('',#11985,#11987,#11988,.T.);
#9558=EDGE_CURVE('',#11987,#11989,#11990,.T.);
#9559=EDGE_CURVE('',#11989,#11991,#11992,.T.);
#9560=EDGE_CURVE('',#11991,#11993,#11994,.T.);
#9561=EDGE_CURVE('',#11993,#11995,#11996,.T.);
#9562=EDGE_CURVE('',#11997,#11995,#11998,.T.);
#9563=EDGE_CURVE('',#11997,#11999,#12000,.T.);
#9564=EDGE_CURVE('',#12001,#11999,#12002,.T.);
#9565=EDGE_CURVE('',#12001,#12003,#12004,.T.);
#9566=EDGE_CURVE('',#12003,#12005,#12006,.T.);
#9567=EDGE_CURVE('',#12005,#12007,#12008,.T.);
#9568=EDGE_CURVE('',#12007,#12009,#12010,.T.);
#9569=EDGE_CURVE('',#12009,#12011,#12012,.T.);
#9570=EDGE_CURVE('',#12013,#12011,#12014,.T.);
#9571=EDGE_CURVE('',#12013,#12015,#12016,.T.);
#9572=EDGE_CURVE('',#12017,#12015,#12018,.T.);
#9573=EDGE_CURVE('',#12017,#12019,#12020,.T.);
#9574=EDGE_CURVE('',#12019,#12021,#12022,.T.);
#9575=EDGE_CURVE('',#12021,#12023,#12024,.T.);
#9576=EDGE_CURVE('',#12025,#12023,#12026,.T.);
#9577=EDGE_CURVE('',#12025,#12027,#12028,.T.);
#9578=EDGE_CURVE('',#12029,#12027,#12030,.T.);
#9579=EDGE_CURVE('',#12031,#12029,#12032,.T.);
#9580=EDGE_CURVE('',#11898,#12031,#12033,.T.);
#9581=EDGE_CURVE('',#12031,#12034,#12035,.T.);
#9582=EDGE_CURVE('',#12034,#12036,#12037,.T.);
#9583=EDGE_CURVE('',#11898,#12036,#12038,.T.);
#9584=EDGE_CURVE('',#12039,#12036,#12040,.T.);
#9585=EDGE_CURVE('',#12041,#12039,#12042,.T.);
#9586=EDGE_CURVE('',#12041,#11899,#12043,.T.);
#9587=EDGE_CURVE('',#11901,#12041,#12044,.T.);
#9588=EDGE_CURVE('',#12045,#12039,#12046,.T.);
#9589=EDGE_CURVE('',#12047,#12045,#12048,.F.);
#9590=EDGE_CURVE('',#11903,#12047,#12049,.T.);
#9591=EDGE_CURVE('',#12047,#11905,#12050,.T.);
#9592=EDGE_CURVE('',#12045,#11882,#12051,.T.);
#9593=EDGE_CURVE('',#11884,#12034,#12052,.T.);
#9594=EDGE_CURVE('',#12053,#12054,#12055,.T.);
#9595=EDGE_CURVE('',#12056,#12054,#12057,.T.);
#9596=EDGE_CURVE('',#12058,#12056,#12059,.T.);
#9597=EDGE_CURVE('',#12058,#12060,#12061,.T.);
#9598=EDGE_CURVE('',#12060,#12062,#12063,.T.);
#9599=EDGE_CURVE('',#12053,#12062,#12064,.T.);
#9600=EDGE_CURVE('',#12065,#12066,#12067,.T.);
#9601=EDGE_CURVE('',#12068,#12066,#12069,.T.);
#9602=EDGE_CURVE('',#12068,#12070,#12071,.T.);
#9603=EDGE_CURVE('',#12070,#12072,#12073,.T.);
#9604=EDGE_CURVE('',#12072,#12074,#12075,.T.);
#9605=EDGE_CURVE('',#12065,#12074,#12076,.T.);
#9606=EDGE_CURVE('',#12077,#12078,#12079,.T.);
#9607=EDGE_CURVE('',#12080,#12078,#12081,.T.);
#9608=EDGE_CURVE('',#12080,#12082,#12083,.T.);
#9609=EDGE_CURVE('',#12082,#12084,#12085,.T.);
#9610=EDGE_CURVE('',#12084,#12086,#12087,.T.);
#9611=EDGE_CURVE('',#12077,#12086,#12088,.T.);
#9612=EDGE_CURVE('',#12089,#12090,#12091,.T.);
#9613=EDGE_CURVE('',#12092,#12090,#12093,.T.);
#9614=EDGE_CURVE('',#12094,#12092,#12095,.T.);
#9615=EDGE_CURVE('',#12094,#12096,#12097,.T.);
#9616=EDGE_CURVE('',#12096,#12098,#12099,.T.);
#9617=EDGE_CURVE('',#12089,#12098,#12100,.T.);
#9618=EDGE_CURVE('',#12101,#12102,#12103,.T.);
#9619=EDGE_CURVE('',#12104,#12102,#12105,.T.);
#9620=EDGE_CURVE('',#12106,#12104,#12107,.T.);
#9621=EDGE_CURVE('',#12106,#12108,#12109,.T.);
#9622=EDGE_CURVE('',#12108,#12110,#12111,.T.);
#9623=EDGE_CURVE('',#12101,#12110,#12112,.T.);
#9624=EDGE_CURVE('',#12113,#12114,#12115,.T.);
#9625=EDGE_CURVE('',#12114,#12116,#12117,.T.);
#9626=EDGE_CURVE('',#12118,#12116,#12119,.T.);
#9627=EDGE_CURVE('',#12118,#12120,#12121,.T.);
#9628=EDGE_CURVE('',#12120,#12122,#12123,.T.);
#9629=EDGE_CURVE('',#12113,#12122,#12124,.T.);
#9630=EDGE_CURVE('',#12125,#12126,#12127,.T.);
#9631=EDGE_CURVE('',#12128,#12126,#12129,.T.);
#9632=EDGE_CURVE('',#12130,#12128,#12131,.T.);
#9633=EDGE_CURVE('',#12130,#11635,#12132,.T.);
#9634=EDGE_CURVE('',#12125,#11633,#12133,.T.);
#9635=EDGE_CURVE('',#12053,#12034,#12134,.T.);
#9636=EDGE_CURVE('',#12065,#12062,#12135,.T.);
#9637=EDGE_CURVE('',#12077,#12074,#12136,.T.);
#9638=EDGE_CURVE('',#12089,#12086,#12137,.T.);
#9639=EDGE_CURVE('',#12101,#12098,#12138,.T.);
#9640=EDGE_CURVE('',#12113,#12110,#12139,.T.);
#9641=EDGE_CURVE('',#12125,#12122,#12140,.T.);
#9642=EDGE_CURVE('',#11695,#11633,#12141,.T.);
#9643=EDGE_CURVE('',#11693,#10618,#12142,.T.);
#9644=EDGE_CURVE('',#10623,#11795,#12143,.T.);
#9645=EDGE_CURVE('',#11884,#11793,#12144,.T.);
#9646=EDGE_CURVE('',#11983,#12086,#12145,.T.);
#9647=EDGE_CURVE('',#11981,#12089,#12146,.T.);
#9648=EDGE_CURVE('',#11965,#12101,#12147,.T.);
#9649=EDGE_CURVE('',#11967,#12098,#12148,.T.);
#9650=EDGE_CURVE('',#11949,#12113,#12149,.T.);
#9651=EDGE_CURVE('',#11951,#12110,#12150,.T.);
#9652=EDGE_CURVE('',#11933,#12125,#12151,.T.);
#9653=EDGE_CURVE('',#11935,#12122,#12152,.T.);
#9654=EDGE_CURVE('',#11999,#12074,#12153,.T.);
#9655=EDGE_CURVE('',#11997,#12077,#12154,.T.);
#9656=EDGE_CURVE('',#12015,#12062,#12155,.T.);
#9657=EDGE_CURVE('',#12013,#12065,#12156,.T.);
#9658=EDGE_CURVE('',#12029,#12053,#12157,.T.);
#9659=EDGE_CURVE('',#11979,#12090,#12158,.T.);
#9660=EDGE_CURVE('',#12159,#11977,#12160,.T.);
#9661=EDGE_CURVE('',#12159,#12092,#12161,.T.);
#9662=EDGE_CURVE('',#11973,#12162,#12163,.T.);
#9663=EDGE_CURVE('',#12162,#12094,#12164,.F.);
#9664=EDGE_CURVE('',#11975,#12159,#12165,.T.);
#9665=EDGE_CURVE('',#12162,#11971,#12166,.T.);
#9666=EDGE_CURVE('',#11969,#12096,#12167,.T.);
#9667=EDGE_CURVE('',#11985,#12084,#12168,.T.);
#9668=EDGE_CURVE('',#12169,#12082,#12170,.T.);
#9669=EDGE_CURVE('',#12169,#11987,#12171,.T.);
#9670=EDGE_CURVE('',#11989,#12169,#12172,.T.);
#9671=EDGE_CURVE('',#12173,#12080,#12174,.F.);
#9672=EDGE_CURVE('',#11991,#12173,#12175,.T.);
#9673=EDGE_CURVE('',#12173,#11993,#12176,.T.);
#9674=EDGE_CURVE('',#11995,#12078,#12177,.T.);
#9675=EDGE_CURVE('',#11963,#12102,#12178,.T.);
#9676=EDGE_CURVE('',#12179,#11961,#12180,.T.);
#9677=EDGE_CURVE('',#12179,#12104,#12181,.T.);
#9678=EDGE_CURVE('',#11957,#12182,#12183,.T.);
#9679=EDGE_CURVE('',#12182,#12106,#12184,.F.);
#9680=EDGE_CURVE('',#11959,#12179,#12185,.T.);
#9681=EDGE_CURVE('',#12182,#11955,#12186,.T.);
#9682=EDGE_CURVE('',#11953,#12108,#12187,.T.);
#9683=EDGE_CURVE('',#11947,#12114,#12188,.T.);
#9684=EDGE_CURVE('',#12189,#11945,#12190,.T.);
#9685=EDGE_CURVE('',#12189,#12116,#12191,.F.);
#9686=EDGE_CURVE('',#12192,#11941,#12193,.T.);
#9687=EDGE_CURVE('',#12118,#12192,#12194,.F.);
#9688=EDGE_CURVE('',#11943,#12189,#12195,.T.);
#9689=EDGE_CURVE('',#12192,#11939,#12196,.T.);
#9690=EDGE_CURVE('',#11937,#12120,#12197,.T.);
#9691=EDGE_CURVE('',#11931,#12126,#12198,.T.);
#9692=EDGE_CURVE('',#12199,#11929,#12200,.T.);
#9693=EDGE_CURVE('',#12199,#12128,#12201,.T.);
#9694=EDGE_CURVE('',#11925,#12202,#12203,.T.);
#9695=EDGE_CURVE('',#12202,#12130,#12204,.F.);
#9696=EDGE_CURVE('',#11927,#12199,#12205,.T.);
#9697=EDGE_CURVE('',#12202,#11923,#12206,.T.);
#9698=EDGE_CURVE('',#12001,#12072,#12207,.T.);
#9699=EDGE_CURVE('',#12208,#12070,#12209,.T.);
#9700=EDGE_CURVE('',#12208,#12003,#12210,.T.);
#9701=EDGE_CURVE('',#12005,#12208,#12211,.T.);
#9702=EDGE_CURVE('',#12212,#12068,#12213,.F.);
#9703=EDGE_CURVE('',#12007,#12212,#12214,.T.);
#9704=EDGE_CURVE('',#12212,#12009,#12215,.T.);
#9705=EDGE_CURVE('',#12011,#12066,#12216,.T.);
#9706=EDGE_CURVE('',#12017,#12060,#12217,.T.);
#9707=EDGE_CURVE('',#12058,#12218,#12219,.F.);
#9708=EDGE_CURVE('',#12218,#12019,#12220,.T.);
#9709=EDGE_CURVE('',#12218,#12021,#12221,.T.);
#9710=EDGE_CURVE('',#12222,#12056,#12223,.F.);
#9711=EDGE_CURVE('',#12023,#12222,#12224,.T.);
#9712=EDGE_CURVE('',#12222,#12025,#12225,.T.);
#9713=EDGE_CURVE('',#12027,#12054,#12226,.T.);
#9714=EDGE_CURVE('',#11797,#10891,#12227,.T.);
#9715=EDGE_CURVE('',#12228,#10573,#12229,.T.);
#9716=EDGE_CURVE('',#12230,#12228,#12231,.T.);
#9717=EDGE_CURVE('',#12230,#10710,#12232,.T.);
#9718=EDGE_CURVE('',#10988,#10710,#12233,.T.);
#9719=EDGE_CURVE('',#10589,#11435,#12234,.T.);
#9720=EDGE_CURVE('',#10602,#10589,#12235,.T.);
#9721=EDGE_CURVE('',#12230,#12236,#12237,.T.);
#9722=EDGE_CURVE('',#12236,#12238,#12239,.T.);
#9723=EDGE_CURVE('',#12238,#10990,#12240,.T.);
#9724=EDGE_CURVE('',#12241,#11149,#12242,.T.);
#9725=EDGE_CURVE('',#12238,#12243,#12244,.T.);
#9726=EDGE_CURVE('',#12243,#12245,#12246,.T.);
#9727=EDGE_CURVE('',#12245,#12247,#12248,.T.);
#9728=EDGE_CURVE('',#12247,#12249,#12250,.T.);
#9729=EDGE_CURVE('',#12251,#12249,#12252,.T.);
#9730=EDGE_CURVE('',#12253,#12251,#12254,.T.);
#9731=EDGE_CURVE('',#12255,#12253,#12256,.T.);
#9732=EDGE_CURVE('',#12255,#12257,#12258,.T.);
#9733=EDGE_CURVE('',#12257,#12259,#12260,.T.);
#9734=EDGE_CURVE('',#12259,#12261,#12262,.T.);
#9735=EDGE_CURVE('',#12261,#12263,#12264,.T.);
#9736=EDGE_CURVE('',#12263,#12265,#12266,.T.);
#9737=EDGE_CURVE('',#12265,#12267,#12268,.T.);
#9738=EDGE_CURVE('',#12267,#12269,#12270,.T.);
#9739=EDGE_CURVE('',#12269,#12271,#12272,.T.);
#9740=EDGE_CURVE('',#12271,#12273,#12274,.T.);
#9741=EDGE_CURVE('',#12273,#12275,#12276,.T.);
#9742=EDGE_CURVE('',#12275,#12277,#12278,.T.);
#9743=EDGE_CURVE('',#12277,#12279,#12280,.T.);
#9744=EDGE_CURVE('',#12279,#12281,#12282,.T.);
#9745=EDGE_CURVE('',#12281,#12283,#12284,.T.);
#9746=EDGE_CURVE('',#12283,#12285,#12286,.T.);
#9747=EDGE_CURVE('',#12285,#11002,#12287,.T.);
#9748=EDGE_CURVE('',#10544,#12288,#12289,.T.);
#9749=EDGE_CURVE('',#12288,#12241,#12290,.T.);
#9750=EDGE_CURVE('',#12291,#11206,#12292,.T.);
#9751=EDGE_CURVE('',#12291,#12293,#12294,.T.);
#9752=EDGE_CURVE('',#11208,#12293,#12295,.T.);
#9753=EDGE_CURVE('',#11313,#12293,#12296,.T.);
#9754=EDGE_CURVE('',#12291,#11275,#12297,.T.);
#9755=EDGE_CURVE('',#12298,#12299,#12300,.T.);
#9756=EDGE_CURVE('',#12299,#11249,#12301,.T.);
#9757=EDGE_CURVE('',#11247,#12298,#12302,.T.);
#9758=EDGE_CURVE('',#12303,#12304,#12305,.T.);
#9759=EDGE_CURVE('',#12303,#12306,#12307,.T.);
#9760=EDGE_CURVE('',#12298,#12306,#12308,.T.);
#9761=EDGE_CURVE('',#12241,#11245,#12309,.T.);
#9762=EDGE_CURVE('',#12304,#12288,#12310,.T.);
#9763=EDGE_CURVE('',#12306,#12299,#12311,.T.);
#9764=EDGE_CURVE('',#12312,#12313,#12314,.T.);
#9765=EDGE_CURVE('',#12313,#12303,#12315,.T.);
#9766=EDGE_CURVE('',#12304,#12312,#12316,.T.);
#9767=EDGE_CURVE('',#12313,#10542,#12317,.T.);
#9768=EDGE_CURVE('',#10544,#12312,#12318,.T.);
#9769=EDGE_CURVE('',#11259,#10917,#12319,.T.);
#9770=EDGE_CURVE('',#12320,#11256,#12321,.F.);
#9771=EDGE_CURVE('',#12320,#12322,#12323,.T.);
#9772=EDGE_CURVE('',#11268,#12322,#12324,.T.);
#9773=EDGE_CURVE('',#11266,#11448,#12325,.T.);
#9774=EDGE_CURVE('',#11446,#11251,#12326,.T.);
#9775=EDGE_CURVE('',#12327,#11283,#12328,.T.);
#9776=EDGE_CURVE('',#12327,#11197,#12329,.T.);
#9777=EDGE_CURVE('',#11346,#12330,#12331,.T.);
#9778=EDGE_CURVE('',#12327,#12330,#12332,.T.);
#9779=EDGE_CURVE('',#11168,#12333,#12334,.T.);
#9780=EDGE_CURVE('',#12333,#12335,#12336,.T.);
#9781=EDGE_CURVE('',#12335,#12337,#12338,.T.);
#9782=EDGE_CURVE('',#12337,#12339,#12340,.T.);
#9783=EDGE_CURVE('',#12339,#11257,#12341,.T.);
#9784=EDGE_CURVE('',#11261,#12342,#12343,.T.);
#9785=EDGE_CURVE('',#12342,#12344,#12345,.T.);
#9786=EDGE_CURVE('',#12344,#12346,#12347,.T.);
#9787=EDGE_CURVE('',#12346,#12348,#12349,.T.);
#9788=EDGE_CURVE('',#12348,#12350,#12351,.T.);
#9789=EDGE_CURVE('',#12350,#12352,#12353,.T.);
#9790=EDGE_CURVE('',#12352,#12354,#12355,.T.);
#9791=EDGE_CURVE('',#12354,#12356,#12357,.T.);
#9792=EDGE_CURVE('',#12356,#12358,#12359,.T.);
#9793=EDGE_CURVE('',#12358,#12360,#12361,.T.);
#9794=EDGE_CURVE('',#12360,#12362,#12363,.T.);
#9795=EDGE_CURVE('',#12362,#12364,#12365,.T.);
#9796=EDGE_CURVE('',#12364,#12366,#12367,.T.);
#9797=EDGE_CURVE('',#12366,#12368,#12369,.T.);
#9798=EDGE_CURVE('',#12368,#12370,#12371,.T.);
#9799=EDGE_CURVE('',#12370,#12372,#12373,.T.);
#9800=EDGE_CURVE('',#12372,#12374,#12375,.T.);
#9801=EDGE_CURVE('',#12376,#12374,#12377,.T.);
#9802=EDGE_CURVE('',#12378,#12376,#12379,.T.);
#9803=EDGE_CURVE('',#12380,#12378,#12381,.T.);
#9804=EDGE_CURVE('',#12380,#12382,#12383,.T.);
#9805=EDGE_CURVE('',#12384,#12382,#12385,.T.);
#9806=EDGE_CURVE('',#12384,#12386,#12387,.T.);
#9807=EDGE_CURVE('',#12386,#12388,#12389,.T.);
#9808=EDGE_CURVE('',#10607,#12388,#12390,.T.);
#9809=EDGE_CURVE('',#11199,#12330,#12391,.T.);
#9810=EDGE_CURVE('',#12253,#12392,#12393,.T.);
#9811=EDGE_CURVE('',#12394,#12392,#12395,.T.);
#9812=EDGE_CURVE('',#12394,#12396,#12397,.T.);
#9813=EDGE_CURVE('',#12398,#12396,#12399,.T.);
#9814=EDGE_CURVE('',#12398,#12400,#12401,.T.);
#9815=EDGE_CURVE('',#12402,#12400,#12403,.T.);
#9816=EDGE_CURVE('',#12402,#12376,#12404,.T.);
#9817=EDGE_CURVE('',#12374,#12405,#12406,.T.);
#9818=EDGE_CURVE('',#12407,#12405,#12408,.T.);
#9819=EDGE_CURVE('',#12407,#12409,#12410,.T.);
#9820=EDGE_CURVE('',#12411,#12409,#12412,.T.);
#9821=EDGE_CURVE('',#12411,#12413,#12414,.T.);
#9822=EDGE_CURVE('',#12413,#12415,#12416,.T.);
#9823=EDGE_CURVE('',#12415,#12417,#12418,.T.);
#9824=EDGE_CURVE('',#12417,#12419,#12420,.T.);
#9825=EDGE_CURVE('',#12419,#12421,#12422,.T.);
#9826=EDGE_CURVE('',#12421,#12423,#12424,.T.);
#9827=EDGE_CURVE('',#12423,#12255,#12425,.T.);
#9828=EDGE_CURVE('',#11132,#12257,#12426,.T.);
#9829=EDGE_CURVE('',#11134,#12423,#12427,.T.);
#9830=EDGE_CURVE('',#11136,#12421,#12428,.T.);
#9831=EDGE_CURVE('',#12419,#10691,#12429,.T.);
#9832=EDGE_CURVE('',#10691,#11136,#12430,.T.);
#9833=EDGE_CURVE('',#10689,#11138,#12431,.T.);
#9834=EDGE_CURVE('',#11052,#10635,#12432,.T.);
#9835=EDGE_CURVE('',#12380,#11050,#12433,.T.);
#9836=EDGE_CURVE('',#12434,#12378,#12435,.T.);
#9837=EDGE_CURVE('',#12434,#12436,#12437,.T.);
#9838=EDGE_CURVE('',#10637,#12436,#12438,.T.);
#9839=EDGE_CURVE('',#12439,#12440,#12441,.T.);
#9840=EDGE_CURVE('',#12251,#12439,#12442,.T.);
#9841=EDGE_CURVE('',#11140,#12249,#12443,.T.);
#9842=EDGE_CURVE('',#12440,#10687,#12444,.T.);
#9843=EDGE_CURVE('',#12445,#12436,#12446,.T.);
#9844=EDGE_CURVE('',#10639,#12445,#12447,.T.);
#9845=EDGE_CURVE('',#12448,#10983,#12449,.T.);
#9846=EDGE_CURVE('',#12448,#10857,#12450,.T.);
#9847=EDGE_CURVE('',#12451,#12452,#12453,.T.);
#9848=EDGE_CURVE('',#12388,#12451,#12454,.T.);
#9849=EDGE_CURVE('',#11044,#12386,#12455,.T.);
#9850=EDGE_CURVE('',#10655,#12452,#12456,.T.);
#9851=EDGE_CURVE('',#11089,#10667,#12457,.T.);
#9852=EDGE_CURVE('',#12243,#11146,#12458,.T.);
#9853=EDGE_CURVE('',#12236,#12459,#12460,.T.);
#9854=EDGE_CURVE('',#12459,#10669,#12461,.T.);
#9855=EDGE_CURVE('',#12452,#12462,#12463,.T.);
#9856=EDGE_CURVE('',#10653,#12462,#12464,.T.);
#9857=EDGE_CURVE('',#12465,#10671,#12466,.T.);
#9858=EDGE_CURVE('',#12465,#12467,#12468,.T.);
#9859=EDGE_CURVE('',#12467,#10673,#12469,.T.);
#9860=EDGE_CURVE('',#12462,#12470,#12471,.T.);
#9861=EDGE_CURVE('',#12470,#10651,#12472,.T.);
#9862=EDGE_CURVE('',#12467,#12473,#12474,.T.);
#9863=EDGE_CURVE('',#12473,#10675,#12475,.T.);
#9864=EDGE_CURVE('',#12476,#10705,#12477,.T.);
#9865=EDGE_CURVE('',#12228,#12476,#12478,.T.);
#9866=EDGE_CURVE('',#12476,#12479,#12480,.T.);
#9867=EDGE_CURVE('',#12481,#12479,#12482,.T.);
#9868=EDGE_CURVE('',#12483,#12481,#12484,.T.);
#9869=EDGE_CURVE('',#12485,#12483,#12486,.T.);
#9870=EDGE_CURVE('',#12394,#12485,#12487,.T.);
#9871=EDGE_CURVE('',#12439,#12392,#12488,.T.);
#9872=EDGE_CURVE('',#12440,#12489,#12490,.T.);
#9873=EDGE_CURVE('',#12489,#12491,#12492,.T.);
#9874=EDGE_CURVE('',#12491,#12493,#12494,.T.);
#9875=EDGE_CURVE('',#12495,#12493,#12496,.T.);
#9876=EDGE_CURVE('',#12497,#12495,#12498,.T.);
#9877=EDGE_CURVE('',#12473,#12497,#12499,.T.);
#9878=EDGE_CURVE('',#12465,#12459,#12500,.T.);
#9879=EDGE_CURVE('',#12501,#12502,#12503,.T.);
#9880=EDGE_CURVE('',#12501,#12504,#12505,.T.);
#9881=EDGE_CURVE('',#12506,#12504,#12507,.T.);
#9882=EDGE_CURVE('',#12506,#12508,#12509,.T.);
#9883=EDGE_CURVE('',#12510,#12508,#12511,.T.);
#9884=EDGE_CURVE('',#12510,#12512,#12513,.T.);
#9885=EDGE_CURVE('',#12512,#12514,#12515,.T.);
#9886=EDGE_CURVE('',#12514,#12495,#12516,.T.);
#9887=EDGE_CURVE('',#10681,#12493,#12517,.T.);
#9888=EDGE_CURVE('',#10679,#12502,#12518,.T.);
#9889=EDGE_CURVE('',#12502,#12519,#12520,.T.);
#9890=EDGE_CURVE('',#12519,#10677,#12521,.T.);
#9891=EDGE_CURVE('',#12497,#12522,#12523,.T.);
#9892=EDGE_CURVE('',#12522,#12524,#12525,.T.);
#9893=EDGE_CURVE('',#12524,#12526,#12527,.T.);
#9894=EDGE_CURVE('',#12528,#12526,#12529,.T.);
#9895=EDGE_CURVE('',#12528,#12530,#12531,.T.);
#9896=EDGE_CURVE('',#12532,#12530,#12533,.T.);
#9897=EDGE_CURVE('',#12532,#12534,#12535,.T.);
#9898=EDGE_CURVE('',#12519,#12534,#12536,.T.);
#9899=EDGE_CURVE('',#12501,#12537,#12538,.T.);
#9900=EDGE_CURVE('',#12539,#12534,#12540,.T.);
#9901=EDGE_CURVE('',#12541,#12539,#12542,.T.);
#9902=EDGE_CURVE('',#12541,#12543,#12544,.T.);
#9903=EDGE_CURVE('',#12543,#12545,#12546,.T.);
#9904=EDGE_CURVE('',#12545,#12547,#12548,.T.);
#9905=EDGE_CURVE('',#12547,#12537,#12549,.T.);
#9906=EDGE_CURVE('',#12550,#12551,#12552,.T.);
#9907=EDGE_CURVE('',#12550,#12553,#12554,.T.);
#9908=EDGE_CURVE('',#12555,#12553,#12556,.T.);
#9909=EDGE_CURVE('',#12557,#12555,#12558,.T.);
#9910=EDGE_CURVE('',#12559,#12557,#12560,.T.);
#9911=EDGE_CURVE('',#12559,#12537,#12561,.T.);
#9912=EDGE_CURVE('',#12551,#12547,#12562,.T.);
#9913=EDGE_CURVE('',#12563,#12545,#12564,.T.);
#9914=EDGE_CURVE('',#12551,#12563,#12565,.T.);
#9915=EDGE_CURVE('',#12566,#12567,#12568,.T.);
#9916=EDGE_CURVE('',#12567,#12569,#12570,.T.);
#9917=EDGE_CURVE('',#12524,#12569,#12571,.T.);
#9918=EDGE_CURVE('',#12522,#12514,#12572,.T.);
#9919=EDGE_CURVE('',#12550,#12512,#12573,.T.);
#9920=EDGE_CURVE('',#12563,#12566,#12574,.T.);
#9921=EDGE_CURVE('',#12566,#12543,#12575,.T.);
#9922=EDGE_CURVE('',#12541,#12567,#12576,.T.);
#9923=EDGE_CURVE('',#12539,#12577,#12578,.T.);
#9924=EDGE_CURVE('',#12577,#12579,#12580,.T.);
#9925=EDGE_CURVE('',#12581,#12579,#12582,.T.);
#9926=EDGE_CURVE('',#12581,#12583,#12584,.T.);
#9927=EDGE_CURVE('',#12583,#12569,#12585,.T.);
#9928=EDGE_CURVE('',#12526,#12583,#12586,.T.);
#9929=EDGE_CURVE('',#12553,#12510,#12587,.T.);
#9930=EDGE_CURVE('',#12508,#12588,#12589,.T.);
#9931=EDGE_CURVE('',#12588,#12590,#12591,.T.);
#9932=EDGE_CURVE('',#12590,#12528,#12592,.T.);
#9933=EDGE_CURVE('',#12581,#12593,#12594,.T.);
#9934=EDGE_CURVE('',#12593,#12595,#12596,.T.);
#9935=EDGE_CURVE('',#12595,#12555,#12597,.T.);
#9936=EDGE_CURVE('',#12598,#12595,#12599,.T.);
#9937=EDGE_CURVE('',#12557,#12598,#12600,.T.);
#9938=EDGE_CURVE('',#12601,#12579,#12602,.T.);
#9939=EDGE_CURVE('',#12577,#12532,#12603,.T.);
#9940=EDGE_CURVE('',#12530,#12604,#12605,.T.);
#9941=EDGE_CURVE('',#12604,#12606,#12607,.T.);
#9942=EDGE_CURVE('',#12606,#12506,#12608,.T.);
#9943=EDGE_CURVE('',#12504,#12559,#12609,.T.);
#9944=EDGE_CURVE('',#12598,#12601,#12610,.T.);
#9945=EDGE_CURVE('',#12601,#12593,#12611,.T.);
#9946=EDGE_CURVE('',#12606,#12588,#12612,.T.);
#9947=EDGE_CURVE('',#12590,#12604,#12613,.T.);
#9948=EDGE_CURVE('',#10683,#12491,#12614,.T.);
#9949=EDGE_CURVE('',#12489,#10685,#12615,.T.);
#9950=EDGE_CURVE('',#12616,#12445,#12617,.T.);
#9951=EDGE_CURVE('',#12616,#10641,#12618,.T.);
#9952=EDGE_CURVE('',#12619,#12616,#12620,.T.);
#9953=EDGE_CURVE('',#12619,#10643,#12621,.T.);
#9954=EDGE_CURVE('',#12622,#12619,#12623,.T.);
#9955=EDGE_CURVE('',#12622,#12624,#12625,.T.);
#9956=EDGE_CURVE('',#12624,#12626,#12627,.T.);
#9957=EDGE_CURVE('',#12626,#12628,#12629,.T.);
#9958=EDGE_CURVE('',#12628,#12630,#12631,.T.);
#9959=EDGE_CURVE('',#12632,#12630,#12633,.T.);
#9960=EDGE_CURVE('',#12632,#12634,#12635,.T.);
#9961=EDGE_CURVE('',#12634,#12636,#12637,.T.);
#9962=EDGE_CURVE('',#12638,#12636,#12639,.T.);
#9963=EDGE_CURVE('',#12638,#10645,#12640,.T.);
#9964=EDGE_CURVE('',#12638,#12641,#12642,.T.);
#9965=EDGE_CURVE('',#10647,#12641,#12643,.T.);
#9966=EDGE_CURVE('',#12644,#12641,#12645,.T.);
#9967=EDGE_CURVE('',#12644,#12646,#12647,.T.);
#9968=EDGE_CURVE('',#12646,#12648,#12649,.T.);
#9969=EDGE_CURVE('',#12650,#12648,#12651,.T.);
#9970=EDGE_CURVE('',#12652,#12650,#12653,.T.);
#9971=EDGE_CURVE('',#12652,#12654,#12655,.T.);
#9972=EDGE_CURVE('',#12654,#12656,#12657,.T.);
#9973=EDGE_CURVE('',#12656,#12658,#12659,.T.);
#9974=EDGE_CURVE('',#12660,#12658,#12661,.T.);
#9975=EDGE_CURVE('',#12660,#10649,#12662,.T.);
#9976=EDGE_CURVE('',#12470,#12660,#12663,.T.);
#9977=EDGE_CURVE('',#12664,#12400,#12665,.T.);
#9978=EDGE_CURVE('',#12666,#12664,#12667,.T.);
#9979=EDGE_CURVE('',#12666,#12668,#12669,.T.);
#9980=EDGE_CURVE('',#12670,#12668,#12671,.T.);
#9981=EDGE_CURVE('',#12670,#12672,#12673,.T.);
#9982=EDGE_CURVE('',#12672,#10593,#12674,.T.);
#9983=EDGE_CURVE('',#12451,#10591,#12675,.T.);
#9984=EDGE_CURVE('',#12658,#12622,#12676,.T.);
#9985=EDGE_CURVE('',#12402,#12434,#12677,.T.);
#9986=EDGE_CURVE('',#12656,#12624,#12678,.T.);
#9987=EDGE_CURVE('',#12654,#12679,#12680,.T.);
#9988=EDGE_CURVE('',#12679,#12681,#12682,.T.);
#9989=EDGE_CURVE('',#12681,#12683,#12684,.T.);
#9990=EDGE_CURVE('',#12683,#12685,#12686,.T.);
#9991=EDGE_CURVE('',#12685,#12687,#12688,.T.);
#9992=EDGE_CURVE('',#12687,#12689,#12690,.T.);
#9993=EDGE_CURVE('',#12689,#12626,#12691,.T.);
#9994=EDGE_CURVE('',#12692,#12689,#12693,.T.);
#9995=EDGE_CURVE('',#12692,#12628,#12694,.T.);
#9996=EDGE_CURVE('',#12650,#12695,#12696,.T.);
#9997=EDGE_CURVE('',#12697,#12695,#12698,.T.);
#9998=EDGE_CURVE('',#12697,#12630,#12699,.T.);
#9999=EDGE_CURVE('',#12692,#12700,#12701,.T.);
#10000=EDGE_CURVE('',#12700,#12702,#12703,.T.);
#10001=EDGE_CURVE('',#12702,#12704,#12705,.T.);
#10002=EDGE_CURVE('',#12704,#12706,#12707,.T.);
#10003=EDGE_CURVE('',#12706,#12708,#12709,.T.);
#10004=EDGE_CURVE('',#12652,#12708,#12710,.T.);
#10005=EDGE_CURVE('',#12679,#12708,#12711,.T.);
#10006=EDGE_CURVE('',#12712,#12706,#12713,.T.);
#10007=EDGE_CURVE('',#12712,#12714,#12715,.T.);
#10008=EDGE_CURVE('',#12714,#12716,#12717,.T.);
#10009=EDGE_CURVE('',#12716,#12718,#12719,.T.);
#10010=EDGE_CURVE('',#12681,#12718,#12720,.T.);
#10011=EDGE_CURVE('',#12721,#12718,#12722,.T.);
#10012=EDGE_CURVE('',#12721,#12683,#12723,.T.);
#10013=EDGE_CURVE('',#12724,#12721,#12725,.T.);
#10014=EDGE_CURVE('',#12685,#12724,#12726,.T.);
#10015=EDGE_CURVE('',#12727,#12724,#12728,.T.);
#10016=EDGE_CURVE('',#12727,#12687,#12729,.T.);
#10017=EDGE_CURVE('',#12727,#12730,#12731,.T.);
#10018=EDGE_CURVE('',#12730,#12732,#12733,.T.);
#10019=EDGE_CURVE('',#12732,#12734,#12735,.T.);
#10020=EDGE_CURVE('',#12700,#12734,#12736,.T.);
#10021=EDGE_CURVE('',#12737,#12734,#12738,.T.);
#10022=EDGE_CURVE('',#12737,#12702,#12739,.T.);
#10023=EDGE_CURVE('',#12740,#12737,#12741,.T.);
#10024=EDGE_CURVE('',#12704,#12740,#12742,.T.);
#10025=EDGE_CURVE('',#12712,#12740,#12743,.T.);
#10026=EDGE_CURVE('',#12632,#12744,#12745,.T.);
#10027=EDGE_CURVE('',#12744,#12746,#12747,.T.);
#10028=EDGE_CURVE('',#12746,#12648,#12748,.T.);
#10029=EDGE_CURVE('',#12714,#12646,#12749,.T.);
#10030=EDGE_CURVE('',#12634,#12732,#12750,.T.);
#10031=EDGE_CURVE('',#12636,#12730,#12751,.T.);
#10032=EDGE_CURVE('',#12716,#12644,#12752,.T.);
#10033=EDGE_CURVE('',#12746,#12695,#12753,.T.);
#10034=EDGE_CURVE('',#12697,#12744,#12754,.T.);
#10035=EDGE_CURVE('',#10979,#12672,#12755,.T.);
#10036=EDGE_CURVE('',#12756,#10981,#12757,.T.);
#10037=EDGE_CURVE('',#12756,#10983,#12758,.T.);
#10038=EDGE_CURVE('',#12479,#10702,#12759,.T.);
#10039=EDGE_CURVE('',#10700,#12760,#12761,.T.);
#10040=EDGE_CURVE('',#12762,#12760,#12763,.T.);
#10041=EDGE_CURVE('',#12762,#12481,#12764,.T.);
#10042=EDGE_CURVE('',#10981,#12670,#12765,.T.);
#10043=EDGE_CURVE('',#12668,#12766,#12767,.T.);
#10044=EDGE_CURVE('',#12768,#12766,#12769,.T.);
#10045=EDGE_CURVE('',#12768,#12448,#12770,.T.);
#10046=EDGE_CURVE('',#12483,#12771,#12772,.T.);
#10047=EDGE_CURVE('',#12773,#12762,#12774,.T.);
#10048=EDGE_CURVE('',#12771,#12773,#12775,.T.);
#10049=EDGE_CURVE('',#12776,#12773,#12777,.T.);
#10050=EDGE_CURVE('',#12778,#12776,#12779,.T.);
#10051=EDGE_CURVE('',#12771,#12778,#12780,.T.);
#10052=EDGE_CURVE('',#12778,#12781,#12782,.T.);
#10053=EDGE_CURVE('',#12781,#12783,#12784,.T.);
#10054=EDGE_CURVE('',#12783,#12785,#12786,.T.);
#10055=EDGE_CURVE('',#12785,#12787,#12788,.T.);
#10056=EDGE_CURVE('',#12787,#12789,#12790,.T.);
#10057=EDGE_CURVE('',#12789,#12791,#12792,.T.);
#10058=EDGE_CURVE('',#12791,#10875,#12793,.T.);
#10059=EDGE_CURVE('',#12794,#10721,#12795,.T.);
#10060=EDGE_CURVE('',#12794,#12796,#12797,.T.);
#10061=EDGE_CURVE('',#12796,#12485,#12798,.T.);
#10062=EDGE_CURVE('',#12796,#12396,#12799,.T.);
#10063=EDGE_CURVE('',#12800,#12801,#12802,.T.);
#10064=EDGE_CURVE('',#12803,#12801,#12804,.T.);
#10065=EDGE_CURVE('',#12803,#12805,#12806,.T.);
#10066=EDGE_CURVE('',#12807,#12805,#12808,.T.);
#10067=EDGE_CURVE('',#12398,#12807,#12809,.T.);
#10068=EDGE_CURVE('',#12794,#12810,#12811,.T.);
#10069=EDGE_CURVE('',#12810,#12812,#12813,.T.);
#10070=EDGE_CURVE('',#12812,#12814,#12815,.T.);
#10071=EDGE_CURVE('',#12814,#10805,#12816,.T.);
#10072=EDGE_CURVE('',#10803,#12817,#12818,.T.);
#10073=EDGE_CURVE('',#12817,#12819,#12820,.T.);
#10074=EDGE_CURVE('',#12821,#12819,#12822,.T.);
#10075=EDGE_CURVE('',#12823,#12821,#12824,.T.);
#10076=EDGE_CURVE('',#12825,#12823,#12826,.T.);
#10077=EDGE_CURVE('',#12825,#12827,#12828,.T.);
#10078=EDGE_CURVE('',#12827,#10792,#12829,.T.);
#10079=EDGE_CURVE('',#10797,#12800,#12830,.T.);
#10080=EDGE_CURVE('',#12831,#12832,#12833,.T.);
#10081=EDGE_CURVE('',#10756,#12832,#12834,.T.);
#10082=EDGE_CURVE('',#12831,#10754,#12835,.T.);
#10083=EDGE_CURVE('',#12836,#12837,#12838,.T.);
#10084=EDGE_CURVE('',#10773,#12836,#12839,.T.);
#10085=EDGE_CURVE('',#12837,#10771,#12840,.T.);
#10086=EDGE_CURVE('',#10835,#12800,#12841,.T.);
#10087=EDGE_CURVE('',#10838,#12827,#12842,.T.);
#10088=EDGE_CURVE('',#10942,#12843,#12844,.T.);
#10089=EDGE_CURVE('',#12845,#12843,#12846,.T.);
#10090=EDGE_CURVE('',#12845,#10976,#12847,.T.);
#10091=EDGE_CURVE('',#11364,#11228,#12848,.F.);
#10092=EDGE_CURVE('',#11223,#11294,#12849,.F.);
#10093=EDGE_CURVE('',#11379,#11218,#12850,.T.);
#10094=EDGE_CURVE('',#11213,#11302,#12851,.T.);
#10095=EDGE_CURVE('',#12831,#11367,#12852,.T.);
#10096=EDGE_CURVE('',#11291,#12832,#12853,.T.);
#10097=EDGE_CURVE('',#11299,#12836,#12854,.T.);
#10098=EDGE_CURVE('',#12837,#11382,#12855,.T.);
#10099=EDGE_CURVE('',#12843,#10663,#12856,.T.);
#10100=EDGE_CURVE('',#10663,#12417,#12857,.T.);
#10101=EDGE_CURVE('',#12415,#12843,#12858,.T.);
#10102=EDGE_CURVE('',#12845,#12413,#12859,.T.);
#10103=EDGE_CURVE('',#12411,#10631,#12860,.T.);
#10104=EDGE_CURVE('',#10631,#12845,#12861,.T.);
#10105=EDGE_CURVE('',#10817,#10849,#12862,.T.);
#10106=EDGE_CURVE('',#12863,#11017,#12864,.T.);
#10107=EDGE_CURVE('',#12865,#12863,#12866,.T.);
#10108=EDGE_CURVE('',#11439,#12865,#12867,.T.);
#10109=EDGE_CURVE('',#11437,#10863,#12868,.T.);
#10110=EDGE_CURVE('',#12869,#12870,#12871,.T.);
#10111=EDGE_CURVE('',#12872,#12869,#12873,.T.);
#10112=EDGE_CURVE('',#12872,#12874,#12875,.T.);
#10113=EDGE_CURVE('',#12874,#12870,#12876,.T.);
#10114=EDGE_CURVE('',#12877,#12878,#12879,.T.);
#10115=EDGE_CURVE('',#12880,#12877,#12881,.T.);
#10116=EDGE_CURVE('',#12880,#12882,#12883,.T.);
#10117=EDGE_CURVE('',#12882,#12878,#12884,.T.);
#10118=EDGE_CURVE('',#12885,#12886,#12887,.T.);
#10119=EDGE_CURVE('',#12888,#12885,#12889,.T.);
#10120=EDGE_CURVE('',#12888,#12890,#12891,.T.);
#10121=EDGE_CURVE('',#12890,#12886,#12892,.T.);
#10122=EDGE_CURVE('',#12893,#12894,#12895,.T.);
#10123=EDGE_CURVE('',#12896,#12893,#12897,.T.);
#10124=EDGE_CURVE('',#12896,#12898,#12899,.T.);
#10125=EDGE_CURVE('',#12898,#12894,#12900,.T.);
#10126=EDGE_CURVE('',#12901,#12902,#12903,.T.);
#10127=EDGE_CURVE('',#12904,#12901,#12905,.T.);
#10128=EDGE_CURVE('',#12904,#12906,#12907,.T.);
#10129=EDGE_CURVE('',#12906,#12902,#12908,.T.);
#10130=EDGE_CURVE('',#12909,#12910,#12911,.T.);
#10131=EDGE_CURVE('',#12912,#12909,#12913,.T.);
#10132=EDGE_CURVE('',#12912,#12914,#12915,.T.);
#10133=EDGE_CURVE('',#12914,#12910,#12916,.T.);
#10134=EDGE_CURVE('',#12917,#12918,#12919,.T.);
#10135=EDGE_CURVE('',#12920,#12917,#12921,.T.);
#10136=EDGE_CURVE('',#12920,#12922,#12923,.T.);
#10137=EDGE_CURVE('',#12922,#12918,#12924,.T.);
#10138=EDGE_CURVE('',#12925,#12926,#12927,.T.);
#10139=EDGE_CURVE('',#12928,#12925,#12929,.T.);
#10140=EDGE_CURVE('',#12928,#12930,#12931,.T.);
#10141=EDGE_CURVE('',#12930,#12926,#12932,.T.);
#10142=EDGE_CURVE('',#12933,#12934,#12935,.T.);
#10143=EDGE_CURVE('',#12936,#12933,#12937,.T.);
#10144=EDGE_CURVE('',#12936,#12938,#12939,.T.);
#10145=EDGE_CURVE('',#12938,#12934,#12940,.T.);
#10146=EDGE_CURVE('',#12941,#12942,#12943,.T.);
#10147=EDGE_CURVE('',#12944,#12941,#12945,.T.);
#10148=EDGE_CURVE('',#12944,#12946,#12947,.T.);
#10149=EDGE_CURVE('',#12946,#12942,#12948,.T.);
#10150=EDGE_CURVE('',#12949,#12950,#12951,.T.);
#10151=EDGE_CURVE('',#12952,#12949,#12953,.T.);
#10152=EDGE_CURVE('',#12952,#12954,#12955,.T.);
#10153=EDGE_CURVE('',#12954,#12950,#12956,.T.);
#10154=EDGE_CURVE('',#12957,#12958,#12959,.T.);
#10155=EDGE_CURVE('',#12958,#12960,#12961,.T.);
#10156=EDGE_CURVE('',#12962,#12960,#12963,.T.);
#10157=EDGE_CURVE('',#12957,#12962,#12964,.T.);
#10158=EDGE_CURVE('',#12965,#12966,#12967,.T.);
#10159=EDGE_CURVE('',#12966,#12968,#12969,.T.);
#10160=EDGE_CURVE('',#12970,#12968,#12971,.T.);
#10161=EDGE_CURVE('',#12965,#12970,#12972,.T.);
#10162=EDGE_CURVE('',#12973,#12974,#12975,.T.);
#10163=EDGE_CURVE('',#12974,#12976,#12977,.T.);
#10164=EDGE_CURVE('',#12978,#12976,#12979,.T.);
#10165=EDGE_CURVE('',#12973,#12978,#12980,.T.);
#10166=EDGE_CURVE('',#12981,#12982,#12983,.T.);
#10167=EDGE_CURVE('',#12982,#12984,#12985,.T.);
#10168=EDGE_CURVE('',#12986,#12984,#12987,.T.);
#10169=EDGE_CURVE('',#12981,#12986,#12988,.T.);
#10170=EDGE_CURVE('',#12989,#12990,#12991,.T.);
#10171=EDGE_CURVE('',#12992,#12989,#12993,.T.);
#10172=EDGE_CURVE('',#12992,#12994,#12995,.T.);
#10173=EDGE_CURVE('',#12994,#12990,#12996,.T.);
#10174=EDGE_CURVE('',#10842,#12997,#12998,.T.);
#10175=EDGE_CURVE('',#12997,#12999,#13000,.T.);
#10176=EDGE_CURVE('',#12999,#10844,#13001,.T.);
#10177=EDGE_CURVE('',#10846,#13002,#13003,.T.);
#10178=EDGE_CURVE('',#13002,#12823,#13004,.T.);
#10179=EDGE_CURVE('',#12821,#13005,#13006,.T.);
#10180=EDGE_CURVE('',#13005,#10824,#13007,.T.);
#10181=EDGE_CURVE('',#10822,#13008,#13009,.T.);
#10182=EDGE_CURVE('',#13008,#10782,#13010,.F.);
#10183=EDGE_CURVE('',#12825,#10840,#13011,.T.);
#10184=EDGE_CURVE('',#12825,#12997,#13012,.T.);
#10185=EDGE_CURVE('',#13002,#12999,#13013,.F.);
#10186=EDGE_CURVE('',#13014,#10826,#13015,.T.);
#10187=EDGE_CURVE('',#13014,#13016,#13017,.T.);
#10188=EDGE_CURVE('',#13016,#10828,#13018,.T.);
#10189=EDGE_CURVE('',#12817,#10808,#13019,.T.);
#10190=EDGE_CURVE('',#13016,#12819,#13020,.T.);
#10191=EDGE_CURVE('',#13014,#13005,#13021,.T.);
#10192=EDGE_CURVE('',#10820,#13008,#13022,.T.);
#10193=EDGE_CURVE('',#12814,#10810,#13023,.T.);
#10194=EDGE_CURVE('',#12812,#10812,#13024,.T.);
#10195=EDGE_CURVE('',#10814,#12810,#13025,.T.);
#10196=EDGE_CURVE('',#10889,#11799,#13026,.T.);
#10197=EDGE_CURVE('',#11689,#10885,#13027,.T.);
#10198=EDGE_CURVE('',#10894,#11691,#13028,.T.);
#10199=EDGE_CURVE('',#12865,#11451,#13029,.T.);
#10200=EDGE_CURVE('',#12863,#11453,#13030,.T.);
#10201=EDGE_CURVE('',#12874,#13031,#13032,.T.);
#10202=EDGE_CURVE('',#13031,#13033,#13034,.T.);
#10203=EDGE_CURVE('',#13033,#12870,#13035,.T.);
#10204=EDGE_CURVE('',#13033,#13036,#13037,.T.);
#10205=EDGE_CURVE('',#12869,#13036,#13038,.T.);
#10206=EDGE_CURVE('',#13039,#13036,#13040,.T.);
#10207=EDGE_CURVE('',#13039,#12872,#13041,.T.);
#10208=EDGE_CURVE('',#13031,#13039,#13042,.T.);
#10209=EDGE_CURVE('',#12882,#13043,#13044,.T.);
#10210=EDGE_CURVE('',#13043,#13045,#13046,.T.);
#10211=EDGE_CURVE('',#13045,#12878,#13047,.T.);
#10212=EDGE_CURVE('',#13045,#13048,#13049,.T.);
#10213=EDGE_CURVE('',#12877,#13048,#13050,.T.);
#10214=EDGE_CURVE('',#13051,#13048,#13052,.T.);
#10215=EDGE_CURVE('',#13051,#12880,#13053,.T.);
#10216=EDGE_CURVE('',#13043,#13051,#13054,.T.);
#10217=EDGE_CURVE('',#12890,#13055,#13056,.T.);
#10218=EDGE_CURVE('',#13055,#13057,#13058,.T.);
#10219=EDGE_CURVE('',#13057,#12886,#13059,.T.);
#10220=EDGE_CURVE('',#13057,#13060,#13061,.T.);
#10221=EDGE_CURVE('',#12885,#13060,#13062,.T.);
#10222=EDGE_CURVE('',#13063,#13060,#13064,.T.);
#10223=EDGE_CURVE('',#13063,#12888,#13065,.T.);
#10224=EDGE_CURVE('',#13055,#13063,#13066,.T.);
#10225=EDGE_CURVE('',#12898,#13067,#13068,.T.);
#10226=EDGE_CURVE('',#13067,#13069,#13070,.T.);
#10227=EDGE_CURVE('',#13069,#12894,#13071,.T.);
#10228=EDGE_CURVE('',#13069,#13072,#13073,.T.);
#10229=EDGE_CURVE('',#12893,#13072,#13074,.T.);
#10230=EDGE_CURVE('',#13075,#13072,#13076,.T.);
#10231=EDGE_CURVE('',#13075,#12896,#13077,.T.);
#10232=EDGE_CURVE('',#13067,#13075,#13078,.T.);
#10233=EDGE_CURVE('',#12906,#13079,#13080,.T.);
#10234=EDGE_CURVE('',#13079,#13081,#13082,.T.);
#10235=EDGE_CURVE('',#13081,#12902,#13083,.T.);
#10236=EDGE_CURVE('',#13081,#13084,#13085,.T.);
#10237=EDGE_CURVE('',#12901,#13084,#13086,.T.);
#10238=EDGE_CURVE('',#13087,#13084,#13088,.T.);
#10239=EDGE_CURVE('',#13087,#12904,#13089,.T.);
#10240=EDGE_CURVE('',#13079,#13087,#13090,.T.);
#10241=EDGE_CURVE('',#12914,#13091,#13092,.T.);
#10242=EDGE_CURVE('',#13091,#13093,#13094,.T.);
#10243=EDGE_CURVE('',#13093,#12910,#13095,.T.);
#10244=EDGE_CURVE('',#13093,#13096,#13097,.T.);
#10245=EDGE_CURVE('',#12909,#13096,#13098,.T.);
#10246=EDGE_CURVE('',#13099,#13096,#13100,.T.);
#10247=EDGE_CURVE('',#13099,#12912,#13101,.T.);
#10248=EDGE_CURVE('',#13091,#13099,#13102,.T.);
#10249=EDGE_CURVE('',#12922,#13103,#13104,.T.);
#10250=EDGE_CURVE('',#13103,#13105,#13106,.T.);
#10251=EDGE_CURVE('',#13105,#12918,#13107,.T.);
#10252=EDGE_CURVE('',#13105,#13108,#13109,.T.);
#10253=EDGE_CURVE('',#12917,#13108,#13110,.T.);
#10254=EDGE_CURVE('',#13111,#13108,#13112,.T.);
#10255=EDGE_CURVE('',#13111,#12920,#13113,.T.);
#10256=EDGE_CURVE('',#13103,#13111,#13114,.T.);
#10257=EDGE_CURVE('',#12930,#13115,#13116,.T.);
#10258=EDGE_CURVE('',#13115,#13117,#13118,.T.);
#10259=EDGE_CURVE('',#12926,#13117,#13119,.T.);
#10260=EDGE_CURVE('',#13117,#13120,#13121,.T.);
#10261=EDGE_CURVE('',#13120,#12925,#13122,.T.);
#10262=EDGE_CURVE('',#13123,#13120,#13124,.T.);
#10263=EDGE_CURVE('',#13123,#12928,#13125,.T.);
#10264=EDGE_CURVE('',#13115,#13123,#13126,.T.);
#10265=EDGE_CURVE('',#12938,#13127,#13128,.T.);
#10266=EDGE_CURVE('',#13127,#13129,#13130,.T.);
#10267=EDGE_CURVE('',#13129,#12934,#13131,.T.);
#10268=EDGE_CURVE('',#13129,#13132,#13133,.T.);
#10269=EDGE_CURVE('',#12933,#13132,#13134,.T.);
#10270=EDGE_CURVE('',#13135,#13132,#13136,.T.);
#10271=EDGE_CURVE('',#13135,#12936,#13137,.T.);
#10272=EDGE_CURVE('',#13127,#13135,#13138,.T.);
#10273=EDGE_CURVE('',#12946,#13139,#13140,.T.);
#10274=EDGE_CURVE('',#13139,#13141,#13142,.T.);
#10275=EDGE_CURVE('',#13141,#12942,#13143,.T.);
#10276=EDGE_CURVE('',#13141,#13144,#13145,.T.);
#10277=EDGE_CURVE('',#12941,#13144,#13146,.T.);
#10278=EDGE_CURVE('',#13147,#13144,#13148,.T.);
#10279=EDGE_CURVE('',#13147,#12944,#13149,.T.);
#10280=EDGE_CURVE('',#13139,#13147,#13150,.T.);
#10281=EDGE_CURVE('',#12954,#13151,#13152,.T.);
#10282=EDGE_CURVE('',#13151,#13153,#13154,.T.);
#10283=EDGE_CURVE('',#13153,#12950,#13155,.T.);
#10284=EDGE_CURVE('',#13153,#13156,#13157,.T.);
#10285=EDGE_CURVE('',#12949,#13156,#13158,.T.);
#10286=EDGE_CURVE('',#13159,#13156,#13160,.T.);
#10287=EDGE_CURVE('',#13159,#12952,#13161,.T.);
#10288=EDGE_CURVE('',#13151,#13159,#13162,.T.);
#10289=EDGE_CURVE('',#12962,#13163,#13164,.T.);
#10290=EDGE_CURVE('',#13165,#13163,#13166,.T.);
#10291=EDGE_CURVE('',#13165,#12957,#13167,.T.);
#10292=EDGE_CURVE('',#13168,#13165,#13169,.T.);
#10293=EDGE_CURVE('',#12958,#13168,#13170,.T.);
#10294=EDGE_CURVE('',#13168,#13171,#13172,.T.);
#10295=EDGE_CURVE('',#13171,#12960,#13173,.T.);
#10296=EDGE_CURVE('',#13171,#13163,#13174,.T.);
#10297=EDGE_CURVE('',#12970,#13175,#13176,.T.);
#10298=EDGE_CURVE('',#13177,#13175,#13178,.T.);
#10299=EDGE_CURVE('',#13177,#12965,#13179,.T.);
#10300=EDGE_CURVE('',#13180,#13177,#13181,.T.);
#10301=EDGE_CURVE('',#12966,#13180,#13182,.T.);
#10302=EDGE_CURVE('',#13180,#13183,#13184,.T.);
#10303=EDGE_CURVE('',#13183,#12968,#13185,.T.);
#10304=EDGE_CURVE('',#13183,#13175,#13186,.T.);
#10305=EDGE_CURVE('',#13187,#12978,#13188,.T.);
#10306=EDGE_CURVE('',#13189,#13187,#13190,.T.);
#10307=EDGE_CURVE('',#13189,#12973,#13191,.T.);
#10308=EDGE_CURVE('',#13192,#13189,#13193,.T.);
#10309=EDGE_CURVE('',#12974,#13192,#13194,.T.);
#10310=EDGE_CURVE('',#13192,#13195,#13196,.T.);
#10311=EDGE_CURVE('',#12976,#13195,#13197,.T.);
#10312=EDGE_CURVE('',#13195,#13187,#13198,.T.);
#10313=EDGE_CURVE('',#12986,#13199,#13200,.T.);
#10314=EDGE_CURVE('',#13201,#13199,#13202,.T.);
#10315=EDGE_CURVE('',#13201,#12981,#13203,.T.);
#10316=EDGE_CURVE('',#13204,#13201,#13205,.T.);
#10317=EDGE_CURVE('',#12982,#13204,#13206,.T.);
#10318=EDGE_CURVE('',#13204,#13207,#13208,.T.);
#10319=EDGE_CURVE('',#13207,#12984,#13209,.T.);
#10320=EDGE_CURVE('',#13207,#13199,#13210,.T.);
#10321=EDGE_CURVE('',#12994,#13211,#13212,.T.);
#10322=EDGE_CURVE('',#13211,#13213,#13214,.T.);
#10323=EDGE_CURVE('',#13213,#12990,#13215,.T.);
#10324=EDGE_CURVE('',#13213,#13216,#13217,.T.);
#10325=EDGE_CURVE('',#12989,#13216,#13218,.T.);
#10326=EDGE_CURVE('',#13219,#13216,#13220,.T.);
#10327=EDGE_CURVE('',#13219,#12992,#13221,.T.);
#10328=EDGE_CURVE('',#13211,#13219,#13222,.T.);
#10329=EDGE_CURVE('',#12805,#10730,#13223,.T.);
#10330=EDGE_CURVE('',#10831,#12803,#13224,.T.);
#10331=EDGE_CURVE('',#10833,#12801,#13225,.T.);
#10332=EDGE_CURVE('',#12664,#12807,#13226,.T.);
#10333=EDGE_CURVE('',#10859,#13227,#13228,.T.);
#10334=EDGE_CURVE('',#13227,#13229,#13230,.T.);
#10335=EDGE_CURVE('',#13229,#13231,#13232,.T.);
#10336=EDGE_CURVE('',#13233,#13231,#13234,.T.);
#10337=EDGE_CURVE('',#13235,#13233,#13236,.T.);
#10338=EDGE_CURVE('',#13237,#13235,#13238,.T.);
#10339=EDGE_CURVE('',#13237,#13239,#13240,.T.);
#10340=EDGE_CURVE('',#13239,#13241,#13242,.T.);
#10341=EDGE_CURVE('',#13241,#12666,#13243,.T.);
#10342=EDGE_CURVE('',#13241,#13244,#13245,.T.);
#10343=EDGE_CURVE('',#12766,#13244,#13246,.T.);
#10344=EDGE_CURVE('',#12760,#13247,#13248,.T.);
#10345=EDGE_CURVE('',#13247,#13249,#13250,.T.);
#10346=EDGE_CURVE('',#13249,#13251,#13252,.T.);
#10347=EDGE_CURVE('',#13251,#13253,#13254,.T.);
#10348=EDGE_CURVE('',#13253,#13255,#13256,.T.);
#10349=EDGE_CURVE('',#13255,#13257,#13258,.T.);
#10350=EDGE_CURVE('',#13257,#12776,#13259,.T.);
#10351=EDGE_CURVE('',#13260,#13261,#13262,.T.);
#10352=EDGE_CURVE('',#13263,#13261,#13264,.T.);
#10353=EDGE_CURVE('',#13263,#13265,#13266,.T.);
#10354=EDGE_CURVE('',#13267,#13265,#13268,.T.);
#10355=EDGE_CURVE('',#13267,#13269,#13270,.T.);
#10356=EDGE_CURVE('',#13269,#13271,#13272,.T.);
#10357=EDGE_CURVE('',#13271,#12768,#13273,.T.);
#10358=EDGE_CURVE('',#13244,#13260,#13274,.T.);
#10359=EDGE_CURVE('',#12781,#13257,#13275,.T.);
#10360=EDGE_CURVE('',#13255,#13276,#13277,.T.);
#10361=EDGE_CURVE('',#13276,#13278,#13279,.T.);
#10362=EDGE_CURVE('',#13278,#12783,#13280,.T.);
#10363=EDGE_CURVE('',#13278,#13281,#13282,.T.);
#10364=EDGE_CURVE('',#12785,#13281,#13283,.T.);
#10365=EDGE_CURVE('',#13281,#13284,#13285,.T.);
#10366=EDGE_CURVE('',#13284,#13253,#13286,.T.);
#10367=EDGE_CURVE('',#12787,#13251,#13287,.T.);
#10368=EDGE_CURVE('',#12789,#13249,#13288,.T.);
#10369=EDGE_CURVE('',#13247,#12791,#13289,.T.);
#10370=EDGE_CURVE('',#13284,#13276,#13290,.T.);
#10371=EDGE_CURVE('',#13239,#13260,#13291,.T.);
#10372=EDGE_CURVE('',#13237,#13261,#13292,.T.);
#10373=EDGE_CURVE('',#13293,#13294,#13295,.T.);
#10374=EDGE_CURVE('',#13293,#13263,#13296,.T.);
#10375=EDGE_CURVE('',#13235,#13294,#13297,.T.);
#10376=EDGE_CURVE('',#13294,#13298,#13299,.T.);
#10377=EDGE_CURVE('',#13298,#13233,#13300,.T.);
#10378=EDGE_CURVE('',#13231,#13267,#13301,.T.);
#10379=EDGE_CURVE('',#13265,#13302,#13303,.T.);
#10380=EDGE_CURVE('',#13298,#13302,#13304,.T.);
#10381=EDGE_CURVE('',#13293,#13302,#13305,.T.);
#10382=EDGE_CURVE('',#13229,#13269,#13306,.T.);
#10383=EDGE_CURVE('',#13271,#13227,#13307,.T.);
#10384=EDGE_CURVE('',#10633,#12409,#13308,.T.);
#10385=EDGE_CURVE('',#12407,#11054,#13309,.T.);
#10386=EDGE_CURVE('',#11054,#10633,#13310,.T.);
#10387=EDGE_CURVE('',#12405,#11056,#13311,.T.);
#10388=EDGE_CURVE('',#11058,#12372,#13312,.T.);
#10389=EDGE_CURVE('',#12370,#11060,#13313,.T.);
#10390=EDGE_CURVE('',#12368,#11062,#13314,.T.);
#10391=EDGE_CURVE('',#11064,#12366,#13315,.T.);
#10392=EDGE_CURVE('',#12364,#11066,#13316,.T.);
#10393=EDGE_CURVE('',#11068,#12362,#13317,.T.);
#10394=EDGE_CURVE('',#11070,#12360,#13318,.T.);
#10395=EDGE_CURVE('',#12358,#11072,#13319,.T.);
#10396=EDGE_CURVE('',#11074,#12356,#13320,.T.);
#10397=EDGE_CURVE('',#12354,#11076,#13321,.T.);
#10398=EDGE_CURVE('',#12352,#11078,#13322,.T.);
#10399=EDGE_CURVE('',#11080,#12350,#13323,.T.);
#10400=EDGE_CURVE('',#12348,#11082,#13324,.T.);
#10401=EDGE_CURVE('',#11084,#12346,#13325,.T.);
#10402=EDGE_CURVE('',#11086,#12344,#13326,.T.);
#10403=EDGE_CURVE('',#12342,#11029,#13327,.T.);
#10404=EDGE_CURVE('',#12339,#12320,#13328,.T.);
#10405=EDGE_CURVE('',#12337,#12322,#13329,.T.);
#10406=EDGE_CURVE('',#11270,#12335,#13330,.T.);
#10407=EDGE_CURVE('',#11272,#12333,#13331,.T.);
#10408=EDGE_CURVE('',#12384,#11046,#13332,.T.);
#10409=EDGE_CURVE('',#11048,#12382,#13333,.T.);
#10410=EDGE_CURVE('',#11144,#12245,#13334,.T.);
#10411=EDGE_CURVE('',#12247,#11142,#13335,.T.);
#10412=EDGE_CURVE('',#12259,#11130,#13336,.T.);
#10413=EDGE_CURVE('',#12261,#11128,#13337,.T.);
#10414=EDGE_CURVE('',#11126,#12263,#13338,.T.);
#10415=EDGE_CURVE('',#12265,#11124,#13339,.T.);
#10416=EDGE_CURVE('',#11122,#12267,#13340,.T.);
#10417=EDGE_CURVE('',#11120,#12269,#13341,.T.);
#10418=EDGE_CURVE('',#12271,#11118,#13342,.T.);
#10419=EDGE_CURVE('',#11116,#12273,#13343,.T.);
#10420=EDGE_CURVE('',#12275,#11114,#13344,.T.);
#10421=EDGE_CURVE('',#12277,#11112,#13345,.T.);
#10422=EDGE_CURVE('',#11110,#12279,#13346,.T.);
#10423=EDGE_CURVE('',#12281,#11108,#13347,.T.);
#10424=EDGE_CURVE('',#11106,#12283,#13348,.T.);
#10425=EDGE_CURVE('',#11104,#12285,#13349,.T.);
#10426=EDGE_CURVE('',#13350,#11707,#13351,.T.);
#10427=EDGE_CURVE('',#13350,#11472,#13352,.T.);
#10428=EDGE_CURVE('',#11919,#11736,#13353,.T.);
#10429=EDGE_CURVE('',#11738,#11917,#13354,.T.);
#10430=EDGE_CURVE('',#13350,#13355,#13356,.T.);
#10431=EDGE_CURVE('',#11474,#13355,#13357,.T.);
#10432=EDGE_CURVE('',#13358,#13355,#13359,.T.);
#10433=EDGE_CURVE('',#13358,#11476,#13360,.T.);
#10434=EDGE_CURVE('',#11915,#11740,#13361,.T.);
#10435=EDGE_CURVE('',#11913,#11742,#13362,.T.);
#10436=EDGE_CURVE('',#13363,#13358,#13364,.T.);
#10437=EDGE_CURVE('',#13363,#11478,#13365,.T.);
#10438=EDGE_CURVE('',#11911,#13366,#13367,.T.);
#10439=EDGE_CURVE('',#13366,#13368,#13369,.T.);
#10440=EDGE_CURVE('',#13368,#11480,#13370,.T.);
#10441=EDGE_CURVE('',#13371,#13363,#13372,.T.);
#10442=EDGE_CURVE('',#13371,#11744,#13373,.T.);
#10443=EDGE_CURVE('',#11746,#13374,#13375,.T.);
#10444=EDGE_CURVE('',#13371,#13374,#13376,.T.);
#10445=EDGE_CURVE('',#10524,#11684,#13377,.T.);
#10446=EDGE_CURVE('',#10528,#13378,#13379,.F.);
#10447=EDGE_CURVE('',#13378,#13380,#13381,.T.);
#10448=EDGE_CURVE('',#13382,#13380,#13383,.T.);
#10449=EDGE_CURVE('',#13382,#13374,#13384,.T.);
#10450=EDGE_CURVE('',#13385,#13386,#13387,.T.);
#10451=EDGE_CURVE('',#13388,#13386,#13389,.T.);
#10452=EDGE_CURVE('',#13388,#13390,#13391,.T.);
#10453=EDGE_CURVE('',#13390,#13392,#13393,.T.);
#10454=EDGE_CURVE('',#13392,#13394,#13395,.T.);
#10455=EDGE_CURVE('',#11787,#13394,#13396,.T.);
#10456=EDGE_CURVE('',#13397,#11761,#13398,.T.);
#10457=EDGE_CURVE('',#13397,#13385,#13399,.T.);
#10458=EDGE_CURVE('',#11748,#13382,#13400,.T.);
#10459=EDGE_CURVE('',#11750,#13380,#13401,.T.);
#10460=EDGE_CURVE('',#11752,#13378,#13402,.T.);
#10461=EDGE_CURVE('',#13397,#11731,#13403,.T.);
#10462=EDGE_CURVE('',#11729,#13385,#13404,.T.);
#10463=EDGE_CURVE('',#11727,#13386,#13405,.T.);
#10464=EDGE_CURVE('',#11725,#13388,#13406,.T.);
#10465=EDGE_CURVE('',#11723,#13390,#13407,.T.);
#10466=EDGE_CURVE('',#13392,#11721,#13408,.T.);
#10467=EDGE_CURVE('',#13394,#11719,#13409,.T.);
#10468=EDGE_CURVE('',#11482,#13410,#13411,.T.);
#10469=EDGE_CURVE('',#13412,#13410,#13413,.T.);
#10470=EDGE_CURVE('',#13412,#11909,#13414,.T.);
#10471=EDGE_CURVE('',#13366,#13412,#13415,.T.);
#10472=EDGE_CURVE('',#13368,#13410,#13416,.T.);
#10473=EDGE_CURVE('',#11829,#11516,#13417,.T.);
#10474=EDGE_CURVE('',#11827,#13418,#13419,.F.);
#10475=EDGE_CURVE('',#13418,#11518,#13420,.T.);
#10476=EDGE_CURVE('',#13418,#11520,#13421,.T.);
#10477=EDGE_CURVE('',#13422,#11825,#13423,.F.);
#10478=EDGE_CURVE('',#11522,#13422,#13424,.T.);
#10479=EDGE_CURVE('',#13422,#11524,#13425,.T.);
#10480=EDGE_CURVE('',#11526,#11823,#13426,.T.);
#10481=EDGE_CURVE('',#11838,#11532,#13427,.T.);
#10482=EDGE_CURVE('',#11836,#13428,#13429,.T.);
#10483=EDGE_CURVE('',#11534,#13428,#13430,.T.);
#10484=EDGE_CURVE('',#11536,#13428,#13431,.T.);
#10485=EDGE_CURVE('',#11834,#13432,#13433,.T.);
#10486=EDGE_CURVE('',#13432,#11538,#13434,.T.);
#10487=EDGE_CURVE('',#11540,#13432,#13435,.T.);
#10488=EDGE_CURVE('',#11832,#11542,#13436,.T.);
#10489=EDGE_CURVE('',#11548,#11847,#13437,.T.);
#10490=EDGE_CURVE('',#11845,#13438,#13439,.T.);
#10491=EDGE_CURVE('',#11550,#13438,#13440,.T.);
#10492=EDGE_CURVE('',#11552,#13438,#13441,.T.);
#10493=EDGE_CURVE('',#11843,#13442,#13443,.T.);
#10494=EDGE_CURVE('',#13442,#11554,#13444,.T.);
#10495=EDGE_CURVE('',#11556,#13442,#13445,.T.);
#10496=EDGE_CURVE('',#11841,#11558,#13446,.T.);
#10497=EDGE_CURVE('',#11856,#11564,#13447,.T.);
#10498=EDGE_CURVE('',#11854,#13448,#13449,.T.);
#10499=EDGE_CURVE('',#11566,#13448,#13450,.T.);
#10500=EDGE_CURVE('',#11568,#13448,#13451,.T.);
#10501=EDGE_CURVE('',#11852,#13452,#13453,.F.);
#10502=EDGE_CURVE('',#13452,#11570,#13454,.T.);
#10503=EDGE_CURVE('',#11572,#13452,#13455,.T.);
#10504=EDGE_CURVE('',#11574,#11850,#13456,.T.);
#10505=EDGE_CURVE('',#11865,#11580,#13457,.T.);
#10506=EDGE_CURVE('',#11863,#13458,#13459,.T.);
#10507=EDGE_CURVE('',#11582,#13458,#13460,.T.);
#10508=EDGE_CURVE('',#11584,#13458,#13461,.T.);
#10509=EDGE_CURVE('',#11861,#13462,#13463,.F.);
#10510=EDGE_CURVE('',#13462,#11586,#13464,.T.);
#10511=EDGE_CURVE('',#11588,#13462,#13465,.T.);
#10512=EDGE_CURVE('',#11859,#11590,#13466,.T.);
#10513=EDGE_CURVE('',#11596,#11874,#13467,.T.);
#10514=EDGE_CURVE('',#11872,#13468,#13469,.F.);
#10515=EDGE_CURVE('',#13468,#11598,#13470,.T.);
#10516=EDGE_CURVE('',#13468,#11600,#13471,.T.);
#10517=EDGE_CURVE('',#13472,#11870,#13473,.F.);
#10518=EDGE_CURVE('',#11602,#13472,#13474,.T.);
#10519=EDGE_CURVE('',#13472,#11604,#13475,.T.);
#10520=EDGE_CURVE('',#11868,#11606,#13476,.T.);
#10521=EDGE_CURVE('',#11877,#11612,#13477,.T.);
#10522=EDGE_CURVE('',#11614,#11619,#13478,.T.);
#10523=VERTEX_POINT('',#13479);
#10524=VERTEX_POINT('',#13480);
#10525=LINE('',#13481,#13482);
#10526=VERTEX_POINT('',#13483);
#10527=CIRCLE('',#13484,0.25000000038);
#10528=VERTEX_POINT('',#13485);
#10529=LINE('',#13486,#13487);
#10530=CIRCLE('',#13488,0.25000000038);
#10531=VERTEX_POINT('',#13489);
#10532=VERTEX_POINT('',#13490);
#10533=LINE('',#13491,#13492);
#10534=VERTEX_POINT('',#13493);
#10535=B_SPLINE_CURVE_WITH_KNOTS('',3,(#13494,#13495,#13496,#13497),.UNSPECIFIED.,.F.,.F.,(4,4),(0.000329698886832649,0.000550824097921279),.UNSPECIFIED.);
#10536=CIRCLE('',#13498,0.300346287584897);
#10537=VERTEX_POINT('',#13499);
#10538=VERTEX_POINT('',#13500);
#10539=LINE('',#13501,#13502);
#10540=VERTEX_POINT('',#13503);
#10541=CIRCLE('',#13504,0.175);
#10542=VERTEX_POINT('',#13505);
#10543=LINE('',#13506,#13507);
#10544=VERTEX_POINT('',#13508);
#10545=LINE('',#13509,#13510);
#10546=CIRCLE('',#13511,0.175);
#10547=VERTEX_POINT('',#13512);
#10548=VERTEX_POINT('',#13513);
#10549=LINE('',#13514,#13515);
#10550=VERTEX_POINT('',#13516);
#10551=B_SPLINE_CURVE_WITH_KNOTS('',3,(#13517,#13518,#13519,#13520,#13521),.UNSPECIFIED.,.F.,.F.,(4,1,4),(0.000326100413889515,0.00111965186472637,0.00191320331777479),.UNSPECIFIED.);
#10552=VERTEX_POINT('',#13522);
#10553=LINE('',#13523,#13524);
#10554=CIRCLE('',#13525,1.13000139514188);
#10555=VERTEX_POINT('',#13526);
#10556=VERTEX_POINT('',#13527);
#10557=LINE('',#13528,#13529);
#10558=VERTEX_POINT('',#13530);
#10559=CIRCLE('',#13531,1.08);
#10560=B_SPLINE_CURVE_WITH_KNOTS('',3,(#13532,#13533,#13534,#13535),.UNSPECIFIED.,.F.,.F.,(4,4),(0.00244295227482641,0.00332565845199732),.UNSPECIFIED.);
#10561=VERTEX_POINT('',#13536);
#10562=VERTEX_POINT('',#13537);
#10563=B_SPLINE_CURVE_WITH_KNOTS('',3,(#13538,#13539,#13540,#13541),.UNSPECIFIED.,.F.,.F.,(4,4),(0.00071416891475102,0.00112020765554902),.UNSPECIFIED.);
#10564=VERTEX_POINT('',#13542);
#10565=LINE('',#13543,#13544);
#10566=VERTEX_POINT('',#13545);
#10567=CIRCLE('',#13546,1.20088009801215);
#10568=B_SPLINE_CURVE_WITH_KNOTS('',3,(#13547,#13548,#13549,#13550),.UNSPECIFIED.,.F.,.F.,(4,4),(1.86473687413727E-18,6.63209620998305E-05),.UNSPECIFIED.);
#10569=VERTEX_POINT('',#13551);
#10570=B_SPLINE_CURVE_WITH_KNOTS('',3,(#13552,#13553,#13554,#13555),.UNSPECIFIED.,.F.,.F.,(4,4),(0.000210520927811436,0.00040614839145194),.UNSPECIFIED.);
#10571=VERTEX_POINT('',#13556);
#10572=B_SPLINE_CURVE_WITH_KNOTS('',3,(#13557,#13558,#13559,#13560),.UNSPECIFIED.,.F.,.F.,(4,4),(0.740661428208405,0.845223152795818),.UNSPECIFIED.);
#10573=VERTEX_POINT('',#13561);
#10574=B_SPLINE_CURVE_WITH_KNOTS('',3,(#13562,#13563,#13564,#13565),.UNSPECIFIED.,.F.,.F.,(4,4),(0.000109796520684128,0.000131169897713734),.UNSPECIFIED.);
#10575=CIRCLE('',#13566,1.08);
#10576=VERTEX_POINT('',#13567);
#10577=B_SPLINE_CURVE_WITH_KNOTS('',3,(#13568,#13569,#13570,#13571),.UNSPECIFIED.,.F.,.F.,(4,4),(0.00244295227482641,0.00332565845199732),.UNSPECIFIED.);
#10578=CIRCLE('',#13572,1.08);
#10579=VERTEX_POINT('',#13573);
#10580=B_SPLINE_CURVE_WITH_KNOTS('',3,(#13574,#13575,#13576,#13577),.UNSPECIFIED.,.F.,.F.,(4,4),(9.04358985752115E-18,3.77353354868733E-05),.UNSPECIFIED.);
#10581=VERTEX_POINT('',#13578);
#10582=LINE('',#13579,#13580);
#10583=VERTEX_POINT('',#13581);
#10584=LINE('',#13582,#13583);
#10585=VERTEX_POINT('',#13584);
#10586=LINE('',#13585,#13586);
#10587=B_SPLINE_CURVE_WITH_KNOTS('',3,(#13587,#13588,#13589,#13590),.UNSPECIFIED.,.F.,.F.,(4,4),(6.19100108181355E-05,0.000139622073907801),.UNSPECIFIED.);
#10588=VERTEX_POINT('',#13591);
#10589=VERTEX_POINT('',#13592);
#10590=LINE('',#13593,#13594);
#10591=VERTEX_POINT('',#13595);
#10592=CIRCLE('',#13596,1.28);
#10593=VERTEX_POINT('',#13597);
#10594=LINE('',#13598,#13599);
#10595=VERTEX_POINT('',#13600);
#10596=LINE('',#13601,#13602);
#10597=VERTEX_POINT('',#13603);
#10598=B_SPLINE_CURVE_WITH_KNOTS('',3,(#13604,#13605,#13606,#13607),.UNSPECIFIED.,.F.,.F.,(4,4),(1.17277323495646E-17,0.000179477628238793),.UNSPECIFIED.);
#10599=VERTEX_POINT('',#13608);
#10600=LINE('',#13609,#13610);
#10601=LINE('',#13611,#13612);
#10602=VERTEX_POINT('',#13613);
#10603=VERTEX_POINT('',#13614);
#10604=LINE('',#13615,#13616);
#10605=VERTEX_POINT('',#13617);
#10606=LINE('',#13618,#13619);
#10607=VERTEX_POINT('',#13620);
#10608=LINE('',#13621,#13622);
#10609=CIRCLE('',#13623,1.28);
#10610=VERTEX_POINT('',#13624);
#10611=VERTEX_POINT('',#13625);
#10612=LINE('',#13626,#13627);
#10613=VERTEX_POINT('',#13628);
#10614=LINE('',#13629,#13630);
#10615=VERTEX_POINT('',#13631);
#10616=LINE('',#13632,#13633);
#10617=LINE('',#13634,#13635);
#10618=VERTEX_POINT('',#13636);
#10619=VERTEX_POINT('',#13637);
#10620=LINE('',#13638,#13639);
#10621=VERTEX_POINT('',#13640);
#10622=LINE('',#13641,#13642);
#10623=VERTEX_POINT('',#13643);
#10624=LINE('',#13644,#13645);
#10625=LINE('',#13646,#13647);
#10626=VERTEX_POINT('',#13648);
#10627=VERTEX_POINT('',#13649);
#10628=LINE('',#13650,#13651);
#10629=VERTEX_POINT('',#13652);
#10630=LINE('',#13653,#13654);
#10631=VERTEX_POINT('',#13655);
#10632=LINE('',#13656,#13657);
#10633=VERTEX_POINT('',#13658);
#10634=LINE('',#13659,#13660);
#10635=VERTEX_POINT('',#13661);
#10636=LINE('',#13662,#13663);
#10637=VERTEX_POINT('',#13664);
#10638=LINE('',#13665,#13666);
#10639=VERTEX_POINT('',#13667);
#10640=CIRCLE('',#13668,0.15);
#10641=VERTEX_POINT('',#13669);
#10642=LINE('',#13670,#13671);
#10643=VERTEX_POINT('',#13672);
#10644=CIRCLE('',#13673,0.15);
#10645=VERTEX_POINT('',#13674);
#10646=LINE('',#13675,#13676);
#10647=VERTEX_POINT('',#13677);
#10648=LINE('',#13678,#13679);
#10649=VERTEX_POINT('',#13680);
#10650=LINE('',#13681,#13682);
#10651=VERTEX_POINT('',#13683);
#10652=CIRCLE('',#13684,0.15);
#10653=VERTEX_POINT('',#13685);
#10654=LINE('',#13686,#13687);
#10655=VERTEX_POINT('',#13688);
#10656=CIRCLE('',#13689,0.15);
#10657=VERTEX_POINT('',#13690);
#10658=LINE('',#13691,#13692);
#10659=VERTEX_POINT('',#13693);
#10660=LINE('',#13694,#13695);
#10661=LINE('',#13696,#13697);
#10662=VERTEX_POINT('',#13698);
#10663=VERTEX_POINT('',#13699);
#10664=LINE('',#13700,#13701);
#10665=VERTEX_POINT('',#13702);
#10666=LINE('',#13703,#13704);
#10667=VERTEX_POINT('',#13705);
#10668=LINE('',#13706,#13707);
#10669=VERTEX_POINT('',#13708);
#10670=LINE('',#13709,#13710);
#10671=VERTEX_POINT('',#13711);
#10672=CIRCLE('',#13712,0.15);
#10673=VERTEX_POINT('',#13713);
#10674=LINE('',#13714,#13715);
#10675=VERTEX_POINT('',#13716);
#10676=CIRCLE('',#13717,0.15);
#10677=VERTEX_POINT('',#13718);
#10678=LINE('',#13719,#13720);
#10679=VERTEX_POINT('',#13721);
#10680=LINE('',#13722,#13723);
#10681=VERTEX_POINT('',#13724);
#10682=LINE('',#13725,#13726);
#10683=VERTEX_POINT('',#13727);
#10684=CIRCLE('',#13728,0.15);
#10685=VERTEX_POINT('',#13729);
#10686=LINE('',#13730,#13731);
#10687=VERTEX_POINT('',#13732);
#10688=CIRCLE('',#13733,0.15);
#10689=VERTEX_POINT('',#13734);
#10690=LINE('',#13735,#13736);
#10691=VERTEX_POINT('',#13737);
#10692=LINE('',#13738,#13739);
#10693=LINE('',#13740,#13741);
#10694=VERTEX_POINT('',#13742);
#10695=B_SPLINE_CURVE_WITH_KNOTS('',3,(#13743,#13744,#13745,#13746),.UNSPECIFIED.,.F.,.F.,(4,4),(0.0,0.0341491043124907),.UNSPECIFIED.);
#10696=VERTEX_POINT('',#13747);
#10697=LINE('',#13748,#13749);
#10698=VERTEX_POINT('',#13750);
#10699=LINE('',#13751,#13752);
#10700=VERTEX_POINT('',#13753);
#10701=LINE('',#13754,#13755);
#10702=VERTEX_POINT('',#13756);
#10703=CIRCLE('',#13757,0.15);
#10704=LINE('',#13758,#13759);
#10705=VERTEX_POINT('',#13760);
#10706=B_SPLINE_CURVE_WITH_KNOTS('',3,(#13761,#13762,#13763,#13764,#13765,#13766,#13767,#13768),.UNSPECIFIED.,.F.,.F.,(4,1,1,1,1,4),(-1.05430101491843E-11,0.2,0.4,0.6,0.8,0.999999999998975),.UNSPECIFIED.);
#10707=B_SPLINE_CURVE_WITH_KNOTS('',3,(#13769,#13770,#13771,#13772),.UNSPECIFIED.,.F.,.F.,(4,4),(2.76662827816636E-15,0.000239436003615811),.UNSPECIFIED.);
#10708=VERTEX_POINT('',#13773);
#10709=LINE('',#13774,#13775);
#10710=VERTEX_POINT('',#13776);
#10711=LINE('',#13777,#13778);
#10712=VERTEX_POINT('',#13779);
#10713=LINE('',#13780,#13781);
#10714=VERTEX_POINT('',#13782);
#10715=LINE('',#13783,#13784);
#10716=LINE('',#13785,#13786);
#10717=VERTEX_POINT('',#13787);
#10718=ELLIPSE('',#13788,1.69830092139271,1.20088009801215);
#10719=VERTEX_POINT('',#13789);
#10720=LINE('',#13790,#13791);
#10721=VERTEX_POINT('',#13792);
#10722=ELLIPSE('',#13793,0.424264068711928,0.3);
#10723=VERTEX_POINT('',#13794);
#10724=LINE('',#13795,#13796);
#10725=LINE('',#13797,#13798);
#10726=VERTEX_POINT('',#13799);
#10727=VERTEX_POINT('',#13800);
#10728=LINE('',#13801,#13802);
#10729=ELLIPSE('',#13803,1.69830092139271,1.20088009801215);
#10730=VERTEX_POINT('',#13804);
#10731=LINE('',#13805,#13806);
#10732=ELLIPSE('',#13807,0.424264068711928,0.3);
#10733=VERTEX_POINT('',#13808);
#10734=VERTEX_POINT('',#13809);
#10735=LINE('',#13810,#13811);
#10736=VERTEX_POINT('',#13812);
#10737=LINE('',#13813,#13814);
#10738=VERTEX_POINT('',#13815);
#10739=LINE('',#13816,#13817);
#10740=LINE('',#13818,#13819);
#10741=VERTEX_POINT('',#13820);
#10742=VERTEX_POINT('',#13821);
#10743=LINE('',#13822,#13823);
#10744=VERTEX_POINT('',#13824);
#10745=LINE('',#13825,#13826);
#10746=VERTEX_POINT('',#13827);
#10747=LINE('',#13828,#13829);
#10748=LINE('',#13830,#13831);
#10749=VERTEX_POINT('',#13832);
#10750=VERTEX_POINT('',#13833);
#10751=LINE('',#13834,#13835);
#10752=VERTEX_POINT('',#13836);
#10753=LINE('',#13837,#13838);
#10754=VERTEX_POINT('',#13839);
#10755=CIRCLE('',#13840,0.35);
#10756=VERTEX_POINT('',#13841);
#10757=LINE('',#13842,#13843);
#10758=VERTEX_POINT('',#13844);
#10759=CIRCLE('',#13845,0.35);
#10760=LINE('',#13846,#13847);
#10761=VERTEX_POINT('',#13848);
#10762=LINE('',#13849,#13850);
#10763=VERTEX_POINT('',#13851);
#10764=LINE('',#13852,#13853);
#10765=LINE('',#13854,#13855);
#10766=VERTEX_POINT('',#13856);
#10767=VERTEX_POINT('',#13857);
#10768=LINE('',#13858,#13859);
#10769=VERTEX_POINT('',#13860);
#10770=LINE('',#13861,#13862);
#10771=VERTEX_POINT('',#13863);
#10772=CIRCLE('',#13864,0.35);
#10773=VERTEX_POINT('',#13865);
#10774=LINE('',#13866,#13867);
#10775=VERTEX_POINT('',#13868);
#10776=CIRCLE('',#13869,0.35);
#10777=LINE('',#13870,#13871);
#10778=VERTEX_POINT('',#13872);
#10779=VERTEX_POINT('',#13873);
#10780=LINE('',#13874,#13875);
#10781=LINE('',#13876,#13877);
#10782=VERTEX_POINT('',#13878);
#10783=LINE('',#13879,#13880);
#10784=VERTEX_POINT('',#13881);
#10785=LINE('',#13882,#13883);
#10786=LINE('',#13884,#13885);
#10787=VERTEX_POINT('',#13886);
#10788=LINE('',#13887,#13888);
#10789=VERTEX_POINT('',#13889);
#10790=LINE('',#13890,#13891);
#10791=LINE('',#13892,#13893);
#10792=VERTEX_POINT('',#13894);
#10793=VERTEX_POINT('',#13895);
#10794=LINE('',#13896,#13897);
#10795=VERTEX_POINT('',#13898);
#10796=CIRCLE('',#13899,0.15);
#10797=VERTEX_POINT('',#13900);
#10798=LINE('',#13901,#13902);
#10799=CIRCLE('',#13903,0.15);
#10800=VERTEX_POINT('',#13904);
#10801=VERTEX_POINT('',#13905);
#10802=CIRCLE('',#13906,0.15);
#10803=VERTEX_POINT('',#13907);
#10804=LINE('',#13908,#13909);
#10805=VERTEX_POINT('',#13910);
#10806=CIRCLE('',#13911,0.15);
#10807=LINE('',#13912,#13913);
#10808=VERTEX_POINT('',#13914);
#10809=LINE('',#13915,#13916);
#10810=VERTEX_POINT('',#13917);
#10811=LINE('',#13918,#13919);
#10812=VERTEX_POINT('',#13920);
#10813=CIRCLE('',#13921,0.15);
#10814=VERTEX_POINT('',#13922);
#10815=LINE('',#13923,#13924);
#10816=CIRCLE('',#13925,0.3);
#10817=VERTEX_POINT('',#13926);
#10818=LINE('',#13927,#13928);
#10819=LINE('',#13929,#13930);
#10820=VERTEX_POINT('',#13931);
#10821=ELLIPSE('',#13932,0.223396650902936,0.15);
#10822=VERTEX_POINT('',#13933);
#10823=LINE('',#13934,#13935);
#10824=VERTEX_POINT('',#13936);
#10825=LINE('',#13937,#13938);
#10826=VERTEX_POINT('',#13939);
#10827=LINE('',#13940,#13941);
#10828=VERTEX_POINT('',#13942);
#10829=LINE('',#13943,#13944);
#10830=CIRCLE('',#13945,0.15);
#10831=VERTEX_POINT('',#13946);
#10832=CIRCLE('',#13947,0.3);
#10833=VERTEX_POINT('',#13948);
#10834=LINE('',#13949,#13950);
#10835=VERTEX_POINT('',#13951);
#10836=CIRCLE('',#13952,0.15);
#10837=LINE('',#13953,#13954);
#10838=VERTEX_POINT('',#13955);
#10839=LINE('',#13956,#13957);
#10840=VERTEX_POINT('',#13958);
#10841=CIRCLE('',#13959,0.15);
#10842=VERTEX_POINT('',#13960);
#10843=ELLIPSE('',#13961,0.152836654945396,0.152836349424987);
#10844=VERTEX_POINT('',#13962);
#10845=LINE('',#13963,#13964);
#10846=VERTEX_POINT('',#13965);
#10847=LINE('',#13966,#13967);
#10848=LINE('',#13968,#13969);
#10849=VERTEX_POINT('',#13970);
#10850=LINE('',#13971,#13972);
#10851=VERTEX_POINT('',#13973);
#10852=LINE('',#13974,#13975);
#10853=LINE('',#13976,#13977);
#10854=VERTEX_POINT('',#13978);
#10855=VERTEX_POINT('',#13979);
#10856=LINE('',#13980,#13981);
#10857=VERTEX_POINT('',#13982);
#10858=LINE('',#13983,#13984);
#10859=VERTEX_POINT('',#13985);
#10860=ELLIPSE('',#13986,0.636396103067893,0.45);
#10861=LINE('',#13987,#13988);
#10862=ELLIPSE('',#13989,1.69830092139271,1.20088009801215);
#10863=VERTEX_POINT('',#13990);
#10864=LINE('',#13991,#13992);
#10865=LINE('',#13993,#13994);
#10866=VERTEX_POINT('',#13995);
#10867=B_SPLINE_CURVE_WITH_KNOTS('',3,(#13996,#13997,#13998,#13999),.UNSPECIFIED.,.F.,.F.,(4,4),(839.475250555303,839.475324675205),.UNSPECIFIED.);
#10868=LINE('',#14000,#14001);
#10869=VERTEX_POINT('',#14002);
#10870=LINE('',#14003,#14004);
#10871=VERTEX_POINT('',#14005);
#10872=ELLIPSE('',#14006,1.69830092139271,1.20088009801215);
#10873=VERTEX_POINT('',#14007);
#10874=LINE('',#14008,#14009);
#10875=VERTEX_POINT('',#14010);
#10876=LINE('',#14011,#14012);
#10877=ELLIPSE('',#14013,0.636396103067893,0.45);
#10878=B_SPLINE_CURVE_WITH_KNOTS('',3,(#14014,#14015,#14016,#14017,#14018),.UNSPECIFIED.,.F.,.F.,(4,1,4),(0.000343541093596899,0.00113709347066594,0.00193064585027991),.UNSPECIFIED.);
#10879=VERTEX_POINT('',#14019);
#10880=LINE('',#14020,#14021);
#10881=CIRCLE('',#14022,1.20088009801215);
#10882=CIRCLE('',#14023,1.13000139514188);
#10883=CIRCLE('',#14024,1.20088009801215);
#10884=VERTEX_POINT('',#14025);
#10885=VERTEX_POINT('',#14026);
#10886=CIRCLE('',#14027,0.4);
#10887=VERTEX_POINT('',#14028);
#10888=LINE('',#14029,#14030);
#10889=VERTEX_POINT('',#14031);
#10890=CIRCLE('',#14032,0.4);
#10891=VERTEX_POINT('',#14033);
#10892=LINE('',#14034,#14035);
#10893=CIRCLE('',#14036,0.4);
#10894=VERTEX_POINT('',#14037);
#10895=CIRCLE('',#14038,0.4);
#10896=LINE('',#14039,#14040);
#10897=VERTEX_POINT('',#14041);
#10898=CIRCLE('',#14042,0.9800000000002);
#10899=VERTEX_POINT('',#14043);
#10900=LINE('',#14044,#14045);
#10901=VERTEX_POINT('',#14046);
#10902=CIRCLE('',#14047,0.05);
#10903=VERTEX_POINT('',#14048);
#10904=LINE('',#14049,#14050);
#10905=VERTEX_POINT('',#14051);
#10906=CIRCLE('',#14052,0.4);
#10907=VERTEX_POINT('',#14053);
#10908=LINE('',#14054,#14055);
#10909=VERTEX_POINT('',#14056);
#10910=CIRCLE('',#14057,0.4);
#10911=VERTEX_POINT('',#14058);
#10912=LINE('',#14059,#14060);
#10913=VERTEX_POINT('',#14061);
#10914=CIRCLE('',#14062,0.05);
#10915=VERTEX_POINT('',#14063);
#10916=LINE('',#14064,#14065);
#10917=VERTEX_POINT('',#14066);
#10918=LINE('',#14067,#14068);
#10919=VERTEX_POINT('',#14069);
#10920=LINE('',#14070,#14071);
#10921=VERTEX_POINT('',#14072);
#10922=LINE('',#14073,#14074);
#10923=VERTEX_POINT('',#14075);
#10924=LINE('',#14076,#14077);
#10925=VERTEX_POINT('',#14078);
#10926=CIRCLE('',#14079,0.05);
#10927=VERTEX_POINT('',#14080);
#10928=LINE('',#14081,#14082);
#10929=VERTEX_POINT('',#14083);
#10930=CIRCLE('',#14084,0.4);
#10931=VERTEX_POINT('',#14085);
#10932=LINE('',#14086,#14087);
#10933=VERTEX_POINT('',#14088);
#10934=CIRCLE('',#14089,0.4);
#10935=VERTEX_POINT('',#14090);
#10936=LINE('',#14091,#14092);
#10937=VERTEX_POINT('',#14093);
#10938=CIRCLE('',#14094,0.05);
#10939=VERTEX_POINT('',#14095);
#10940=LINE('',#14096,#14097);
#10941=CIRCLE('',#14098,0.9800000000002);
#10942=VERTEX_POINT('',#14099);
#10943=CIRCLE('',#14100,0.9799999999999);
#10944=VERTEX_POINT('',#14101);
#10945=LINE('',#14102,#14103);
#10946=VERTEX_POINT('',#14104);
#10947=CIRCLE('',#14105,0.05);
#10948=VERTEX_POINT('',#14106);
#10949=LINE('',#14107,#14108);
#10950=VERTEX_POINT('',#14109);
#10951=CIRCLE('',#14110,0.4);
#10952=VERTEX_POINT('',#14111);
#10953=LINE('',#14112,#14113);
#10954=VERTEX_POINT('',#14114);
#10955=CIRCLE('',#14115,0.4);
#10956=VERTEX_POINT('',#14116);
#10957=LINE('',#14117,#14118);
#10958=VERTEX_POINT('',#14119);
#10959=CIRCLE('',#14120,0.05);
#10960=VERTEX_POINT('',#14121);
#10961=LINE('',#14122,#14123);
#10962=VERTEX_POINT('',#14124);
#10963=CIRCLE('',#14125,0.05);
#10964=VERTEX_POINT('',#14126);
#10965=LINE('',#14127,#14128);
#10966=VERTEX_POINT('',#14129);
#10967=CIRCLE('',#14130,0.4);
#10968=VERTEX_POINT('',#14131);
#10969=LINE('',#14132,#14133);
#10970=VERTEX_POINT('',#14134);
#10971=CIRCLE('',#14135,0.4);
#10972=VERTEX_POINT('',#14136);
#10973=LINE('',#14137,#14138);
#10974=VERTEX_POINT('',#14139);
#10975=CIRCLE('',#14140,0.05);
#10976=VERTEX_POINT('',#14141);
#10977=LINE('',#14142,#14143);
#10978=CIRCLE('',#14144,0.9800000000001);
#10979=VERTEX_POINT('',#14145);
#10980=B_SPLINE_CURVE_WITH_KNOTS('',3,(#14146,#14147,#14148,#14149),.UNSPECIFIED.,.F.,.F.,(4,4),(0.000325934162710524,0.000565525814052261),.UNSPECIFIED.);
#10981=VERTEX_POINT('',#14150);
#10982=B_SPLINE_CURVE_WITH_KNOTS('',3,(#14151,#14152,#14153,#14154,#14155,#14156),.UNSPECIFIED.,.F.,.F.,(4,1,1,4),(0.0,0.3333333333333,0.6666666666667,1.00000000000106),.UNSPECIFIED.);
#10983=VERTEX_POINT('',#14157);
#10984=B_SPLINE_CURVE_WITH_KNOTS('',3,(#14158,#14159,#14160,#14161,#14162),.UNSPECIFIED.,.F.,.F.,(4,1,4),(0.0181436913625397,0.499999999999984,0.999999999999942),.UNSPECIFIED.);
#10985=B_SPLINE_CURVE_WITH_KNOTS('',3,(#14163,#14164,#14165,#14166),.UNSPECIFIED.,.F.,.F.,(4,4),(2.2799290945878E-13,0.000295645428214625),.UNSPECIFIED.);
#10986=VERTEX_POINT('',#14167);
#10987=LINE('',#14168,#14169);
#10988=VERTEX_POINT('',#14170);
#10989=LINE('',#14171,#14172);
#10990=VERTEX_POINT('',#14173);
#10991=CIRCLE('',#14174,1.28);
#10992=VERTEX_POINT('',#14175);
#10993=LINE('',#14176,#14177);
#10994=LINE('',#14178,#14179);
#10995=VERTEX_POINT('',#14180);
#10996=CIRCLE('',#14181,0.9800000000002);
#10997=LINE('',#14182,#14183);
#10998=VERTEX_POINT('',#14184);
#10999=LINE('',#14185,#14186);
#11000=VERTEX_POINT('',#14187);
#11001=LINE('',#14188,#14189);
#11002=VERTEX_POINT('',#14190);
#11003=LINE('',#14191,#14192);
#11004=VERTEX_POINT('',#14193);
#11005=LINE('',#14194,#14195);
#11006=LINE('',#14196,#14197);
#11007=VERTEX_POINT('',#14198);
#11008=CIRCLE('',#14199,0.3);
#11009=VERTEX_POINT('',#14200);
#11010=LINE('',#14201,#14202);
#11011=VERTEX_POINT('',#14203);
#11012=LINE('',#14204,#14205);
#11013=VERTEX_POINT('',#14206);
#11014=LINE('',#14207,#14208);
#11015=VERTEX_POINT('',#14209);
#11016=LINE('',#14210,#14211);
#11017=VERTEX_POINT('',#14212);
#11018=LINE('',#14213,#14214);
#11019=LINE('',#14215,#14216);
#11020=LINE('',#14217,#14218);
#11021=VERTEX_POINT('',#14219);
#11022=CIRCLE('',#14220,0.3);
#11023=LINE('',#14221,#14222);
#11024=VERTEX_POINT('',#14223);
#11025=CIRCLE('',#14224,0.15);
#11026=VERTEX_POINT('',#14225);
#11027=LINE('',#14226,#14227);
#11028=CIRCLE('',#14228,0.15);
#11029=VERTEX_POINT('',#14229);
#11030=LINE('',#14230,#14231);
#11031=VERTEX_POINT('',#14232);
#11032=LINE('',#14233,#14234);
#11033=VERTEX_POINT('',#14235);
#11034=LINE('',#14236,#14237);
#11035=VERTEX_POINT('',#14238);
#11036=LINE('',#14239,#14240);
#11037=VERTEX_POINT('',#14241);
#11038=LINE('',#14242,#14243);
#11039=VERTEX_POINT('',#14244);
#11040=LINE('',#14245,#14246);
#11041=VERTEX_POINT('',#14247);
#11042=LINE('',#14248,#14249);
#11043=LINE('',#14250,#14251);
#11044=VERTEX_POINT('',#14252);
#11045=LINE('',#14253,#14254);
#11046=VERTEX_POINT('',#14255);
#11047=CIRCLE('',#14256,0.3);
#11048=VERTEX_POINT('',#14257);
#11049=LINE('',#14258,#14259);
#11050=VERTEX_POINT('',#14260);
#11051=CIRCLE('',#14261,0.3);
#11052=VERTEX_POINT('',#14262);
#11053=LINE('',#14263,#14264);
#11054=VERTEX_POINT('',#14265);
#11055=LINE('',#14266,#14267);
#11056=VERTEX_POINT('',#14268);
#11057=LINE('',#14269,#14270);
#11058=VERTEX_POINT('',#14271);
#11059=LINE('',#14272,#14273);
#11060=VERTEX_POINT('',#14274);
#11061=CIRCLE('',#14275,0.16);
#11062=VERTEX_POINT('',#14276);
#11063=LINE('',#14277,#14278);
#11064=VERTEX_POINT('',#14279);
#11065=CIRCLE('',#14280,0.1500000000003);
#11066=VERTEX_POINT('',#14281);
#11067=LINE('',#14282,#14283);
#11068=VERTEX_POINT('',#14284);
#11069=CIRCLE('',#14285,0.15);
#11070=VERTEX_POINT('',#14286);
#11071=LINE('',#14287,#14288);
#11072=VERTEX_POINT('',#14289);
#11073=CIRCLE('',#14290,0.16);
#11074=VERTEX_POINT('',#14291);
#11075=LINE('',#14292,#14293);
#11076=VERTEX_POINT('',#14294);
#11077=CIRCLE('',#14295,0.1599999999996);
#11078=VERTEX_POINT('',#14296);
#11079=LINE('',#14297,#14298);
#11080=VERTEX_POINT('',#14299);
#11081=CIRCLE('',#14300,0.1500000000003);
#11082=VERTEX_POINT('',#14301);
#11083=LINE('',#14302,#14303);
#11084=VERTEX_POINT('',#14304);
#11085=CIRCLE('',#14305,0.15);
#11086=VERTEX_POINT('',#14306);
#11087=LINE('',#14307,#14308);
#11088=CIRCLE('',#14309,0.16);
#11089=VERTEX_POINT('',#14310);
#11090=LINE('',#14311,#14312);
#11091=VERTEX_POINT('',#14313);
#11092=LINE('',#14314,#14315);
#11093=VERTEX_POINT('',#14316);
#11094=LINE('',#14317,#14318);
#11095=VERTEX_POINT('',#14319);
#11096=LINE('',#14320,#14321);
#11097=VERTEX_POINT('',#14322);
#11098=LINE('',#14323,#14324);
#11099=VERTEX_POINT('',#14325);
#11100=LINE('',#14326,#14327);
#11101=VERTEX_POINT('',#14328);
#11102=LINE('',#14329,#14330);
#11103=LINE('',#14331,#14332);
#11104=VERTEX_POINT('',#14333);
#11105=CIRCLE('',#14334,0.15);
#11106=VERTEX_POINT('',#14335);
#11107=LINE('',#14336,#14337);
#11108=VERTEX_POINT('',#14338);
#11109=CIRCLE('',#14339,0.15);
#11110=VERTEX_POINT('',#14340);
#11111=LINE('',#14341,#14342);
#11112=VERTEX_POINT('',#14343);
#11113=CIRCLE('',#14344,0.1599999999996);
#11114=VERTEX_POINT('',#14345);
#11115=LINE('',#14346,#14347);
#11116=VERTEX_POINT('',#14348);
#11117=CIRCLE('',#14349,0.15);
#11118=VERTEX_POINT('',#14350);
#11119=LINE('',#14351,#14352);
#11120=VERTEX_POINT('',#14353);
#11121=CIRCLE('',#14354,0.15);
#11122=VERTEX_POINT('',#14355);
#11123=LINE('',#14356,#14357);
#11124=VERTEX_POINT('',#14358);
#11125=CIRCLE('',#14359,0.1600000000004);
#11126=VERTEX_POINT('',#14360);
#11127=LINE('',#14361,#14362);
#11128=VERTEX_POINT('',#14363);
#11129=CIRCLE('',#14364,0.16);
#11130=VERTEX_POINT('',#14365);
#11131=LINE('',#14366,#14367);
#11132=VERTEX_POINT('',#14368);
#11133=CIRCLE('',#14369,0.15);
#11134=VERTEX_POINT('',#14370);
#11135=LINE('',#14371,#14372);
#11136=VERTEX_POINT('',#14373);
#11137=LINE('',#14374,#14375);
#11138=VERTEX_POINT('',#14376);
#11139=LINE('',#14377,#14378);
#11140=VERTEX_POINT('',#14379);
#11141=LINE('',#14380,#14381);
#11142=VERTEX_POINT('',#14382);
#11143=CIRCLE('',#14383,0.3);
#11144=VERTEX_POINT('',#14384);
#11145=LINE('',#14385,#14386);
#11146=VERTEX_POINT('',#14387);
#11147=CIRCLE('',#14388,0.3);
#11148=LINE('',#14389,#14390);
#11149=VERTEX_POINT('',#14391);
#11150=LINE('',#14392,#14393);
#11151=VERTEX_POINT('',#14394);
#11152=LINE('',#14395,#14396);
#11153=LINE('',#14397,#14398);
#11154=VERTEX_POINT('',#14399);
#11155=LINE('',#14400,#14401);
#11156=VERTEX_POINT('',#14402);
#11157=LINE('',#14403,#14404);
#11158=LINE('',#14405,#14406);
#11159=VERTEX_POINT('',#14407);
#11160=CIRCLE('',#14408,0.3);
#11161=VERTEX_POINT('',#14409);
#11162=LINE('',#14410,#14411);
#11163=CIRCLE('',#14412,0.3);
#11164=VERTEX_POINT('',#14413);
#11165=LINE('',#14414,#14415);
#11166=VERTEX_POINT('',#14416);
#11167=LINE('',#14417,#14418);
#11168=VERTEX_POINT('',#14419);
#11169=LINE('',#14420,#14421);
#11170=LINE('',#14422,#14423);
#11171=VERTEX_POINT('',#14424);
#11172=VERTEX_POINT('',#14425);
#11173=LINE('',#14426,#14427);
#11174=VERTEX_POINT('',#14428);
#11175=LINE('',#14429,#14430);
#11176=VERTEX_POINT('',#14431);
#11177=CIRCLE('',#14432,0.1);
#11178=VERTEX_POINT('',#14433);
#11179=LINE('',#14434,#14435);
#11180=VERTEX_POINT('',#14436);
#11181=CIRCLE('',#14437,0.1);
#11182=LINE('',#14438,#14439);
#11183=VERTEX_POINT('',#14440);
#11184=VERTEX_POINT('',#14441);
#11185=LINE('',#14442,#14443);
#11186=VERTEX_POINT('',#14444);
#11187=LINE('',#14445,#14446);
#11188=VERTEX_POINT('',#14447);
#11189=CIRCLE('',#14448,0.1);
#11190=VERTEX_POINT('',#14449);
#11191=LINE('',#14450,#14451);
#11192=VERTEX_POINT('',#14452);
#11193=CIRCLE('',#14453,0.1);
#11194=LINE('',#14454,#14455);
#11195=VERTEX_POINT('',#14456);
#11196=LINE('',#14457,#14458);
#11197=VERTEX_POINT('',#14459);
#11198=CIRCLE('',#14460,0.35);
#11199=VERTEX_POINT('',#14461);
#11200=LINE('',#14462,#14463);
#11201=VERTEX_POINT('',#14464);
#11202=CIRCLE('',#14465,0.35);
#11203=LINE('',#14466,#14467);
#11204=VERTEX_POINT('',#14468);
#11205=LINE('',#14469,#14470);
#11206=VERTEX_POINT('',#14471);
#11207=CIRCLE('',#14472,0.35);
#11208=VERTEX_POINT('',#14473);
#11209=LINE('',#14474,#14475);
#11210=VERTEX_POINT('',#14476);
#11211=CIRCLE('',#14477,0.35);
#11212=LINE('',#14478,#14479);
#11213=VERTEX_POINT('',#14480);
#11214=LINE('',#14481,#14482);
#11215=VERTEX_POINT('',#14483);
#11216=CIRCLE('',#14484,0.05);
#11217=LINE('',#14485,#14486);
#11218=VERTEX_POINT('',#14487);
#11219=LINE('',#14488,#14489);
#11220=VERTEX_POINT('',#14490);
#11221=LINE('',#14491,#14492);
#11222=CIRCLE('',#14493,0.05);
#11223=VERTEX_POINT('',#14494);
#11224=LINE('',#14495,#14496);
#11225=VERTEX_POINT('',#14497);
#11226=CIRCLE('',#14498,0.05);
#11227=LINE('',#14499,#14500);
#11228=VERTEX_POINT('',#14501);
#11229=LINE('',#14502,#14503);
#11230=VERTEX_POINT('',#14504);
#11231=LINE('',#14505,#14506);
#11232=CIRCLE('',#14507,0.05);
#11233=VERTEX_POINT('',#14508);
#11234=CIRCLE('',#14509,0.05);
#11235=LINE('',#14510,#14511);
#11236=VERTEX_POINT('',#14512);
#11237=LINE('',#14513,#14514);
#11238=CIRCLE('',#14515,0.05);
#11239=VERTEX_POINT('',#14516);
#11240=CIRCLE('',#14517,0.05);
#11241=LINE('',#14518,#14519);
#11242=VERTEX_POINT('',#14520);
#11243=LINE('',#14521,#14522);
#11244=CIRCLE('',#14523,0.05);
#11245=VERTEX_POINT('',#14524);
#11246=ELLIPSE('',#14525,0.212132265569581,0.15);
#11247=VERTEX_POINT('',#14526);
#11248=LINE('',#14527,#14528);
#11249=VERTEX_POINT('',#14529);
#11250=LINE('',#14530,#14531);
#11251=VERTEX_POINT('',#14532);
#11252=LINE('',#14533,#14534);
#11253=LINE('',#14535,#14536);
#11254=CIRCLE('',#14537,0.175);
#11255=CIRCLE('',#14538,0.175);
#11256=VERTEX_POINT('',#14539);
#11257=VERTEX_POINT('',#14540);
#11258=LINE('',#14541,#14542);
#11259=VERTEX_POINT('',#14543);
#11260=CIRCLE('',#14544,0.15);
#11261=VERTEX_POINT('',#14545);
#11262=LINE('',#14546,#14547);
#11263=CIRCLE('',#14548,0.15);
#11264=VERTEX_POINT('',#14549);
#11265=LINE('',#14550,#14551);
#11266=VERTEX_POINT('',#14552);
#11267=LINE('',#14553,#14554);
#11268=VERTEX_POINT('',#14555);
#11269=LINE('',#14556,#14557);
#11270=VERTEX_POINT('',#14558);
#11271=ELLIPSE('',#14559,0.212132265569581,0.15);
#11272=VERTEX_POINT('',#14560);
#11273=LINE('',#14561,#14562);
#11274=ELLIPSE('',#14563,0.212132265569581,0.15);
#11275=VERTEX_POINT('',#14564);
#11276=LINE('',#14565,#14566);
#11277=LINE('',#14567,#14568);
#11278=VERTEX_POINT('',#14569);
#11279=LINE('',#14570,#14571);
#11280=VERTEX_POINT('',#14572);
#11281=LINE('',#14573,#14574);
#11282=LINE('',#14575,#14576);
#11283=VERTEX_POINT('',#14577);
#11284=LINE('',#14578,#14579);
#11285=LINE('',#14580,#14581);
#11286=VERTEX_POINT('',#14582);
#11287=LINE('',#14583,#14584);
#11288=VERTEX_POINT('',#14585);
#11289=LINE('',#14586,#14587);
#11290=LINE('',#14588,#14589);
#11291=VERTEX_POINT('',#14590);
#11292=LINE('',#14591,#14592);
#11293=LINE('',#14593,#14594);
#11294=VERTEX_POINT('',#14595);
#11295=LINE('',#14596,#14597);
#11296=VERTEX_POINT('',#14598);
#11297=LINE('',#14599,#14600);
#11298=LINE('',#14601,#14602);
#11299=VERTEX_POINT('',#14603);
#11300=LINE('',#14604,#14605);
#11301=LINE('',#14606,#14607);
#11302=VERTEX_POINT('',#14608);
#11303=LINE('',#14609,#14610);
#11304=VERTEX_POINT('',#14611);
#11305=LINE('',#14612,#14613);
#11306=LINE('',#14614,#14615);
#11307=LINE('',#14616,#14617);
#11308=VERTEX_POINT('',#14618);
#11309=VERTEX_POINT('',#14619);
#11310=LINE('',#14620,#14621);
#11311=LINE('',#14622,#14623);
#11312=LINE('',#14624,#14625);
#11313=VERTEX_POINT('',#14626);
#11314=LINE('',#14627,#14628);
#11315=LINE('',#14629,#14630);
#11316=VERTEX_POINT('',#14631);
#11317=LINE('',#14632,#14633);
#11318=LINE('',#14634,#14635);
#11319=VERTEX_POINT('',#14636);
#11320=LINE('',#14637,#14638);
#11321=CIRCLE('',#14639,0.4);
#11322=VERTEX_POINT('',#14640);
#11323=LINE('',#14641,#14642);
#11324=LINE('',#14643,#14644);
#11325=VERTEX_POINT('',#14645);
#11326=LINE('',#14646,#14647);
#11327=CIRCLE('',#14648,0.4);
#11328=LINE('',#14649,#14650);
#11329=VERTEX_POINT('',#14651);
#11330=CIRCLE('',#14652,0.1);
#11331=VERTEX_POINT('',#14653);
#11332=LINE('',#14654,#14655);
#11333=CIRCLE('',#14656,0.1);
#11334=VERTEX_POINT('',#14657);
#11335=LINE('',#14658,#14659);
#11336=VERTEX_POINT('',#14660);
#11337=LINE('',#14661,#14662);
#11338=LINE('',#14663,#14664);
#11339=CIRCLE('',#14665,0.1);
#11340=CIRCLE('',#14666,0.1);
#11341=VERTEX_POINT('',#14667);
#11342=VERTEX_POINT('',#14668);
#11343=LINE('',#14669,#14670);
#11344=LINE('',#14671,#14672);
#11345=LINE('',#14673,#14674);
#11346=VERTEX_POINT('',#14675);
#11347=LINE('',#14676,#14677);
#11348=LINE('',#14678,#14679);
#11349=VERTEX_POINT('',#14680);
#11350=LINE('',#14681,#14682);
#11351=LINE('',#14683,#14684);
#11352=VERTEX_POINT('',#14685);
#11353=LINE('',#14686,#14687);
#11354=LINE('',#14688,#14689);
#11355=VERTEX_POINT('',#14690);
#11356=LINE('',#14691,#14692);
#11357=CIRCLE('',#14693,0.4);
#11358=VERTEX_POINT('',#14694);
#11359=LINE('',#14695,#14696);
#11360=LINE('',#14697,#14698);
#11361=CIRCLE('',#14699,0.4);
#11362=VERTEX_POINT('',#14700);
#11363=LINE('',#14701,#14702);
#11364=VERTEX_POINT('',#14703);
#11365=LINE('',#14704,#14705);
#11366=LINE('',#14706,#14707);
#11367=VERTEX_POINT('',#14708);
#11368=LINE('',#14709,#14710);
#11369=LINE('',#14711,#14712);
#11370=VERTEX_POINT('',#14713);
#11371=LINE('',#14714,#14715);
#11372=CIRCLE('',#14716,0.1);
#11373=VERTEX_POINT('',#14717);
#11374=LINE('',#14718,#14719);
#11375=LINE('',#14720,#14721);
#11376=CIRCLE('',#14722,0.1);
#11377=VERTEX_POINT('',#14723);
#11378=LINE('',#14724,#14725);
#11379=VERTEX_POINT('',#14726);
#11380=LINE('',#14727,#14728);
#11381=LINE('',#14729,#14730);
#11382=VERTEX_POINT('',#14731);
#11383=LINE('',#14732,#14733);
#11384=LINE('',#14734,#14735);
#11385=VERTEX_POINT('',#14736);
#11386=LINE('',#14737,#14738);
#11387=CIRCLE('',#14739,0.1);
#11388=VERTEX_POINT('',#14740);
#11389=LINE('',#14741,#14742);
#11390=LINE('',#14743,#14744);
#11391=VERTEX_POINT('',#14745);
#11392=LINE('',#14746,#14747);
#11393=CIRCLE('',#14748,0.4);
#11394=VERTEX_POINT('',#14749);
#11395=LINE('',#14750,#14751);
#11396=LINE('',#14752,#14753);
#11397=VERTEX_POINT('',#14754);
#11398=LINE('',#14755,#14756);
#11399=CIRCLE('',#14757,0.4);
#11400=LINE('',#14758,#14759);
#11401=VERTEX_POINT('',#14760);
#11402=LINE('',#14761,#14762);
#11403=LINE('',#14763,#14764);
#11404=CIRCLE('',#14765,0.1);
#11405=VERTEX_POINT('',#14766);
#11406=LINE('',#14767,#14768);
#11407=VERTEX_POINT('',#14769);
#11408=LINE('',#14770,#14771);
#11409=LINE('',#14772,#14773);
#11410=VERTEX_POINT('',#14774);
#11411=CIRCLE('',#14775,0.1);
#11412=VERTEX_POINT('',#14776);
#11413=LINE('',#14777,#14778);
#11414=CIRCLE('',#14779,0.1);
#11415=VERTEX_POINT('',#14780);
#11416=LINE('',#14781,#14782);
#11417=VERTEX_POINT('',#14783);
#11418=LINE('',#14784,#14785);
#11419=LINE('',#14786,#14787);
#11420=CIRCLE('',#14788,0.1);
#11421=CIRCLE('',#14789,0.1);
#11422=VERTEX_POINT('',#14790);
#11423=LINE('',#14791,#14792);
#11424=LINE('',#14793,#14794);
#11425=VERTEX_POINT('',#14795);
#11426=LINE('',#14796,#14797);
#11427=CIRCLE('',#14798,0.4);
#11428=VERTEX_POINT('',#14799);
#11429=LINE('',#14800,#14801);
#11430=LINE('',#14802,#14803);
#11431=VERTEX_POINT('',#14804);
#11432=LINE('',#14805,#14806);
#11433=CIRCLE('',#14807,0.4);
#11434=LINE('',#14808,#14809);
#11435=VERTEX_POINT('',#14810);
#11436=LINE('',#14811,#14812);
#11437=VERTEX_POINT('',#14813);
#11438=LINE('',#14814,#14815);
#11439=VERTEX_POINT('',#14816);
#11440=LINE('',#14817,#14818);
#11441=VERTEX_POINT('',#14819);
#11442=LINE('',#14820,#14821);
#11443=VERTEX_POINT('',#14822);
#11444=LINE('',#14823,#14824);
#11445=LINE('',#14825,#14826);
#11446=VERTEX_POINT('',#14827);
#11447=LINE('',#14828,#14829);
#11448=VERTEX_POINT('',#14830);
#11449=LINE('',#14831,#14832);
#11450=LINE('',#14833,#14834);
#11451=VERTEX_POINT('',#14835);
#11452=LINE('',#14836,#14837);
#11453=VERTEX_POINT('',#14838);
#11454=LINE('',#14839,#14840);
#11455=LINE('',#14841,#14842);
#11456=VERTEX_POINT('',#14843);
#11457=VERTEX_POINT('',#14844);
#11458=CIRCLE('',#14845,0.27);
#11459=VERTEX_POINT('',#14846);
#11460=LINE('',#14847,#14848);
#11461=LINE('',#14849,#14850);
#11462=VERTEX_POINT('',#14851);
#11463=LINE('',#14852,#14853);
#11464=VERTEX_POINT('',#14854);
#11465=LINE('',#14855,#14856);
#11466=VERTEX_POINT('',#14857);
#11467=LINE('',#14858,#14859);
#11468=VERTEX_POINT('',#14860);
#11469=LINE('',#14861,#14862);
#11470=VERTEX_POINT('',#14863);
#11471=CIRCLE('',#14864,0.2);
#11472=VERTEX_POINT('',#14865);
#11473=LINE('',#14866,#14867);
#11474=VERTEX_POINT('',#14868);
#11475=CIRCLE('',#14869,0.2);
#11476=VERTEX_POINT('',#14870);
#11477=LINE('',#14871,#14872);
#11478=VERTEX_POINT('',#14873);
#11479=LINE('',#14874,#14875);
#11480=VERTEX_POINT('',#14876);
#11481=LINE('',#14877,#14878);
#11482=VERTEX_POINT('',#14879);
#11483=LINE('',#14880,#14881);
#11484=VERTEX_POINT('',#14882);
#11485=LINE('',#14883,#14884);
#11486=VERTEX_POINT('',#14885);
#11487=LINE('',#14886,#14887);
#11488=VERTEX_POINT('',#14888);
#11489=LINE('',#14889,#14890);
#11490=VERTEX_POINT('',#14891);
#11491=CIRCLE('',#14892,0.2);
#11492=VERTEX_POINT('',#14893);
#11493=LINE('',#14894,#14895);
#11494=VERTEX_POINT('',#14896);
#11495=CIRCLE('',#14897,0.2);
#11496=VERTEX_POINT('',#14898);
#11497=LINE('',#14899,#14900);
#11498=VERTEX_POINT('',#14901);
#11499=LINE('',#14902,#14903);
#11500=VERTEX_POINT('',#14904);
#11501=LINE('',#14905,#14906);
#11502=VERTEX_POINT('',#14907);
#11503=LINE('',#14908,#14909);
#11504=VERTEX_POINT('',#14910);
#11505=LINE('',#14911,#14912);
#11506=VERTEX_POINT('',#14913);
#11507=LINE('',#14914,#14915);
#11508=VERTEX_POINT('',#14916);
#11509=LINE('',#14917,#14918);
#11510=VERTEX_POINT('',#14919);
#11511=LINE('',#14920,#14921);
#11512=VERTEX_POINT('',#14922);
#11513=LINE('',#14923,#14924);
#11514=VERTEX_POINT('',#14925);
#11515=LINE('',#14926,#14927);
#11516=VERTEX_POINT('',#14928);
#11517=LINE('',#14929,#14930);
#11518=VERTEX_POINT('',#14931);
#11519=LINE('',#14932,#14933);
#11520=VERTEX_POINT('',#14934);
#11521=LINE('',#14935,#14936);
#11522=VERTEX_POINT('',#14937);
#11523=LINE('',#14938,#14939);
#11524=VERTEX_POINT('',#14940);
#11525=LINE('',#14941,#14942);
#11526=VERTEX_POINT('',#14943);
#11527=LINE('',#14944,#14945);
#11528=VERTEX_POINT('',#14946);
#11529=LINE('',#14947,#14948);
#11530=VERTEX_POINT('',#14949);
#11531=LINE('',#14950,#14951);
#11532=VERTEX_POINT('',#14952);
#11533=LINE('',#14953,#14954);
#11534=VERTEX_POINT('',#14955);
#11535=LINE('',#14956,#14957);
#11536=VERTEX_POINT('',#14958);
#11537=LINE('',#14959,#14960);
#11538=VERTEX_POINT('',#14961);
#11539=LINE('',#14962,#14963);
#11540=VERTEX_POINT('',#14964);
#11541=LINE('',#14965,#14966);
#11542=VERTEX_POINT('',#14967);
#11543=LINE('',#14968,#14969);
#11544=VERTEX_POINT('',#14970);
#11545=LINE('',#14971,#14972);
#11546=VERTEX_POINT('',#14973);
#11547=LINE('',#14974,#14975);
#11548=VERTEX_POINT('',#14976);
#11549=LINE('',#14977,#14978);
#11550=VERTEX_POINT('',#14979);
#11551=LINE('',#14980,#14981);
#11552=VERTEX_POINT('',#14982);
#11553=LINE('',#14983,#14984);
#11554=VERTEX_POINT('',#14985);
#11555=LINE('',#14986,#14987);
#11556=VERTEX_POINT('',#14988);
#11557=LINE('',#14989,#14990);
#11558=VERTEX_POINT('',#14991);
#11559=LINE('',#14992,#14993);
#11560=VERTEX_POINT('',#14994);
#11561=LINE('',#14995,#14996);
#11562=VERTEX_POINT('',#14997);
#11563=LINE('',#14998,#14999);
#11564=VERTEX_POINT('',#15000);
#11565=LINE('',#15001,#15002);
#11566=VERTEX_POINT('',#15003);
#11567=LINE('',#15004,#15005);
#11568=VERTEX_POINT('',#15006);
#11569=LINE('',#15007,#15008);
#11570=VERTEX_POINT('',#15009);
#11571=LINE('',#15010,#15011);
#11572=VERTEX_POINT('',#15012);
#11573=LINE('',#15013,#15014);
#11574=VERTEX_POINT('',#15015);
#11575=LINE('',#15016,#15017);
#11576=VERTEX_POINT('',#15018);
#11577=LINE('',#15019,#15020);
#11578=VERTEX_POINT('',#15021);
#11579=LINE('',#15022,#15023);
#11580=VERTEX_POINT('',#15024);
#11581=LINE('',#15025,#15026);
#11582=VERTEX_POINT('',#15027);
#11583=LINE('',#15028,#15029);
#11584=VERTEX_POINT('',#15030);
#11585=LINE('',#15031,#15032);
#11586=VERTEX_POINT('',#15033);
#11587=LINE('',#15034,#15035);
#11588=VERTEX_POINT('',#15036);
#11589=LINE('',#15037,#15038);
#11590=VERTEX_POINT('',#15039);
#11591=LINE('',#15040,#15041);
#11592=VERTEX_POINT('',#15042);
#11593=LINE('',#15043,#15044);
#11594=VERTEX_POINT('',#15045);
#11595=LINE('',#15046,#15047);
#11596=VERTEX_POINT('',#15048);
#11597=LINE('',#15049,#15050);
#11598=VERTEX_POINT('',#15051);
#11599=LINE('',#15052,#15053);
#11600=VERTEX_POINT('',#15054);
#11601=LINE('',#15055,#15056);
#11602=VERTEX_POINT('',#15057);
#11603=LINE('',#15058,#15059);
#11604=VERTEX_POINT('',#15060);
#11605=LINE('',#15061,#15062);
#11606=VERTEX_POINT('',#15063);
#11607=LINE('',#15064,#15065);
#11608=VERTEX_POINT('',#15066);
#11609=LINE('',#15067,#15068);
#11610=VERTEX_POINT('',#15069);
#11611=LINE('',#15070,#15071);
#11612=VERTEX_POINT('',#15072);
#11613=LINE('',#15073,#15074);
#11614=VERTEX_POINT('',#15075);
#11615=LINE('',#15076,#15077);
#11616=VERTEX_POINT('',#15078);
#11617=LINE('',#15079,#15080);
#11618=LINE('',#15081,#15082);
#11619=VERTEX_POINT('',#15083);
#11620=CIRCLE('',#15084,0.27);
#11621=VERTEX_POINT('',#15085);
#11622=ELLIPSE('',#15086,0.274103219000446,0.27);
#11623=VERTEX_POINT('',#15087);
#11624=LINE('',#15088,#15089);
#11625=ELLIPSE('',#15090,0.274103219000446,0.27);
#11626=VERTEX_POINT('',#15091);
#11627=LINE('',#15092,#15093);
#11628=LINE('',#15094,#15095);
#11629=VERTEX_POINT('',#15096);
#11630=LINE('',#15097,#15098);
#11631=LINE('',#15099,#15100);
#11632=VERTEX_POINT('',#15101);
#11633=VERTEX_POINT('',#15102);
#11634=LINE('',#15103,#15104);
#11635=VERTEX_POINT('',#15105);
#11636=LINE('',#15106,#15107);
#11637=VERTEX_POINT('',#15108);
#11638=LINE('',#15109,#15110);
#11639=LINE('',#15111,#15112);
#11640=VERTEX_POINT('',#15113);
#11641=LINE('',#15114,#15115);
#11642=LINE('',#15116,#15117);
#11643=VERTEX_POINT('',#15118);
#11644=LINE('',#15119,#15120);
#11645=VERTEX_POINT('',#15121);
#11646=LINE('',#15122,#15123);
#11647=LINE('',#15124,#15125);
#11648=VERTEX_POINT('',#15126);
#11649=LINE('',#15127,#15128);
#11650=VERTEX_POINT('',#15129);
#11651=LINE('',#15130,#15131);
#11652=LINE('',#15132,#15133);
#11653=VERTEX_POINT('',#15134);
#11654=LINE('',#15135,#15136);
#11655=VERTEX_POINT('',#15137);
#11656=LINE('',#15138,#15139);
#11657=LINE('',#15140,#15141);
#11658=VERTEX_POINT('',#15142);
#11659=LINE('',#15143,#15144);
#11660=VERTEX_POINT('',#15145);
#11661=LINE('',#15146,#15147);
#11662=LINE('',#15148,#15149);
#11663=VERTEX_POINT('',#15150);
#11664=LINE('',#15151,#15152);
#11665=VERTEX_POINT('',#15153);
#11666=LINE('',#15154,#15155);
#11667=LINE('',#15156,#15157);
#11668=VERTEX_POINT('',#15158);
#11669=LINE('',#15159,#15160);
#11670=VERTEX_POINT('',#15161);
#11671=LINE('',#15162,#15163);
#11672=LINE('',#15164,#15165);
#11673=VERTEX_POINT('',#15166);
#11674=LINE('',#15167,#15168);
#11675=VERTEX_POINT('',#15169);
#11676=LINE('',#15170,#15171);
#11677=LINE('',#15172,#15173);
#11678=VERTEX_POINT('',#15174);
#11679=LINE('',#15175,#15176);
#11680=VERTEX_POINT('',#15177);
#11681=LINE('',#15178,#15179);
#11682=LINE('',#15180,#15181);
#11683=VERTEX_POINT('',#15182);
#11684=VERTEX_POINT('',#15183);
#11685=LINE('',#15184,#15185);
#11686=LINE('',#15186,#15187);
#11687=VERTEX_POINT('',#15188);
#11688=LINE('',#15189,#15190);
#11689=VERTEX_POINT('',#15191);
#11690=ELLIPSE('',#15192,0.512249938994628,0.4);
#11691=VERTEX_POINT('',#15193);
#11692=LINE('',#15194,#15195);
#11693=VERTEX_POINT('',#15196);
#11694=ELLIPSE('',#15197,0.512249938994628,0.4);
#11695=VERTEX_POINT('',#15198);
#11696=LINE('',#15199,#15200);
#11697=VERTEX_POINT('',#15201);
#11698=LINE('',#15202,#15203);
#11699=VERTEX_POINT('',#15204);
#11700=LINE('',#15205,#15206);
#11701=LINE('',#15207,#15208);
#11702=VERTEX_POINT('',#15209);
#11703=CIRCLE('',#15210,0.2);
#11704=VERTEX_POINT('',#15211);
#11705=LINE('',#15212,#15213);
#11706=CIRCLE('',#15214,0.2);
#11707=VERTEX_POINT('',#15215);
#11708=CIRCLE('',#15216,0.2);
#11709=LINE('',#15217,#15218);
#11710=VERTEX_POINT('',#15219);
#11711=VERTEX_POINT('',#15220);
#11712=LINE('',#15221,#15222);
#11713=VERTEX_POINT('',#15223);
#11714=CIRCLE('',#15224,0.2);
#11715=VERTEX_POINT('',#15225);
#11716=LINE('',#15226,#15227);
#11717=VERTEX_POINT('',#15228);
#11718=CIRCLE('',#15229,0.2);
#11719=VERTEX_POINT('',#15230);
#11720=LINE('',#15231,#15232);
#11721=VERTEX_POINT('',#15233);
#11722=CIRCLE('',#15234,0.25000000038);
#11723=VERTEX_POINT('',#15235);
#11724=LINE('',#15236,#15237);
#11725=VERTEX_POINT('',#15238);
#11726=CIRCLE('',#15239,0.15);
#11727=VERTEX_POINT('',#15240);
#11728=LINE('',#15241,#15242);
#11729=VERTEX_POINT('',#15243);
#11730=CIRCLE('',#15244,0.15);
#11731=VERTEX_POINT('',#15245);
#11732=LINE('',#15246,#15247);
#11733=VERTEX_POINT('',#15248);
#11734=LINE('',#15249,#15250);
#11735=LINE('',#15251,#15252);
#11736=VERTEX_POINT('',#15253);
#11737=LINE('',#15254,#15255);
#11738=VERTEX_POINT('',#15256);
#11739=CIRCLE('',#15257,0.2);
#11740=VERTEX_POINT('',#15258);
#11741=LINE('',#15259,#15260);
#11742=VERTEX_POINT('',#15261);
#11743=LINE('',#15262,#15263);
#11744=VERTEX_POINT('',#15264);
#11745=LINE('',#15265,#15266);
#11746=VERTEX_POINT('',#15267);
#11747=LINE('',#15268,#15269);
#11748=VERTEX_POINT('',#15270);
#11749=CIRCLE('',#15271,0.15);
#11750=VERTEX_POINT('',#15272);
#11751=LINE('',#15273,#15274);
#11752=VERTEX_POINT('',#15275);
#11753=CIRCLE('',#15276,0.15);
#11754=LINE('',#15277,#15278);
#11755=LINE('',#15279,#15280);
#11756=VERTEX_POINT('',#15281);
#11757=LINE('',#15282,#15283);
#11758=VERTEX_POINT('',#15284);
#11759=LINE('',#15285,#15286);
#11760=LINE('',#15287,#15288);
#11761=VERTEX_POINT('',#15289);
#11762=LINE('',#15290,#15291);
#11763=VERTEX_POINT('',#15292);
#11764=LINE('',#15293,#15294);
#11765=LINE('',#15295,#15296);
#11766=VERTEX_POINT('',#15297);
#11767=LINE('',#15298,#15299);
#11768=LINE('',#15300,#15301);
#11769=VERTEX_POINT('',#15302);
#11770=LINE('',#15303,#15304);
#11771=LINE('',#15305,#15306);
#11772=VERTEX_POINT('',#15307);
#11773=CIRCLE('',#15308,0.2);
#11774=LINE('',#15309,#15310);
#11775=VERTEX_POINT('',#15311);
#11776=CIRCLE('',#15312,0.2);
#11777=LINE('',#15313,#15314);
#11778=VERTEX_POINT('',#15315);
#11779=LINE('',#15316,#15317);
#11780=LINE('',#15318,#15319);
#11781=VERTEX_POINT('',#15320);
#11782=LINE('',#15321,#15322);
#11783=LINE('',#15323,#15324);
#11784=VERTEX_POINT('',#15325);
#11785=CIRCLE('',#15326,0.2);
#11786=LINE('',#15327,#15328);
#11787=VERTEX_POINT('',#15329);
#11788=CIRCLE('',#15330,0.2);
#11789=LINE('',#15331,#15332);
#11790=LINE('',#15333,#15334);
#11791=VERTEX_POINT('',#15335);
#11792=LINE('',#15336,#15337);
#11793=VERTEX_POINT('',#15338);
#11794=LINE('',#15339,#15340);
#11795=VERTEX_POINT('',#15341);
#11796=LINE('',#15342,#15343);
#11797=VERTEX_POINT('',#15344);
#11798=ELLIPSE('',#15345,0.512249938994628,0.4);
#11799=VERTEX_POINT('',#15346);
#11800=LINE('',#15347,#15348);
#11801=VERTEX_POINT('',#15349);
#11802=ELLIPSE('',#15350,0.512249938994628,0.4);
#11803=LINE('',#15351,#15352);
#11804=ELLIPSE('',#15353,0.512249938994628,0.4);
#11805=ELLIPSE('',#15354,0.512249938994628,0.4);
#11806=LINE('',#15355,#15356);
#11807=LINE('',#15357,#15358);
#11808=LINE('',#15359,#15360);
#11809=LINE('',#15361,#15362);
#11810=LINE('',#15363,#15364);
#11811=LINE('',#15365,#15366);
#11812=LINE('',#15367,#15368);
#11813=LINE('',#15369,#15370);
#11814=VERTEX_POINT('',#15371);
#11815=LINE('',#15372,#15373);
#11816=VERTEX_POINT('',#15374);
#11817=LINE('',#15375,#15376);
#11818=VERTEX_POINT('',#15377);
#11819=LINE('',#15378,#15379);
#11820=VERTEX_POINT('',#15380);
#11821=LINE('',#15381,#15382);
#11822=LINE('',#15383,#15384);
#11823=VERTEX_POINT('',#15385);
#11824=LINE('',#15386,#15387);
#11825=VERTEX_POINT('',#15388);
#11826=LINE('',#15389,#15390);
#11827=VERTEX_POINT('',#15391);
#11828=LINE('',#15392,#15393);
#11829=VERTEX_POINT('',#15394);
#11830=LINE('',#15395,#15396);
#11831=LINE('',#15397,#15398);
#11832=VERTEX_POINT('',#15399);
#11833=LINE('',#15400,#15401);
#11834=VERTEX_POINT('',#15402);
#11835=LINE('',#15403,#15404);
#11836=VERTEX_POINT('',#15405);
#11837=LINE('',#15406,#15407);
#11838=VERTEX_POINT('',#15408);
#11839=LINE('',#15409,#15410);
#11840=LINE('',#15411,#15412);
#11841=VERTEX_POINT('',#15413);
#11842=LINE('',#15414,#15415);
#11843=VERTEX_POINT('',#15416);
#11844=LINE('',#15417,#15418);
#11845=VERTEX_POINT('',#15419);
#11846=LINE('',#15420,#15421);
#11847=VERTEX_POINT('',#15422);
#11848=LINE('',#15423,#15424);
#11849=LINE('',#15425,#15426);
#11850=VERTEX_POINT('',#15427);
#11851=LINE('',#15428,#15429);
#11852=VERTEX_POINT('',#15430);
#11853=LINE('',#15431,#15432);
#11854=VERTEX_POINT('',#15433);
#11855=LINE('',#15434,#15435);
#11856=VERTEX_POINT('',#15436);
#11857=LINE('',#15437,#15438);
#11858=LINE('',#15439,#15440);
#11859=VERTEX_POINT('',#15441);
#11860=LINE('',#15442,#15443);
#11861=VERTEX_POINT('',#15444);
#11862=LINE('',#15445,#15446);
#11863=VERTEX_POINT('',#15447);
#11864=LINE('',#15448,#15449);
#11865=VERTEX_POINT('',#15450);
#11866=LINE('',#15451,#15452);
#11867=LINE('',#15453,#15454);
#11868=VERTEX_POINT('',#15455);
#11869=LINE('',#15456,#15457);
#11870=VERTEX_POINT('',#15458);
#11871=LINE('',#15459,#15460);
#11872=VERTEX_POINT('',#15461);
#11873=LINE('',#15462,#15463);
#11874=VERTEX_POINT('',#15464);
#11875=LINE('',#15465,#15466);
#11876=LINE('',#15467,#15468);
#11877=VERTEX_POINT('',#15469);
#11878=LINE('',#15470,#15471);
#11879=LINE('',#15472,#15473);
#11880=LINE('',#15474,#15475);
#11881=VERTEX_POINT('',#15476);
#11882=VERTEX_POINT('',#15477);
#11883=LINE('',#15478,#15479);
#11884=VERTEX_POINT('',#15480);
#11885=LINE('',#15481,#15482);
#11886=VERTEX_POINT('',#15483);
#11887=LINE('',#15484,#15485);
#11888=LINE('',#15486,#15487);
#11889=VERTEX_POINT('',#15488);
#11890=ELLIPSE('',#15489,0.274103219000446,0.27);
#11891=LINE('',#15490,#15491);
#11892=CIRCLE('',#15492,0.27);
#11893=VERTEX_POINT('',#15493);
#11894=ELLIPSE('',#15494,0.274103219000446,0.27);
#11895=CIRCLE('',#15495,0.27);
#11896=LINE('',#15496,#15497);
#11897=LINE('',#15498,#15499);
#11898=VERTEX_POINT('',#15500);
#11899=VERTEX_POINT('',#15501);
#11900=LINE('',#15502,#15503);
#11901=VERTEX_POINT('',#15504);
#11902=LINE('',#15505,#15506);
#11903=VERTEX_POINT('',#15507);
#11904=LINE('',#15508,#15509);
#11905=VERTEX_POINT('',#15510);
#11906=LINE('',#15511,#15512);
#11907=LINE('',#15513,#15514);
#11908=LINE('',#15515,#15516);
#11909=VERTEX_POINT('',#15517);
#11910=LINE('',#15518,#15519);
#11911=VERTEX_POINT('',#15520);
#11912=LINE('',#15521,#15522);
#11913=VERTEX_POINT('',#15523);
#11914=LINE('',#15524,#15525);
#11915=VERTEX_POINT('',#15526);
#11916=LINE('',#15527,#15528);
#11917=VERTEX_POINT('',#15529);
#11918=LINE('',#15530,#15531);
#11919=VERTEX_POINT('',#15532);
#11920=CIRCLE('',#15533,0.2);
#11921=LINE('',#15534,#15535);
#11922=LINE('',#15536,#15537);
#11923=VERTEX_POINT('',#15538);
#11924=LINE('',#15539,#15540);
#11925=VERTEX_POINT('',#15541);
#11926=LINE('',#15542,#15543);
#11927=VERTEX_POINT('',#15544);
#11928=LINE('',#15545,#15546);
#11929=VERTEX_POINT('',#15547);
#11930=LINE('',#15548,#15549);
#11931=VERTEX_POINT('',#15550);
#11932=LINE('',#15551,#15552);
#11933=VERTEX_POINT('',#15553);
#11934=LINE('',#15554,#15555);
#11935=VERTEX_POINT('',#15556);
#11936=LINE('',#15557,#15558);
#11937=VERTEX_POINT('',#15559);
#11938=LINE('',#15560,#15561);
#11939=VERTEX_POINT('',#15562);
#11940=LINE('',#15563,#15564);
#11941=VERTEX_POINT('',#15565);
#11942=LINE('',#15566,#15567);
#11943=VERTEX_POINT('',#15568);
#11944=LINE('',#15569,#15570);
#11945=VERTEX_POINT('',#15571);
#11946=LINE('',#15572,#15573);
#11947=VERTEX_POINT('',#15574);
#11948=LINE('',#15575,#15576);
#11949=VERTEX_POINT('',#15577);
#11950=LINE('',#15578,#15579);
#11951=VERTEX_POINT('',#15580);
#11952=LINE('',#15581,#15582);
#11953=VERTEX_POINT('',#15583);
#11954=LINE('',#15584,#15585);
#11955=VERTEX_POINT('',#15586);
#11956=LINE('',#15587,#15588);
#11957=VERTEX_POINT('',#15589);
#11958=LINE('',#15590,#15591);
#11959=VERTEX_POINT('',#15592);
#11960=LINE('',#15593,#15594);
#11961=VERTEX_POINT('',#15595);
#11962=LINE('',#15596,#15597);
#11963=VERTEX_POINT('',#15598);
#11964=LINE('',#15599,#15600);
#11965=VERTEX_POINT('',#15601);
#11966=LINE('',#15602,#15603);
#11967=VERTEX_POINT('',#15604);
#11968=LINE('',#15605,#15606);
#11969=VERTEX_POINT('',#15607);
#11970=LINE('',#15608,#15609);
#11971=VERTEX_POINT('',#15610);
#11972=LINE('',#15611,#15612);
#11973=VERTEX_POINT('',#15613);
#11974=LINE('',#15614,#15615);
#11975=VERTEX_POINT('',#15616);
#11976=LINE('',#15617,#15618);
#11977=VERTEX_POINT('',#15619);
#11978=LINE('',#15620,#15621);
#11979=VERTEX_POINT('',#15622);
#11980=LINE('',#15623,#15624);
#11981=VERTEX_POINT('',#15625);
#11982=LINE('',#15626,#15627);
#11983=VERTEX_POINT('',#15628);
#11984=LINE('',#15629,#15630);
#11985=VERTEX_POINT('',#15631);
#11986=LINE('',#15632,#15633);
#11987=VERTEX_POINT('',#15634);
#11988=LINE('',#15635,#15636);
#11989=VERTEX_POINT('',#15637);
#11990=LINE('',#15638,#15639);
#11991=VERTEX_POINT('',#15640);
#11992=LINE('',#15641,#15642);
#11993=VERTEX_POINT('',#15643);
#11994=LINE('',#15644,#15645);
#11995=VERTEX_POINT('',#15646);
#11996=LINE('',#15647,#15648);
#11997=VERTEX_POINT('',#15649);
#11998=LINE('',#15650,#15651);
#11999=VERTEX_POINT('',#15652);
#12000=LINE('',#15653,#15654);
#12001=VERTEX_POINT('',#15655);
#12002=LINE('',#15656,#15657);
#12003=VERTEX_POINT('',#15658);
#12004=LINE('',#15659,#15660);
#12005=VERTEX_POINT('',#15661);
#12006=LINE('',#15662,#15663);
#12007=VERTEX_POINT('',#15664);
#12008=LINE('',#15665,#15666);
#12009=VERTEX_POINT('',#15667);
#12010=LINE('',#15668,#15669);
#12011=VERTEX_POINT('',#15670);
#12012=LINE('',#15671,#15672);
#12013=VERTEX_POINT('',#15673);
#12014=LINE('',#15674,#15675);
#12015=VERTEX_POINT('',#15676);
#12016=LINE('',#15677,#15678);
#12017=VERTEX_POINT('',#15679);
#12018=LINE('',#15680,#15681);
#12019=VERTEX_POINT('',#15682);
#12020=LINE('',#15683,#15684);
#12021=VERTEX_POINT('',#15685);
#12022=LINE('',#15686,#15687);
#12023=VERTEX_POINT('',#15688);
#12024=LINE('',#15689,#15690);
#12025=VERTEX_POINT('',#15691);
#12026=LINE('',#15692,#15693);
#12027=VERTEX_POINT('',#15694);
#12028=LINE('',#15695,#15696);
#12029=VERTEX_POINT('',#15697);
#12030=LINE('',#15698,#15699);
#12031=VERTEX_POINT('',#15700);
#12032=LINE('',#15701,#15702);
#12033=LINE('',#15703,#15704);
#12034=VERTEX_POINT('',#15705);
#12035=LINE('',#15706,#15707);
#12036=VERTEX_POINT('',#15708);
#12037=LINE('',#15709,#15710);
#12038=LINE('',#15711,#15712);
#12039=VERTEX_POINT('',#15713);
#12040=LINE('',#15714,#15715);
#12041=VERTEX_POINT('',#15716);
#12042=ELLIPSE('',#15717,0.274103219000446,0.27);
#12043=LINE('',#15718,#15719);
#12044=CIRCLE('',#15720,0.27);
#12045=VERTEX_POINT('',#15721);
#12046=LINE('',#15722,#15723);
#12047=VERTEX_POINT('',#15724);
#12048=ELLIPSE('',#15725,0.274103219000446,0.27);
#12049=CIRCLE('',#15726,0.27);
#12050=LINE('',#15727,#15728);
#12051=LINE('',#15729,#15730);
#12052=LINE('',#15731,#15732);
#12053=VERTEX_POINT('',#15733);
#12054=VERTEX_POINT('',#15734);
#12055=LINE('',#15735,#15736);
#12056=VERTEX_POINT('',#15737);
#12057=LINE('',#15738,#15739);
#12058=VERTEX_POINT('',#15740);
#12059=LINE('',#15741,#15742);
#12060=VERTEX_POINT('',#15743);
#12061=LINE('',#15744,#15745);
#12062=VERTEX_POINT('',#15746);
#12063=LINE('',#15747,#15748);
#12064=LINE('',#15749,#15750);
#12065=VERTEX_POINT('',#15751);
#12066=VERTEX_POINT('',#15752);
#12067=LINE('',#15753,#15754);
#12068=VERTEX_POINT('',#15755);
#12069=LINE('',#15756,#15757);
#12070=VERTEX_POINT('',#15758);
#12071=LINE('',#15759,#15760);
#12072=VERTEX_POINT('',#15761);
#12073=LINE('',#15762,#15763);
#12074=VERTEX_POINT('',#15764);
#12075=LINE('',#15765,#15766);
#12076=LINE('',#15767,#15768);
#12077=VERTEX_POINT('',#15769);
#12078=VERTEX_POINT('',#15770);
#12079=LINE('',#15771,#15772);
#12080=VERTEX_POINT('',#15773);
#12081=LINE('',#15774,#15775);
#12082=VERTEX_POINT('',#15776);
#12083=LINE('',#15777,#15778);
#12084=VERTEX_POINT('',#15779);
#12085=LINE('',#15780,#15781);
#12086=VERTEX_POINT('',#15782);
#12087=LINE('',#15783,#15784);
#12088=LINE('',#15785,#15786);
#12089=VERTEX_POINT('',#15787);
#12090=VERTEX_POINT('',#15788);
#12091=LINE('',#15789,#15790);
#12092=VERTEX_POINT('',#15791);
#12093=LINE('',#15792,#15793);
#12094=VERTEX_POINT('',#15794);
#12095=LINE('',#15795,#15796);
#12096=VERTEX_POINT('',#15797);
#12097=LINE('',#15798,#15799);
#12098=VERTEX_POINT('',#15800);
#12099=LINE('',#15801,#15802);
#12100=LINE('',#15803,#15804);
#12101=VERTEX_POINT('',#15805);
#12102=VERTEX_POINT('',#15806);
#12103=LINE('',#15807,#15808);
#12104=VERTEX_POINT('',#15809);
#12105=LINE('',#15810,#15811);
#12106=VERTEX_POINT('',#15812);
#12107=LINE('',#15813,#15814);
#12108=VERTEX_POINT('',#15815);
#12109=LINE('',#15816,#15817);
#12110=VERTEX_POINT('',#15818);
#12111=LINE('',#15819,#15820);
#12112=LINE('',#15821,#15822);
#12113=VERTEX_POINT('',#15823);
#12114=VERTEX_POINT('',#15824);
#12115=LINE('',#15825,#15826);
#12116=VERTEX_POINT('',#15827);
#12117=LINE('',#15828,#15829);
#12118=VERTEX_POINT('',#15830);
#12119=LINE('',#15831,#15832);
#12120=VERTEX_POINT('',#15833);
#12121=LINE('',#15834,#15835);
#12122=VERTEX_POINT('',#15836);
#12123=LINE('',#15837,#15838);
#12124=LINE('',#15839,#15840);
#12125=VERTEX_POINT('',#15841);
#12126=VERTEX_POINT('',#15842);
#12127=LINE('',#15843,#15844);
#12128=VERTEX_POINT('',#15845);
#12129=LINE('',#15846,#15847);
#12130=VERTEX_POINT('',#15848);
#12131=LINE('',#15849,#15850);
#12132=LINE('',#15851,#15852);
#12133=LINE('',#15853,#15854);
#12134=LINE('',#15855,#15856);
#12135=LINE('',#15857,#15858);
#12136=LINE('',#15859,#15860);
#12137=LINE('',#15861,#15862);
#12138=LINE('',#15863,#15864);
#12139=LINE('',#15865,#15866);
#12140=LINE('',#15867,#15868);
#12141=LINE('',#15869,#15870);
#12142=ELLIPSE('',#15871,0.512249938994628,0.4);
#12143=ELLIPSE('',#15872,0.512249938994628,0.4);
#12144=LINE('',#15873,#15874);
#12145=LINE('',#15875,#15876);
#12146=LINE('',#15877,#15878);
#12147=LINE('',#15879,#15880);
#12148=LINE('',#15881,#15882);
#12149=LINE('',#15883,#15884);
#12150=LINE('',#15885,#15886);
#12151=LINE('',#15887,#15888);
#12152=LINE('',#15889,#15890);
#12153=LINE('',#15891,#15892);
#12154=LINE('',#15893,#15894);
#12155=LINE('',#15895,#15896);
#12156=LINE('',#15897,#15898);
#12157=LINE('',#15899,#15900);
#12158=LINE('',#15901,#15902);
#12159=VERTEX_POINT('',#15903);
#12160=LINE('',#15904,#15905);
#12161=ELLIPSE('',#15906,0.274103219000446,0.27);
#12162=VERTEX_POINT('',#15907);
#12163=CIRCLE('',#15908,0.27);
#12164=ELLIPSE('',#15909,0.274103219000446,0.27);
#12165=CIRCLE('',#15910,0.27);
#12166=LINE('',#15911,#15912);
#12167=LINE('',#15913,#15914);
#12168=LINE('',#15915,#15916);
#12169=VERTEX_POINT('',#15917);
#12170=ELLIPSE('',#15918,0.274103219000446,0.27);
#12171=LINE('',#15919,#15920);
#12172=CIRCLE('',#15921,0.27);
#12173=VERTEX_POINT('',#15922);
#12174=ELLIPSE('',#15923,0.274103219000446,0.27);
#12175=CIRCLE('',#15924,0.27);
#12176=LINE('',#15925,#15926);
#12177=LINE('',#15927,#15928);
#12178=LINE('',#15929,#15930);
#12179=VERTEX_POINT('',#15931);
#12180=LINE('',#15932,#15933);
#12181=ELLIPSE('',#15934,0.274103219000446,0.27);
#12182=VERTEX_POINT('',#15935);
#12183=CIRCLE('',#15936,0.27);
#12184=ELLIPSE('',#15937,0.274103219000446,0.27);
#12185=CIRCLE('',#15938,0.27);
#12186=LINE('',#15939,#15940);
#12187=LINE('',#15941,#15942);
#12188=LINE('',#15943,#15944);
#12189=VERTEX_POINT('',#15945);
#12190=LINE('',#15946,#15947);
#12191=ELLIPSE('',#15948,0.274103219000446,0.27);
#12192=VERTEX_POINT('',#15949);
#12193=CIRCLE('',#15950,0.27);
#12194=ELLIPSE('',#15951,0.274103219000446,0.27);
#12195=CIRCLE('',#15952,0.27);
#12196=LINE('',#15953,#15954);
#12197=LINE('',#15955,#15956);
#12198=LINE('',#15957,#15958);
#12199=VERTEX_POINT('',#15959);
#12200=LINE('',#15960,#15961);
#12201=ELLIPSE('',#15962,0.274103219000446,0.27);
#12202=VERTEX_POINT('',#15963);
#12203=CIRCLE('',#15964,0.27);
#12204=ELLIPSE('',#15965,0.274103219000446,0.27);
#12205=CIRCLE('',#15966,0.27);
#12206=LINE('',#15967,#15968);
#12207=LINE('',#15969,#15970);
#12208=VERTEX_POINT('',#15971);
#12209=ELLIPSE('',#15972,0.274103219000446,0.27);
#12210=LINE('',#15973,#15974);
#12211=CIRCLE('',#15975,0.27);
#12212=VERTEX_POINT('',#15976);
#12213=ELLIPSE('',#15977,0.274103219000446,0.27);
#12214=CIRCLE('',#15978,0.27);
#12215=LINE('',#15979,#15980);
#12216=LINE('',#15981,#15982);
#12217=LINE('',#15983,#15984);
#12218=VERTEX_POINT('',#15985);
#12219=ELLIPSE('',#15986,0.274103219000446,0.27);
#12220=LINE('',#15987,#15988);
#12221=CIRCLE('',#15989,0.27);
#12222=VERTEX_POINT('',#15990);
#12223=ELLIPSE('',#15991,0.274103219000446,0.27);
#12224=CIRCLE('',#15992,0.27);
#12225=LINE('',#15993,#15994);
#12226=LINE('',#15995,#15996);
#12227=LINE('',#15997,#15998);
#12228=VERTEX_POINT('',#15999);
#12229=LINE('',#16000,#16001);
#12230=VERTEX_POINT('',#16002);
#12231=LINE('',#16003,#16004);
#12232=CIRCLE('',#16005,1.28);
#12233=CIRCLE('',#16006,1.28);
#12234=LINE('',#16007,#16008);
#12235=CIRCLE('',#16009,1.28);
#12236=VERTEX_POINT('',#16010);
#12237=LINE('',#16011,#16012);
#12238=VERTEX_POINT('',#16013);
#12239=CIRCLE('',#16014,1.28);
#12240=LINE('',#16015,#16016);
#12241=VERTEX_POINT('',#16017);
#12242=CIRCLE('',#16018,0.15);
#12243=VERTEX_POINT('',#16019);
#12244=LINE('',#16020,#16021);
#12245=VERTEX_POINT('',#16022);
#12246=CIRCLE('',#16023,0.3);
#12247=VERTEX_POINT('',#16024);
#12248=LINE('',#16025,#16026);
#12249=VERTEX_POINT('',#16027);
#12250=CIRCLE('',#16028,0.3);
#12251=VERTEX_POINT('',#16029);
#12252=LINE('',#16030,#16031);
#12253=VERTEX_POINT('',#16032);
#12254=LINE('',#16033,#16034);
#12255=VERTEX_POINT('',#16035);
#12256=LINE('',#16036,#16037);
#12257=VERTEX_POINT('',#16038);
#12258=LINE('',#16039,#16040);
#12259=VERTEX_POINT('',#16041);
#12260=CIRCLE('',#16042,0.15);
#12261=VERTEX_POINT('',#16043);
#12262=LINE('',#16044,#16045);
#12263=VERTEX_POINT('',#16046);
#12264=CIRCLE('',#16047,0.16);
#12265=VERTEX_POINT('',#16048);
#12266=LINE('',#16049,#16050);
#12267=VERTEX_POINT('',#16051);
#12268=CIRCLE('',#16052,0.1600000000004);
#12269=VERTEX_POINT('',#16053);
#12270=LINE('',#16054,#16055);
#12271=VERTEX_POINT('',#16056);
#12272=CIRCLE('',#16057,0.15);
#12273=VERTEX_POINT('',#16058);
#12274=LINE('',#16059,#16060);
#12275=VERTEX_POINT('',#16061);
#12276=CIRCLE('',#16062,0.15);
#12277=VERTEX_POINT('',#16063);
#12278=LINE('',#16064,#16065);
#12279=VERTEX_POINT('',#16066);
#12280=CIRCLE('',#16067,0.1599999999996);
#12281=VERTEX_POINT('',#16068);
#12282=LINE('',#16069,#16070);
#12283=VERTEX_POINT('',#16071);
#12284=CIRCLE('',#16072,0.15);
#12285=VERTEX_POINT('',#16073);
#12286=LINE('',#16074,#16075);
#12287=CIRCLE('',#16076,0.15);
#12288=VERTEX_POINT('',#16077);
#12289=LINE('',#16078,#16079);
#12290=LINE('',#16080,#16081);
#12291=VERTEX_POINT('',#16082);
#12292=LINE('',#16083,#16084);
#12293=VERTEX_POINT('',#16085);
#12294=LINE('',#16086,#16087);
#12295=LINE('',#16088,#16089);
#12296=CIRCLE('',#16090,0.35);
#12297=CIRCLE('',#16091,0.35);
#12298=VERTEX_POINT('',#16092);
#12299=VERTEX_POINT('',#16093);
#12300=LINE('',#16094,#16095);
#12301=B_SPLINE_CURVE_WITH_KNOTS('',3,(#16096,#16097,#16098,#16099),.UNSPECIFIED.,.F.,.F.,(4,4),(4.43600306376207E-06,0.000257612239171521),.UNSPECIFIED.);
#12302=CIRCLE('',#16100,0.3);
#12303=VERTEX_POINT('',#16101);
#12304=VERTEX_POINT('',#16102);
#12305=LINE('',#16103,#16104);
#12306=VERTEX_POINT('',#16105);
#12307=LINE('',#16106,#16107);
#12308=LINE('',#16108,#16109);
#12309=LINE('',#16110,#16111);
#12310=CIRCLE('',#16112,0.45);
#12311=LINE('',#16113,#16114);
#12312=VERTEX_POINT('',#16115);
#12313=VERTEX_POINT('',#16116);
#12314=LINE('',#16117,#16118);
#12315=LINE('',#16119,#16120);
#12316=LINE('',#16121,#16122);
#12317=LINE('',#16123,#16124);
#12318=CIRCLE('',#16125,0.45);
#12319=LINE('',#16126,#16127);
#12320=VERTEX_POINT('',#16128);
#12321=CIRCLE('',#16129,0.15);
#12322=VERTEX_POINT('',#16130);
#12323=LINE('',#16131,#16132);
#12324=CIRCLE('',#16133,0.15);
#12325=LINE('',#16134,#16135);
#12326=LINE('',#16136,#16137);
#12327=VERTEX_POINT('',#16138);
#12328=CIRCLE('',#16139,0.35);
#12329=LINE('',#16140,#16141);
#12330=VERTEX_POINT('',#16142);
#12331=CIRCLE('',#16143,0.35);
#12332=LINE('',#16144,#16145);
#12333=VERTEX_POINT('',#16146);
#12334=CIRCLE('',#16147,0.15);
#12335=VERTEX_POINT('',#16148);
#12336=LINE('',#16149,#16150);
#12337=VERTEX_POINT('',#16151);
#12338=CIRCLE('',#16152,0.15);
#12339=VERTEX_POINT('',#16153);
#12340=LINE('',#16154,#16155);
#12341=CIRCLE('',#16156,0.15);
#12342=VERTEX_POINT('',#16157);
#12343=LINE('',#16158,#16159);
#12344=VERTEX_POINT('',#16160);
#12345=CIRCLE('',#16161,0.16);
#12346=VERTEX_POINT('',#16162);
#12347=LINE('',#16163,#16164);
#12348=VERTEX_POINT('',#16165);
#12349=CIRCLE('',#16166,0.15);
#12350=VERTEX_POINT('',#16167);
#12351=LINE('',#16168,#16169);
#12352=VERTEX_POINT('',#16170);
#12353=CIRCLE('',#16171,0.1500000000003);
#12354=VERTEX_POINT('',#16172);
#12355=LINE('',#16173,#16174);
#12356=VERTEX_POINT('',#16175);
#12357=CIRCLE('',#16176,0.1599999999996);
#12358=VERTEX_POINT('',#16177);
#12359=LINE('',#16178,#16179);
#12360=VERTEX_POINT('',#16180);
#12361=CIRCLE('',#16181,0.16);
#12362=VERTEX_POINT('',#16182);
#12363=LINE('',#16183,#16184);
#12364=VERTEX_POINT('',#16185);
#12365=CIRCLE('',#16186,0.15);
#12366=VERTEX_POINT('',#16187);
#12367=LINE('',#16188,#16189);
#12368=VERTEX_POINT('',#16190);
#12369=CIRCLE('',#16191,0.1500000000003);
#12370=VERTEX_POINT('',#16192);
#12371=LINE('',#16193,#16194);
#12372=VERTEX_POINT('',#16195);
#12373=CIRCLE('',#16196,0.16);
#12374=VERTEX_POINT('',#16197);
#12375=LINE('',#16198,#16199);
#12376=VERTEX_POINT('',#16200);
#12377=LINE('',#16201,#16202);
#12378=VERTEX_POINT('',#16203);
#12379=LINE('',#16204,#16205);
#12380=VERTEX_POINT('',#16206);
#12381=LINE('',#16207,#16208);
#12382=VERTEX_POINT('',#16209);
#12383=CIRCLE('',#16210,0.3);
#12384=VERTEX_POINT('',#16211);
#12385=LINE('',#16212,#16213);
#12386=VERTEX_POINT('',#16214);
#12387=CIRCLE('',#16215,0.3);
#12388=VERTEX_POINT('',#16216);
#12389=LINE('',#16217,#16218);
#12390=LINE('',#16219,#16220);
#12391=LINE('',#16221,#16222);
#12392=VERTEX_POINT('',#16223);
#12393=CIRCLE('',#16224,1.28);
#12394=VERTEX_POINT('',#16225);
#12395=LINE('',#16226,#16227);
#12396=VERTEX_POINT('',#16228);
#12397=CIRCLE('',#16229,1.28);
#12398=VERTEX_POINT('',#16230);
#12399=LINE('',#16231,#16232);
#12400=VERTEX_POINT('',#16233);
#12401=CIRCLE('',#16234,1.28);
#12402=VERTEX_POINT('',#16235);
#12403=LINE('',#16236,#16237);
#12404=CIRCLE('',#16238,1.28);
#12405=VERTEX_POINT('',#16239);
#12406=LINE('',#16240,#16241);
#12407=VERTEX_POINT('',#16242);
#12408=LINE('',#16243,#16244);
#12409=VERTEX_POINT('',#16245);
#12410=CIRCLE('',#16246,1.13000048418585);
#12411=VERTEX_POINT('',#16247);
#12412=LINE('',#16248,#16249);
#12413=VERTEX_POINT('',#16250);
#12414=CIRCLE('',#16251,1.13000048418585);
#12415=VERTEX_POINT('',#16252);
#12416=LINE('',#16253,#16254);
#12417=VERTEX_POINT('',#16255);
#12418=CIRCLE('',#16256,1.13000048418585);
#12419=VERTEX_POINT('',#16257);
#12420=LINE('',#16258,#16259);
#12421=VERTEX_POINT('',#16260);
#12422=CIRCLE('',#16261,1.13000048418585);
#12423=VERTEX_POINT('',#16262);
#12424=LINE('',#16263,#16264);
#12425=LINE('',#16265,#16266);
#12426=LINE('',#16267,#16268);
#12427=LINE('',#16269,#16270);
#12428=LINE('',#16271,#16272);
#12429=LINE('',#16273,#16274);
#12430=CIRCLE('',#16275,0.9800000000002);
#12431=CIRCLE('',#16276,0.9800000000002);
#12432=CIRCLE('',#16277,0.9800000000002);
#12433=LINE('',#16278,#16279);
#12434=VERTEX_POINT('',#16280);
#12435=CIRCLE('',#16281,1.28);
#12436=VERTEX_POINT('',#16282);
#12437=LINE('',#16283,#16284);
#12438=LINE('',#16285,#16286);
#12439=VERTEX_POINT('',#16287);
#12440=VERTEX_POINT('',#16288);
#12441=LINE('',#16289,#16290);
#12442=CIRCLE('',#16291,1.28);
#12443=LINE('',#16292,#16293);
#12444=LINE('',#16294,#16295);
#12445=VERTEX_POINT('',#16296);
#12446=CIRCLE('',#16297,0.15);
#12447=LINE('',#16298,#16299);
#12448=VERTEX_POINT('',#16300);
#12449=CIRCLE('',#16301,0.15);
#12450=LINE('',#16302,#16303);
#12451=VERTEX_POINT('',#16304);
#12452=VERTEX_POINT('',#16305);
#12453=LINE('',#16306,#16307);
#12454=CIRCLE('',#16308,1.28);
#12455=LINE('',#16309,#16310);
#12456=LINE('',#16311,#16312);
#12457=CIRCLE('',#16313,0.9800000000002);
#12458=LINE('',#16314,#16315);
#12459=VERTEX_POINT('',#16316);
#12460=LINE('',#16317,#16318);
#12461=LINE('',#16319,#16320);
#12462=VERTEX_POINT('',#16321);
#12463=CIRCLE('',#16322,0.15);
#12464=LINE('',#16323,#16324);
#12465=VERTEX_POINT('',#16325);
#12466=LINE('',#16326,#16327);
#12467=VERTEX_POINT('',#16328);
#12468=LINE('',#16329,#16330);
#12469=LINE('',#16331,#16332);
#12470=VERTEX_POINT('',#16333);
#12471=LINE('',#16334,#16335);
#12472=LINE('',#16336,#16337);
#12473=VERTEX_POINT('',#16338);
#12474=CIRCLE('',#16339,0.15);
#12475=LINE('',#16340,#16341);
#12476=VERTEX_POINT('',#16342);
#12477=LINE('',#16343,#16344);
#12478=CIRCLE('',#16345,0.15);
#12479=VERTEX_POINT('',#16346);
#12480=LINE('',#16347,#16348);
#12481=VERTEX_POINT('',#16349);
#12482=CIRCLE('',#16350,0.15);
#12483=VERTEX_POINT('',#16351);
#12484=LINE('',#16352,#16353);
#12485=VERTEX_POINT('',#16354);
#12486=LINE('',#16355,#16356);
#12487=LINE('',#16357,#16358);
#12488=LINE('',#16359,#16360);
#12489=VERTEX_POINT('',#16361);
#12490=CIRCLE('',#16362,0.15);
#12491=VERTEX_POINT('',#16363);
#12492=LINE('',#16364,#16365);
#12493=VERTEX_POINT('',#16366);
#12494=CIRCLE('',#16367,0.15);
#12495=VERTEX_POINT('',#16368);
#12496=LINE('',#16369,#16370);
#12497=VERTEX_POINT('',#16371);
#12498=LINE('',#16372,#16373);
#12499=LINE('',#16374,#16375);
#12500=CIRCLE('',#16376,0.15);
#12501=VERTEX_POINT('',#16377);
#12502=VERTEX_POINT('',#16378);
#12503=LINE('',#16379,#16380);
#12504=VERTEX_POINT('',#16381);
#12505=CIRCLE('',#16382,0.05);
#12506=VERTEX_POINT('',#16383);
#12507=LINE('',#16384,#16385);
#12508=VERTEX_POINT('',#16386);
#12509=LINE('',#16387,#16388);
#12510=VERTEX_POINT('',#16389);
#12511=LINE('',#16390,#16391);
#12512=VERTEX_POINT('',#16392);
#12513=CIRCLE('',#16393,0.35);
#12514=VERTEX_POINT('',#16394);
#12515=LINE('',#16395,#16396);
#12516=CIRCLE('',#16397,0.15);
#12517=LINE('',#16398,#16399);
#12518=CIRCLE('',#16400,0.45);
#12519=VERTEX_POINT('',#16401);
#12520=LINE('',#16402,#16403);
#12521=CIRCLE('',#16404,0.45);
#12522=VERTEX_POINT('',#16405);
#12523=CIRCLE('',#16406,0.15);
#12524=VERTEX_POINT('',#16407);
#12525=LINE('',#16408,#16409);
#12526=VERTEX_POINT('',#16410);
#12527=CIRCLE('',#16411,0.35);
#12528=VERTEX_POINT('',#16412);
#12529=LINE('',#16413,#16414);
#12530=VERTEX_POINT('',#16415);
#12531=LINE('',#16416,#16417);
#12532=VERTEX_POINT('',#16418);
#12533=LINE('',#16419,#16420);
#12534=VERTEX_POINT('',#16421);
#12535=CIRCLE('',#16422,0.05);
#12536=LINE('',#16423,#16424);
#12537=VERTEX_POINT('',#16425);
#12538=LINE('',#16426,#16427);
#12539=VERTEX_POINT('',#16428);
#12540=LINE('',#16429,#16430);
#12541=VERTEX_POINT('',#16431);
#12542=LINE('',#16432,#16433);
#12543=VERTEX_POINT('',#16434);
#12544=CIRCLE('',#16435,0.15);
#12545=VERTEX_POINT('',#16436);
#12546=LINE('',#16437,#16438);
#12547=VERTEX_POINT('',#16439);
#12548=CIRCLE('',#16440,0.15);
#12549=LINE('',#16441,#16442);
#12550=VERTEX_POINT('',#16443);
#12551=VERTEX_POINT('',#16444);
#12552=LINE('',#16445,#16446);
#12553=VERTEX_POINT('',#16447);
#12554=CIRCLE('',#16448,0.35);
#12555=VERTEX_POINT('',#16449);
#12556=LINE('',#16450,#16451);
#12557=VERTEX_POINT('',#16452);
#12558=LINE('',#16453,#16454);
#12559=VERTEX_POINT('',#16455);
#12560=LINE('',#16456,#16457);
#12561=CIRCLE('',#16458,0.05);
#12562=LINE('',#16459,#16460);
#12563=VERTEX_POINT('',#16461);
#12564=LINE('',#16462,#16463);
#12565=CIRCLE('',#16464,0.15);
#12566=VERTEX_POINT('',#16465);
#12567=VERTEX_POINT('',#16466);
#12568=CIRCLE('',#16467,0.15);
#12569=VERTEX_POINT('',#16468);
#12570=LINE('',#16469,#16470);
#12571=LINE('',#16471,#16472);
#12572=LINE('',#16473,#16474);
#12573=LINE('',#16475,#16476);
#12574=LINE('',#16477,#16478);
#12575=LINE('',#16479,#16480);
#12576=LINE('',#16481,#16482);
#12577=VERTEX_POINT('',#16483);
#12578=CIRCLE('',#16484,0.05);
#12579=VERTEX_POINT('',#16485);
#12580=LINE('',#16486,#16487);
#12581=VERTEX_POINT('',#16488);
#12582=LINE('',#16489,#16490);
#12583=VERTEX_POINT('',#16491);
#12584=LINE('',#16492,#16493);
#12585=CIRCLE('',#16494,0.35);
#12586=LINE('',#16495,#16496);
#12587=LINE('',#16497,#16498);
#12588=VERTEX_POINT('',#16499);
#12589=CIRCLE('',#16500,0.2);
#12590=VERTEX_POINT('',#16501);
#12591=LINE('',#16502,#16503);
#12592=CIRCLE('',#16504,0.2);
#12593=VERTEX_POINT('',#16505);
#12594=CIRCLE('',#16506,0.15);
#12595=VERTEX_POINT('',#16507);
#12596=LINE('',#16508,#16509);
#12597=CIRCLE('',#16510,0.15);
#12598=VERTEX_POINT('',#16511);
#12599=LINE('',#16512,#16513);
#12600=CIRCLE('',#16514,0.15);
#12601=VERTEX_POINT('',#16515);
#12602=CIRCLE('',#16516,0.15);
#12603=LINE('',#16517,#16518);
#12604=VERTEX_POINT('',#16519);
#12605=CIRCLE('',#16520,0.2);
#12606=VERTEX_POINT('',#16521);
#12607=LINE('',#16522,#16523);
#12608=CIRCLE('',#16524,0.2);
#12609=LINE('',#16525,#16526);
#12610=LINE('',#16527,#16528);
#12611=LINE('',#16529,#16530);
#12612=LINE('',#16531,#16532);
#12613=LINE('',#16533,#16534);
#12614=LINE('',#16535,#16536);
#12615=LINE('',#16537,#16538);
#12616=VERTEX_POINT('',#16539);
#12617=LINE('',#16540,#16541);
#12618=LINE('',#16542,#16543);
#12619=VERTEX_POINT('',#16544);
#12620=CIRCLE('',#16545,0.15);
#12621=LINE('',#16546,#16547);
#12622=VERTEX_POINT('',#16548);
#12623=LINE('',#16549,#16550);
#12624=VERTEX_POINT('',#16551);
#12625=CIRCLE('',#16552,0.15);
#12626=VERTEX_POINT('',#16553);
#12627=LINE('',#16554,#16555);
#12628=VERTEX_POINT('',#16556);
#12629=CIRCLE('',#16557,0.35);
#12630=VERTEX_POINT('',#16558);
#12631=LINE('',#16559,#16560);
#12632=VERTEX_POINT('',#16561);
#12633=LINE('',#16562,#16563);
#12634=VERTEX_POINT('',#16564);
#12635=LINE('',#16565,#16566);
#12636=VERTEX_POINT('',#16567);
#12637=CIRCLE('',#16568,0.05);
#12638=VERTEX_POINT('',#16569);
#12639=LINE('',#16570,#16571);
#12640=CIRCLE('',#16572,0.45);
#12641=VERTEX_POINT('',#16573);
#12642=LINE('',#16574,#16575);
#12643=CIRCLE('',#16576,0.45);
#12644=VERTEX_POINT('',#16577);
#12645=LINE('',#16578,#16579);
#12646=VERTEX_POINT('',#16580);
#12647=CIRCLE('',#16581,0.05);
#12648=VERTEX_POINT('',#16582);
#12649=LINE('',#16583,#16584);
#12650=VERTEX_POINT('',#16585);
#12651=LINE('',#16586,#16587);
#12652=VERTEX_POINT('',#16588);
#12653=LINE('',#16589,#16590);
#12654=VERTEX_POINT('',#16591);
#12655=CIRCLE('',#16592,0.35);
#12656=VERTEX_POINT('',#16593);
#12657=LINE('',#16594,#16595);
#12658=VERTEX_POINT('',#16596);
#12659=CIRCLE('',#16597,0.15);
#12660=VERTEX_POINT('',#16598);
#12661=LINE('',#16599,#16600);
#12662=LINE('',#16601,#16602);
#12663=CIRCLE('',#16603,0.15);
#12664=VERTEX_POINT('',#16604);
#12665=LINE('',#16605,#16606);
#12666=VERTEX_POINT('',#16607);
#12667=LINE('',#16608,#16609);
#12668=VERTEX_POINT('',#16610);
#12669=LINE('',#16611,#16612);
#12670=VERTEX_POINT('',#16613);
#12671=CIRCLE('',#16614,0.15);
#12672=VERTEX_POINT('',#16615);
#12673=LINE('',#16616,#16617);
#12674=CIRCLE('',#16618,0.15);
#12675=LINE('',#16619,#16620);
#12676=LINE('',#16621,#16622);
#12677=LINE('',#16623,#16624);
#12678=LINE('',#16625,#16626);
#12679=VERTEX_POINT('',#16627);
#12680=LINE('',#16628,#16629);
#12681=VERTEX_POINT('',#16630);
#12682=LINE('',#16631,#16632);
#12683=VERTEX_POINT('',#16633);
#12684=CIRCLE('',#16634,0.15);
#12685=VERTEX_POINT('',#16635);
#12686=LINE('',#16636,#16637);
#12687=VERTEX_POINT('',#16638);
#12688=CIRCLE('',#16639,0.15);
#12689=VERTEX_POINT('',#16640);
#12690=LINE('',#16641,#16642);
#12691=LINE('',#16643,#16644);
#12692=VERTEX_POINT('',#16645);
#12693=CIRCLE('',#16646,0.35);
#12694=LINE('',#16647,#16648);
#12695=VERTEX_POINT('',#16649);
#12696=CIRCLE('',#16650,0.2);
#12697=VERTEX_POINT('',#16651);
#12698=LINE('',#16652,#16653);
#12699=CIRCLE('',#16654,0.2);
#12700=VERTEX_POINT('',#16655);
#12701=LINE('',#16656,#16657);
#12702=VERTEX_POINT('',#16658);
#12703=CIRCLE('',#16659,0.15);
#12704=VERTEX_POINT('',#16660);
#12705=LINE('',#16661,#16662);
#12706=VERTEX_POINT('',#16663);
#12707=CIRCLE('',#16664,0.15);
#12708=VERTEX_POINT('',#16665);
#12709=LINE('',#16666,#16667);
#12710=LINE('',#16668,#16669);
#12711=CIRCLE('',#16670,0.35);
#12712=VERTEX_POINT('',#16671);
#12713=LINE('',#16672,#16673);
#12714=VERTEX_POINT('',#16674);
#12715=LINE('',#16675,#16676);
#12716=VERTEX_POINT('',#16677);
#12717=CIRCLE('',#16678,0.05);
#12718=VERTEX_POINT('',#16679);
#12719=LINE('',#16680,#16681);
#12720=LINE('',#16682,#16683);
#12721=VERTEX_POINT('',#16684);
#12722=CIRCLE('',#16685,0.15);
#12723=LINE('',#16686,#16687);
#12724=VERTEX_POINT('',#16688);
#12725=LINE('',#16689,#16690);
#12726=LINE('',#16691,#16692);
#12727=VERTEX_POINT('',#16693);
#12728=CIRCLE('',#16694,0.15);
#12729=LINE('',#16695,#16696);
#12730=VERTEX_POINT('',#16697);
#12731=LINE('',#16698,#16699);
#12732=VERTEX_POINT('',#16700);
#12733=CIRCLE('',#16701,0.05);
#12734=VERTEX_POINT('',#16702);
#12735=LINE('',#16703,#16704);
#12736=LINE('',#16705,#16706);
#12737=VERTEX_POINT('',#16707);
#12738=CIRCLE('',#16708,0.15);
#12739=LINE('',#16709,#16710);
#12740=VERTEX_POINT('',#16711);
#12741=LINE('',#16712,#16713);
#12742=LINE('',#16714,#16715);
#12743=CIRCLE('',#16716,0.15);
#12744=VERTEX_POINT('',#16717);
#12745=CIRCLE('',#16718,0.2);
#12746=VERTEX_POINT('',#16719);
#12747=LINE('',#16720,#16721);
#12748=CIRCLE('',#16722,0.2);
#12749=LINE('',#16723,#16724);
#12750=LINE('',#16725,#16726);
#12751=LINE('',#16727,#16728);
#12752=LINE('',#16729,#16730);
#12753=LINE('',#16731,#16732);
#12754=LINE('',#16733,#16734);
#12755=LINE('',#16735,#16736);
#12756=VERTEX_POINT('',#16737);
#12757=LINE('',#16738,#16739);
#12758=B_SPLINE_CURVE_WITH_KNOTS('',3,(#16740,#16741,#16742,#16743),.UNSPECIFIED.,.F.,.F.,(4,4),(0.0,1.0),.UNSPECIFIED.);
#12759=LINE('',#16744,#16745);
#12760=VERTEX_POINT('',#16746);
#12761=B_SPLINE_CURVE_WITH_KNOTS('',3,(#16747,#16748,#16749,#16750),.UNSPECIFIED.,.F.,.F.,(4,4),(1.17727549721075E-17,0.000109659275038716),.UNSPECIFIED.);
#12762=VERTEX_POINT('',#16751);
#12763=LINE('',#16752,#16753);
#12764=B_SPLINE_CURVE_WITH_KNOTS('',3,(#16754,#16755,#16756,#16757),.UNSPECIFIED.,.F.,.F.,(4,4),(6.34378041010886E-18,0.000118249818171024),.UNSPECIFIED.);
#12765=LINE('',#16758,#16759);
#12766=VERTEX_POINT('',#16760);
#12767=B_SPLINE_CURVE_WITH_KNOTS('',3,(#16761,#16762,#16763,#16764),.UNSPECIFIED.,.F.,.F.,(4,4),(1.16528780699425E-17,0.000118249818171034),.UNSPECIFIED.);
#12768=VERTEX_POINT('',#16765);
#12769=LINE('',#16766,#16767);
#12770=B_SPLINE_CURVE_WITH_KNOTS('',3,(#16768,#16769,#16770,#16771,#16772,#16773),.UNSPECIFIED.,.F.,.F.,(4,1,1,4),(0.0,0.3333333333333,0.6666666666667,1.0),.UNSPECIFIED.);
#12771=VERTEX_POINT('',#16774);
#12772=CIRCLE('',#16775,0.15);
#12773=VERTEX_POINT('',#16776);
#12774=CIRCLE('',#16777,0.15);
#12775=LINE('',#16778,#16779);
#12776=VERTEX_POINT('',#16780);
#12777=LINE('',#16781,#16782);
#12778=VERTEX_POINT('',#16783);
#12779=LINE('',#16784,#16785);
#12780=LINE('',#16786,#16787);
#12781=VERTEX_POINT('',#16788);
#12782=CIRCLE('',#16789,0.35);
#12783=VERTEX_POINT('',#16790);
#12784=LINE('',#16791,#16792);
#12785=VERTEX_POINT('',#16793);
#12786=LINE('',#16794,#16795);
#12787=VERTEX_POINT('',#16796);
#12788=LINE('',#16797,#16798);
#12789=VERTEX_POINT('',#16799);
#12790=CIRCLE('',#16800,0.05);
#12791=VERTEX_POINT('',#16801);
#12792=LINE('',#16802,#16803);
#12793=CIRCLE('',#16804,0.45);
#12794=VERTEX_POINT('',#16805);
#12795=LINE('',#16806,#16807);
#12796=VERTEX_POINT('',#16808);
#12797=LINE('',#16809,#16810);
#12798=CIRCLE('',#16811,1.28);
#12799=LINE('',#16812,#16813);
#12800=VERTEX_POINT('',#16814);
#12801=VERTEX_POINT('',#16815);
#12802=CIRCLE('',#16816,0.15);
#12803=VERTEX_POINT('',#16817);
#12804=LINE('',#16818,#16819);
#12805=VERTEX_POINT('',#16820);
#12806=CIRCLE('',#16821,0.3);
#12807=VERTEX_POINT('',#16822);
#12808=LINE('',#16823,#16824);
#12809=LINE('',#16825,#16826);
#12810=VERTEX_POINT('',#16827);
#12811=CIRCLE('',#16828,0.3);
#12812=VERTEX_POINT('',#16829);
#12813=LINE('',#16830,#16831);
#12814=VERTEX_POINT('',#16832);
#12815=CIRCLE('',#16833,0.15);
#12816=LINE('',#16834,#16835);
#12817=VERTEX_POINT('',#16836);
#12818=LINE('',#16837,#16838);
#12819=VERTEX_POINT('',#16839);
#12820=CIRCLE('',#16840,0.15);
#12821=VERTEX_POINT('',#16841);
#12822=LINE('',#16842,#16843);
#12823=VERTEX_POINT('',#16844);
#12824=LINE('',#16845,#16846);
#12825=VERTEX_POINT('',#16847);
#12826=LINE('',#16848,#16849);
#12827=VERTEX_POINT('',#16850);
#12828=CIRCLE('',#16851,0.15);
#12829=LINE('',#16852,#16853);
#12830=LINE('',#16854,#16855);
#12831=VERTEX_POINT('',#16856);
#12832=VERTEX_POINT('',#16857);
#12833=LINE('',#16858,#16859);
#12834=LINE('',#16860,#16861);
#12835=LINE('',#16862,#16863);
#12836=VERTEX_POINT('',#16864);
#12837=VERTEX_POINT('',#16865);
#12838=LINE('',#16866,#16867);
#12839=LINE('',#16868,#16869);
#12840=LINE('',#16870,#16871);
#12841=LINE('',#16872,#16873);
#12842=LINE('',#16874,#16875);
#12843=VERTEX_POINT('',#16876);
#12844=LINE('',#16877,#16878);
#12845=VERTEX_POINT('',#16879);
#12846=LINE('',#16880,#16881);
#12847=LINE('',#16882,#16883);
#12848=LINE('',#16884,#16885);
#12849=LINE('',#16886,#16887);
#12850=LINE('',#16888,#16889);
#12851=LINE('',#16890,#16891);
#12852=CIRCLE('',#16892,0.35);
#12853=CIRCLE('',#16893,0.35);
#12854=CIRCLE('',#16894,0.35);
#12855=CIRCLE('',#16895,0.35);
#12856=CIRCLE('',#16896,0.9799999999999);
#12857=LINE('',#16897,#16898);
#12858=LINE('',#16899,#16900);
#12859=LINE('',#16901,#16902);
#12860=LINE('',#16903,#16904);
#12861=CIRCLE('',#16905,0.9800000000001);
#12862=LINE('',#16906,#16907);
#12863=VERTEX_POINT('',#16908);
#12864=LINE('',#16909,#16910);
#12865=VERTEX_POINT('',#16911);
#12866=LINE('',#16912,#16913);
#12867=LINE('',#16914,#16915);
#12868=LINE('',#16916,#16917);
#12869=VERTEX_POINT('',#16918);
#12870=VERTEX_POINT('',#16919);
#12871=LINE('',#16920,#16921);
#12872=VERTEX_POINT('',#16922);
#12873=LINE('',#16923,#16924);
#12874=VERTEX_POINT('',#16925);
#12875=LINE('',#16926,#16927);
#12876=LINE('',#16928,#16929);
#12877=VERTEX_POINT('',#16930);
#12878=VERTEX_POINT('',#16931);
#12879=LINE('',#16932,#16933);
#12880=VERTEX_POINT('',#16934);
#12881=LINE('',#16935,#16936);
#12882=VERTEX_POINT('',#16937);
#12883=LINE('',#16938,#16939);
#12884=LINE('',#16940,#16941);
#12885=VERTEX_POINT('',#16942);
#12886=VERTEX_POINT('',#16943);
#12887=LINE('',#16944,#16945);
#12888=VERTEX_POINT('',#16946);
#12889=LINE('',#16947,#16948);
#12890=VERTEX_POINT('',#16949);
#12891=LINE('',#16950,#16951);
#12892=LINE('',#16952,#16953);
#12893=VERTEX_POINT('',#16954);
#12894=VERTEX_POINT('',#16955);
#12895=LINE('',#16956,#16957);
#12896=VERTEX_POINT('',#16958);
#12897=LINE('',#16959,#16960);
#12898=VERTEX_POINT('',#16961);
#12899=LINE('',#16962,#16963);
#12900=LINE('',#16964,#16965);
#12901=VERTEX_POINT('',#16966);
#12902=VERTEX_POINT('',#16967);
#12903=LINE('',#16968,#16969);
#12904=VERTEX_POINT('',#16970);
#12905=LINE('',#16971,#16972);
#12906=VERTEX_POINT('',#16973);
#12907=LINE('',#16974,#16975);
#12908=LINE('',#16976,#16977);
#12909=VERTEX_POINT('',#16978);
#12910=VERTEX_POINT('',#16979);
#12911=LINE('',#16980,#16981);
#12912=VERTEX_POINT('',#16982);
#12913=LINE('',#16983,#16984);
#12914=VERTEX_POINT('',#16985);
#12915=LINE('',#16986,#16987);
#12916=LINE('',#16988,#16989);
#12917=VERTEX_POINT('',#16990);
#12918=VERTEX_POINT('',#16991);
#12919=LINE('',#16992,#16993);
#12920=VERTEX_POINT('',#16994);
#12921=LINE('',#16995,#16996);
#12922=VERTEX_POINT('',#16997);
#12923=LINE('',#16998,#16999);
#12924=LINE('',#17000,#17001);
#12925=VERTEX_POINT('',#17002);
#12926=VERTEX_POINT('',#17003);
#12927=LINE('',#17004,#17005);
#12928=VERTEX_POINT('',#17006);
#12929=LINE('',#17007,#17008);
#12930=VERTEX_POINT('',#17009);
#12931=LINE('',#17010,#17011);
#12932=LINE('',#17012,#17013);
#12933=VERTEX_POINT('',#17014);
#12934=VERTEX_POINT('',#17015);
#12935=LINE('',#17016,#17017);
#12936=VERTEX_POINT('',#17018);
#12937=LINE('',#17019,#17020);
#12938=VERTEX_POINT('',#17021);
#12939=LINE('',#17022,#17023);
#12940=LINE('',#17024,#17025);
#12941=VERTEX_POINT('',#17026);
#12942=VERTEX_POINT('',#17027);
#12943=LINE('',#17028,#17029);
#12944=VERTEX_POINT('',#17030);
#12945=LINE('',#17031,#17032);
#12946=VERTEX_POINT('',#17033);
#12947=LINE('',#17034,#17035);
#12948=LINE('',#17036,#17037);
#12949=VERTEX_POINT('',#17038);
#12950=VERTEX_POINT('',#17039);
#12951=LINE('',#17040,#17041);
#12952=VERTEX_POINT('',#17042);
#12953=LINE('',#17043,#17044);
#12954=VERTEX_POINT('',#17045);
#12955=LINE('',#17046,#17047);
#12956=LINE('',#17048,#17049);
#12957=VERTEX_POINT('',#17050);
#12958=VERTEX_POINT('',#17051);
#12959=LINE('',#17052,#17053);
#12960=VERTEX_POINT('',#17054);
#12961=LINE('',#17055,#17056);
#12962=VERTEX_POINT('',#17057);
#12963=LINE('',#17058,#17059);
#12964=LINE('',#17060,#17061);
#12965=VERTEX_POINT('',#17062);
#12966=VERTEX_POINT('',#17063);
#12967=LINE('',#17064,#17065);
#12968=VERTEX_POINT('',#17066);
#12969=LINE('',#17067,#17068);
#12970=VERTEX_POINT('',#17069);
#12971=LINE('',#17070,#17071);
#12972=LINE('',#17072,#17073);
#12973=VERTEX_POINT('',#17074);
#12974=VERTEX_POINT('',#17075);
#12975=LINE('',#17076,#17077);
#12976=VERTEX_POINT('',#17078);
#12977=LINE('',#17079,#17080);
#12978=VERTEX_POINT('',#17081);
#12979=LINE('',#17082,#17083);
#12980=LINE('',#17084,#17085);
#12981=VERTEX_POINT('',#17086);
#12982=VERTEX_POINT('',#17087);
#12983=LINE('',#17088,#17089);
#12984=VERTEX_POINT('',#17090);
#12985=LINE('',#17091,#17092);
#12986=VERTEX_POINT('',#17093);
#12987=LINE('',#17094,#17095);
#12988=LINE('',#17096,#17097);
#12989=VERTEX_POINT('',#17098);
#12990=VERTEX_POINT('',#17099);
#12991=LINE('',#17100,#17101);
#12992=VERTEX_POINT('',#17102);
#12993=LINE('',#17103,#17104);
#12994=VERTEX_POINT('',#17105);
#12995=LINE('',#17106,#17107);
#12996=LINE('',#17108,#17109);
#12997=VERTEX_POINT('',#17110);
#12998=B_SPLINE_CURVE_WITH_KNOTS('',3,(#17111,#17112,#17113,#17114),.UNSPECIFIED.,.F.,.F.,(4,4),(0.335005299582158,0.999999198020854),.UNSPECIFIED.);
#12999=VERTEX_POINT('',#17115);
#13000=CIRCLE('',#17116,0.45);
#13001=LINE('',#17117,#17118);
#13002=VERTEX_POINT('',#17119);
#13003=LINE('',#17120,#17121);
#13004=CIRCLE('',#17122,0.45);
#13005=VERTEX_POINT('',#17123);
#13006=CIRCLE('',#17124,0.45);
#13007=LINE('',#17125,#17126);
#13008=VERTEX_POINT('',#17127);
#13009=LINE('',#17128,#17129);
#13010=ELLIPSE('',#17130,0.223396650902936,0.15);
#13011=B_SPLINE_CURVE_WITH_KNOTS('',3,(#17131,#17132,#17133,#17134),.UNSPECIFIED.,.F.,.F.,(4,4),(4.32195022502528E-08,0.000229113266270011),.UNSPECIFIED.);
#13012=B_SPLINE_CURVE_WITH_KNOTS('',3,(#17135,#17136,#17137,#17138),.UNSPECIFIED.,.F.,.F.,(4,4),(5.56862433946143E-06,0.000109127469056502),.UNSPECIFIED.);
#13013=B_SPLINE_CURVE_WITH_KNOTS('',3,(#17139,#17140,#17141,#17142),.UNSPECIFIED.,.F.,.F.,(4,4),(7.63278329429645E-13,0.999999545454678),.UNSPECIFIED.);
#13014=VERTEX_POINT('',#17143);
#13015=LINE('',#17144,#17145);
#13016=VERTEX_POINT('',#17146);
#13017=CIRCLE('',#17147,0.45);
#13018=LINE('',#17148,#17149);
#13019=LINE('',#17150,#17151);
#13020=B_SPLINE_CURVE_WITH_KNOTS('',3,(#17152,#17153,#17154,#17155,#17156,#17157),.UNSPECIFIED.,.F.,.F.,(4,1,1,4),(1.07572941148121E-12,0.3333333333333,0.6666666666667,1.0),.UNSPECIFIED.);
#13021=LINE('',#17158,#17159);
#13022=LINE('',#17160,#17161);
#13023=LINE('',#17162,#17163);
#13024=LINE('',#17164,#17165);
#13025=LINE('',#17166,#17167);
#13026=LINE('',#17168,#17169);
#13027=LINE('',#17170,#17171);
#13028=LINE('',#17172,#17173);
#13029=LINE('',#17174,#17175);
#13030=LINE('',#17176,#17177);
#13031=VERTEX_POINT('',#17178);
#13032=LINE('',#17179,#17180);
#13033=VERTEX_POINT('',#17181);
#13034=LINE('',#17182,#17183);
#13035=LINE('',#17184,#17185);
#13036=VERTEX_POINT('',#17186);
#13037=LINE('',#17187,#17188);
#13038=LINE('',#17189,#17190);
#13039=VERTEX_POINT('',#17191);
#13040=LINE('',#17192,#17193);
#13041=LINE('',#17194,#17195);
#13042=LINE('',#17196,#17197);
#13043=VERTEX_POINT('',#17198);
#13044=LINE('',#17199,#17200);
#13045=VERTEX_POINT('',#17201);
#13046=LINE('',#17202,#17203);
#13047=LINE('',#17204,#17205);
#13048=VERTEX_POINT('',#17206);
#13049=LINE('',#17207,#17208);
#13050=LINE('',#17209,#17210);
#13051=VERTEX_POINT('',#17211);
#13052=LINE('',#17212,#17213);
#13053=LINE('',#17214,#17215);
#13054=LINE('',#17216,#17217);
#13055=VERTEX_POINT('',#17218);
#13056=LINE('',#17219,#17220);
#13057=VERTEX_POINT('',#17221);
#13058=LINE('',#17222,#17223);
#13059=LINE('',#17224,#17225);
#13060=VERTEX_POINT('',#17226);
#13061=LINE('',#17227,#17228);
#13062=LINE('',#17229,#17230);
#13063=VERTEX_POINT('',#17231);
#13064=LINE('',#17232,#17233);
#13065=LINE('',#17234,#17235);
#13066=LINE('',#17236,#17237);
#13067=VERTEX_POINT('',#17238);
#13068=LINE('',#17239,#17240);
#13069=VERTEX_POINT('',#17241);
#13070=LINE('',#17242,#17243);
#13071=LINE('',#17244,#17245);
#13072=VERTEX_POINT('',#17246);
#13073=LINE('',#17247,#17248);
#13074=LINE('',#17249,#17250);
#13075=VERTEX_POINT('',#17251);
#13076=LINE('',#17252,#17253);
#13077=LINE('',#17254,#17255);
#13078=LINE('',#17256,#17257);
#13079=VERTEX_POINT('',#17258);
#13080=LINE('',#17259,#17260);
#13081=VERTEX_POINT('',#17261);
#13082=LINE('',#17262,#17263);
#13083=LINE('',#17264,#17265);
#13084=VERTEX_POINT('',#17266);
#13085=LINE('',#17267,#17268);
#13086=LINE('',#17269,#17270);
#13087=VERTEX_POINT('',#17271);
#13088=LINE('',#17272,#17273);
#13089=LINE('',#17274,#17275);
#13090=LINE('',#17276,#17277);
#13091=VERTEX_POINT('',#17278);
#13092=LINE('',#17279,#17280);
#13093=VERTEX_POINT('',#17281);
#13094=LINE('',#17282,#17283);
#13095=LINE('',#17284,#17285);
#13096=VERTEX_POINT('',#17286);
#13097=LINE('',#17287,#17288);
#13098=LINE('',#17289,#17290);
#13099=VERTEX_POINT('',#17291);
#13100=LINE('',#17292,#17293);
#13101=LINE('',#17294,#17295);
#13102=LINE('',#17296,#17297);
#13103=VERTEX_POINT('',#17298);
#13104=LINE('',#17299,#17300);
#13105=VERTEX_POINT('',#17301);
#13106=LINE('',#17302,#17303);
#13107=LINE('',#17304,#17305);
#13108=VERTEX_POINT('',#17306);
#13109=LINE('',#17307,#17308);
#13110=LINE('',#17309,#17310);
#13111=VERTEX_POINT('',#17311);
#13112=LINE('',#17312,#17313);
#13113=LINE('',#17314,#17315);
#13114=LINE('',#17316,#17317);
#13115=VERTEX_POINT('',#17318);
#13116=LINE('',#17319,#17320);
#13117=VERTEX_POINT('',#17321);
#13118=LINE('',#17322,#17323);
#13119=LINE('',#17324,#17325);
#13120=VERTEX_POINT('',#17326);
#13121=LINE('',#17327,#17328);
#13122=LINE('',#17329,#17330);
#13123=VERTEX_POINT('',#17331);
#13124=LINE('',#17332,#17333);
#13125=LINE('',#17334,#17335);
#13126=LINE('',#17336,#17337);
#13127=VERTEX_POINT('',#17338);
#13128=LINE('',#17339,#17340);
#13129=VERTEX_POINT('',#17341);
#13130=LINE('',#17342,#17343);
#13131=LINE('',#17344,#17345);
#13132=VERTEX_POINT('',#17346);
#13133=LINE('',#17347,#17348);
#13134=LINE('',#17349,#17350);
#13135=VERTEX_POINT('',#17351);
#13136=LINE('',#17352,#17353);
#13137=LINE('',#17354,#17355);
#13138=LINE('',#17356,#17357);
#13139=VERTEX_POINT('',#17358);
#13140=LINE('',#17359,#17360);
#13141=VERTEX_POINT('',#17361);
#13142=LINE('',#17362,#17363);
#13143=LINE('',#17364,#17365);
#13144=VERTEX_POINT('',#17366);
#13145=LINE('',#17367,#17368);
#13146=LINE('',#17369,#17370);
#13147=VERTEX_POINT('',#17371);
#13148=LINE('',#17372,#17373);
#13149=LINE('',#17374,#17375);
#13150=LINE('',#17376,#17377);
#13151=VERTEX_POINT('',#17378);
#13152=LINE('',#17379,#17380);
#13153=VERTEX_POINT('',#17381);
#13154=LINE('',#17382,#17383);
#13155=LINE('',#17384,#17385);
#13156=VERTEX_POINT('',#17386);
#13157=LINE('',#17387,#17388);
#13158=LINE('',#17389,#17390);
#13159=VERTEX_POINT('',#17391);
#13160=LINE('',#17392,#17393);
#13161=LINE('',#17394,#17395);
#13162=LINE('',#17396,#17397);
#13163=VERTEX_POINT('',#17398);
#13164=LINE('',#17399,#17400);
#13165=VERTEX_POINT('',#17401);
#13166=LINE('',#17402,#17403);
#13167=LINE('',#17404,#17405);
#13168=VERTEX_POINT('',#17406);
#13169=LINE('',#17407,#17408);
#13170=LINE('',#17409,#17410);
#13171=VERTEX_POINT('',#17411);
#13172=LINE('',#17412,#17413);
#13173=LINE('',#17414,#17415);
#13174=LINE('',#17416,#17417);
#13175=VERTEX_POINT('',#17418);
#13176=LINE('',#17419,#17420);
#13177=VERTEX_POINT('',#17421);
#13178=LINE('',#17422,#17423);
#13179=LINE('',#17424,#17425);
#13180=VERTEX_POINT('',#17426);
#13181=LINE('',#17427,#17428);
#13182=LINE('',#17429,#17430);
#13183=VERTEX_POINT('',#17431);
#13184=LINE('',#17432,#17433);
#13185=LINE('',#17434,#17435);
#13186=LINE('',#17436,#17437);
#13187=VERTEX_POINT('',#17438);
#13188=LINE('',#17439,#17440);
#13189=VERTEX_POINT('',#17441);
#13190=LINE('',#17442,#17443);
#13191=LINE('',#17444,#17445);
#13192=VERTEX_POINT('',#17446);
#13193=LINE('',#17447,#17448);
#13194=LINE('',#17449,#17450);
#13195=VERTEX_POINT('',#17451);
#13196=LINE('',#17452,#17453);
#13197=LINE('',#17454,#17455);
#13198=LINE('',#17456,#17457);
#13199=VERTEX_POINT('',#17458);
#13200=LINE('',#17459,#17460);
#13201=VERTEX_POINT('',#17461);
#13202=LINE('',#17462,#17463);
#13203=LINE('',#17464,#17465);
#13204=VERTEX_POINT('',#17466);
#13205=LINE('',#17467,#17468);
#13206=LINE('',#17469,#17470);
#13207=VERTEX_POINT('',#17471);
#13208=LINE('',#17472,#17473);
#13209=LINE('',#17474,#17475);
#13210=LINE('',#17476,#17477);
#13211=VERTEX_POINT('',#17478);
#13212=LINE('',#17479,#17480);
#13213=VERTEX_POINT('',#17481);
#13214=LINE('',#17482,#17483);
#13215=LINE('',#17484,#17485);
#13216=VERTEX_POINT('',#17486);
#13217=LINE('',#17487,#17488);
#13218=LINE('',#17489,#17490);
#13219=VERTEX_POINT('',#17491);
#13220=LINE('',#17492,#17493);
#13221=LINE('',#17494,#17495);
#13222=LINE('',#17496,#17497);
#13223=LINE('',#17498,#17499);
#13224=LINE('',#17500,#17501);
#13225=LINE('',#17502,#17503);
#13226=CIRCLE('',#17504,1.28);
#13227=VERTEX_POINT('',#17505);
#13228=CIRCLE('',#17506,0.45);
#13229=VERTEX_POINT('',#17507);
#13230=LINE('',#17508,#17509);
#13231=VERTEX_POINT('',#17510);
#13232=CIRCLE('',#17511,0.05);
#13233=VERTEX_POINT('',#17512);
#13234=LINE('',#17513,#17514);
#13235=VERTEX_POINT('',#17515);
#13236=LINE('',#17516,#17517);
#13237=VERTEX_POINT('',#17518);
#13238=LINE('',#17519,#17520);
#13239=VERTEX_POINT('',#17521);
#13240=CIRCLE('',#17522,0.35);
#13241=VERTEX_POINT('',#17523);
#13242=LINE('',#17524,#17525);
#13243=CIRCLE('',#17526,0.15);
#13244=VERTEX_POINT('',#17527);
#13245=LINE('',#17528,#17529);
#13246=CIRCLE('',#17530,0.15);
#13247=VERTEX_POINT('',#17531);
#13248=CIRCLE('',#17532,0.45);
#13249=VERTEX_POINT('',#17533);
#13250=LINE('',#17534,#17535);
#13251=VERTEX_POINT('',#17536);
#13252=CIRCLE('',#17537,0.05);
#13253=VERTEX_POINT('',#17538);
#13254=LINE('',#17539,#17540);
#13255=VERTEX_POINT('',#17541);
#13256=LINE('',#17542,#17543);
#13257=VERTEX_POINT('',#17544);
#13258=LINE('',#17545,#17546);
#13259=CIRCLE('',#17547,0.35);
#13260=VERTEX_POINT('',#17548);
#13261=VERTEX_POINT('',#17549);
#13262=CIRCLE('',#17550,0.35);
#13263=VERTEX_POINT('',#17551);
#13264=LINE('',#17552,#17553);
#13265=VERTEX_POINT('',#17554);
#13266=LINE('',#17555,#17556);
#13267=VERTEX_POINT('',#17557);
#13268=LINE('',#17558,#17559);
#13269=VERTEX_POINT('',#17560);
#13270=CIRCLE('',#17561,0.05);
#13271=VERTEX_POINT('',#17562);
#13272=LINE('',#17563,#17564);
#13273=CIRCLE('',#17565,0.45);
#13274=LINE('',#17566,#17567);
#13275=LINE('',#17568,#17569);
#13276=VERTEX_POINT('',#17570);
#13277=CIRCLE('',#17571,0.2);
#13278=VERTEX_POINT('',#17572);
#13279=LINE('',#17573,#17574);
#13280=CIRCLE('',#17575,0.2);
#13281=VERTEX_POINT('',#17576);
#13282=LINE('',#17577,#17578);
#13283=CIRCLE('',#17579,0.2);
#13284=VERTEX_POINT('',#17580);
#13285=LINE('',#17581,#17582);
#13286=CIRCLE('',#17583,0.2);
#13287=LINE('',#17584,#17585);
#13288=LINE('',#17586,#17587);
#13289=LINE('',#17588,#17589);
#13290=LINE('',#17590,#17591);
#13291=LINE('',#17592,#17593);
#13292=LINE('',#17594,#17595);
#13293=VERTEX_POINT('',#17596);
#13294=VERTEX_POINT('',#17597);
#13295=LINE('',#17598,#17599);
#13296=CIRCLE('',#17600,0.2);
#13297=CIRCLE('',#17601,0.2);
#13298=VERTEX_POINT('',#17602);
#13299=LINE('',#17603,#17604);
#13300=CIRCLE('',#17605,0.2);
#13301=LINE('',#17606,#17607);
#13302=VERTEX_POINT('',#17608);
#13303=CIRCLE('',#17609,0.2);
#13304=LINE('',#17610,#17611);
#13305=LINE('',#17612,#17613);
#13306=LINE('',#17614,#17615);
#13307=LINE('',#17616,#17617);
#13308=LINE('',#17618,#17619);
#13309=LINE('',#17620,#17621);
#13310=CIRCLE('',#17622,0.9800000000002);
#13311=LINE('',#17623,#17624);
#13312=LINE('',#17625,#17626);
#13313=LINE('',#17627,#17628);
#13314=LINE('',#17629,#17630);
#13315=LINE('',#17631,#17632);
#13316=LINE('',#17633,#17634);
#13317=LINE('',#17635,#17636);
#13318=LINE('',#17637,#17638);
#13319=LINE('',#17639,#17640);
#13320=LINE('',#17641,#17642);
#13321=LINE('',#17643,#17644);
#13322=LINE('',#17645,#17646);
#13323=LINE('',#17647,#17648);
#13324=LINE('',#17649,#17650);
#13325=LINE('',#17651,#17652);
#13326=LINE('',#17653,#17654);
#13327=LINE('',#17655,#17656);
#13328=LINE('',#17657,#17658);
#13329=LINE('',#17659,#17660);
#13330=LINE('',#17661,#17662);
#13331=LINE('',#17663,#17664);
#13332=LINE('',#17665,#17666);
#13333=LINE('',#17667,#17668);
#13334=LINE('',#17669,#17670);
#13335=LINE('',#17671,#17672);
#13336=LINE('',#17673,#17674);
#13337=LINE('',#17675,#17676);
#13338=LINE('',#17677,#17678);
#13339=LINE('',#17679,#17680);
#13340=LINE('',#17681,#17682);
#13341=LINE('',#17683,#17684);
#13342=LINE('',#17685,#17686);
#13343=LINE('',#17687,#17688);
#13344=LINE('',#17689,#17690);
#13345=LINE('',#17691,#17692);
#13346=LINE('',#17693,#17694);
#13347=LINE('',#17695,#17696);
#13348=LINE('',#17697,#17698);
#13349=LINE('',#17699,#17700);
#13350=VERTEX_POINT('',#17701);
#13351=LINE('',#17702,#17703);
#13352=LINE('',#17704,#17705);
#13353=LINE('',#17706,#17707);
#13354=LINE('',#17708,#17709);
#13355=VERTEX_POINT('',#17710);
#13356=CIRCLE('',#17711,0.2);
#13357=LINE('',#17712,#17713);
#13358=VERTEX_POINT('',#17714);
#13359=LINE('',#17715,#17716);
#13360=LINE('',#17717,#17718);
#13361=LINE('',#17719,#17720);
#13362=LINE('',#17721,#17722);
#13363=VERTEX_POINT('',#17723);
#13364=LINE('',#17724,#17725);
#13365=LINE('',#17726,#17727);
#13366=VERTEX_POINT('',#17728);
#13367=LINE('',#17729,#17730);
#13368=VERTEX_POINT('',#17731);
#13369=LINE('',#17732,#17733);
#13370=LINE('',#17734,#17735);
#13371=VERTEX_POINT('',#17736);
#13372=LINE('',#17737,#17738);
#13373=LINE('',#17739,#17740);
#13374=VERTEX_POINT('',#17741);
#13375=LINE('',#17742,#17743);
#13376=LINE('',#17744,#17745);
#13377=LINE('',#17746,#17747);
#13378=VERTEX_POINT('',#17748);
#13379=LINE('',#17749,#17750);
#13380=VERTEX_POINT('',#17751);
#13381=CIRCLE('',#17752,0.15);
#13382=VERTEX_POINT('',#17753);
#13383=LINE('',#17754,#17755);
#13384=CIRCLE('',#17756,0.15);
#13385=VERTEX_POINT('',#17757);
#13386=VERTEX_POINT('',#17758);
#13387=CIRCLE('',#17759,0.15);
#13388=VERTEX_POINT('',#17760);
#13389=LINE('',#17761,#17762);
#13390=VERTEX_POINT('',#17763);
#13391=CIRCLE('',#17764,0.15);
#13392=VERTEX_POINT('',#17765);
#13393=LINE('',#17766,#17767);
#13394=VERTEX_POINT('',#17768);
#13395=CIRCLE('',#17769,0.25000000038);
#13396=LINE('',#17770,#17771);
#13397=VERTEX_POINT('',#17772);
#13398=LINE('',#17773,#17774);
#13399=LINE('',#17775,#17776);
#13400=LINE('',#17777,#17778);
#13401=LINE('',#17779,#17780);
#13402=LINE('',#17781,#17782);
#13403=LINE('',#17783,#17784);
#13404=LINE('',#17785,#17786);
#13405=LINE('',#17787,#17788);
#13406=LINE('',#17789,#17790);
#13407=LINE('',#17791,#17792);
#13408=LINE('',#17793,#17794);
#13409=LINE('',#17795,#17796);
#13410=VERTEX_POINT('',#17797);
#13411=LINE('',#17798,#17799);
#13412=VERTEX_POINT('',#17800);
#13413=LINE('',#17801,#17802);
#13414=LINE('',#17803,#17804);
#13415=LINE('',#17805,#17806);
#13416=LINE('',#17807,#17808);
#13417=LINE('',#17809,#17810);
#13418=VERTEX_POINT('',#17811);
#13419=ELLIPSE('',#17812,0.274103219000446,0.27);
#13420=LINE('',#17813,#17814);
#13421=CIRCLE('',#17815,0.27);
#13422=VERTEX_POINT('',#17816);
#13423=ELLIPSE('',#17817,0.274103219000446,0.27);
#13424=CIRCLE('',#17818,0.27);
#13425=LINE('',#17819,#17820);
#13426=LINE('',#17821,#17822);
#13427=LINE('',#17823,#17824);
#13428=VERTEX_POINT('',#17825);
#13429=ELLIPSE('',#17826,0.274103219000446,0.27);
#13430=LINE('',#17827,#17828);
#13431=CIRCLE('',#17829,0.27);
#13432=VERTEX_POINT('',#17830);
#13433=ELLIPSE('',#17831,0.274103219000446,0.27);
#13434=CIRCLE('',#17832,0.27);
#13435=LINE('',#17833,#17834);
#13436=LINE('',#17835,#17836);
#13437=LINE('',#17837,#17838);
#13438=VERTEX_POINT('',#17839);
#13439=ELLIPSE('',#17840,0.274103219000446,0.27);
#13440=LINE('',#17841,#17842);
#13441=CIRCLE('',#17843,0.27);
#13442=VERTEX_POINT('',#17844);
#13443=ELLIPSE('',#17845,0.274103219000446,0.27);
#13444=CIRCLE('',#17846,0.27);
#13445=LINE('',#17847,#17848);
#13446=LINE('',#17849,#17850);
#13447=LINE('',#17851,#17852);
#13448=VERTEX_POINT('',#17853);
#13449=ELLIPSE('',#17854,0.274103219000446,0.27);
#13450=LINE('',#17855,#17856);
#13451=CIRCLE('',#17857,0.27);
#13452=VERTEX_POINT('',#17858);
#13453=ELLIPSE('',#17859,0.274103219000446,0.27);
#13454=CIRCLE('',#17860,0.27);
#13455=LINE('',#17861,#17862);
#13456=LINE('',#17863,#17864);
#13457=LINE('',#17865,#17866);
#13458=VERTEX_POINT('',#17867);
#13459=ELLIPSE('',#17868,0.274103219000446,0.27);
#13460=LINE('',#17869,#17870);
#13461=CIRCLE('',#17871,0.27);
#13462=VERTEX_POINT('',#17872);
#13463=ELLIPSE('',#17873,0.274103219000446,0.27);
#13464=CIRCLE('',#17874,0.27);
#13465=LINE('',#17875,#17876);
#13466=LINE('',#17877,#17878);
#13467=LINE('',#17879,#17880);
#13468=VERTEX_POINT('',#17881);
#13469=ELLIPSE('',#17882,0.274103219000446,0.27);
#13470=LINE('',#17883,#17884);
#13471=CIRCLE('',#17885,0.27);
#13472=VERTEX_POINT('',#17886);
#13473=ELLIPSE('',#17887,0.274103219000446,0.27);
#13474=CIRCLE('',#17888,0.27);
#13475=LINE('',#17889,#17890);
#13476=LINE('',#17891,#17892);
#13477=LINE('',#17893,#17894);
#13478=LINE('',#17895,#17896);
#13479=CARTESIAN_POINT('',(-3.0951056161268,-0.0706993092565117,-1.65046685312053));
#13480=CARTESIAN_POINT('',(-3.0951056161268,0.0793006907446101,-1.65046685312054));
#13481=CARTESIAN_POINT('',(-3.09510559934194,0.00430069068360648,-1.650554152655));
#13482=VECTOR('',#17897,1000.0);
#13483=CARTESIAN_POINT('',(-3.34511616430744,-0.070699309076871,-1.40055415249904));
#13484=AXIS2_PLACEMENT_3D('',#17898,#17899,#17900);
#13485=CARTESIAN_POINT('',(-3.34511616430744,0.0793006909276179,-1.40055415249904));
#13486=CARTESIAN_POINT('',(-3.34511616430744,0.0793006907063972,-1.40055415249904));
#13487=VECTOR('',#17901,1000.0);
#13488=AXIS2_PLACEMENT_3D('',#17902,#17903,#17904);
#13489=CARTESIAN_POINT('',(-1.10941246394901,1.42930492829679,-6.42999666904811));
#13490=CARTESIAN_POINT('',(-1.10958784530694,1.35018078889988,-6.35088009950321));
#13491=CARTESIAN_POINT('',(-1.10960534824101,1.24163125474792,-6.24233056385819));
#13492=VECTOR('',#17905,1000.0);
#13493=CARTESIAN_POINT('',(-1.31268590113239,1.35018078889988,-6.429999999998));
#13494=CARTESIAN_POINT('',(-1.1095696733951,1.35018078889988,-6.35088009801016));
#13495=CARTESIAN_POINT('',(-1.18314864767189,1.35018078889988,-6.35088009801016));
#13496=CARTESIAN_POINT('',(-1.25203090771345,1.35018078889988,-6.38897385045482));
#13497=CARTESIAN_POINT('',(-1.31268590113277,1.35018078889988,-6.42999999999749));
#13498=AXIS2_PLACEMENT_3D('',#17906,#17907,#17908);
#13499=CARTESIAN_POINT('',(0.69988383569556,-1.32069930911227,-5.124999999998));
#13500=CARTESIAN_POINT('',(0.69988383569556,-1.58069930911227,-5.124999999998));
#13501=CARTESIAN_POINT('',(0.69988383569556,-1.44980184899127,-5.124999999998));
#13502=VECTOR('',#17909,1.0);
#13503=CARTESIAN_POINT('',(0.549883835692461,-1.32069930911227,-5.298205080756));
#13504=AXIS2_PLACEMENT_3D('',#17910,#17911,#17912);
#13505=CARTESIAN_POINT('',(0.524883835702081,-1.32069930911227,-5.299102540377));
#13506=CARTESIAN_POINT('',(-0.55211616430754,-1.32069930911227,-5.298205080756));
#13507=VECTOR('',#17913,1000.0);
#13508=CARTESIAN_POINT('',(0.52488383570196,-1.58069930911227,-5.299999999998));
#13509=CARTESIAN_POINT('',(0.52488383570206,-1.28069930911227,-5.299999999998));
#13510=VECTOR('',#17914,1000.0);
#13511=AXIS2_PLACEMENT_3D('',#17915,#17916,#17917);
#13512=CARTESIAN_POINT('',(-3.19011561045501,1.34139471839469,-6.41209398663245));
#13513=CARTESIAN_POINT('',(-3.19011615845554,1.42930069070773,-6.499999999908));
#13514=CARTESIAN_POINT('',(-3.19011616430511,0.826800074933018,-5.89749938404429));
#13515=VECTOR('',#17918,1000.0);
#13516=CARTESIAN_POINT('',(-4.23659130647882,0.299300675518808,-6.41647514217338));
#13517=CARTESIAN_POINT('',(-4.23659130786697,0.299300664492477,-6.41647506181416));
#13518=CARTESIAN_POINT('',(-4.20363760138908,0.561057524930047,-6.38352163171197));
#13519=CARTESIAN_POINT('',(-3.95735363509043,1.06487875573134,-6.34269507032325));
#13520=CARTESIAN_POINT('',(-3.45217974686731,1.30951887600321,-6.38021810122452));
#13521=CARTESIAN_POINT('',(-3.19011503401983,1.34139478850895,-6.41209401587257));
#13522=CARTESIAN_POINT('',(-4.32011616389657,0.299300678878914,-6.49999999979425));
#13523=CARTESIAN_POINT('',(-4.17011616417144,0.299300682880927,-6.349999999866));
#13524=VECTOR('',#17919,1000.0);
#13525=AXIS2_PLACEMENT_3D('',#17920,#17921,#17922);
#13526=CARTESIAN_POINT('',(3.18988383569556,-1.38069930911227,-5.319999999998));
#13527=CARTESIAN_POINT('',(3.18988383569556,-1.29157940712442,-5.23088018328751));
#13528=CARTESIAN_POINT('',(3.18988383569556,-1.33069930911227,-5.26999999999801));
#13529=VECTOR('',#17923,1.0);
#13530=CARTESIAN_POINT('',(2.76028328708857,-1.29157940712442,-5.319999999998));
#13531=AXIS2_PLACEMENT_3D('',#17924,#17925,#17926);
#13532=CARTESIAN_POINT('',(3.61948454298651,-1.29157940712442,-5.31999995412407));
#13533=CARTESIAN_POINT('',(3.34607000428204,-1.29157940712442,-5.21124179088569));
#13534=CARTESIAN_POINT('',(3.03378555221457,-1.29157940712442,-5.21120685499925));
#13535=CARTESIAN_POINT('',(2.76028323552382,-1.29157940712442,-5.31999991151442));
#13536=CARTESIAN_POINT('',(4.24226175302598,-0.232346092383758,-5.29460795015867));
#13537=CARTESIAN_POINT('',(4.14488383569261,-0.622480389896654,-5.24775401843964));
#13538=CARTESIAN_POINT('',(4.24226188587984,-0.232344356613116,-5.29459558454903));
#13539=CARTESIAN_POINT('',(4.23199461562063,-0.366490220235733,-5.27565511132257));
#13540=CARTESIAN_POINT('',(4.19892894937017,-0.499084873932158,-5.25956911961562));
#13541=CARTESIAN_POINT('',(4.14488383569254,-0.622480389896816,-5.24775401843963));
#13542=CARTESIAN_POINT('',(4.14488383569256,-0.62248038989676,-5.319999999998));
#13543=CARTESIAN_POINT('',(4.14488383569256,-0.62248038989676,-5.119999999998));
#13544=VECTOR('',#17927,1000.0);
#13545=CARTESIAN_POINT('',(4.24537478416851,-0.171268778015132,-5.31999999999772));
#13546=AXIS2_PLACEMENT_3D('',#17928,#17929,#17930);
#13547=CARTESIAN_POINT('',(4.24226175302598,-0.232346092383737,-5.29460795015855));
#13548=CARTESIAN_POINT('',(4.24395015011616,-0.210286950542519,-5.29833405302375));
#13549=CARTESIAN_POINT('',(4.24490863410684,-0.18957491645162,-5.30705240504223));
#13550=CARTESIAN_POINT('',(4.24537478416851,-0.171268778015098,-5.31999999999767));
#13551=CARTESIAN_POINT('',(4.14488383569256,-0.805055334163754,-5.319999999998));
#13552=CARTESIAN_POINT('',(4.14488383569256,-0.622480389896662,-5.24775401843961));
#13553=CARTESIAN_POINT('',(4.14488383569256,-0.684610358400545,-5.26759239708105));
#13554=CARTESIAN_POINT('',(4.14488383569256,-0.745411742136697,-5.29214661175883));
#13555=CARTESIAN_POINT('',(4.14488383569256,-0.805055380568199,-5.31999991267382));
#13556=CARTESIAN_POINT('',(4.25248394234796,-0.23168210662416,-5.30484472818826));
#13557=CARTESIAN_POINT('',(4.24226803751361,-0.23234556671756,-5.2946016448008));
#13558=CARTESIAN_POINT('',(4.24567428233577,-0.232124330165397,-5.29801505930869));
#13559=CARTESIAN_POINT('',(4.24908052716016,-0.231903093647495,-5.30142847381657));
#13560=CARTESIAN_POINT('',(4.25248677198677,-0.231681857163851,-5.30484188832446));
#13561=CARTESIAN_POINT('',(4.26761176366656,-0.230699485264572,-5.320001175113));
#13562=CARTESIAN_POINT('',(4.25248677748071,-0.231681872988016,-5.30484189278119));
#13563=CARTESIAN_POINT('',(4.25756051170567,-0.232261270184739,-5.30986739411935));
#13564=CARTESIAN_POINT('',(4.26268307884235,-0.231923591980913,-5.3150010650886));
#13565=CARTESIAN_POINT('',(4.26761292546898,-0.230698988281903,-5.31999990760501));
#13566=AXIS2_PLACEMENT_3D('',#17931,#17932,#17933);
#13567=CARTESIAN_POINT('',(3.61948452130734,-1.29157940712442,-5.319999999998));
#13568=CARTESIAN_POINT('',(3.61948454298651,-1.29157940712442,-5.31999995412407));
#13569=CARTESIAN_POINT('',(3.34607000428204,-1.29157940712442,-5.21124179088569));
#13570=CARTESIAN_POINT('',(3.03378555221457,-1.29157940712442,-5.21120685499925));
#13571=CARTESIAN_POINT('',(2.76028323552382,-1.29157940712442,-5.31999991151442));
#13572=AXIS2_PLACEMENT_3D('',#17934,#17935,#17936);
#13573=CARTESIAN_POINT('',(4.22325097087827,-0.140699309112519,-5.31999999998585));
#13574=CARTESIAN_POINT('',(4.24537478416852,-0.171268778015123,-5.31999999999785));
#13575=CARTESIAN_POINT('',(4.23871249203873,-0.160563438589675,-5.31999999999785));
#13576=CARTESIAN_POINT('',(4.23121736085819,-0.150460843550439,-5.319999999998));
#13577=CARTESIAN_POINT('',(4.22325097088659,-0.140699309110396,-5.319999999998));
#13578=CARTESIAN_POINT('',(4.14488383569024,0.149300690321679,-5.3200000003922));
#13579=CARTESIAN_POINT('',(4.14488383569256,-0.805055334163873,-5.319999999998));
#13580=VECTOR('',#17937,1000.0);
#13581=CARTESIAN_POINT('',(4.16988383569556,0.149300690321679,-5.3200000001951));
#13582=CARTESIAN_POINT('',(4.14488383568956,0.149300690074295,-5.3200000003922));
#13583=VECTOR('',#17938,1000.0);
#13584=CARTESIAN_POINT('',(4.16988656674476,-0.0843073550968977,-5.31999813772238));
#13585=CARTESIAN_POINT('',(4.16988383569556,0.299300693714859,-5.32000000059609));
#13586=VECTOR('',#17939,1000.0);
#13587=CARTESIAN_POINT('',(4.16988636555327,-0.0843075665865895,-5.319999999998));
#13588=CARTESIAN_POINT('',(4.18865986885139,-0.102166861419863,-5.319999999998));
#13589=CARTESIAN_POINT('',(4.20691322706657,-0.120680021887701,-5.31999999999892));
#13590=CARTESIAN_POINT('',(4.22325097088194,-0.140699309104079,-5.31999999999892));
#13591=CARTESIAN_POINT('',(-4.14511616430552,0.149300690074295,-5.3200000003922));
#13592=CARTESIAN_POINT('',(-4.14511616430744,-1.15297567273772,-5.31999999999802));
#13593=CARTESIAN_POINT('',(-4.14511616430744,-0.140699309112472,-5.319999999998));
#13594=VECTOR('',#17940,1000.0);
#13595=CARTESIAN_POINT('',(-4.47011616430444,-0.300699309112472,-5.319999999998));
#13596=AXIS2_PLACEMENT_3D('',#17941,#17942,#17943);
#13597=CARTESIAN_POINT('',(-4.47011616430444,-0.230699309112491,-5.31999999999802));
#13598=CARTESIAN_POINT('',(-4.47011616430444,-0.230699309112472,-5.319999999998));
#13599=VECTOR('',#17944,1000.0);
#13600=CARTESIAN_POINT('',(-4.26783580279685,-0.230699309112472,-5.319999999998));
#13601=CARTESIAN_POINT('',(20.8134278356956,-0.230699309112472,-5.319999999998));
#13602=VECTOR('',#17945,1000.0);
#13603=CARTESIAN_POINT('',(-4.17011616428301,-0.0843051599126284,-5.31999999999837));
#13604=CARTESIAN_POINT('',(-4.17011616428302,-0.0843051599126124,-5.31999999999818));
#13605=CARTESIAN_POINT('',(-4.21350102581435,-0.125577043972005,-5.31999999999818));
#13606=CARTESIAN_POINT('',(-4.26133975164633,-0.170493290711666,-5.319999999998));
#13607=CARTESIAN_POINT('',(-4.26783580279684,-0.230699309112476,-5.319999999998));
#13608=CARTESIAN_POINT('',(-4.17011616430444,0.149300690074295,-5.3200000003922));
#13609=CARTESIAN_POINT('',(-4.17011616430444,0.29930068780183,-5.32000000059609));
#13610=VECTOR('',#17946,1000.0);
#13611=CARTESIAN_POINT('',(-4.14511616430744,0.149300690074295,-5.3200000003922));
#13612=VECTOR('',#17947,1000.0);
#13613=CARTESIAN_POINT('',(-4.00039798648967,-1.29157940712442,-5.319999999998));
#13614=CARTESIAN_POINT('',(-2.71438023301644,-1.29157940712442,-5.319999999998));
#13615=CARTESIAN_POINT('',(1.47238383570056,-1.29157940712442,-5.319999999998));
#13616=VECTOR('',#17948,1000.0);
#13617=CARTESIAN_POINT('',(-2.71438023301644,-1.58069930911227,-5.319999999998));
#13618=CARTESIAN_POINT('',(-2.71438023301644,-1.28069930911227,-5.319999999998));
#13619=VECTOR('',#17949,1000.0);
#13620=CARTESIAN_POINT('',(-3.19011616430444,-1.58069930911227,-5.319999999998));
#13621=CARTESIAN_POINT('',(-3.19011616430444,-1.58069930911227,-5.319999999998));
#13622=VECTOR('',#17950,1000.0);
#13623=AXIS2_PLACEMENT_3D('',#17951,#17952,#17953);
#13624=CARTESIAN_POINT('',(3.04488383503312,1.30018078889988,-6.37088009801116));
#13625=CARTESIAN_POINT('',(3.04488383569256,1.30018078889968,-6.499999999998));
#13626=CARTESIAN_POINT('',(3.04488383503312,1.30018078889988,-4.599999999998));
#13627=VECTOR('',#17954,1000.0);
#13628=CARTESIAN_POINT('',(3.04488383503312,1.35018078889968,-6.42088009801096));
#13629=CARTESIAN_POINT('',(3.04488383503312,0.414740739893304,-5.48544004900458));
#13630=VECTOR('',#17955,1000.0);
#13631=CARTESIAN_POINT('',(3.04488383503312,1.35018078889968,-6.499999999998));
#13632=CARTESIAN_POINT('',(3.04488383503312,1.35018078889968,-14.777859999998));
#13633=VECTOR('',#17956,1000.0);
#13634=CARTESIAN_POINT('',(3.04488383503312,1.30018078889988,-6.499999999998));
#13635=VECTOR('',#17957,1000.0);
#13636=CARTESIAN_POINT('',(-2.94510931444031,-0.640699309112473,-3.23599999999801));
#13637=CARTESIAN_POINT('',(-2.94511616430605,-0.640699309163125,-4.599999999998));
#13638=CARTESIAN_POINT('',(-2.94511616430744,-0.640699309165174,-3.19999999999801));
#13639=VECTOR('',#17958,1000.0);
#13640=CARTESIAN_POINT('',(2.94488383569256,-0.64069930914344,-4.599999999998));
#13641=CARTESIAN_POINT('',(-0.000116164307498491,-0.640699309112473,-4.599999999998));
#13642=VECTOR('',#17959,1000.0);
#13643=CARTESIAN_POINT('',(2.94489068624152,-0.640699309112473,-3.23599999999801));
#13644=CARTESIAN_POINT('',(2.94488383569256,-0.640699309132374,-4.599999999998));
#13645=VECTOR('',#17960,1000.0);
#13646=CARTESIAN_POINT('',(-0.000105618804476724,-0.640699309112473,-3.23599999999801));
#13647=VECTOR('',#17961,1000.0);
#13648=CARTESIAN_POINT('',(-4.17011616430444,0.149300689922586,-4.599999999998));
#13649=CARTESIAN_POINT('',(-4.17011616430444,-0.140699308133774,-4.599994999998));
#13650=CARTESIAN_POINT('',(-4.17011616430444,0.151300691052993,-4.59999500039492));
#13651=VECTOR('',#17962,1000.0);
#13652=CARTESIAN_POINT('',(-4.17011616420979,0.299300685196869,-4.599999999998));
#13653=CARTESIAN_POINT('',(-4.17011616430444,0.299300690887428,-4.599999999998));
#13654=VECTOR('',#17963,1000.0);
#13655=CARTESIAN_POINT('',(-4.17011616430437,0.299300690887438,-0.300000000000005));
#13656=CARTESIAN_POINT('',(-4.17011616417144,0.299300682880927,-6.349999999866));
#13657=VECTOR('',#17964,1000.0);
#13658=CARTESIAN_POINT('',(-4.17011616430449,-0.300699309112279,-0.300000000000005));
#13659=CARTESIAN_POINT('',(-4.17011616430444,0.299300690887428,-0.300000000000005));
#13660=VECTOR('',#17965,1000.0);
#13661=CARTESIAN_POINT('',(-4.1701161643045,-0.300699309112272,-1.149999999998));
#13662=CARTESIAN_POINT('',(-4.17011616430444,-0.300699309112272,-1.149999999998));
#13663=VECTOR('',#17966,1000.0);
#13664=CARTESIAN_POINT('',(-4.17011616430444,-0.150699309112473,-1.149999999998));
#13665=CARTESIAN_POINT('',(-4.17011616430444,-0.300699309112272,-1.149999999998));
#13666=VECTOR('',#17967,1000.0);
#13667=CARTESIAN_POINT('',(-4.17011616430444,-0.000699309112481166,-1.299999999998));
#13668=AXIS2_PLACEMENT_3D('',#17968,#17969,#17970);
#13669=CARTESIAN_POINT('',(-4.17011616430444,-0.000699309112481166,-1.349999999998));
#13670=CARTESIAN_POINT('',(-4.17011616430444,-0.000699309112485496,-1.299999999998));
#13671=VECTOR('',#17971,1000.0);
#13672=CARTESIAN_POINT('',(-4.17011616430444,-0.150699309112473,-1.499999999998));
#13673=AXIS2_PLACEMENT_3D('',#17972,#17973,#17974);
#13674=CARTESIAN_POINT('',(-4.17011616430444,-0.330699309112472,-1.499999999998));
#13675=CARTESIAN_POINT('',(-4.17011616430444,-0.150699309112473,-1.499999999998));
#13676=VECTOR('',#17975,1000.0);
#13677=CARTESIAN_POINT('',(-4.17011616430444,-0.330699309112472,-2.69999999999801));
#13678=CARTESIAN_POINT('',(-4.17011616430444,-0.330699309112472,-1.499999999998));
#13679=VECTOR('',#17976,1000.0);
#13680=CARTESIAN_POINT('',(-4.17011616430444,-0.150699309112473,-2.69999999999801));
#13681=CARTESIAN_POINT('',(-4.17011616430444,-0.330699309112472,-2.69999999999801));
#13682=VECTOR('',#17977,1000.0);
#13683=CARTESIAN_POINT('',(-4.17011616430444,-0.000699309112481166,-2.84999999999801));
#13684=AXIS2_PLACEMENT_3D('',#17978,#17979,#17980);
#13685=CARTESIAN_POINT('',(-4.17011616430444,-0.000699309112485496,-2.899999999998));
#13686=CARTESIAN_POINT('',(-4.17011616430444,-0.000699309112485496,-2.84999999999801));
#13687=VECTOR('',#17981,1000.0);
#13688=CARTESIAN_POINT('',(-4.17011616430444,-0.150699309112473,-3.049999999998));
#13689=AXIS2_PLACEMENT_3D('',#17982,#17983,#17984);
#13690=CARTESIAN_POINT('',(-4.17011616430444,-0.300699309112172,-3.049999999998));
#13691=CARTESIAN_POINT('',(-4.17011616430444,-0.300699309112272,-3.049999999998));
#13692=VECTOR('',#17985,1000.0);
#13693=CARTESIAN_POINT('',(-4.17011616430444,-0.300699309112265,-4.599999999998));
#13694=CARTESIAN_POINT('',(-4.17011616430444,-0.300699309112272,-5.219999999998));
#13695=VECTOR('',#17986,1000.0);
#13696=CARTESIAN_POINT('',(-4.17011616430444,0.299300690887428,-4.599999999998));
#13697=VECTOR('',#17987,1000.0);
#13698=CARTESIAN_POINT('',(4.16988383551289,0.299300679054097,-4.599999999998));
#13699=CARTESIAN_POINT('',(4.16988383569556,0.299300690887625,-0.300000000000005));
#13700=CARTESIAN_POINT('',(4.16988383543856,0.299300674238127,-6.349999999741));
#13701=VECTOR('',#17988,1000.0);
#13702=CARTESIAN_POINT('',(4.16988383569556,-0.30069930911229,-4.599999999998));
#13703=CARTESIAN_POINT('',(4.16988383569556,0.299300690887528,-4.599999999998));
#13704=VECTOR('',#17989,1000.0);
#13705=CARTESIAN_POINT('',(4.16988383569556,-0.300699309112172,-3.049999999998));
#13706=CARTESIAN_POINT('',(4.16988383569556,-0.300699309112272,-3.049999999998));
#13707=VECTOR('',#17990,1000.0);
#13708=CARTESIAN_POINT('',(4.16988383569556,-0.150699309112473,-3.049999999998));
#13709=CARTESIAN_POINT('',(4.16988383569556,-0.300699309112272,-3.049999999998));
#13710=VECTOR('',#17991,1000.0);
#13711=CARTESIAN_POINT('',(4.16988383569556,-0.000699309112484496,-2.899999999998));
#13712=AXIS2_PLACEMENT_3D('',#17992,#17993,#17994);
#13713=CARTESIAN_POINT('',(4.16988383569556,-0.000699309112484496,-2.84999999999801));
#13714=CARTESIAN_POINT('',(4.16988383569556,-0.000699309112484496,-2.899999999998));
#13715=VECTOR('',#17995,1000.0);
#13716=CARTESIAN_POINT('',(4.16988383569556,-0.150699309112473,-2.69999999999801));
#13717=AXIS2_PLACEMENT_3D('',#17996,#17997,#17998);
#13718=CARTESIAN_POINT('',(4.16988383569556,-0.330699309112472,-2.69999999999801));
#13719=CARTESIAN_POINT('',(4.16988383569556,-0.330699309112472,-2.69999999999801));
#13720=VECTOR('',#17999,1000.0);
#13721=CARTESIAN_POINT('',(4.16988383569556,-0.330699309112472,-1.499999999998));
#13722=CARTESIAN_POINT('',(4.16988383569556,-0.330699309112472,-1.499999999998));
#13723=VECTOR('',#18000,1000.0);
#13724=CARTESIAN_POINT('',(4.16988383569556,-0.150699309112473,-1.499999999998));
#13725=CARTESIAN_POINT('',(4.16988383569556,-0.150699309112473,-1.499999999998));
#13726=VECTOR('',#18001,1000.0);
#13727=CARTESIAN_POINT('',(4.16988383569556,-0.000699309112480496,-1.349999999998));
#13728=AXIS2_PLACEMENT_3D('',#18002,#18003,#18004);
#13729=CARTESIAN_POINT('',(4.16988383569556,-0.000699309112480496,-1.299999999998));
#13730=CARTESIAN_POINT('',(4.16988383569556,-0.000699309112484496,-1.349999999998));
#13731=VECTOR('',#18005,1000.0);
#13732=CARTESIAN_POINT('',(4.16988383569556,-0.150699309112473,-1.149999999998));
#13733=AXIS2_PLACEMENT_3D('',#18006,#18007,#18008);
#13734=CARTESIAN_POINT('',(4.16988383569556,-0.300699309112272,-1.149999999998));
#13735=CARTESIAN_POINT('',(4.16988383569556,-0.300699309112272,-1.149999999998));
#13736=VECTOR('',#18009,1000.0);
#13737=CARTESIAN_POINT('',(4.1698838356956,-0.300699309112272,-0.300000000000005));
#13738=CARTESIAN_POINT('',(4.16988383569556,-0.300699309112272,-0.300000000000005));
#13739=VECTOR('',#18010,1000.0);
#13740=CARTESIAN_POINT('',(4.16988383569556,0.299300690887628,-0.300000000000005));
#13741=VECTOR('',#18011,1000.0);
#13742=CARTESIAN_POINT('',(4.16988383569556,-0.0806993091126028,-5.32594524623908));
#13743=CARTESIAN_POINT('',(4.16988383569556,-0.080699309112723,-5.32594524623915));
#13744=CARTESIAN_POINT('',(4.16988383569556,-0.0818798787463237,-5.32393614757513));
#13745=CARTESIAN_POINT('',(4.16988383569556,-0.0830815623644762,-5.32195315421551));
#13746=CARTESIAN_POINT('',(4.16988383569556,-0.0843043599671804,-5.31999626616032));
#13747=CARTESIAN_POINT('',(4.1698838355282,0.149300690363712,-6.34999999983064));
#13748=CARTESIAN_POINT('',(4.16988383569556,0.149300690885783,-7.40000000003869));
#13749=VECTOR('',#18012,1000.0);
#13750=CARTESIAN_POINT('',(4.16988383569556,-0.130699309246925,-6.34999999999798));
#13751=CARTESIAN_POINT('',(4.16988383543856,0.299300674238127,-6.349999999741));
#13752=VECTOR('',#18013,1000.0);
#13753=CARTESIAN_POINT('',(4.16988383569556,-0.130699309112472,-5.661803398873));
#13754=CARTESIAN_POINT('',(4.16988383569556,-0.130699309112472,-5.661803398873));
#13755=VECTOR('',#18014,1000.0);
#13756=CARTESIAN_POINT('',(4.16988383569556,-0.0806993091124792,-5.549999999998));
#13757=AXIS2_PLACEMENT_3D('',#18015,#18016,#18017);
#13758=CARTESIAN_POINT('',(4.16988383569556,-0.0806993091124825,-5.549999999998));
#13759=VECTOR('',#18018,1000.0);
#13760=CARTESIAN_POINT('',(4.22139018445088,-0.0806968504876415,-5.46999999850379));
#13761=CARTESIAN_POINT('',(4.22138915199156,-0.0806971932331625,-5.46999999909901));
#13762=CARTESIAN_POINT('',(4.22138442907956,-0.0806971932331625,-5.46181365578));
#13763=CARTESIAN_POINT('',(4.22023358365456,-0.0807002911234625,-5.444933376061));
#13764=CARTESIAN_POINT('',(4.21475901056856,-0.0806990458930525,-5.418684496346));
#13765=CARTESIAN_POINT('',(4.20463174892656,-0.0806993799792625,-5.38971912629901));
#13766=CARTESIAN_POINT('',(4.18964198060356,-0.0806992888648325,-5.358657691397));
#13767=CARTESIAN_POINT('',(4.17691551824556,-0.0806993091124825,-5.337051135907));
#13768=CARTESIAN_POINT('',(4.16988383569556,-0.0806993091124825,-5.325945246239));
#13769=CARTESIAN_POINT('',(4.26760358836629,-0.230700367342659,-5.32000000000177));
#13770=CARTESIAN_POINT('',(4.25891314551364,-0.150154524034129,-5.31999943176148));
#13771=CARTESIAN_POINT('',(4.22135411840321,-0.0806993132574722,-5.3889211834044));
#13772=CARTESIAN_POINT('',(4.22140088277561,-0.0806993091130268,-5.46999999233056));
#13773=CARTESIAN_POINT('',(4.14488383569256,0.149300690887527,-6.499999999998));
#13774=CARTESIAN_POINT('',(4.14488383569256,0.149300690887527,-6.499999999998));
#13775=VECTOR('',#18019,1000.0);
#13776=CARTESIAN_POINT('',(4.14488383569256,-1.15297567274444,-5.319999999998));
#13777=CARTESIAN_POINT('',(4.14488383569256,-1.15297567274427,-5.319999999998));
#13778=VECTOR('',#18020,1000.0);
#13779=CARTESIAN_POINT('',(4.14488383569256,-1.29157940712442,-5.31999999999801));
#13780=CARTESIAN_POINT('',(4.14488383569256,-1.24069930911227,-5.319999999998));
#13781=VECTOR('',#18021,1000.0);
#13782=CARTESIAN_POINT('',(4.14488383569256,-1.29157940712442,-6.499999999998));
#13783=CARTESIAN_POINT('',(4.14488383569256,-1.29157940712442,-4.599999999998));
#13784=VECTOR('',#18022,1000.0);
#13785=CARTESIAN_POINT('',(4.14488383569256,0.149300690887527,-6.499999999998));
#13786=VECTOR('',#18023,1000.0);
#13787=CARTESIAN_POINT('',(3.18988328184613,1.34139471839396,-6.41209398663162));
#13788=AXIS2_PLACEMENT_3D('',#18024,#18025,#18026);
#13789=CARTESIAN_POINT('',(2.61330729159005,1.30018078889988,-6.37088009801116));
#13790=CARTESIAN_POINT('',(-4.14511616430744,1.30018078889988,-6.37088009801116));
#13791=VECTOR('',#18027,1000.0);
#13792=CARTESIAN_POINT('',(2.85988376387594,1.42930069088727,-6.49999999999803));
#13793=AXIS2_PLACEMENT_3D('',#18028,#18029,#18030);
#13794=CARTESIAN_POINT('',(3.18988383044411,1.42930069057473,-6.4999999998415));
#13795=CARTESIAN_POINT('',(3.18988382412056,1.42930069057473,-6.499999999685));
#13796=VECTOR('',#18031,1000.0);
#13797=CARTESIAN_POINT('',(3.18988383569623,0.826800074862119,-5.89749938397339));
#13798=VECTOR('',#18032,1000.0);
#13799=CARTESIAN_POINT('',(-2.65710881886664,1.35018078889988,-6.42088009801116));
#13800=CARTESIAN_POINT('',(-3.04511616430744,1.35018078889988,-6.42088009801116));
#13801=CARTESIAN_POINT('',(-4.14511616430744,1.35018078889988,-6.42088009801116));
#13802=VECTOR('',#18033,1000.0);
#13803=AXIS2_PLACEMENT_3D('',#18034,#18035,#18036);
#13804=CARTESIAN_POINT('',(-2.86011609238768,1.4293006908873,-6.49999999999804));
#13805=CARTESIAN_POINT('',(-3.19011615198944,1.42930069070773,-6.499999999818));
#13806=VECTOR('',#18037,1000.0);
#13807=AXIS2_PLACEMENT_3D('',#18038,#18039,#18040);
#13808=CARTESIAN_POINT('',(2.02642417475193,-1.29157940712449,-5.099999999998));
#13809=CARTESIAN_POINT('',(1.52334349663932,-1.29157940712434,-5.09999999999801));
#13810=CARTESIAN_POINT('',(1.77488383569556,-1.29157940712442,-5.09999999999801));
#13811=VECTOR('',#18041,1000.0);
#13812=CARTESIAN_POINT('',(2.02642417475245,-1.29157940712455,-4.599999999998));
#13813=CARTESIAN_POINT('',(2.02642417475273,-1.29157940712442,-5.09999999999801));
#13814=VECTOR('',#18042,1000.0);
#13815=CARTESIAN_POINT('',(1.52334349663946,-1.2915794071244,-4.599999999998));
#13816=CARTESIAN_POINT('',(4.14488383569256,-1.29157940712442,-4.599999999998));
#13817=VECTOR('',#18043,1000.0);
#13818=CARTESIAN_POINT('',(1.52334349663951,-1.29157940712442,-5.09999999999801));
#13819=VECTOR('',#18044,1000.0);
#13820=CARTESIAN_POINT('',(-1.52257582524807,-1.29157940712449,-5.099999999998));
#13821=CARTESIAN_POINT('',(-2.02565650336069,-1.29157940712434,-5.09999999999801));
#13822=CARTESIAN_POINT('',(1.77488383569556,-1.29157940712442,-5.09999999999801));
#13823=VECTOR('',#18045,1000.0);
#13824=CARTESIAN_POINT('',(-1.52257582524754,-1.29157940712455,-4.599999999998));
#13825=CARTESIAN_POINT('',(-1.52257582524727,-1.29157940712442,-5.09999999999801));
#13826=VECTOR('',#18046,1000.0);
#13827=CARTESIAN_POINT('',(-2.02565650336055,-1.2915794071244,-4.599999999998));
#13828=CARTESIAN_POINT('',(4.14488383569256,-1.29157940712442,-4.599999999998));
#13829=VECTOR('',#18047,1000.0);
#13830=CARTESIAN_POINT('',(-2.0256565033605,-1.29157940712442,-5.09999999999801));
#13831=VECTOR('',#18048,1000.0);
#13832=CARTESIAN_POINT('',(-1.52013138080345,1.30018078889986,-5.099999999998));
#13833=CARTESIAN_POINT('',(-2.03210094780544,1.30018078889986,-5.09999999999801));
#13834=CARTESIAN_POINT('',(1.77488383569556,1.30018078889988,-5.09999999999801));
#13835=VECTOR('',#18049,1000.0);
#13836=CARTESIAN_POINT('',(-1.48845655186727,1.37144915400611,-5.09999999999801));
#13837=CARTESIAN_POINT('',(-1.48845655186744,1.37144915400573,-5.09999999999801));
#13838=VECTOR('',#18050,1000.0);
#13839=CARTESIAN_POINT('',(-1.16862250985044,1.57930069088773,-5.09999999999801));
#13840=AXIS2_PLACEMENT_3D('',#18051,#18052,#18053);
#13841=CARTESIAN_POINT('',(-2.38360981875844,1.57930069088773,-5.09999999999801));
#13842=CARTESIAN_POINT('',(-2.38360981875844,1.57930069088773,-5.09999999999801));
#13843=VECTOR('',#18054,1000.0);
#13844=CARTESIAN_POINT('',(-2.06377577674161,1.3714491540061,-5.09999999999801));
#13845=AXIS2_PLACEMENT_3D('',#18055,#18056,#18057);
#13846=CARTESIAN_POINT('',(-2.06377577674144,1.37144915400573,-5.09999999999801));
#13847=VECTOR('',#18058,1000.0);
#13848=CARTESIAN_POINT('',(-1.52013138080363,1.30018078889994,-4.59999999999804));
#13849=CARTESIAN_POINT('',(-1.5201313808035,1.30018078889988,-4.599999999998));
#13850=VECTOR('',#18059,1000.0);
#13851=CARTESIAN_POINT('',(-2.03210094780519,1.30018078889982,-4.59999999999799));
#13852=CARTESIAN_POINT('',(-2.03210094780505,1.30018078889988,-4.599999999998));
#13853=VECTOR('',#18060,1000.0);
#13854=CARTESIAN_POINT('',(-0.000116164307498491,1.30018078889988,-4.599999999998));
#13855=VECTOR('',#18061,1000.0);
#13856=CARTESIAN_POINT('',(2.03086861919656,1.30018078889986,-5.09999999999801));
#13857=CARTESIAN_POINT('',(1.51889905219456,1.30018078889986,-5.09999999999801));
#13858=CARTESIAN_POINT('',(1.77488383569556,1.30018078889988,-5.09999999999801));
#13859=VECTOR('',#18062,1000.0);
#13860=CARTESIAN_POINT('',(2.06254344813272,1.37144915400609,-5.09999999999801));
#13861=CARTESIAN_POINT('',(2.06254344813256,1.37144915400573,-5.09999999999801));
#13862=VECTOR('',#18063,1000.0);
#13863=CARTESIAN_POINT('',(2.38237749014956,1.57930069088773,-5.09999999999801));
#13864=AXIS2_PLACEMENT_3D('',#18064,#18065,#18066);
#13865=CARTESIAN_POINT('',(1.16739018124156,1.57930069088773,-5.09999999999801));
#13866=CARTESIAN_POINT('',(1.16739018124156,1.57930069088773,-5.09999999999801));
#13867=VECTOR('',#18067,1000.0);
#13868=CARTESIAN_POINT('',(1.48722422325839,1.3714491540061,-5.09999999999801));
#13869=AXIS2_PLACEMENT_3D('',#18068,#18069,#18070);
#13870=CARTESIAN_POINT('',(1.48722422325856,1.37144915400573,-5.09999999999801));
#13871=VECTOR('',#18071,1000.0);
#13872=CARTESIAN_POINT('',(-0.999236066295288,1.35018078889988,-6.35088009801016));
#13873=CARTESIAN_POINT('',(-0.999236066295288,1.30018078889988,-6.30088009801016));
#13874=CARTESIAN_POINT('',(-0.999236066295288,1.35430069088773,-6.35499999999801));
#13875=VECTOR('',#18072,1000.0);
#13876=CARTESIAN_POINT('',(0.0349135846102804,1.35018078889988,-6.35088009801016));
#13877=VECTOR('',#18073,1000.0);
#13878=CARTESIAN_POINT('',(1.19997755309094,1.42930069088747,-6.429999999998));
#13879=CARTESIAN_POINT('',(1.19997742517156,1.42930069088773,-6.429999999998));
#13880=VECTOR('',#18074,1000.0);
#13881=CARTESIAN_POINT('',(1.13968419977509,1.30018078889988,-6.30088009801016));
#13882=CARTESIAN_POINT('',(1.19997742517156,1.42930069088773,-6.429999999998));
#13883=VECTOR('',#18075,1000.0);
#13884=CARTESIAN_POINT('',(-4.14511616430744,1.30018078889988,-6.30088009801016));
#13885=VECTOR('',#18076,1000.0);
#13886=CARTESIAN_POINT('',(2.03086861919638,1.30018078889994,-4.599999999998));
#13887=CARTESIAN_POINT('',(2.03086861919651,1.30018078889988,-4.599999999998));
#13888=VECTOR('',#18077,1000.0);
#13889=CARTESIAN_POINT('',(1.5188990521948,1.30018078889982,-4.599999999998));
#13890=CARTESIAN_POINT('',(1.51889905219495,1.30018078889988,-4.599999999998));
#13891=VECTOR('',#18078,1000.0);
#13892=CARTESIAN_POINT('',(-0.000116164307498491,1.30018078889988,-4.599999999998));
#13893=VECTOR('',#18079,1000.0);
#13894=CARTESIAN_POINT('',(-1.06011616430444,1.57930069088773,-5.64999999999801));
#13895=CARTESIAN_POINT('',(-1.06011616430444,1.35018078889988,-5.64999999999801));
#13896=CARTESIAN_POINT('',(-1.06011616430444,1.57930069088773,-5.64999999999801));
#13897=VECTOR('',#18080,1000.0);
#13898=CARTESIAN_POINT('',(-1.21011616430444,1.35018078889988,-5.49999999999801));
#13899=AXIS2_PLACEMENT_3D('',#18081,#18082,#18083);
#13900=CARTESIAN_POINT('',(-1.21011616430444,1.57930069088773,-5.49999999999801));
#13901=CARTESIAN_POINT('',(-1.21011616430444,1.57930069088773,-5.49999999999801));
#13902=VECTOR('',#18084,1000.0);
#13903=AXIS2_PLACEMENT_3D('',#18085,#18086,#18087);
#13904=CARTESIAN_POINT('',(1.20988383569556,1.30018078889988,-5.49999999999801));
#13905=CARTESIAN_POINT('',(1.05988383569556,1.30018078889988,-5.64999999999801));
#13906=AXIS2_PLACEMENT_3D('',#18088,#18089,#18090);
#13907=CARTESIAN_POINT('',(1.05988383569556,1.57930069088773,-5.64999999999801));
#13908=CARTESIAN_POINT('',(1.05988383569556,1.27930069088773,-5.64999999999801));
#13909=VECTOR('',#18091,1000.0);
#13910=CARTESIAN_POINT('',(1.20988383569556,1.57930069088773,-5.49999999999801));
#13911=AXIS2_PLACEMENT_3D('',#18092,#18093,#18094);
#13912=CARTESIAN_POINT('',(1.20988383569556,1.27930069088773,-5.49999999999801));
#13913=VECTOR('',#18095,1000.0);
#13914=CARTESIAN_POINT('',(1.05988383569556,1.30018078889988,-5.729999999998));
#13915=CARTESIAN_POINT('',(1.05988383569556,1.30018078889988,-5.774999999998));
#13916=VECTOR('',#18096,1000.0);
#13917=CARTESIAN_POINT('',(2.40988383569556,1.30018078889988,-5.49999999999801));
#13918=CARTESIAN_POINT('',(2.55988383569556,1.30018078889988,-5.49999999999801));
#13919=VECTOR('',#18097,1000.0);
#13920=CARTESIAN_POINT('',(2.55988383569556,1.30018078889988,-5.64999999999801));
#13921=AXIS2_PLACEMENT_3D('',#18098,#18099,#18100);
#13922=CARTESIAN_POINT('',(2.55988383569556,1.30018078889988,-6.199999999998));
#13923=CARTESIAN_POINT('',(2.55988383569556,1.30018078889988,-5.624999999998));
#13924=VECTOR('',#18101,1000.0);
#13925=AXIS2_PLACEMENT_3D('',#18102,#18103,#18104);
#13926=CARTESIAN_POINT('',(-0.999236066295288,1.30018078889988,-6.499999999998));
#13927=CARTESIAN_POINT('',(-4.14511616430744,1.30018078889988,-6.499999999998));
#13928=VECTOR('',#18105,1000.0);
#13929=CARTESIAN_POINT('',(-0.999236066295288,1.30018078889988,-4.599999999998));
#13930=VECTOR('',#18106,1000.0);
#13931=CARTESIAN_POINT('',(1.23874038216328,1.30018078889981,-6.3388546598949));
#13932=AXIS2_PLACEMENT_3D('',#18107,#18108,#18109);
#13933=CARTESIAN_POINT('',(1.35761613720943,1.30018078889988,-6.429999999998));
#13934=CARTESIAN_POINT('',(1.4036312965378,1.30018078889988,-6.46528109953956));
#13935=VECTOR('',#18110,1000.0);
#13936=CARTESIAN_POINT('',(1.55413961949937,1.30018078889968,-6.429999999998));
#13937=CARTESIAN_POINT('',(0.181727974192561,1.30018078889988,-6.429999999998));
#13938=VECTOR('',#18111,1000.0);
#13939=CARTESIAN_POINT('',(1.5541396194988,1.30018078889988,-5.879999999998));
#13940=CARTESIAN_POINT('',(1.55413961949962,1.30018078889988,-6.174999999998));
#13941=VECTOR('',#18112,1000.0);
#13942=CARTESIAN_POINT('',(1.20988383569556,1.30018078889988,-5.879999999998));
#13943=CARTESIAN_POINT('',(1.24664279481856,1.30018078889988,-5.879999999998));
#13944=VECTOR('',#18113,1000.0);
#13945=AXIS2_PLACEMENT_3D('',#18114,#18115,#18116);
#13946=CARTESIAN_POINT('',(-2.56011616430444,1.35018078889988,-6.199999999998));
#13947=AXIS2_PLACEMENT_3D('',#18117,#18118,#18119);
#13948=CARTESIAN_POINT('',(-2.56011616430444,1.35018078889988,-5.64999999999801));
#13949=CARTESIAN_POINT('',(-2.56011616430444,1.35018078889988,-6.724999999998));
#13950=VECTOR('',#18120,1000.0);
#13951=CARTESIAN_POINT('',(-2.41011616430444,1.35018078889988,-5.49999999999801));
#13952=AXIS2_PLACEMENT_3D('',#18121,#18122,#18123);
#13953=CARTESIAN_POINT('',(2.55988383569556,1.35018078889988,-5.49999999999801));
#13954=VECTOR('',#18124,1000.0);
#13955=CARTESIAN_POINT('',(-1.06011616430444,1.35018078889988,-5.729999999998));
#13956=CARTESIAN_POINT('',(-1.06011616430444,1.35018078889988,-5.474999999998));
#13957=VECTOR('',#18125,1000.0);
#13958=CARTESIAN_POINT('',(-1.1150601765525,1.35018078889988,-5.84603602540608));
#13959=AXIS2_PLACEMENT_3D('',#18126,#18127,#18128);
#13960=CARTESIAN_POINT('',(-1.21012170716047,1.35018090382944,-5.8800996399139));
#13961=AXIS2_PLACEMENT_3D('',#18129,#18130,#18131);
#13962=CARTESIAN_POINT('',(-1.51243777312436,1.35018078889988,-5.879999999998));
#13963=CARTESIAN_POINT('',(1.24664279481856,1.35018078889988,-5.879999999998));
#13964=VECTOR('',#18132,1000.0);
#13965=CARTESIAN_POINT('',(-1.51243777312436,1.35018078889988,-6.429999999998));
#13966=CARTESIAN_POINT('',(-1.51243777312436,1.35018078889988,-5.37499999999801));
#13967=VECTOR('',#18133,1000.0);
#13968=CARTESIAN_POINT('',(0.181727974192561,1.35018078889988,-6.429999999998));
#13969=VECTOR('',#18134,1000.0);
#13970=CARTESIAN_POINT('',(-0.999236066295288,1.35018078889988,-6.499999999998));
#13971=CARTESIAN_POINT('',(-0.999236066295288,1.35018078889988,-6.499999999998));
#13972=VECTOR('',#18135,1000.0);
#13973=CARTESIAN_POINT('',(-3.04511616430744,1.35018078889988,-6.499999999998));
#13974=CARTESIAN_POINT('',(-4.14511616430744,1.35018078889988,-6.499999999998));
#13975=VECTOR('',#18136,1000.0);
#13976=CARTESIAN_POINT('',(-3.04511616430744,1.35018078889988,-4.599999999998));
#13977=VECTOR('',#18137,1000.0);
#13978=CARTESIAN_POINT('',(-4.17011616421809,0.149300690106955,-6.34999999991166));
#13979=CARTESIAN_POINT('',(-4.24599626231959,0.149300690307312,-6.42588009801316));
#13980=CARTESIAN_POINT('',(-3.38261616430144,0.149300690125391,-5.56249999999501));
#13981=VECTOR('',#18138,1000.0);
#13982=CARTESIAN_POINT('',(-4.17011616430444,-0.13069930918186,-6.349999999998));
#13983=CARTESIAN_POINT('',(-4.17011616430444,-0.130699309112472,-6.349999999998));
#13984=VECTOR('',#18139,1000.0);
#13985=CARTESIAN_POINT('',(-4.32011616430444,-0.466109505737441,-6.499999999998));
#13986=AXIS2_PLACEMENT_3D('',#18140,#18141,#18142);
#13987=CARTESIAN_POINT('',(-4.32011616430444,-0.466109505737473,-6.499999999998));
#13988=VECTOR('',#18143,1000.0);
#13989=AXIS2_PLACEMENT_3D('',#18144,#18145,#18146);
#13990=CARTESIAN_POINT('',(-4.14511616430744,0.149300690887527,-6.499999999998));
#13991=CARTESIAN_POINT('',(-4.14511616430444,0.149300689964727,-4.79999999999201));
#13992=VECTOR('',#18147,1000.0);
#13993=CARTESIAN_POINT('',(-4.17011616430444,0.14930068959599,-3.05000000002961));
#13994=VECTOR('',#18148,1000.0);
#13995=CARTESIAN_POINT('',(-4.24599626231959,0.149300690887527,-6.499999999998));
#13996=CARTESIAN_POINT('',(-4.24599626231959,0.149300690307312,-6.42588009804956));
#13997=CARTESIAN_POINT('',(-4.24599626231959,0.149300690312517,-6.45058673201952));
#13998=CARTESIAN_POINT('',(-4.24599626231959,0.149300690317723,-6.47529336598947));
#13999=CARTESIAN_POINT('',(-4.24599626231959,0.149300690322929,-6.49999999995943));
#14000=CARTESIAN_POINT('',(-4.14511616430744,0.149300690887527,-6.499999999998));
#14001=VECTOR('',#18149,1000.0);
#14002=CARTESIAN_POINT('',(4.24576393370471,0.149300690621598,-6.42588009800716));
#14003=CARTESIAN_POINT('',(4.20238383582506,0.149300690609833,-6.38250000012751));
#14004=VECTOR('',#18150,1000.0);
#14005=CARTESIAN_POINT('',(4.23635897781031,0.299300675944739,-6.41647514211375));
#14006=AXIS2_PLACEMENT_3D('',#18151,#18152,#18153);
#14007=CARTESIAN_POINT('',(4.31988383549791,0.299300684634182,-6.49999999989937));
#14008=CARTESIAN_POINT('',(4.31988383549756,0.299300678089128,-6.499999999801));
#14009=VECTOR('',#18154,1000.0);
#14010=CARTESIAN_POINT('',(4.31988383569556,-0.46610950573744,-6.499999999998));
#14011=CARTESIAN_POINT('',(4.31988383569556,-0.466109505737473,-6.499999999998));
#14012=VECTOR('',#18155,1000.0);
#14013=AXIS2_PLACEMENT_3D('',#18156,#18157,#18158);
#14014=CARTESIAN_POINT('',(3.1898827030166,1.34139478879944,-6.41209401616287));
#14015=CARTESIAN_POINT('',(3.45232926481413,1.3094724311094,-6.38017165572439));
#14016=CARTESIAN_POINT('',(3.95674102561258,1.06489137908332,-6.34274599942164));
#14017=CARTESIAN_POINT('',(4.20334792321531,0.561513057294633,-6.38346428331589));
#14018=CARTESIAN_POINT('',(4.23635897890647,0.299300667237785,-6.41647506146255));
#14019=CARTESIAN_POINT('',(4.24576393370471,0.149300690887527,-6.499999999998));
#14020=CARTESIAN_POINT('',(4.24576393370471,0.149300690889324,-14.777859999998));
#14021=VECTOR('',#18159,1000.0);
#14022=AXIS2_PLACEMENT_3D('',#18160,#18161,#18162);
#14023=AXIS2_PLACEMENT_3D('',#18163,#18164,#18165);
#14024=AXIS2_PLACEMENT_3D('',#18166,#18167,#18168);
#14025=CARTESIAN_POINT('',(-2.94511616430744,0.604300690887527,-4.599999999998));
#14026=CARTESIAN_POINT('',(-3.34511616430744,0.204300690887528,-4.599999999998));
#14027=AXIS2_PLACEMENT_3D('',#18169,#18170,#18171);
#14028=CARTESIAN_POINT('',(2.94488383569256,0.604300690887527,-4.599999999998));
#14029=CARTESIAN_POINT('',(1.09988383569256,0.604300690887527,-4.599999999998));
#14030=VECTOR('',#18172,1000.0);
#14031=CARTESIAN_POINT('',(3.34488383569256,0.204300690887528,-4.599999999998));
#14032=AXIS2_PLACEMENT_3D('',#18173,#18174,#18175);
#14033=CARTESIAN_POINT('',(3.34488383569256,-0.240699309165573,-4.599999999998));
#14034=CARTESIAN_POINT('',(3.34488383569256,-0.195699309112472,-4.599999999998));
#14035=VECTOR('',#18176,1000.0);
#14036=AXIS2_PLACEMENT_3D('',#18177,#18178,#18179);
#14037=CARTESIAN_POINT('',(-3.34511616430744,-0.240699309165573,-4.599999999998));
#14038=AXIS2_PLACEMENT_3D('',#18180,#18181,#18182);
#14039=CARTESIAN_POINT('',(-3.34511616430744,-0.195699309112472,-4.599999999998));
#14040=VECTOR('',#18183,1000.0);
#14041=CARTESIAN_POINT('',(-3.19011616430427,-1.28069930911227,-4.599999999998));
#14042=AXIS2_PLACEMENT_3D('',#18184,#18185,#18186);
#14043=CARTESIAN_POINT('',(-2.38160981875944,-1.28069930911227,-4.599999999998));
#14044=CARTESIAN_POINT('',(-0.000116164307498491,-1.28069930911227,-4.599999999998));
#14045=VECTOR('',#18187,1000.0);
#14046=CARTESIAN_POINT('',(-2.33592366549253,-1.25101618678623,-4.599999999998));
#14047=AXIS2_PLACEMENT_3D('',#18188,#18189,#18190);
#14048=CARTESIAN_POINT('',(-2.23246932589532,-1.01824392269134,-4.599999999998));
#14049=CARTESIAN_POINT('',(-2.34911616430444,-1.28069930911227,-4.599999999998));
#14050=VECTOR('',#18191,1000.0);
#14051=CARTESIAN_POINT('',(-1.86694470644644,-0.780699309112173,-4.599999999998));
#14052=AXIS2_PLACEMENT_3D('',#18192,#18193,#18194);
#14053=CARTESIAN_POINT('',(-1.68128762216244,-0.780699309112173,-4.599999999998));
#14054=CARTESIAN_POINT('',(4.16988383569556,-0.780699309112473,-4.599999999998));
#14055=VECTOR('',#18195,1000.0);
#14056=CARTESIAN_POINT('',(-1.31576300271444,-1.01824392269127,-4.599999999998));
#14057=AXIS2_PLACEMENT_3D('',#18196,#18197,#18198);
#14058=CARTESIAN_POINT('',(-1.21231308728067,-1.25100623241537,-4.599999999998));
#14059=CARTESIAN_POINT('',(-1.31576300271444,-1.01824392269127,-4.599999999998));
#14060=VECTOR('',#18199,1000.0);
#14061=CARTESIAN_POINT('',(-1.16662250984944,-1.28069930911227,-4.599999999998));
#14062=AXIS2_PLACEMENT_3D('',#18200,#18201,#18202);
#14063=CARTESIAN_POINT('',(-0.255116164295039,-1.28069930911227,-4.599999999998));
#14064=CARTESIAN_POINT('',(-0.000116164307498491,-1.28069930911227,-4.599999999998));
#14065=VECTOR('',#18203,1000.0);
#14066=CARTESIAN_POINT('',(-0.255116164295039,-1.32069930911227,-4.599999999998));
#14067=CARTESIAN_POINT('',(-0.255116164295039,-1.43069930911227,-4.599999999998));
#14068=VECTOR('',#18204,1000.0);
#14069=CARTESIAN_POINT('',(-0.24511616429504,-1.32069930911227,-4.599999999998));
#14070=CARTESIAN_POINT('',(-0.000116164307498491,-1.32069930911227,-4.599999999998));
#14071=VECTOR('',#18205,1000.0);
#14072=CARTESIAN_POINT('',(-0.245116164295023,-1.28069930911227,-4.599999999998));
#14073=CARTESIAN_POINT('',(-0.24511616429504,0.604300690887527,-4.599999999998));
#14074=VECTOR('',#18206,1000.0);
#14075=CARTESIAN_POINT('',(1.16739018124056,-1.28069930911227,-4.599999999998));
#14076=CARTESIAN_POINT('',(-0.000116164307498491,-1.28069930911227,-4.599999999998));
#14077=VECTOR('',#18207,1000.0);
#14078=CARTESIAN_POINT('',(1.21307633450747,-1.25101618678623,-4.599999999998));
#14079=AXIS2_PLACEMENT_3D('',#18208,#18209,#18210);
#14080=CARTESIAN_POINT('',(1.31653067410528,-1.01824392269113,-4.599999999998));
#14081=CARTESIAN_POINT('',(1.19988383569556,-1.28069930911227,-4.599999999998));
#14082=VECTOR('',#18211,1000.0);
#14083=CARTESIAN_POINT('',(1.68205529355356,-0.780699309112173,-4.599999999998));
#14084=AXIS2_PLACEMENT_3D('',#18212,#18213,#18214);
#14085=CARTESIAN_POINT('',(1.86771237783756,-0.780699309112173,-4.599999999998));
#14086=CARTESIAN_POINT('',(4.16988383569556,-0.780699309112473,-4.599999999998));
#14087=VECTOR('',#18215,1000.0);
#14088=CARTESIAN_POINT('',(2.23323699728656,-1.01824392269127,-4.599999999998));
#14089=AXIS2_PLACEMENT_3D('',#18216,#18217,#18218);
#14090=CARTESIAN_POINT('',(2.33668691271934,-1.25100623241539,-4.599999999998));
#14091=CARTESIAN_POINT('',(2.23323699728556,-1.01824392269127,-4.599999999998));
#14092=VECTOR('',#18219,1000.0);
#14093=CARTESIAN_POINT('',(2.38237749015056,-1.28069930911227,-4.599999999998));
#14094=AXIS2_PLACEMENT_3D('',#18220,#18221,#18222);
#14095=CARTESIAN_POINT('',(3.18988383569562,-1.28069930911227,-4.599999999998));
#14096=CARTESIAN_POINT('',(-0.000116164307498491,-1.28069930911227,-4.599999999998));
#14097=VECTOR('',#18223,1000.0);
#14098=AXIS2_PLACEMENT_3D('',#18224,#18225,#18226);
#14099=CARTESIAN_POINT('',(3.18988382990412,1.27930069088773,-4.599999999998));
#14100=AXIS2_PLACEMENT_3D('',#18227,#18228,#18229);
#14101=CARTESIAN_POINT('',(2.38237749014956,1.27930069088773,-4.599999999998));
#14102=CARTESIAN_POINT('',(-0.000116164307498491,1.27930069088773,-4.599999999998));
#14103=VECTOR('',#18230,1000.0);
#14104=CARTESIAN_POINT('',(2.33668691271865,1.2496076141898,-4.599999999998));
#14105=AXIS2_PLACEMENT_3D('',#18231,#18232,#18233);
#14106=CARTESIAN_POINT('',(2.23323699728655,1.01684530446572,-4.599999999998));
#14107=CARTESIAN_POINT('',(2.34988383569556,1.27930069088773,-4.599999999998));
#14108=VECTOR('',#18234,1000.0);
#14109=CARTESIAN_POINT('',(1.86771237783756,0.779300690887527,-4.599999999998));
#14110=AXIS2_PLACEMENT_3D('',#18235,#18236,#18237);
#14111=CARTESIAN_POINT('',(1.68205529355356,0.779300690887527,-4.599999999998));
#14112=CARTESIAN_POINT('',(1.86771237783756,0.779300690887527,-4.599999999998));
#14113=VECTOR('',#18238,1000.0);
#14114=CARTESIAN_POINT('',(1.31653067410556,1.01684530446573,-4.599999999998));
#14115=AXIS2_PLACEMENT_3D('',#18239,#18240,#18241);
#14116=CARTESIAN_POINT('',(1.21307634544511,1.24961754395123,-4.59999999999801));
#14117=CARTESIAN_POINT('',(1.31653067410556,1.01684530446573,-4.599999999998));
#14118=VECTOR('',#18242,1000.0);
#14119=CARTESIAN_POINT('',(1.16739018124156,1.27930069088773,-4.599999999998));
#14120=AXIS2_PLACEMENT_3D('',#18243,#18244,#18245);
#14121=CARTESIAN_POINT('',(-1.16862250985044,1.27930069088773,-4.599999999998));
#14122=CARTESIAN_POINT('',(-0.000116164307498491,1.27930069088773,-4.599999999998));
#14123=VECTOR('',#18246,1000.0);
#14124=CARTESIAN_POINT('',(-1.21431308728135,1.2496076141898,-4.599999999998));
#14125=AXIS2_PLACEMENT_3D('',#18247,#18248,#18249);
#14126=CARTESIAN_POINT('',(-1.31776300271344,1.01684530446573,-4.599999999998));
#14127=CARTESIAN_POINT('',(-1.20111616430444,1.27930069088773,-4.599999999998));
#14128=VECTOR('',#18250,1000.0);
#14129=CARTESIAN_POINT('',(-1.68328762216244,0.779300690887527,-4.599999999998));
#14130=AXIS2_PLACEMENT_3D('',#18251,#18252,#18253);
#14131=CARTESIAN_POINT('',(-1.86894470644644,0.779300690887527,-4.599999999998));
#14132=CARTESIAN_POINT('',(1.86771237783756,0.779300690887527,-4.599999999998));
#14133=VECTOR('',#18254,1000.0);
#14134=CARTESIAN_POINT('',(-2.23446932589544,1.01684530446573,-4.599999999998));
#14135=AXIS2_PLACEMENT_3D('',#18255,#18256,#18257);
#14136=CARTESIAN_POINT('',(-2.33792366549403,1.24961756856342,-4.599999999998));
#14137=CARTESIAN_POINT('',(-2.23446932589544,1.01684530446573,-4.599999999998));
#14138=VECTOR('',#18258,1000.0);
#14139=CARTESIAN_POINT('',(-2.38360981875844,1.27930069088773,-4.599999999998));
#14140=AXIS2_PLACEMENT_3D('',#18259,#18260,#18261);
#14141=CARTESIAN_POINT('',(-3.19011616430444,1.27930069088773,-4.599999999998));
#14142=CARTESIAN_POINT('',(-0.000116164307498491,1.27930069088773,-4.599999999998));
#14143=VECTOR('',#18262,1000.0);
#14144=AXIS2_PLACEMENT_3D('',#18263,#18264,#18265);
#14145=CARTESIAN_POINT('',(-4.22162251306019,-0.080696850487951,-5.46999999850333));
#14146=CARTESIAN_POINT('',(-4.22163321138442,-0.0806993091124727,-5.46999999233289));
#14147=CARTESIAN_POINT('',(-4.22158642924239,-0.0806993132572344,-5.38889037716521));
#14148=CARTESIAN_POINT('',(-4.2592283129693,-0.150924276722225,-5.319999999998));
#14149=CARTESIAN_POINT('',(-4.26783580279684,-0.230699309112471,-5.319999999998));
#14150=CARTESIAN_POINT('',(-4.20275956475744,-0.0806993091124825,-5.549999999998));
#14151=CARTESIAN_POINT('',(-4.20275956475744,-0.0806993091124825,-5.549999999998));
#14152=CARTESIAN_POINT('',(-4.20721841880144,-0.0806993091124825,-5.540781292108));
#14153=CARTESIAN_POINT('',(-4.21440874438944,-0.0806990269952425,-5.522498643492));
#14154=CARTESIAN_POINT('',(-4.22038410002544,-0.0807002965228425,-5.496072552599));
#14155=CARTESIAN_POINT('',(-4.22162646190644,-0.0806971932331625,-5.47863422425201));
#14156=CARTESIAN_POINT('',(-4.22162148060044,-0.0806971932331625,-5.46999999909901));
#14157=CARTESIAN_POINT('',(-4.17011616430444,-0.0846108268308803,-5.59933292372792));
#14158=CARTESIAN_POINT('',(-4.17085852405739,-0.0806993091124825,-5.59991805330464));
#14159=CARTESIAN_POINT('',(-4.17740608942293,-0.0806993091124825,-5.59161109156384));
#14160=CARTESIAN_POINT('',(-4.18943532138113,-0.0806993091124825,-5.57483848299912));
#14161=CARTESIAN_POINT('',(-4.19872957185944,-0.0806993091124825,-5.55833203485901));
#14162=CARTESIAN_POINT('',(-4.20275956475744,-0.0806993091124825,-5.549999999998));
#14163=CARTESIAN_POINT('',(-4.17011616430444,-0.0843051598863142,-5.32000000007287));
#14164=CARTESIAN_POINT('',(-4.17011616430444,-0.0312577873285057,-5.40476170019914));
#14165=CARTESIAN_POINT('',(-4.17011616430444,-0.0192514118371696,-5.52297526985368));
#14166=CARTESIAN_POINT('',(-4.17011616430444,-0.0814544820104039,-5.60182296897587));
#14167=CARTESIAN_POINT('',(2.71414790440756,-1.29157940712442,-5.319999999998));
#14168=CARTESIAN_POINT('',(1.47238383570056,-1.29157940712442,-5.319999999998));
#14169=VECTOR('',#18266,1000.0);
#14170=CARTESIAN_POINT('',(4.00016565788079,-1.29157940712442,-5.319999999998));
#14171=CARTESIAN_POINT('',(1.47238383570056,-1.29157940712442,-5.319999999998));
#14172=VECTOR('',#18267,1000.0);
#14173=CARTESIAN_POINT('',(3.18988383569556,-1.58069930911227,-5.319999999998));
#14174=AXIS2_PLACEMENT_3D('',#18268,#18269,#18270);
#14175=CARTESIAN_POINT('',(2.71414790440756,-1.58069930911227,-5.319999999998));
#14176=CARTESIAN_POINT('',(3.18988383569556,-1.58069930911227,-5.319999999998));
#14177=VECTOR('',#18271,1000.0);
#14178=CARTESIAN_POINT('',(2.71414790440756,-1.28069930911227,-5.319999999998));
#14179=VECTOR('',#18272,1000.0);
#14180=CARTESIAN_POINT('',(-3.19011616430444,-1.28069930911227,-3.049999999998));
#14181=AXIS2_PLACEMENT_3D('',#18273,#18274,#18275);
#14182=CARTESIAN_POINT('',(-3.19011616430444,-1.28069930911227,-3.049999999998));
#14183=VECTOR('',#18276,1000.0);
#14184=CARTESIAN_POINT('',(-0.24511616429504,-1.32069930911227,-4.79999999999801));
#14185=CARTESIAN_POINT('',(-0.24511616429504,-1.32069930911227,-0.491748818130005));
#14186=VECTOR('',#18277,1000.0);
#14187=CARTESIAN_POINT('',(-0.245116164295023,-1.58069930911227,-4.79999999999801));
#14188=CARTESIAN_POINT('',(-0.24511616429504,-1.28069930911227,-4.79999999999801));
#14189=VECTOR('',#18278,1000.0);
#14190=CARTESIAN_POINT('',(-0.245116164295023,-1.58069930911227,-4.018360792388));
#14191=CARTESIAN_POINT('',(-0.24511616429504,-1.58069930911227,-4.79999999999801));
#14192=VECTOR('',#18279,1000.0);
#14193=CARTESIAN_POINT('',(-0.245116164295023,-1.28069930911227,-4.01836079238799));
#14194=CARTESIAN_POINT('',(-0.24511616429504,-1.58069930911227,-4.018360792388));
#14195=VECTOR('',#18280,1000.0);
#14196=CARTESIAN_POINT('',(-0.24511616429504,-1.28069930911227,-4.018360792388));
#14197=VECTOR('',#18281,1000.0);
#14198=CARTESIAN_POINT('',(2.50201587005156,-1.29157940712442,-5.407867965642));
#14199=AXIS2_PLACEMENT_3D('',#18282,#18283,#18284);
#14200=CARTESIAN_POINT('',(2.24900359790863,-1.29157940712442,-5.66088023778494));
#14201=CARTESIAN_POINT('',(2.34988383569556,-1.29157940712442,-5.559999999998));
#14202=VECTOR('',#18285,1000.0);
#14203=CARTESIAN_POINT('',(0.849883835692461,-1.29157940712442,-5.66088023778494));
#14204=CARTESIAN_POINT('',(-1.15155014712144,-1.29157940712442,-5.66088023778494));
#14205=VECTOR('',#18286,1000.0);
#14206=CARTESIAN_POINT('',(0.84988383569246,-1.29157940712442,-5.849999999998));
#14207=CARTESIAN_POINT('',(0.849883835692461,-1.29157940712442,-4.599999999998));
#14208=VECTOR('',#18287,1000.0);
#14209=CARTESIAN_POINT('',(3.59988383569256,-1.29157940712442,-5.849999999998));
#14210=CARTESIAN_POINT('',(1.14988383569256,-1.29157940712442,-5.849999999998));
#14211=VECTOR('',#18288,1000.0);
#14212=CARTESIAN_POINT('',(3.59988383569256,-1.29157940712442,-6.499999999998));
#14213=CARTESIAN_POINT('',(3.59988383569256,-1.29157940712442,-4.599999999998));
#14214=VECTOR('',#18289,1000.0);
#14215=CARTESIAN_POINT('',(4.14488383569256,-1.29157940712442,-6.499999999998));
#14216=VECTOR('',#18290,1000.0);
#14217=CARTESIAN_POINT('',(1.47238383570056,-1.29157940712442,-5.319999999998));
#14218=VECTOR('',#18291,1000.0);
#14219=CARTESIAN_POINT('',(2.50201587005156,-1.58069930911227,-5.407867965642));
#14220=AXIS2_PLACEMENT_3D('',#18292,#18293,#18294);
#14221=CARTESIAN_POINT('',(2.50201587005156,-1.58069930911227,-5.407867965642));
#14222=VECTOR('',#18295,1000.0);
#14223=CARTESIAN_POINT('',(-0.0951161642949896,-1.32069930911227,-4.94999999999801));
#14224=AXIS2_PLACEMENT_3D('',#18296,#18297,#18298);
#14225=CARTESIAN_POINT('',(-0.0951161642949896,-1.58069930911227,-4.94999999999801));
#14226=CARTESIAN_POINT('',(-0.0951161642949896,-1.58069930911227,-4.94999999999801));
#14227=VECTOR('',#18299,1000.0);
#14228=AXIS2_PLACEMENT_3D('',#18300,#18301,#18302);
#14229=CARTESIAN_POINT('',(-0.25511616429503,-1.28069930911227,-4.01836079238801));
#14230=CARTESIAN_POINT('',(-0.255116164295039,-1.28069930911227,-4.018360792388));
#14231=VECTOR('',#18303,1000.0);
#14232=CARTESIAN_POINT('',(-1.16662250984944,-1.28069930911227,-4.499999999998));
#14233=CARTESIAN_POINT('',(-1.16662250984944,-1.28069930911227,-4.599999999998));
#14234=VECTOR('',#18304,1000.0);
#14235=CARTESIAN_POINT('',(-1.52741142436379,-1.28069930911227,-4.499999999998));
#14236=CARTESIAN_POINT('',(1.47238383570056,-1.28069930911227,-4.499999999998));
#14237=VECTOR('',#18305,1000.0);
#14238=CARTESIAN_POINT('',(-1.52741142436417,-1.28069930911215,-4.599999999998));
#14239=CARTESIAN_POINT('',(-1.52741142436379,-1.28069930911227,-5.09999999999801));
#14240=VECTOR('',#18306,1000.0);
#14241=CARTESIAN_POINT('',(-2.02082090424398,-1.28069930911227,-4.599999999998));
#14242=CARTESIAN_POINT('',(-1.52741142436444,-1.28069930911227,-4.599999999998));
#14243=VECTOR('',#18307,1000.0);
#14244=CARTESIAN_POINT('',(-2.02082090424398,-1.28069930911227,-4.499999999998));
#14245=CARTESIAN_POINT('',(-2.02082090424398,-1.28069930911227,-2.29999999999801));
#14246=VECTOR('',#18308,1000.0);
#14247=CARTESIAN_POINT('',(-2.38160981875944,-1.28069930911227,-4.499999999998));
#14248=CARTESIAN_POINT('',(1.47238383570056,-1.28069930911227,-4.499999999998));
#14249=VECTOR('',#18309,1000.0);
#14250=CARTESIAN_POINT('',(-2.38160981875944,-1.28069930911227,-5.09999999999801));
#14251=VECTOR('',#18310,1000.0);
#14252=CARTESIAN_POINT('',(-2.47011616430444,-1.28069930911227,-3.049999999998));
#14253=CARTESIAN_POINT('',(-3.19011616430444,-1.28069930911227,-3.049999999998));
#14254=VECTOR('',#18311,1000.0);
#14255=CARTESIAN_POINT('',(-2.17011616430444,-1.28069930911227,-2.749999999998));
#14256=AXIS2_PLACEMENT_3D('',#18312,#18313,#18314);
#14257=CARTESIAN_POINT('',(-2.17011616430444,-1.28069930911227,-1.449999999998));
#14258=CARTESIAN_POINT('',(-2.17011616430444,-1.28069930911227,-2.749999999998));
#14259=VECTOR('',#18315,1000.0);
#14260=CARTESIAN_POINT('',(-2.47011616430444,-1.28069930911227,-1.149999999998));
#14261=AXIS2_PLACEMENT_3D('',#18316,#18317,#18318);
#14262=CARTESIAN_POINT('',(-3.19011616430444,-1.28069930911234,-1.149999999998));
#14263=CARTESIAN_POINT('',(-3.19011616430444,-1.28069930911227,-1.149999999998));
#14264=VECTOR('',#18319,1000.0);
#14265=CARTESIAN_POINT('',(-3.19011616430444,-1.28069930911232,-0.300000000000005));
#14266=CARTESIAN_POINT('',(-3.19011616430444,-1.28069930911227,-0.300000000000005));
#14267=VECTOR('',#18320,1000.0);
#14268=CARTESIAN_POINT('',(-0.255116164295039,-1.28069930911227,-0.299999999999984));
#14269=CARTESIAN_POINT('',(-3.19011616430444,-1.28069930911227,-0.300000000000005));
#14270=VECTOR('',#18321,1000.0);
#14271=CARTESIAN_POINT('',(-0.255116164295039,-1.28069930911227,-0.983497636258004));
#14272=CARTESIAN_POINT('',(-0.255116164295039,-1.28069930911227,-0.300000000000005));
#14273=VECTOR('',#18322,1000.0);
#14274=CARTESIAN_POINT('',(-0.0151161642915296,-1.28069930911227,-1.122061700862));
#14275=AXIS2_PLACEMENT_3D('',#18323,#18324,#18325);
#14276=CARTESIAN_POINT('',(0.31988383570396,-1.28069930911227,-0.928649360686004));
#14277=CARTESIAN_POINT('',(0.31988383570396,-1.28069930911227,-0.928649360686004));
#14278=VECTOR('',#18326,1000.0);
#14279=CARTESIAN_POINT('',(0.544883835704927,-1.28069930911227,-1.058553171253));
#14280=AXIS2_PLACEMENT_3D('',#18327,#18328,#18329);
#14281=CARTESIAN_POINT('',(0.544883835704751,-1.28069930911227,-1.92576260933903));
#14282=CARTESIAN_POINT('',(0.54488383570486,-1.28069930911227,-1.058553171253));
#14283=VECTOR('',#18330,1000.0);
#14284=CARTESIAN_POINT('',(0.31988383569966,-1.28069930911227,-2.05566641990401));
#14285=AXIS2_PLACEMENT_3D('',#18331,#18332,#18333);
#14286=CARTESIAN_POINT('',(-0.0151161642952396,-1.28069930911227,-1.862254079729));
#14287=CARTESIAN_POINT('',(-0.0151161642952396,-1.28069930911227,-1.862254079729));
#14288=VECTOR('',#18334,1000.0);
#14289=CARTESIAN_POINT('',(-0.25511616429503,-1.28069930911227,-2.00081814433467));
#14290=AXIS2_PLACEMENT_3D('',#18335,#18336,#18337);
#14291=CARTESIAN_POINT('',(-0.255116164294816,-1.28069930911227,-2.94330525739401));
#14292=CARTESIAN_POINT('',(-0.255116164295039,-1.28069930911227,-2.000818144334));
#14293=VECTOR('',#18338,1000.0);
#14294=CARTESIAN_POINT('',(-0.0151161642911196,-1.28069930911227,-3.08186932199701));
#14295=AXIS2_PLACEMENT_3D('',#18339,#18340,#18341);
#14296=CARTESIAN_POINT('',(0.319883835703461,-1.28069930911227,-2.888456981822));
#14297=CARTESIAN_POINT('',(0.319883835703461,-1.28069930911227,-2.888456981822));
#14298=VECTOR('',#18342,1000.0);
#14299=CARTESIAN_POINT('',(0.54488383570536,-1.28069930911227,-3.018360792389));
#14300=AXIS2_PLACEMENT_3D('',#18343,#18344,#18345);
#14301=CARTESIAN_POINT('',(0.54488383570506,-1.28069930911227,-3.943305257393));
#14302=CARTESIAN_POINT('',(0.54488383570516,-1.28069930911227,-3.018360792389));
#14303=VECTOR('',#18346,1000.0);
#14304=CARTESIAN_POINT('',(0.319883835705361,-1.28069930911227,-4.07320906796101));
#14305=AXIS2_PLACEMENT_3D('',#18347,#18348,#18349);
#14306=CARTESIAN_POINT('',(-0.0151161642953196,-1.28069930911227,-3.87979672778201));
#14307=CARTESIAN_POINT('',(-0.0151161642953196,-1.28069930911227,-3.87979672778201));
#14308=VECTOR('',#18350,1000.0);
#14309=AXIS2_PLACEMENT_3D('',#18351,#18352,#18353);
#14310=CARTESIAN_POINT('',(3.18988383569556,-1.28069930911227,-3.049999999998));
#14311=CARTESIAN_POINT('',(3.18988383569556,-1.28069930911227,-5.219999999998));
#14312=VECTOR('',#18354,1000.0);
#14313=CARTESIAN_POINT('',(2.38237749015056,-1.28069930911227,-4.499999999998));
#14314=CARTESIAN_POINT('',(2.38237749015056,-1.28069930911227,-4.599999999998));
#14315=VECTOR('',#18355,1000.0);
#14316=CARTESIAN_POINT('',(2.02158857563621,-1.28069930911227,-4.499999999998));
#14317=CARTESIAN_POINT('',(1.47238383570056,-1.28069930911227,-4.499999999998));
#14318=VECTOR('',#18356,1000.0);
#14319=CARTESIAN_POINT('',(2.02158857563583,-1.28069930911215,-4.599999999998));
#14320=CARTESIAN_POINT('',(2.02158857563621,-1.28069930911227,-5.09999999999801));
#14321=VECTOR('',#18357,1000.0);
#14322=CARTESIAN_POINT('',(1.52817909575602,-1.28069930911227,-4.599999999998));
#14323=CARTESIAN_POINT('',(2.02158857563556,-1.28069930911227,-4.599999999998));
#14324=VECTOR('',#18358,1000.0);
#14325=CARTESIAN_POINT('',(1.52817909575602,-1.28069930911227,-4.499999999998));
#14326=CARTESIAN_POINT('',(1.52817909575602,-1.28069930911227,-2.29999999999801));
#14327=VECTOR('',#18359,1000.0);
#14328=CARTESIAN_POINT('',(1.16739018124056,-1.28069930911227,-4.499999999998));
#14329=CARTESIAN_POINT('',(1.47238383570056,-1.28069930911227,-4.499999999998));
#14330=VECTOR('',#18360,1000.0);
#14331=CARTESIAN_POINT('',(1.16739018124056,-1.28069930911227,-5.09999999999801));
#14332=VECTOR('',#18361,1000.0);
#14333=CARTESIAN_POINT('',(-0.0201161642948796,-1.28069930911227,-3.88845698182001));
#14334=AXIS2_PLACEMENT_3D('',#18362,#18363,#18364);
#14335=CARTESIAN_POINT('',(0.329883835705261,-1.28069930911227,-4.09052957603701));
#14336=CARTESIAN_POINT('',(0.329883835705261,-1.28069930911227,-4.09052957603701));
#14337=VECTOR('',#18365,1000.0);
#14338=CARTESIAN_POINT('',(0.55488383570506,-1.28069930911227,-3.960625765469));
#14339=AXIS2_PLACEMENT_3D('',#18366,#18367,#18368);
#14340=CARTESIAN_POINT('',(0.554883835704961,-1.28069930911227,-3.018360792389));
#14341=CARTESIAN_POINT('',(0.55488383570506,-1.28069930911227,-3.960625765469));
#14342=VECTOR('',#18369,1000.0);
#14343=CARTESIAN_POINT('',(0.314883835701061,-1.28069930911227,-2.87979672778701));
#14344=AXIS2_PLACEMENT_3D('',#18370,#18371,#18372);
#14345=CARTESIAN_POINT('',(-0.0201161642948096,-1.28069930911227,-3.07320906796201));
#14346=CARTESIAN_POINT('',(-0.0201161642948096,-1.28069930911227,-3.07320906796201));
#14347=VECTOR('',#18373,1000.0);
#14348=CARTESIAN_POINT('',(-0.245116164295023,-1.28069930911227,-2.94330525739401));
#14349=AXIS2_PLACEMENT_3D('',#18374,#18375,#18376);
#14350=CARTESIAN_POINT('',(-0.24511616429504,-1.28069930911227,-2.00081814433433));
#14351=CARTESIAN_POINT('',(-0.24511616429504,-1.28069930911227,-2.94330525739401));
#14352=VECTOR('',#18377,1000.0);
#14353=CARTESIAN_POINT('',(-0.0201161642895196,-1.28069930911227,-1.87091433377));
#14354=AXIS2_PLACEMENT_3D('',#18378,#18379,#18380);
#14355=CARTESIAN_POINT('',(0.314883835705061,-1.28069930911227,-2.064326673945));
#14356=CARTESIAN_POINT('',(0.314883835705061,-1.28069930911227,-2.064326673945));
#14357=VECTOR('',#18381,1000.0);
#14358=CARTESIAN_POINT('',(0.554883835704961,-1.28069930911227,-1.925762609339));
#14359=AXIS2_PLACEMENT_3D('',#18382,#18383,#18384);
#14360=CARTESIAN_POINT('',(0.554883835704733,-1.28069930911227,-1.05855317125298));
#14361=CARTESIAN_POINT('',(0.55488383570486,-1.28069930911227,-1.92576260933901));
#14362=VECTOR('',#18385,1000.0);
#14363=CARTESIAN_POINT('',(0.31488383570096,-1.28069930911227,-0.919989106650004));
#14364=AXIS2_PLACEMENT_3D('',#18386,#18387,#18388);
#14365=CARTESIAN_POINT('',(-0.0201161642946596,-1.28069930911227,-1.113401446826));
#14366=CARTESIAN_POINT('',(-0.0201161642946596,-1.28069930911227,-1.113401446826));
#14367=VECTOR('',#18389,1000.0);
#14368=CARTESIAN_POINT('',(-0.245116164294939,-1.28069930911227,-0.983497636258004));
#14369=AXIS2_PLACEMENT_3D('',#18390,#18391,#18392);
#14370=CARTESIAN_POINT('',(-0.24511616429504,-1.28069930911227,-0.300000000000005));
#14371=CARTESIAN_POINT('',(-0.24511616429504,-1.28069930911227,-0.983497636258004));
#14372=VECTOR('',#18393,1000.0);
#14373=CARTESIAN_POINT('',(3.18988383569556,-1.28069930911232,-0.300000000000005));
#14374=CARTESIAN_POINT('',(-0.24511616429504,-1.28069930911227,-0.300000000000005));
#14375=VECTOR('',#18394,1000.0);
#14376=CARTESIAN_POINT('',(3.18988383569556,-1.28069930911227,-1.149999999998));
#14377=CARTESIAN_POINT('',(3.18988383569556,-1.28069930911227,-1.149999999998));
#14378=VECTOR('',#18395,1000.0);
#14379=CARTESIAN_POINT('',(2.46988383569556,-1.28069930911227,-1.149999999998));
#14380=CARTESIAN_POINT('',(2.46988383569556,-1.28069930911227,-1.149999999998));
#14381=VECTOR('',#18396,1000.0);
#14382=CARTESIAN_POINT('',(2.16988383569556,-1.28069930911227,-1.449999999998));
#14383=AXIS2_PLACEMENT_3D('',#18397,#18398,#18399);
#14384=CARTESIAN_POINT('',(2.16988383569556,-1.28069930911227,-2.749999999998));
#14385=CARTESIAN_POINT('',(2.16988383569556,-1.28069930911227,-1.449999999998));
#14386=VECTOR('',#18400,1000.0);
#14387=CARTESIAN_POINT('',(2.46988383569556,-1.28069930911227,-3.049999999998));
#14388=AXIS2_PLACEMENT_3D('',#18401,#18402,#18403);
#14389=CARTESIAN_POINT('',(2.46988383569556,-1.28069930911227,-3.049999999998));
#14390=VECTOR('',#18404,1000.0);
#14391=CARTESIAN_POINT('',(2.15381781851756,-1.58069930911227,-5.756066017176));
#14392=CARTESIAN_POINT('',(2.15381781851756,-1.58069930911227,-5.756066017176));
#14393=VECTOR('',#18405,1000.0);
#14394=CARTESIAN_POINT('',(2.15381781851755,-1.38676539401113,-5.75606601717599));
#14395=CARTESIAN_POINT('',(2.15381781851756,-1.38676532629027,-5.756066017176));
#14396=VECTOR('',#18406,1000.0);
#14397=CARTESIAN_POINT('',(2.26988365767038,-1.2706993018462,-5.64000017802319));
#14398=VECTOR('',#18407,1000.0);
#14399=CARTESIAN_POINT('',(0.52488383569556,-1.32069930911227,-4.94999999999801));
#14400=CARTESIAN_POINT('',(0.21488383570026,-1.32069930911227,-4.94999999999801));
#14401=VECTOR('',#18408,1000.0);
#14402=CARTESIAN_POINT('',(0.52488383569556,-1.58069930911227,-4.94999999999801));
#14403=CARTESIAN_POINT('',(0.52488383569556,-1.58069930911227,-4.94999999999801));
#14404=VECTOR('',#18409,1000.0);
#14405=CARTESIAN_POINT('',(-0.0951161642949896,-1.58069930911227,-4.94999999999801));
#14406=VECTOR('',#18410,1000.0);
#14407=CARTESIAN_POINT('',(-2.50224819866044,-1.29157940712442,-5.407867965642));
#14408=AXIS2_PLACEMENT_3D('',#18411,#18412,#18413);
#14409=CARTESIAN_POINT('',(-2.50224819866044,-1.58069930911227,-5.407867965642));
#14410=CARTESIAN_POINT('',(-2.50224819866044,-1.28069930911227,-5.407867965642));
#14411=VECTOR('',#18414,1000.0);
#14412=AXIS2_PLACEMENT_3D('',#18415,#18416,#18417);
#14413=CARTESIAN_POINT('',(-2.2492359265175,-1.29157940712442,-5.66088023778494));
#14414=CARTESIAN_POINT('',(0.417383835694061,-1.29157940712442,-8.3274999999965));
#14415=VECTOR('',#18418,1000.0);
#14416=CARTESIAN_POINT('',(-2.15405011822472,-1.38676538905245,-5.75606604607769));
#14417=CARTESIAN_POINT('',(-1.84059465925933,-1.7002215651804,-6.06952150504312));
#14418=VECTOR('',#18419,1000.0);
#14419=CARTESIAN_POINT('',(-2.15405014712644,-1.58069930911227,-5.756066017176));
#14420=CARTESIAN_POINT('',(-2.15405014712644,-1.58069930911227,-5.756066017176));
#14421=VECTOR('',#18420,1000.0);
#14422=CARTESIAN_POINT('',(-2.50224819866044,-1.58069930911227,-5.407867965642));
#14423=VECTOR('',#18421,1000.0);
#14424=CARTESIAN_POINT('',(2.02158857563555,1.27930069088773,-4.599999999998));
#14425=CARTESIAN_POINT('',(1.5281790957557,1.27930069088779,-4.599999999998));
#14426=CARTESIAN_POINT('',(2.02158857563556,1.27930069088773,-4.599999999998));
#14427=VECTOR('',#18422,1000.0);
#14428=CARTESIAN_POINT('',(1.59067413869156,1.13868684428173,-4.599999999998));
#14429=CARTESIAN_POINT('',(1.39484576242256,1.57930069088773,-4.599999999998));
#14430=VECTOR('',#18423,1000.0);
#14431=CARTESIAN_POINT('',(1.68205529355356,1.07930069088773,-4.599999999998));
#14432=AXIS2_PLACEMENT_3D('',#18424,#18425,#18426);
#14433=CARTESIAN_POINT('',(1.86771237783756,1.07930069088773,-4.599999999998));
#14434=CARTESIAN_POINT('',(1.68205529355356,1.07930069088773,-4.599999999998));
#14435=VECTOR('',#18427,1000.0);
#14436=CARTESIAN_POINT('',(1.95909353269956,1.13868684428173,-4.599999999998));
#14437=AXIS2_PLACEMENT_3D('',#18428,#18429,#18430);
#14438=CARTESIAN_POINT('',(1.95909353269956,1.13868684428173,-4.599999999998));
#14439=VECTOR('',#18431,1000.0);
#14440=CARTESIAN_POINT('',(-2.0228209042443,1.27930069088779,-4.599999999998));
#14441=CARTESIAN_POINT('',(-1.52941142436445,1.27930069088773,-4.599999999998));
#14442=CARTESIAN_POINT('',(-2.02282090424444,1.27930069088773,-4.599999999998));
#14443=VECTOR('',#18432,1000.0);
#14444=CARTESIAN_POINT('',(-1.96032586130844,1.13868684428173,-4.599999999998));
#14445=CARTESIAN_POINT('',(-2.15615423757744,1.57930069088773,-4.599999999998));
#14446=VECTOR('',#18433,1000.0);
#14447=CARTESIAN_POINT('',(-1.86894470644644,1.07930069088773,-4.599999999998));
#14448=AXIS2_PLACEMENT_3D('',#18434,#18435,#18436);
#14449=CARTESIAN_POINT('',(-1.68328762216244,1.07930069088773,-4.599999999998));
#14450=CARTESIAN_POINT('',(1.68205529355356,1.07930069088773,-4.599999999998));
#14451=VECTOR('',#18437,1000.0);
#14452=CARTESIAN_POINT('',(-1.59190646730044,1.13868684428173,-4.599999999998));
#14453=AXIS2_PLACEMENT_3D('',#18438,#18439,#18440);
#14454=CARTESIAN_POINT('',(-1.59190646730044,1.13868684428173,-4.599999999998));
#14455=VECTOR('',#18441,1000.0);
#14456=CARTESIAN_POINT('',(-1.48645655186706,-1.3728477722311,-4.599999999998));
#14457=CARTESIAN_POINT('',(-1.52741142436444,-1.28069930911227,-4.599999999998));
#14458=VECTOR('',#18442,1000.0);
#14459=CARTESIAN_POINT('',(-1.16662250984944,-1.58069930911227,-4.599999999998));
#14460=AXIS2_PLACEMENT_3D('',#18443,#18444,#18445);
#14461=CARTESIAN_POINT('',(-2.38160981875944,-1.58069930911227,-4.599999999998));
#14462=CARTESIAN_POINT('',(-2.38160981875944,-1.58069930911227,-4.599999999998));
#14463=VECTOR('',#18446,1000.0);
#14464=CARTESIAN_POINT('',(-2.06177577674173,-1.37284777223114,-4.599999999998));
#14465=AXIS2_PLACEMENT_3D('',#18447,#18448,#18449);
#14466=CARTESIAN_POINT('',(-2.06177577674144,-1.37284777223127,-4.599999999998));
#14467=VECTOR('',#18450,1000.0);
#14468=CARTESIAN_POINT('',(2.06254344813294,-1.3728477722311,-4.599999999998));
#14469=CARTESIAN_POINT('',(2.02158857563556,-1.28069930911227,-4.599999999998));
#14470=VECTOR('',#18451,1000.0);
#14471=CARTESIAN_POINT('',(2.38237749015056,-1.58069930911227,-4.599999999998));
#14472=AXIS2_PLACEMENT_3D('',#18452,#18453,#18454);
#14473=CARTESIAN_POINT('',(1.16739018124056,-1.58069930911227,-4.599999999998));
#14474=CARTESIAN_POINT('',(1.16739018124056,-1.58069930911227,-4.599999999998));
#14475=VECTOR('',#18455,1000.0);
#14476=CARTESIAN_POINT('',(1.48722422325827,-1.37284777223114,-4.599999999998));
#14477=AXIS2_PLACEMENT_3D('',#18456,#18457,#18458);
#14478=CARTESIAN_POINT('',(1.48722422325856,-1.37284777223127,-4.599999999998));
#14479=VECTOR('',#18459,1000.0);
#14480=CARTESIAN_POINT('',(2.38237749014956,1.27930069088773,-4.499999999998));
#14481=CARTESIAN_POINT('',(2.38237749014956,1.27930069088773,-5.09999999999801));
#14482=VECTOR('',#18460,1000.0);
#14483=CARTESIAN_POINT('',(2.33668691271856,1.24960761418973,-4.499999999998));
#14484=AXIS2_PLACEMENT_3D('',#18461,#18462,#18463);
#14485=CARTESIAN_POINT('',(2.33668691271856,1.24960761418973,-4.599999999998));
#14486=VECTOR('',#18464,1000.0);
#14487=CARTESIAN_POINT('',(1.16739018124156,1.27930069088773,-4.499999999998));
#14488=CARTESIAN_POINT('',(1.16739018124156,1.27930069088773,-4.599999999998));
#14489=VECTOR('',#18465,1000.0);
#14490=CARTESIAN_POINT('',(1.2130763235666,1.24961759317738,-4.499999999998));
#14491=CARTESIAN_POINT('',(1.21307638920156,1.24961744549873,-5.09999999999801));
#14492=VECTOR('',#18466,1000.0);
#14493=AXIS2_PLACEMENT_3D('',#18467,#18468,#18469);
#14494=CARTESIAN_POINT('',(-1.16862250985044,1.27930069088773,-4.499999999998));
#14495=CARTESIAN_POINT('',(-1.16862250985044,1.27930069088773,-5.10585328085401));
#14496=VECTOR('',#18470,1000.0);
#14497=CARTESIAN_POINT('',(-1.21431308728144,1.24960761418972,-4.499999999998));
#14498=AXIS2_PLACEMENT_3D('',#18471,#18472,#18473);
#14499=CARTESIAN_POINT('',(-1.21431308728144,1.24960761418973,-4.599999999998));
#14500=VECTOR('',#18474,1000.0);
#14501=CARTESIAN_POINT('',(-2.38360981875844,1.27930069088773,-4.499999999998));
#14502=CARTESIAN_POINT('',(-2.38360981875844,1.27930069088773,-4.599999999998));
#14503=VECTOR('',#18475,1000.0);
#14504=CARTESIAN_POINT('',(-2.33792366549435,1.24961756856502,-4.499999999998));
#14505=CARTESIAN_POINT('',(-2.33792366549244,1.24961756856073,-5.09999999999801));
#14506=VECTOR('',#18476,1000.0);
#14507=AXIS2_PLACEMENT_3D('',#18477,#18478,#18479);
#14508=CARTESIAN_POINT('',(-2.33592366549212,-1.25101618678556,-4.499999999998));
#14509=AXIS2_PLACEMENT_3D('',#18480,#18481,#18482);
#14510=CARTESIAN_POINT('',(-2.33592366549244,-1.25101618678627,-4.599999999998));
#14511=VECTOR('',#18483,1000.0);
#14512=CARTESIAN_POINT('',(-1.21231308728044,-1.25100623241527,-4.499999999998));
#14513=CARTESIAN_POINT('',(-1.21231308728044,-1.25100623241527,-5.09999999999801));
#14514=VECTOR('',#18484,1000.0);
#14515=AXIS2_PLACEMENT_3D('',#18485,#18486,#18487);
#14516=CARTESIAN_POINT('',(1.21307633450788,-1.25101618678555,-4.499999999998));
#14517=AXIS2_PLACEMENT_3D('',#18488,#18489,#18490);
#14518=CARTESIAN_POINT('',(1.21307633450756,-1.25101618678627,-4.599999999998));
#14519=VECTOR('',#18491,1000.0);
#14520=CARTESIAN_POINT('',(2.33668691271957,-1.25100623241528,-4.499999999998));
#14521=CARTESIAN_POINT('',(2.33668691271956,-1.25100623241527,-5.09999999999801));
#14522=VECTOR('',#18492,1000.0);
#14523=AXIS2_PLACEMENT_3D('',#18493,#18494,#18495);
#14524=CARTESIAN_POINT('',(2.04775180133957,-1.43069939085859,-5.79999999999801));
#14525=AXIS2_PLACEMENT_3D('',#18496,#18497,#18498);
#14526=CARTESIAN_POINT('',(0.524883835704843,-1.43069930911227,-5.79999999999801));
#14527=CARTESIAN_POINT('',(-2.47511616430444,-1.4306994726049,-5.79999999999801));
#14528=VECTOR('',#18499,1000.0);
#14529=CARTESIAN_POINT('',(0.52488383570496,-1.32069930911227,-5.689999999998));
#14530=CARTESIAN_POINT('',(0.52488383570366,-1.28069930911227,-5.64999999999801));
#14531=VECTOR('',#18500,1000.0);
#14532=CARTESIAN_POINT('',(0.84988383569246,-1.32069930911227,-5.689999999998));
#14533=CARTESIAN_POINT('',(-0.000116164307498491,-1.32069930911227,-5.6900000762944));
#14534=VECTOR('',#18501,1000.0);
#14535=CARTESIAN_POINT('',(0.84988383569246,-1.35569930911227,-5.724999999998));
#14536=VECTOR('',#18502,1000.0);
#14537=AXIS2_PLACEMENT_3D('',#18503,#18504,#18505);
#14538=AXIS2_PLACEMENT_3D('',#18506,#18507,#18508);
#14539=CARTESIAN_POINT('',(-0.355116163901239,-1.32069930911227,-5.09142135609647));
#14540=CARTESIAN_POINT('',(-0.355116165906439,-1.58069930911227,-5.091421356805));
#14541=CARTESIAN_POINT('',(-0.355116163757939,-1.28069930911227,-5.091421356046));
#14542=VECTOR('',#18509,1000.0);
#14543=CARTESIAN_POINT('',(-0.255116164295039,-1.32069930911227,-4.94999999999801));
#14544=AXIS2_PLACEMENT_3D('',#18510,#18511,#18512);
#14545=CARTESIAN_POINT('',(-0.255116164295039,-1.58069930911227,-4.94999999999801));
#14546=CARTESIAN_POINT('',(-0.255116164295039,-1.58069930911227,-4.94999999999801));
#14547=VECTOR('',#18513,1000.0);
#14548=AXIS2_PLACEMENT_3D('',#18514,#18515,#18516);
#14549=CARTESIAN_POINT('',(-0.85011616430754,-1.29157940712442,-5.66088023778494));
#14550=CARTESIAN_POINT('',(4.14488383569256,-1.29157940712442,-5.66088023778494));
#14551=VECTOR('',#18517,1000.0);
#14552=CARTESIAN_POINT('',(-0.85011616430754,-1.32069930911227,-5.689999999998));
#14553=CARTESIAN_POINT('',(-0.85011616430754,-0.885699183769042,-5.25500089920662));
#14554=VECTOR('',#18518,1000.0);
#14555=CARTESIAN_POINT('',(-0.460547851902122,-1.32069930911227,-5.689999999998));
#14556=CARTESIAN_POINT('',(-1.15155014712144,-1.32069930911227,-5.6900000762944));
#14557=VECTOR('',#18519,1000.0);
#14558=CARTESIAN_POINT('',(-0.60511616429504,-1.43069939085859,-5.79999999999801));
#14559=AXIS2_PLACEMENT_3D('',#18520,#18521,#18522);
#14560=CARTESIAN_POINT('',(-2.04798412994844,-1.4306994726049,-5.79999999999801));
#14561=CARTESIAN_POINT('',(-1.15155014712144,-1.4306994726049,-5.79999999999801));
#14562=VECTOR('',#18523,1000.0);
#14563=AXIS2_PLACEMENT_3D('',#18524,#18525,#18526);
#14564=CARTESIAN_POINT('',(2.06254344813285,-1.37284777223114,-5.09999999999801));
#14565=CARTESIAN_POINT('',(2.06254344813256,-1.37284777223127,-5.09999999999801));
#14566=VECTOR('',#18527,1000.0);
#14567=CARTESIAN_POINT('',(2.06254344813256,-1.37284777223127,-4.599999999998));
#14568=VECTOR('',#18528,1000.0);
#14569=CARTESIAN_POINT('',(1.59067413869156,-1.14008546250727,-4.599999999998));
#14570=CARTESIAN_POINT('',(1.59067413869156,-1.14008546250727,-4.599999999998));
#14571=VECTOR('',#18529,1000.0);
#14572=CARTESIAN_POINT('',(1.59067413869156,-1.14008546250727,-4.499999999998));
#14573=CARTESIAN_POINT('',(1.59067413869156,-1.14008546250727,-4.599999999998));
#14574=VECTOR('',#18530,1000.0);
#14575=CARTESIAN_POINT('',(1.97567678481762,-0.273829508723493,-4.499999999998));
#14576=VECTOR('',#18531,1000.0);
#14577=CARTESIAN_POINT('',(-1.48645655186715,-1.37284777223114,-5.09999999999801));
#14578=CARTESIAN_POINT('',(-1.48645655186744,-1.37284777223127,-5.09999999999801));
#14579=VECTOR('',#18532,1000.0);
#14580=CARTESIAN_POINT('',(-1.48645655186744,-1.37284777223127,-4.599999999998));
#14581=VECTOR('',#18533,1000.0);
#14582=CARTESIAN_POINT('',(-1.95832586130844,-1.14008546250727,-4.599999999998));
#14583=CARTESIAN_POINT('',(-1.95832586130844,-1.14008546250727,-4.599999999998));
#14584=VECTOR('',#18534,1000.0);
#14585=CARTESIAN_POINT('',(-1.95832586130844,-1.14008546250727,-4.499999999998));
#14586=CARTESIAN_POINT('',(-1.95832586130844,-1.14008546250727,-4.599999999998));
#14587=VECTOR('',#18535,1000.0);
#14588=CARTESIAN_POINT('',(-0.987921153326869,1.04332513045162,-4.499999999998));
#14589=VECTOR('',#18536,1000.0);
#14590=CARTESIAN_POINT('',(-2.06377577674154,1.37144915400635,-4.59999999999798));
#14591=CARTESIAN_POINT('',(-2.02282090424444,1.27930069088773,-4.599999999998));
#14592=VECTOR('',#18537,1000.0);
#14593=CARTESIAN_POINT('',(-2.06377577674144,1.37144915400573,-4.599999999998));
#14594=VECTOR('',#18538,1000.0);
#14595=CARTESIAN_POINT('',(-1.52941142436445,1.27930069088773,-4.499999999998));
#14596=CARTESIAN_POINT('',(-1.52941142436445,1.27930069088773,-5.239999999998));
#14597=VECTOR('',#18539,1000.0);
#14598=CARTESIAN_POINT('',(-1.59190646730044,1.13868684428173,-4.499999999998));
#14599=CARTESIAN_POINT('',(-1.59190646730044,1.13868684428173,-4.599999999998));
#14600=VECTOR('',#18540,1000.0);
#14601=CARTESIAN_POINT('',(-1.52767200002528,1.28321439565087,-4.499999999998));
#14602=VECTOR('',#18541,1000.0);
#14603=CARTESIAN_POINT('',(1.48722422325845,1.37144915400614,-4.599999999998));
#14604=CARTESIAN_POINT('',(1.52817909575556,1.27930069088773,-4.599999999998));
#14605=VECTOR('',#18542,1000.0);
#14606=CARTESIAN_POINT('',(1.48722422325856,1.37144915400573,-4.599999999998));
#14607=VECTOR('',#18543,1000.0);
#14608=CARTESIAN_POINT('',(2.02158857563555,1.27930069088773,-4.499999999998));
#14609=CARTESIAN_POINT('',(2.02158857563555,1.27930069088773,-5.09999999999801));
#14610=VECTOR('',#18544,1000.0);
#14611=CARTESIAN_POINT('',(1.95909353269956,1.13868684428173,-4.499999999998));
#14612=CARTESIAN_POINT('',(1.95909353269956,1.13868684428173,-4.599999999998));
#14613=VECTOR('',#18545,1000.0);
#14614=CARTESIAN_POINT('',(1.95909353269956,1.13868684428173,-4.499999999998));
#14615=VECTOR('',#18546,1000.0);
#14616=CARTESIAN_POINT('',(4.14488383569256,0.149300690887527,-6.499999999998));
#14617=VECTOR('',#18547,1000.0);
#14618=CARTESIAN_POINT('',(1.95909353269957,-1.14008546250729,-4.599999999998));
#14619=CARTESIAN_POINT('',(1.95909353269957,-1.14008546250729,-4.499999999998));
#14620=CARTESIAN_POINT('',(1.95909353269956,-1.14008546250727,-5.09999999999801));
#14621=VECTOR('',#18548,1000.0);
#14622=CARTESIAN_POINT('',(2.15492190896956,-1.58069930911227,-4.599999999998));
#14623=VECTOR('',#18549,1000.0);
#14624=CARTESIAN_POINT('',(0.988523876264049,1.04369626447492,-4.499999999998));
#14625=VECTOR('',#18550,1000.0);
#14626=CARTESIAN_POINT('',(1.48722422325818,-1.3728477722311,-5.09999999999801));
#14627=CARTESIAN_POINT('',(1.48722422325856,-1.37284777223127,-5.09999999999801));
#14628=VECTOR('',#18551,1000.0);
#14629=CARTESIAN_POINT('',(1.52817909575556,-1.28069930911227,-5.09999999999801));
#14630=VECTOR('',#18552,1000.0);
#14631=CARTESIAN_POINT('',(2.23323699728656,-1.01824392269128,-4.499999999998));
#14632=CARTESIAN_POINT('',(2.23323699728656,-1.01824392269127,-4.599999999998));
#14633=VECTOR('',#18553,1000.0);
#14634=CARTESIAN_POINT('',(1.26266734084913,1.16553780429052,-4.499999999998));
#14635=VECTOR('',#18554,1000.0);
#14636=CARTESIAN_POINT('',(1.86771237783756,-0.780699309112173,-4.499999999998));
#14637=CARTESIAN_POINT('',(1.86771237783756,-0.780699309112173,-5.09999999999801));
#14638=VECTOR('',#18555,1000.0);
#14639=AXIS2_PLACEMENT_3D('',#18556,#18557,#18558);
#14640=CARTESIAN_POINT('',(1.68205529355356,-0.780699309112173,-4.499999999998));
#14641=CARTESIAN_POINT('',(1.68205529355356,-0.780699309112173,-4.599999999998));
#14642=VECTOR('',#18559,1000.0);
#14643=CARTESIAN_POINT('',(-0.000116164307498491,-0.780699309112473,-4.499999999998));
#14644=VECTOR('',#18560,1000.0);
#14645=CARTESIAN_POINT('',(1.31653067410557,-1.01824392269125,-4.499999999998));
#14646=CARTESIAN_POINT('',(1.31653067410556,-1.01824392269127,-5.09999999999801));
#14647=VECTOR('',#18561,1000.0);
#14648=AXIS2_PLACEMENT_3D('',#18562,#18563,#18564);
#14649=CARTESIAN_POINT('',(1.70153332023104,-0.151987968907255,-4.499999999998));
#14650=VECTOR('',#18565,1000.0);
#14651=CARTESIAN_POINT('',(1.68205529355356,-1.08069930911227,-4.599999999998));
#14652=AXIS2_PLACEMENT_3D('',#18566,#18567,#18568);
#14653=CARTESIAN_POINT('',(1.68205529355356,-1.08069930911227,-4.499999999998));
#14654=CARTESIAN_POINT('',(1.68205529355356,-1.08069930911227,-5.09999999999801));
#14655=VECTOR('',#18569,1000.0);
#14656=AXIS2_PLACEMENT_3D('',#18570,#18571,#18572);
#14657=CARTESIAN_POINT('',(1.86771237783756,-1.08069930911227,-4.599999999998));
#14658=CARTESIAN_POINT('',(1.86771237783756,-1.08069930911227,-4.599999999998));
#14659=VECTOR('',#18573,1000.0);
#14660=CARTESIAN_POINT('',(1.86771237783756,-1.08069930911227,-4.499999999998));
#14661=CARTESIAN_POINT('',(1.86771237783756,-1.08069930911227,-4.599999999998));
#14662=VECTOR('',#18574,1000.0);
#14663=CARTESIAN_POINT('',(-0.000116164307498491,-1.08069930911227,-4.499999999998));
#14664=VECTOR('',#18575,1000.0);
#14665=AXIS2_PLACEMENT_3D('',#18576,#18577,#18578);
#14666=AXIS2_PLACEMENT_3D('',#18579,#18580,#18581);
#14667=CARTESIAN_POINT('',(-1.58990646730044,-1.14008546250727,-4.599999999998));
#14668=CARTESIAN_POINT('',(-1.58990646730044,-1.14008546250727,-4.499999999998));
#14669=CARTESIAN_POINT('',(-1.58990646730044,-1.14008546250727,-5.09999999999801));
#14670=VECTOR('',#18582,1000.0);
#14671=CARTESIAN_POINT('',(-1.39407809103044,-1.58069930911227,-4.599999999998));
#14672=VECTOR('',#18583,1000.0);
#14673=CARTESIAN_POINT('',(-1.9750740618802,-0.273458374700412,-4.499999999998));
#14674=VECTOR('',#18584,1000.0);
#14675=CARTESIAN_POINT('',(-2.06177577674182,-1.3728477722311,-5.09999999999801));
#14676=CARTESIAN_POINT('',(-2.06177577674144,-1.37284777223127,-5.09999999999801));
#14677=VECTOR('',#18585,1000.0);
#14678=CARTESIAN_POINT('',(-2.02082090424444,-1.28069930911227,-5.09999999999801));
#14679=VECTOR('',#18586,1000.0);
#14680=CARTESIAN_POINT('',(-2.23446932589544,1.01684530446573,-4.499999999998));
#14681=CARTESIAN_POINT('',(-2.23446932589544,1.01684530446573,-4.599999999998));
#14682=VECTOR('',#18587,1000.0);
#14683=CARTESIAN_POINT('',(-1.71280688595495,-0.156895185400289,-4.499999999998));
#14684=VECTOR('',#18588,1000.0);
#14685=CARTESIAN_POINT('',(-1.31776300271344,1.01684530446573,-4.499999999998));
#14686=CARTESIAN_POINT('',(-1.31776300271344,1.01684530446573,-5.09999999999801));
#14687=VECTOR('',#18589,1000.0);
#14688=CARTESIAN_POINT('',(-1.25352853543907,1.1613728558348,-4.499999999998));
#14689=VECTOR('',#18590,1000.0);
#14690=CARTESIAN_POINT('',(-1.68328762216244,0.779300690887527,-4.499999999998));
#14691=CARTESIAN_POINT('',(-1.68328762216244,0.779300690887527,-4.599999999998));
#14692=VECTOR('',#18591,1000.0);
#14693=AXIS2_PLACEMENT_3D('',#18592,#18593,#18594);
#14694=CARTESIAN_POINT('',(-1.86894470644644,0.779300690887527,-4.499999999998));
#14695=CARTESIAN_POINT('',(-1.86894470644644,0.779300690887527,-5.09999999999801));
#14696=VECTOR('',#18595,1000.0);
#14697=CARTESIAN_POINT('',(-0.000116164307498491,0.779300690887527,-4.499999999998));
#14698=VECTOR('',#18596,1000.0);
#14699=AXIS2_PLACEMENT_3D('',#18597,#18598,#18599);
#14700=CARTESIAN_POINT('',(-1.96032586130844,1.13868684428173,-4.499999999998));
#14701=CARTESIAN_POINT('',(-1.96032586130844,1.13868684428173,-5.09999999999801));
#14702=VECTOR('',#18600,1000.0);
#14703=CARTESIAN_POINT('',(-2.0228209042441,1.27930069088773,-4.499999999998));
#14704=CARTESIAN_POINT('',(-2.0228209042441,1.27930069088773,-4.549999999998));
#14705=VECTOR('',#18601,1000.0);
#14706=CARTESIAN_POINT('',(-1.43866342136782,-0.0350536455837793,-4.499999999998));
#14707=VECTOR('',#18602,1000.0);
#14708=CARTESIAN_POINT('',(-1.48845655186743,1.37144915400639,-4.599999999998));
#14709=CARTESIAN_POINT('',(-1.48845655186744,1.37144915400673,-4.599999999998));
#14710=VECTOR('',#18603,1000.0);
#14711=CARTESIAN_POINT('',(-1.48845655186744,1.37144915400573,-5.09999999999801));
#14712=VECTOR('',#18604,1000.0);
#14713=CARTESIAN_POINT('',(-1.68328762216244,1.07930069088773,-4.499999999998));
#14714=CARTESIAN_POINT('',(-1.68328762216244,1.07930069088773,-5.09999999999801));
#14715=VECTOR('',#18605,1000.0);
#14716=AXIS2_PLACEMENT_3D('',#18606,#18607,#18608);
#14717=CARTESIAN_POINT('',(-1.86894470644644,1.07930069088773,-4.499999999998));
#14718=CARTESIAN_POINT('',(-1.86894470644644,1.07930069088773,-4.599999999998));
#14719=VECTOR('',#18609,1000.0);
#14720=CARTESIAN_POINT('',(-0.000116164307498491,1.07930069088773,-4.499999999998));
#14721=VECTOR('',#18610,1000.0);
#14722=AXIS2_PLACEMENT_3D('',#18611,#18612,#18613);
#14723=CARTESIAN_POINT('',(1.59067413869156,1.13868684428173,-4.499999999998));
#14724=CARTESIAN_POINT('',(1.59067413869156,1.13868684428173,-5.09999999999801));
#14725=VECTOR('',#18614,1000.0);
#14726=CARTESIAN_POINT('',(1.52817909575591,1.27930069088773,-4.499999999998));
#14727=CARTESIAN_POINT('',(1.52817909575591,1.27930069088773,-4.549999999998));
#14728=VECTOR('',#18615,1000.0);
#14729=CARTESIAN_POINT('',(1.39484576242256,1.57930069088773,-4.499999999998));
#14730=VECTOR('',#18616,1000.0);
#14731=CARTESIAN_POINT('',(2.06254344813257,1.37144915400639,-4.599999999998));
#14732=CARTESIAN_POINT('',(2.06254344813256,1.37144915400673,-4.599999999998));
#14733=VECTOR('',#18617,1000.0);
#14734=CARTESIAN_POINT('',(2.06254344813256,1.37144915400573,-5.09999999999801));
#14735=VECTOR('',#18618,1000.0);
#14736=CARTESIAN_POINT('',(1.86771237783756,1.07930069088773,-4.499999999998));
#14737=CARTESIAN_POINT('',(1.86771237783756,1.07930069088773,-5.09999999999801));
#14738=VECTOR('',#18619,1000.0);
#14739=AXIS2_PLACEMENT_3D('',#18620,#18621,#18622);
#14740=CARTESIAN_POINT('',(1.31653067410556,1.01684530446573,-4.499999999998));
#14741=CARTESIAN_POINT('',(1.31653067410556,1.01684530446573,-4.599999999998));
#14742=VECTOR('',#18623,1000.0);
#14743=CARTESIAN_POINT('',(1.31653067410556,1.01684530446573,-4.499999999998));
#14744=VECTOR('',#18624,1000.0);
#14745=CARTESIAN_POINT('',(1.68205529355356,0.779300690887527,-4.499999999998));
#14746=CARTESIAN_POINT('',(1.68205529355356,0.779300690887527,-5.09999999999801));
#14747=VECTOR('',#18625,1000.0);
#14748=AXIS2_PLACEMENT_3D('',#18626,#18627,#18628);
#14749=CARTESIAN_POINT('',(1.86771237783756,0.779300690887527,-4.499999999998));
#14750=CARTESIAN_POINT('',(1.86771237783756,0.779300690887527,-4.599999999998));
#14751=VECTOR('',#18629,1000.0);
#14752=CARTESIAN_POINT('',(-0.000116164307498491,0.779300690887527,-4.499999999998));
#14753=VECTOR('',#18630,1000.0);
#14754=CARTESIAN_POINT('',(2.23323699728655,1.01684530446572,-4.499999999998));
#14755=CARTESIAN_POINT('',(2.23323699728656,1.01684530446573,-5.09999999999801));
#14756=VECTOR('',#18631,1000.0);
#14757=AXIS2_PLACEMENT_3D('',#18632,#18633,#18634);
#14758=CARTESIAN_POINT('',(2.34988383569556,1.27930069088773,-4.499999999998));
#14759=VECTOR('',#18635,1000.0);
#14760=CARTESIAN_POINT('',(1.68205529355356,1.07930069088773,-4.499999999998));
#14761=CARTESIAN_POINT('',(1.68205529355356,1.07930069088773,-4.599999999998));
#14762=VECTOR('',#18636,1000.0);
#14763=CARTESIAN_POINT('',(-0.000116164307498491,1.07930069088773,-4.499999999998));
#14764=VECTOR('',#18637,1000.0);
#14765=AXIS2_PLACEMENT_3D('',#18638,#18639,#18640);
#14766=CARTESIAN_POINT('',(-2.94511616430744,0.604300690887527,-3.19999999999801));
#14767=CARTESIAN_POINT('',(-2.94511616430744,0.604300690887527,-4.599999999998));
#14768=VECTOR('',#18641,1000.0);
#14769=CARTESIAN_POINT('',(2.94488383569256,0.604300690887527,-3.19999999999801));
#14770=CARTESIAN_POINT('',(2.94488383569256,0.604300690887527,-3.19999999999801));
#14771=VECTOR('',#18642,1000.0);
#14772=CARTESIAN_POINT('',(2.94488383569256,0.604300690887527,-3.19999999999801));
#14773=VECTOR('',#18643,1000.0);
#14774=CARTESIAN_POINT('',(-1.86694470644644,-1.08069930911227,-4.599999999998));
#14775=AXIS2_PLACEMENT_3D('',#18644,#18645,#18646);
#14776=CARTESIAN_POINT('',(-1.86694470644644,-1.08069930911227,-4.499999999998));
#14777=CARTESIAN_POINT('',(-1.86694470644644,-1.08069930911227,-5.09999999999801));
#14778=VECTOR('',#18647,1000.0);
#14779=AXIS2_PLACEMENT_3D('',#18648,#18649,#18650);
#14780=CARTESIAN_POINT('',(-1.68128762216244,-1.08069930911227,-4.599999999998));
#14781=CARTESIAN_POINT('',(1.86771237783756,-1.08069930911227,-4.599999999998));
#14782=VECTOR('',#18651,1000.0);
#14783=CARTESIAN_POINT('',(-1.68128762216244,-1.08069930911227,-4.499999999998));
#14784=CARTESIAN_POINT('',(-1.68128762216244,-1.08069930911227,-4.599999999998));
#14785=VECTOR('',#18652,1000.0);
#14786=CARTESIAN_POINT('',(-0.000116164307498491,-1.08069930911227,-4.499999999998));
#14787=VECTOR('',#18653,1000.0);
#14788=AXIS2_PLACEMENT_3D('',#18654,#18655,#18656);
#14789=AXIS2_PLACEMENT_3D('',#18657,#18658,#18659);
#14790=CARTESIAN_POINT('',(-1.31576300271444,-1.01824392269127,-4.499999999998));
#14791=CARTESIAN_POINT('',(-1.31576300271444,-1.01824392269127,-4.599999999998));
#14792=VECTOR('',#18660,1000.0);
#14793=CARTESIAN_POINT('',(-1.70093059729512,-0.15161683488481,-4.499999999998));
#14794=VECTOR('',#18661,1000.0);
#14795=CARTESIAN_POINT('',(-1.68128762216244,-0.780699309112173,-4.499999999998));
#14796=CARTESIAN_POINT('',(-1.68128762216244,-0.780699309112173,-5.09999999999801));
#14797=VECTOR('',#18662,1000.0);
#14798=AXIS2_PLACEMENT_3D('',#18663,#18664,#18665);
#14799=CARTESIAN_POINT('',(-1.86694470644644,-0.780699309112173,-4.499999999998));
#14800=CARTESIAN_POINT('',(-1.86694470644644,-0.780699309112173,-4.599999999998));
#14801=VECTOR('',#18666,1000.0);
#14802=CARTESIAN_POINT('',(-0.000116164307498491,-0.780699309112473,-4.499999999998));
#14803=VECTOR('',#18667,1000.0);
#14804=CARTESIAN_POINT('',(-2.23246932589545,-1.01824392269128,-4.499999999998));
#14805=CARTESIAN_POINT('',(-2.23246932589544,-1.01824392269127,-5.09999999999801));
#14806=VECTOR('',#18668,1000.0);
#14807=AXIS2_PLACEMENT_3D('',#18669,#18670,#18671);
#14808=CARTESIAN_POINT('',(-1.26206461791345,1.16516667026786,-4.499999999998));
#14809=VECTOR('',#18672,1000.0);
#14810=CARTESIAN_POINT('',(-4.14511616430744,-1.29157940712442,-5.31999999999801));
#14811=CARTESIAN_POINT('',(1.47238383570056,-1.29157940712442,-5.319999999998));
#14812=VECTOR('',#18673,1000.0);
#14813=CARTESIAN_POINT('',(-4.14511616430744,-1.29157940712442,-6.499999999998));
#14814=CARTESIAN_POINT('',(-4.14511616430744,-1.29157940712442,-4.599999999998));
#14815=VECTOR('',#18674,1000.0);
#14816=CARTESIAN_POINT('',(-3.60011616430744,-1.29157940712442,-6.499999999998));
#14817=CARTESIAN_POINT('',(4.14488383569256,-1.29157940712442,-6.499999999998));
#14818=VECTOR('',#18675,1000.0);
#14819=CARTESIAN_POINT('',(-3.60011616430744,-1.29157940712442,-5.849999999998));
#14820=CARTESIAN_POINT('',(-3.60011616430744,-1.29157940712442,-4.599999999998));
#14821=VECTOR('',#18676,1000.0);
#14822=CARTESIAN_POINT('',(-0.85011616430754,-1.29157940712442,-5.849999999998));
#14823=CARTESIAN_POINT('',(1.14988383569256,-1.29157940712442,-5.849999999998));
#14824=VECTOR('',#18677,1000.0);
#14825=CARTESIAN_POINT('',(-0.85011616430754,-1.29157940712442,-4.599999999998));
#14826=VECTOR('',#18678,1000.0);
#14827=CARTESIAN_POINT('',(0.84988383569246,-1.32069930911227,-5.849999999998));
#14828=CARTESIAN_POINT('',(0.84988383569246,-1.24069930911227,-5.849999999998));
#14829=VECTOR('',#18679,1000.0);
#14830=CARTESIAN_POINT('',(-0.85011616430754,-1.32069930911227,-5.849999999998));
#14831=CARTESIAN_POINT('',(-0.85011616430754,-1.32069930911227,-5.849999999998));
#14832=VECTOR('',#18680,1000.0);
#14833=CARTESIAN_POINT('',(-0.85011616430754,-1.24069930911227,-5.849999999998));
#14834=VECTOR('',#18681,1000.0);
#14835=CARTESIAN_POINT('',(-3.60011616430744,-1.60069930911227,-5.849999999998));
#14836=CARTESIAN_POINT('',(-3.60011616430744,-1.60069930911227,-5.849999999998));
#14837=VECTOR('',#18682,1000.0);
#14838=CARTESIAN_POINT('',(3.59988383569256,-1.60069930911227,-5.849999999998));
#14839=CARTESIAN_POINT('',(-3.60011616430744,-1.60069930911227,-5.849999999998));
#14840=VECTOR('',#18683,1000.0);
#14841=CARTESIAN_POINT('',(3.59988383569256,-1.24069930911227,-5.849999999998));
#14842=VECTOR('',#18684,1000.0);
#14843=CARTESIAN_POINT('',(-2.85011598885471,0.335099411018383,-0.638939643138164));
#14844=CARTESIAN_POINT('',(-2.85011595061194,0.329300690887525,-0.625471499331644));
#14845=AXIS2_PLACEMENT_3D('',#18685,#18686,#18687);
#14846=CARTESIAN_POINT('',(-2.85011594482144,0.329300690887528,-0.638939636190005));
#14847=CARTESIAN_POINT('',(-2.85011548933102,-0.345702532529277,-0.638940046018525));
#14848=VECTOR('',#18688,1000.0);
#14849=CARTESIAN_POINT('',(-2.85011548933102,0.329300690887528,-0.150000000000004));
#14850=VECTOR('',#18689,1000.0);
#14851=CARTESIAN_POINT('',(-2.88511554441644,0.329300690887528,-0.838939616764364));
#14852=CARTESIAN_POINT('',(-2.68240519880195,0.329300690887528,0.319401860040016));
#14853=VECTOR('',#18690,1000.0);
#14854=CARTESIAN_POINT('',(-2.88511554441644,0.329300690887528,-2.99999999999801));
#14855=CARTESIAN_POINT('',(-2.88511554441644,0.329300690887528,-0.838939616764005));
#14856=VECTOR('',#18691,1000.0);
#14857=CARTESIAN_POINT('',(-3.22011616430744,0.329300690887528,-2.99999999999801));
#14858=CARTESIAN_POINT('',(-2.88511554441644,0.329300690887528,-2.99999999999801));
#14859=VECTOR('',#18692,1000.0);
#14860=CARTESIAN_POINT('',(-3.09511616430444,0.329300690887528,-2.899999999996));
#14861=CARTESIAN_POINT('',(-3.09511616430644,0.329300690887528,-2.899999999997));
#14862=VECTOR('',#18693,1000.0);
#14863=CARTESIAN_POINT('',(-2.99511616430744,0.329300690887528,-2.72679491924101));
#14864=AXIS2_PLACEMENT_3D('',#18694,#18695,#18696);
#14865=CARTESIAN_POINT('',(-2.99511616430744,0.329300690887528,-1.51999999999801));
#14866=CARTESIAN_POINT('',(-2.99511616430744,0.329300690887528,-2.72679491924101));
#14867=VECTOR('',#18697,1000.0);
#14868=CARTESIAN_POINT('',(-3.19511616430744,0.329300690887528,-1.319999999998));
#14869=AXIS2_PLACEMENT_3D('',#18698,#18699,#18700);
#14870=CARTESIAN_POINT('',(-3.24511616430744,0.329300690887528,-1.319999999998));
#14871=CARTESIAN_POINT('',(-3.19511616430744,0.329300690887528,-1.319999999998));
#14872=VECTOR('',#18701,1000.0);
#14873=CARTESIAN_POINT('',(-3.24511616430744,0.329300690887528,-0.892526056023005));
#14874=CARTESIAN_POINT('',(-3.24511616430744,0.329300690887528,-1.319999999998));
#14875=VECTOR('',#18702,1000.0);
#14876=CARTESIAN_POINT('',(-3.08954932108844,0.329300690887528,-0.350000000000005));
#14877=CARTESIAN_POINT('',(-3.08954932108844,0.329300690887528,-0.350000000000005));
#14878=VECTOR('',#18703,1000.0);
#14879=CARTESIAN_POINT('',(3.08931699247356,0.329300690887528,-0.350000000000005));
#14880=CARTESIAN_POINT('',(-3.08954932108844,0.329300690887528,-0.350000000000005));
#14881=VECTOR('',#18704,1000.0);
#14882=CARTESIAN_POINT('',(3.24488383569256,0.329300690887528,-0.892526056023005));
#14883=CARTESIAN_POINT('',(3.24488383569256,0.329300690887528,-0.892526056023005));
#14884=VECTOR('',#18705,1000.0);
#14885=CARTESIAN_POINT('',(3.24488383569256,0.329300690887528,-1.319999999998));
#14886=CARTESIAN_POINT('',(3.24488383569256,0.329300690887528,-1.319999999998));
#14887=VECTOR('',#18706,1000.0);
#14888=CARTESIAN_POINT('',(3.19488383569256,0.329300690887528,-1.319999999998));
#14889=CARTESIAN_POINT('',(3.24488383569256,0.329300690887528,-1.319999999998));
#14890=VECTOR('',#18707,1000.0);
#14891=CARTESIAN_POINT('',(2.99488383569256,0.329300690887528,-1.51999999999801));
#14892=AXIS2_PLACEMENT_3D('',#18708,#18709,#18710);
#14893=CARTESIAN_POINT('',(2.99488383569256,0.329300690887528,-2.72679491924101));
#14894=CARTESIAN_POINT('',(2.99488383569256,0.329300690887528,-1.51999999999801));
#14895=VECTOR('',#18711,1000.0);
#14896=CARTESIAN_POINT('',(3.09488383569156,0.329300690887528,-2.899999999997));
#14897=AXIS2_PLACEMENT_3D('',#18712,#18713,#18714);
#14898=CARTESIAN_POINT('',(3.21988383569256,0.329300690887528,-2.99999999999801));
#14899=CARTESIAN_POINT('',(3.21988383569256,0.329300690887528,-2.99999999999801));
#14900=VECTOR('',#18715,1000.0);
#14901=CARTESIAN_POINT('',(2.88488321580756,0.329300690887528,-2.99999999999801));
#14902=CARTESIAN_POINT('',(3.21988383569256,0.329300690887528,-2.99999999999801));
#14903=VECTOR('',#18716,1000.0);
#14904=CARTESIAN_POINT('',(2.88488321580756,0.329300690887528,-0.838939616764364));
#14905=CARTESIAN_POINT('',(2.88488321580756,0.329300690887528,-0.838939616764005));
#14906=VECTOR('',#18717,1000.0);
#14907=CARTESIAN_POINT('',(2.84988361621256,0.329300690887528,-0.638939636190005));
#14908=CARTESIAN_POINT('',(2.84988294695253,0.329300690887528,-0.638938824515784));
#14909=VECTOR('',#18718,1000.0);
#14910=CARTESIAN_POINT('',(2.84988362419148,0.329300690887524,-0.625471499334904));
#14911=CARTESIAN_POINT('',(2.84988316071608,0.329300690887528,-0.388938781160003));
#14912=VECTOR('',#18719,1000.0);
#14913=CARTESIAN_POINT('',(2.64988362419148,0.329300690887524,-0.625471480546664));
#14914=CARTESIAN_POINT('',(12.3545438989056,0.329300690887528,-0.625471579012184));
#14915=VECTOR('',#18720,1000.0);
#14916=CARTESIAN_POINT('',(2.64988361621256,0.329300690887528,-0.638939636180865));
#14917=CARTESIAN_POINT('',(2.64988316071607,0.329300690887528,-0.638938781160003));
#14918=VECTOR('',#18721,1000.0);
#14919=CARTESIAN_POINT('',(2.61488397874659,0.329300690887528,-0.838936495450424));
#14920=CARTESIAN_POINT('',(2.61488329575938,0.329300690887528,-0.838938729366655));
#14921=VECTOR('',#18722,1000.0);
#14922=CARTESIAN_POINT('',(2.61488397874656,0.329300690887528,-2.9999999999982));
#14923=CARTESIAN_POINT('',(2.61488355481056,0.329300690887528,-0.150000000000004));
#14924=VECTOR('',#18723,1000.0);
#14925=CARTESIAN_POINT('',(1.38488369264456,0.329300690887528,-2.9999999999982));
#14926=CARTESIAN_POINT('',(2.61488397874656,0.329300690887528,-2.99999999999801));
#14927=VECTOR('',#18724,1000.0);
#14928=CARTESIAN_POINT('',(1.38488369264456,0.329300690887528,-0.838939636187024));
#14929=CARTESIAN_POINT('',(1.38488374554356,0.329300690887528,-2.129854562932));
#14930=VECTOR('',#18725,1000.0);
#14931=CARTESIAN_POINT('',(1.34988359727756,0.329300690887528,-0.638939636189885));
#14932=CARTESIAN_POINT('',(1.22674627887121,0.329300690887528,0.0647015125645745));
#14933=VECTOR('',#18726,1000.0);
#14934=CARTESIAN_POINT('',(1.34988359727756,0.329300690887528,-0.625471579011465));
#14935=CARTESIAN_POINT('',(1.34988343670456,0.329300690887528,-0.150000000000004));
#14936=VECTOR('',#18727,1000.0);
#14937=CARTESIAN_POINT('',(1.14988359727689,0.329300690887528,-0.625471579011465));
#14938=CARTESIAN_POINT('',(1.34988359727756,0.329300690887528,-0.625471579010004));
#14939=VECTOR('',#18728,1000.0);
#14940=CARTESIAN_POINT('',(1.14988359727723,0.329300690887528,-0.638939636190005));
#14941=CARTESIAN_POINT('',(1.14988362743956,0.329300690887528,-0.150000000000004));
#14942=VECTOR('',#18729,1000.0);
#14943=CARTESIAN_POINT('',(1.11488350190956,0.329300690887528,-0.838939636190944));
#14944=CARTESIAN_POINT('',(1.19873319276919,0.329300690887528,-0.359799209139184));
#14945=VECTOR('',#18730,1000.0);
#14946=CARTESIAN_POINT('',(1.11488350190956,0.329300690887528,-2.9999999999982));
#14947=CARTESIAN_POINT('',(1.11488355481056,0.329300690887528,-0.150000000000004));
#14948=VECTOR('',#18731,1000.0);
#14949=CARTESIAN_POINT('',(0.88488369264386,0.329300690887528,-2.9999999999982));
#14950=CARTESIAN_POINT('',(1.11488350190956,0.329300690887528,-2.99999999999801));
#14951=VECTOR('',#18732,1000.0);
#14952=CARTESIAN_POINT('',(0.884883692643854,0.329300690887528,-1.33894251515792));
#14953=CARTESIAN_POINT('',(0.88488374554426,0.329300690887528,-4.732156161893));
#14954=VECTOR('',#18733,1000.0);
#14955=CARTESIAN_POINT('',(0.84988361621176,0.329300690887528,-1.138939809769));
#14956=CARTESIAN_POINT('',(0.849882946950691,0.329300690887528,-1.13893899809519));
#14957=VECTOR('',#18734,1000.0);
#14958=CARTESIAN_POINT('',(0.849883624191627,0.329300690887524,-1.12547131145516));
#14959=CARTESIAN_POINT('',(0.84988383569246,0.329300690887528,-5.79999999999801));
#14960=VECTOR('',#18735,1000.0);
#14961=CARTESIAN_POINT('',(0.649883581467319,0.329300690887524,-1.12547129266677));
#14962=CARTESIAN_POINT('',(-11.4002864747982,0.329300690887528,-1.12547123160525));
#14963=VECTOR('',#18736,1000.0);
#14964=CARTESIAN_POINT('',(0.649883573487463,0.329300690887528,-1.13893980976902));
#14965=CARTESIAN_POINT('',(0.64988383569246,0.329300690887528,-6.80194561351301));
#14966=VECTOR('',#18737,1000.0);
#14967=CARTESIAN_POINT('',(0.614883501909475,0.329300690887528,-1.3389391496935));
#14968=CARTESIAN_POINT('',(0.614883253038294,0.329300690887528,-1.33893890294763));
#14969=VECTOR('',#18738,1000.0);
#14970=CARTESIAN_POINT('',(0.61488350190946,0.329300690887528,-2.9999999999982));
#14971=CARTESIAN_POINT('',(0.61488355480986,0.329300690887528,-0.150000000000004));
#14972=VECTOR('',#18739,1000.0);
#14973=CARTESIAN_POINT('',(0.38488369264416,0.329300690887528,-2.9999999999982));
#14974=CARTESIAN_POINT('',(0.61488350190946,0.329300690887528,-2.99999999999801));
#14975=VECTOR('',#18740,1000.0);
#14976=CARTESIAN_POINT('',(0.38488369264416,0.329300690887528,-1.3589417522262));
#14977=CARTESIAN_POINT('',(0.38488374554336,0.329300690887528,-2.25496704109));
#14978=VECTOR('',#18741,1000.0);
#14979=CARTESIAN_POINT('',(0.34988361621076,0.329300690887528,-1.15893904683));
#14980=CARTESIAN_POINT('',(0.349882946949699,0.329300690887528,-1.15893823515619));
#14981=VECTOR('',#18742,1000.0);
#14982=CARTESIAN_POINT('',(0.349883623057017,0.329300690887524,-1.12547126448505));
#14983=CARTESIAN_POINT('',(0.34988343670456,0.329300690887528,-6.99506752909701));
#14984=VECTOR('',#18743,1000.0);
#14985=CARTESIAN_POINT('',(0.149883578145066,0.329300690887569,-1.12547124569672));
#14986=CARTESIAN_POINT('',(-11.4002864747982,0.329300690887528,-1.12547123160525));
#14987=VECTOR('',#18744,1000.0);
#14988=CARTESIAN_POINT('',(0.14988357348726,0.329300690887528,-1.1589390468292));
#14989=CARTESIAN_POINT('',(0.14988362743936,0.329300690887528,-10.7076977298599));
#14990=VECTOR('',#18745,1000.0);
#14991=CARTESIAN_POINT('',(0.114883501909455,0.329300690887528,-1.35893838675318));
#14992=CARTESIAN_POINT('',(0.114883266632478,0.329300690887528,-1.35893806232667));
#14993=VECTOR('',#18746,1000.0);
#14994=CARTESIAN_POINT('',(0.11488350190946,0.329300690887528,-2.9999999999982));
#14995=CARTESIAN_POINT('',(0.11488355480986,0.329300690887528,-0.150000000000004));
#14996=VECTOR('',#18747,1000.0);
#14997=CARTESIAN_POINT('',(-0.11511583051834,0.329300690887528,-2.9999999999982));
#14998=CARTESIAN_POINT('',(0.11488350190946,0.329300690887528,-2.99999999999801));
#14999=VECTOR('',#18748,1000.0);
#15000=CARTESIAN_POINT('',(-0.115115865789465,0.329300690887544,-1.35893818522927));
#15001=CARTESIAN_POINT('',(-0.11511588342504,0.329300690887528,-4.732156161894));
#15002=VECTOR('',#18749,1000.0);
#15003=CARTESIAN_POINT('',(-0.15011590209614,0.329300690887528,-1.1589390468292));
#15004=CARTESIAN_POINT('',(-0.316976433976449,0.329300690887528,-0.205450698281465));
#15005=VECTOR('',#18750,1000.0);
#15006=CARTESIAN_POINT('',(-0.150115908942393,0.329300690887524,-1.12547124569675));
#15007=CARTESIAN_POINT('',(-0.15011595604834,0.329300690887528,-0.150000000000004));
#15008=VECTOR('',#18751,1000.0);
#15009=CARTESIAN_POINT('',(-0.350115949477449,0.329300690887526,-1.12547126448512));
#15010=CARTESIAN_POINT('',(-11.4002864747982,0.329300690887528,-1.12547123160525));
#15011=VECTOR('',#18752,1000.0);
#15012=CARTESIAN_POINT('',(-0.350115944819639,0.329300690887528,-1.15893904683));
#15013=CARTESIAN_POINT('',(-0.35011576531334,0.329300690887528,-0.150000000000004));
#15014=VECTOR('',#18753,1000.0);
#15015=CARTESIAN_POINT('',(-0.385116021253039,0.329300690887528,-1.3589417522262));
#15016=CARTESIAN_POINT('',(-0.168396975393595,0.329300690887528,-0.120550777818125));
#15017=VECTOR('',#18754,1000.0);
#15018=CARTESIAN_POINT('',(-0.385116021253039,0.329300690887528,-2.9999999999982));
#15019=CARTESIAN_POINT('',(-0.385116074158639,0.329300690887528,-0.150000000000004));
#15020=VECTOR('',#18755,1000.0);
#15021=CARTESIAN_POINT('',(-0.61511583051834,0.329300690887528,-2.9999999999982));
#15022=CARTESIAN_POINT('',(-0.385116021253039,0.329300690887528,-2.99999999999801));
#15023=VECTOR('',#18756,1000.0);
#15024=CARTESIAN_POINT('',(-0.615115865789484,0.329300690887544,-1.33893894816961));
#15025=CARTESIAN_POINT('',(-0.61511588342504,0.329300690887528,-4.732156161895));
#15026=VECTOR('',#18757,1000.0);
#15027=CARTESIAN_POINT('',(-0.650115902096342,0.329300690887528,-1.13893980976902));
#15028=CARTESIAN_POINT('',(-0.798722989298431,0.329300690887528,-0.289756575175384));
#15029=VECTOR('',#18758,1000.0);
#15030=CARTESIAN_POINT('',(-0.650115910076199,0.329300690887524,-1.12547129266683));
#15031=CARTESIAN_POINT('',(-0.65011616430754,0.329300690887528,-0.150000000000004));
#15032=VECTOR('',#18759,1000.0);
#15033=CARTESIAN_POINT('',(-0.850115952800507,0.329300690887524,-1.12547131145522));
#15034=CARTESIAN_POINT('',(-11.4002864747982,0.329300690887528,-1.12547123160525));
#15035=VECTOR('',#18760,1000.0);
#15036=CARTESIAN_POINT('',(-0.85011594482064,0.329300690887528,-1.138939809769));
#15037=CARTESIAN_POINT('',(-0.85011616430754,0.329300690887528,-0.150000000000004));
#15038=VECTOR('',#18761,1000.0);
#15039=CARTESIAN_POINT('',(-0.885116021252734,0.329300690887528,-1.33894251515792));
#15040=CARTESIAN_POINT('',(-0.656935284177063,0.329300690887528,-0.0350563408299046));
#15041=VECTOR('',#18762,1000.0);
#15042=CARTESIAN_POINT('',(-0.88511602125274,0.329300690887528,-2.9999999999982));
#15043=CARTESIAN_POINT('',(-0.88511607415944,0.329300690887528,-0.150000000000004));
#15044=VECTOR('',#18763,1000.0);
#15045=CARTESIAN_POINT('',(-1.11511583051844,0.329300690887528,-2.9999999999982));
#15046=CARTESIAN_POINT('',(-0.88511602125274,0.329300690887528,-2.99999999999801));
#15047=VECTOR('',#18764,1000.0);
#15048=CARTESIAN_POINT('',(-1.11511583051844,0.329300690887528,-0.838939636187005));
#15049=CARTESIAN_POINT('',(-1.11511588342544,0.329300690887528,-4.45730841599801));
#15050=VECTOR('',#18765,1000.0);
#15051=CARTESIAN_POINT('',(-1.15011592588544,0.329300690887528,-0.638939636189885));
#15052=CARTESIAN_POINT('',(-1.19896552138376,0.329300690887528,-0.359799209139103));
#15053=VECTOR('',#18766,1000.0);
#15054=CARTESIAN_POINT('',(-1.15011592588544,0.329300690887528,-0.625471579011465));
#15055=CARTESIAN_POINT('',(-1.15011595604844,0.329300690887528,-0.150000000000004));
#15056=VECTOR('',#18767,1000.0);
#15057=CARTESIAN_POINT('',(-1.35011592588611,0.329300690887528,-0.625471579011465));
#15058=CARTESIAN_POINT('',(-1.15011592588544,0.329300690887528,-0.625471579010004));
#15059=VECTOR('',#18768,1000.0);
#15060=CARTESIAN_POINT('',(-1.35011592588544,0.329300690887528,-0.638939636190005));
#15061=CARTESIAN_POINT('',(-1.35011576531344,0.329300690887528,-0.150000000000004));
#15062=VECTOR('',#18769,1000.0);
#15063=CARTESIAN_POINT('',(-1.38511602125344,0.329300690887528,-0.838939636190963));
#15064=CARTESIAN_POINT('',(-1.22697860748578,0.329300690887528,0.0647015125644947));
#15065=VECTOR('',#18770,1000.0);
#15066=CARTESIAN_POINT('',(-1.38511602125344,0.329300690887528,-2.9999999999982));
#15067=CARTESIAN_POINT('',(-1.38511607415844,0.329300690887528,-0.150000000000004));
#15068=VECTOR('',#18771,1000.0);
#15069=CARTESIAN_POINT('',(-2.61511630735544,0.329300690887528,-2.9999999999982));
#15070=CARTESIAN_POINT('',(-1.38511602125344,0.329300690887528,-2.99999999999801));
#15071=VECTOR('',#18772,1000.0);
#15072=CARTESIAN_POINT('',(-2.61511630735547,0.329300690887528,-0.838939833164175));
#15073=CARTESIAN_POINT('',(-2.61511588342544,0.329300690887528,-4.45188528320001));
#15074=VECTOR('',#18773,1000.0);
#15075=CARTESIAN_POINT('',(-2.65011594482144,0.329300690887528,-0.638939636180865));
#15076=CARTESIAN_POINT('',(-2.65439257254414,0.329300690887528,-0.614499637087585));
#15077=VECTOR('',#18774,1000.0);
#15078=CARTESIAN_POINT('',(-2.65011595280036,0.329300690887524,-0.625471480543925));
#15079=CARTESIAN_POINT('',(-2.65011548933102,0.329300690887528,-0.150000000000004));
#15080=VECTOR('',#18775,1000.0);
#15081=CARTESIAN_POINT('',(12.3545438989056,0.329300690887528,-0.625471579012184));
#15082=VECTOR('',#18776,1000.0);
#15083=CARTESIAN_POINT('',(-2.6501157180979,0.335099482003528,-0.638939836951605));
#15084=AXIS2_PLACEMENT_3D('',#18777,#18778,#18779);
#15085=CARTESIAN_POINT('',(-2.63261586097358,0.354300619827812,-0.738939456667635));
#15086=AXIS2_PLACEMENT_3D('',#18780,#18781,#18782);
#15087=CARTESIAN_POINT('',(-2.86761571614244,0.354300536282028,-0.738939449886004));
#15088=CARTESIAN_POINT('',(12.3545438989056,0.354300690887587,-0.738939636187005));
#15089=VECTOR('',#18783,1000.0);
#15090=AXIS2_PLACEMENT_3D('',#18784,#18785,#18786);
#15091=CARTESIAN_POINT('',(-2.88511554635865,0.354300597408488,-0.838939625092594));
#15092=CARTESIAN_POINT('',(-2.85011527556754,0.354300690889628,-0.638938824515763));
#15093=VECTOR('',#18787,1000.0);
#15094=CARTESIAN_POINT('',(-2.88511554441644,0.294300410238616,-0.838939815840765));
#15095=VECTOR('',#18788,1000.0);
#15096=CARTESIAN_POINT('',(-2.88511554441644,0.354300690888428,-2.99999999999901));
#15097=CARTESIAN_POINT('',(-2.88511554441644,0.354300690889628,-3.54331135545));
#15098=VECTOR('',#18789,1000.0);
#15099=CARTESIAN_POINT('',(-2.88511554441644,0.354300690888428,-2.99999999999901));
#15100=VECTOR('',#18790,1000.0);
#15101=CARTESIAN_POINT('',(-2.88511554441642,-0.320699309105991,-2.99999999999801));
#15102=CARTESIAN_POINT('',(-2.8851155444163,-0.345699309104241,-2.99999999999466));
#15103=CARTESIAN_POINT('',(-2.88511554441644,-0.320699309105973,-2.99999999999801));
#15104=VECTOR('',#18791,1000.0);
#15105=CARTESIAN_POINT('',(-2.88511573863252,-0.345701775227159,-0.838942835090275));
#15106=CARTESIAN_POINT('',(-2.88511554441644,-0.345699309101273,-3.56534914234301));
#15107=VECTOR('',#18792,1000.0);
#15108=CARTESIAN_POINT('',(-2.88511573863244,-0.320699309103676,-0.838942838822965));
#15109=CARTESIAN_POINT('',(-2.88511554441644,-0.345702532529143,-0.838939815841185));
#15110=VECTOR('',#18793,1000.0);
#15111=CARTESIAN_POINT('',(-2.88511554441644,-0.320699309058944,-2.050621502071));
#15112=VECTOR('',#18794,1000.0);
#15113=CARTESIAN_POINT('',(-3.22011616430744,0.354300690887528,-2.99999999999801));
#15114=CARTESIAN_POINT('',(-2.88511554441644,0.354300690888428,-2.99999999999901));
#15115=VECTOR('',#18795,1000.0);
#15116=CARTESIAN_POINT('',(-3.22011616430744,0.354300690887528,-2.99999999999801));
#15117=VECTOR('',#18796,1000.0);
#15118=CARTESIAN_POINT('',(-1.38511602125344,0.354300690888428,-2.99999999999901));
#15119=CARTESIAN_POINT('',(-1.38511607415844,-0.285702339586872,-2.99999999999801));
#15120=VECTOR('',#18797,1000.0);
#15121=CARTESIAN_POINT('',(-2.61511630735546,0.354300690888426,-2.99999999999901));
#15122=CARTESIAN_POINT('',(-1.38511602125344,0.354300690888428,-2.99999999999901));
#15123=VECTOR('',#18798,1000.0);
#15124=CARTESIAN_POINT('',(-2.61511588342544,0.604300690887527,-2.99999999999801));
#15125=VECTOR('',#18799,1000.0);
#15126=CARTESIAN_POINT('',(-0.88511602125274,0.354300690888428,-2.99999999999901));
#15127=CARTESIAN_POINT('',(-0.88511607415944,-0.425701009956972,-2.99999999999801));
#15128=VECTOR('',#18800,1000.0);
#15129=CARTESIAN_POINT('',(-1.11511583051844,0.354300690888446,-2.99999999999901));
#15130=CARTESIAN_POINT('',(-0.88511602125274,0.354300690888428,-2.99999999999901));
#15131=VECTOR('',#18801,1000.0);
#15132=CARTESIAN_POINT('',(-1.11511588342544,0.604300690887527,-2.99999999999801));
#15133=VECTOR('',#18802,1000.0);
#15134=CARTESIAN_POINT('',(-0.385116021253039,0.354300690888428,-2.99999999999901));
#15135=CARTESIAN_POINT('',(-0.385116074158639,-0.285702191744472,-2.99999999999801));
#15136=VECTOR('',#18803,1000.0);
#15137=CARTESIAN_POINT('',(-0.615115830518351,0.354300690888448,-2.99999999999901));
#15138=CARTESIAN_POINT('',(-0.385116021253039,0.354300690888428,-2.99999999999901));
#15139=VECTOR('',#18804,1000.0);
#15140=CARTESIAN_POINT('',(-0.61511588342504,0.604300690887527,-2.99999999999801));
#15141=VECTOR('',#18805,1000.0);
#15142=CARTESIAN_POINT('',(0.11488350190946,0.354300690888428,-2.99999999999901));
#15143=CARTESIAN_POINT('',(0.11488355480986,-0.425700934217872,-2.99999999999801));
#15144=VECTOR('',#18806,1000.0);
#15145=CARTESIAN_POINT('',(-0.115115830518336,0.354300690888442,-2.99999999999901));
#15146=CARTESIAN_POINT('',(0.11488350190946,0.354300690888428,-2.99999999999901));
#15147=VECTOR('',#18807,1000.0);
#15148=CARTESIAN_POINT('',(-0.11511588342504,0.604300690887527,-2.99999999999801));
#15149=VECTOR('',#18808,1000.0);
#15150=CARTESIAN_POINT('',(0.61488350190946,0.354300690888428,-2.99999999999901));
#15151=CARTESIAN_POINT('',(0.61488355480986,-0.425700982768773,-2.99999999999801));
#15152=VECTOR('',#18809,1000.0);
#15153=CARTESIAN_POINT('',(0.384883692644152,0.354300690888446,-2.99999999999901));
#15154=CARTESIAN_POINT('',(0.61488350190946,0.354300690888428,-2.99999999999901));
#15155=VECTOR('',#18810,1000.0);
#15156=CARTESIAN_POINT('',(0.38488374554336,0.604300690887527,-2.99999999999801));
#15157=VECTOR('',#18811,1000.0);
#15158=CARTESIAN_POINT('',(1.11488350190956,0.354300690888428,-2.99999999999901));
#15159=CARTESIAN_POINT('',(1.11488355481056,-0.425701122277472,-2.99999999999801));
#15160=VECTOR('',#18812,1000.0);
#15161=CARTESIAN_POINT('',(0.884883692643855,0.354300690888428,-2.99999999999901));
#15162=CARTESIAN_POINT('',(1.11488350190956,0.354300690888428,-2.99999999999901));
#15163=VECTOR('',#18813,1000.0);
#15164=CARTESIAN_POINT('',(0.88488374554426,0.604300690887527,-2.99999999999801));
#15165=VECTOR('',#18814,1000.0);
#15166=CARTESIAN_POINT('',(2.61488397874656,0.354300690888428,-2.99999999999901));
#15167=CARTESIAN_POINT('',(2.61488355481056,-0.425701270128673,-2.99999999999801));
#15168=VECTOR('',#18815,1000.0);
#15169=CARTESIAN_POINT('',(1.38488369264456,0.354300690888446,-2.99999999999901));
#15170=CARTESIAN_POINT('',(2.61488397874656,0.354300690888428,-2.99999999999901));
#15171=VECTOR('',#18816,1000.0);
#15172=CARTESIAN_POINT('',(1.38488374554356,0.604300690887527,-2.99999999999801));
#15173=VECTOR('',#18817,1000.0);
#15174=CARTESIAN_POINT('',(3.21988383569256,0.354300690887528,-2.99999999999801));
#15175=CARTESIAN_POINT('',(3.21988383569256,0.354300690887528,-2.99999999999801));
#15176=VECTOR('',#18818,1000.0);
#15177=CARTESIAN_POINT('',(2.88488321580751,0.354300690888455,-2.99999999999887));
#15178=CARTESIAN_POINT('',(3.21988383569256,0.354300690887528,-2.99999999999801));
#15179=VECTOR('',#18819,1000.0);
#15180=CARTESIAN_POINT('',(2.88488321580756,0.354300690888428,-2.99999999999901));
#15181=VECTOR('',#18820,1000.0);
#15182=CARTESIAN_POINT('',(-3.09510746900333,-0.0706993178685701,-2.89999446593206));
#15183=CARTESIAN_POINT('',(-3.09510724662263,0.0793006710008264,-2.89999433752538));
#15184=CARTESIAN_POINT('',(-3.09510561881044,0.004300690887514,-2.89999156360041));
#15185=VECTOR('',#18821,1000.0);
#15186=CARTESIAN_POINT('',(-3.09510746900544,0.0793006908900875,-2.89999395239501));
#15187=VECTOR('',#18822,1000.0);
#15188=CARTESIAN_POINT('',(-3.28346712044137,0.417651647021448,-3.05068076490512));
#15189=CARTESIAN_POINT('',(-3.22011616430744,0.354300690887528,-2.99999999999801));
#15190=VECTOR('',#18823,1000.0);
#15191=CARTESIAN_POINT('',(-3.34511616430744,0.204300690887528,-3.099999999998));
#15192=AXIS2_PLACEMENT_3D('',#18824,#18825,#18826);
#15193=CARTESIAN_POINT('',(-3.34511616430744,-0.240699309165573,-3.099999999998));
#15194=CARTESIAN_POINT('',(-3.34511616430744,0.204300690887528,-3.099999999998));
#15195=VECTOR('',#18827,1000.0);
#15196=CARTESIAN_POINT('',(-3.29988458352996,-0.425467728334964,-3.06381473537595));
#15197=AXIS2_PLACEMENT_3D('',#18828,#18829,#18830);
#15198=CARTESIAN_POINT('',(-3.22011616430744,-0.345699309112472,-2.99999999999801));
#15199=CARTESIAN_POINT('',(-3.22011616430744,-0.345699309112472,-2.99999999999801));
#15200=VECTOR('',#18831,1000.0);
#15201=CARTESIAN_POINT('',(-3.22011616430744,-0.320699309107572,-2.99999999999801));
#15202=CARTESIAN_POINT('',(-3.22011616430744,-0.320699309107572,-2.99999999999801));
#15203=VECTOR('',#18832,1000.0);
#15204=CARTESIAN_POINT('',(-3.09511616430677,-0.320699309109851,-2.89999999999738));
#15205=CARTESIAN_POINT('',(-3.22011616430744,-0.320699309107572,-2.99999999999801));
#15206=VECTOR('',#18833,1000.0);
#15207=CARTESIAN_POINT('',(-3.09511616430644,-0.320699309107173,-2.899999999997));
#15208=VECTOR('',#18834,1000.0);
#15209=CARTESIAN_POINT('',(-2.99511616430744,-0.320699309110639,-2.72679491924101));
#15210=AXIS2_PLACEMENT_3D('',#18835,#18836,#18837);
#15211=CARTESIAN_POINT('',(-2.99511616430744,-0.0706993091142255,-2.72679491924101));
#15212=CARTESIAN_POINT('',(-2.99511616430744,-0.0706993091142425,-2.72679491924101));
#15213=VECTOR('',#18838,1000.0);
#15214=AXIS2_PLACEMENT_3D('',#18839,#18840,#18841);
#15215=CARTESIAN_POINT('',(-2.99511616430744,0.0793006908907495,-2.72679491924101));
#15216=AXIS2_PLACEMENT_3D('',#18842,#18843,#18844);
#15217=CARTESIAN_POINT('',(-2.99511616430744,0.329300690887528,-2.72679491924101));
#15218=VECTOR('',#18845,1000.0);
#15219=CARTESIAN_POINT('',(3.19488383569256,-0.0706993090336758,-1.319999999998));
#15220=CARTESIAN_POINT('',(3.24488383569256,-0.0706993090324522,-1.319999999998));
#15221=CARTESIAN_POINT('',(3.19488383569256,-0.0706993090331625,-1.319999999998));
#15222=VECTOR('',#18846,1000.0);
#15223=CARTESIAN_POINT('',(2.99488383569256,-0.070699309034863,-1.51999999999801));
#15224=AXIS2_PLACEMENT_3D('',#18847,#18848,#18849);
#15225=CARTESIAN_POINT('',(2.99488383569256,-0.0706993090286125,-2.72679491924101));
#15226=CARTESIAN_POINT('',(2.99488383569256,-0.0706993090290725,-2.72679491924101));
#15227=VECTOR('',#18850,1000.0);
#15228=CARTESIAN_POINT('',(3.09489230240084,-0.0706993019386524,-2.90000539369439));
#15229=AXIS2_PLACEMENT_3D('',#18851,#18852,#18853);
#15230=CARTESIAN_POINT('',(3.09489439091383,-0.0706993091360618,-1.6505362552159));
#15231=CARTESIAN_POINT('',(3.09489438118956,-0.070699309076871,-3.140554328336));
#15232=VECTOR('',#18854,1000.0);
#15233=CARTESIAN_POINT('',(3.34488383569256,-0.0706993091966318,-1.40055415249907));
#15234=AXIS2_PLACEMENT_3D('',#18855,#18856,#18857);
#15235=CARTESIAN_POINT('',(3.34488383545359,-0.070699309076871,-0.770119995406856));
#15236=CARTESIAN_POINT('',(3.34488383569256,-0.0706993090768711,-4.599999999998));
#15237=VECTOR('',#18858,1000.0);
#15238=CARTESIAN_POINT('',(3.3393966931545,-0.070699309076871,-0.729918176372624));
#15239=AXIS2_PLACEMENT_3D('',#18859,#18860,#18861);
#15240=CARTESIAN_POINT('',(3.28926306474881,-0.0706993091800844,-0.549695109648484));
#15241=CARTESIAN_POINT('',(3.33940722734856,-0.0706993092197425,-0.729956045261004));
#15242=VECTOR('',#18862,1000.0);
#15243=CARTESIAN_POINT('',(3.14473407833029,-0.070699309076871,-0.439837054130005));
#15244=AXIS2_PLACEMENT_3D('',#18863,#18864,#18865);
#15245=CARTESIAN_POINT('',(3.1150773532166,-0.0706993090386425,-0.439837054130185));
#15246=CARTESIAN_POINT('',(-2.61980103370644,-0.070699309076871,-0.439837054130005));
#15247=VECTOR('',#18866,1000.0);
#15248=CARTESIAN_POINT('',(3.24488383569256,-0.0706993090345615,-0.892526056022075));
#15249=CARTESIAN_POINT('',(3.11507735321656,-0.0706993090386425,-0.439837054130005));
#15250=VECTOR('',#18867,1000.0);
#15251=CARTESIAN_POINT('',(3.24488383569256,-0.0706993090324525,-1.319999999998));
#15252=VECTOR('',#18868,1000.0);
#15253=CARTESIAN_POINT('',(-2.99511616430744,-0.0706993091207325,-1.51999999999801));
#15254=CARTESIAN_POINT('',(-2.99511616430744,-0.0706993091201925,-1.51999999999801));
#15255=VECTOR('',#18869,1000.0);
#15256=CARTESIAN_POINT('',(-3.19511616430744,-0.0706993091232856,-1.319999999998));
#15257=AXIS2_PLACEMENT_3D('',#18870,#18871,#18872);
#15258=CARTESIAN_POINT('',(-3.24511616430744,-0.0706993091247338,-1.319999999998));
#15259=CARTESIAN_POINT('',(-3.24511616430744,-0.0706993091247325,-1.319999999998));
#15260=VECTOR('',#18873,1000.0);
#15261=CARTESIAN_POINT('',(-3.24511616430744,-0.0706993091268436,-0.892526056021765));
#15262=CARTESIAN_POINT('',(-3.24511616430744,-0.0706993091268425,-0.892526056023005));
#15263=VECTOR('',#18874,1000.0);
#15264=CARTESIAN_POINT('',(-3.11530968183152,-0.0706993091272325,-0.439837054130323));
#15265=CARTESIAN_POINT('',(-3.11530968183144,-0.0706993091272325,-0.439837054130005));
#15266=VECTOR('',#18875,1000.0);
#15267=CARTESIAN_POINT('',(-3.14494524021879,-0.070699309076871,-0.439837054130005));
#15268=CARTESIAN_POINT('',(-2.61980103370644,-0.070699309076871,-0.439837054130005));
#15269=VECTOR('',#18876,1000.0);
#15270=CARTESIAN_POINT('',(-3.28947422663694,-0.0706993092050436,-0.549695109648644));
#15271=AXIS2_PLACEMENT_3D('',#18877,#18878,#18879);
#15272=CARTESIAN_POINT('',(-3.33962880000868,-0.0706993091350465,-0.729993470463585));
#15273=CARTESIAN_POINT('',(-3.28960191875444,-0.0706993092509625,-0.550154144150005));
#15274=VECTOR('',#18880,1000.0);
#15275=CARTESIAN_POINT('',(-3.3451161640638,-0.070699309076871,-0.770192281671146));
#15276=AXIS2_PLACEMENT_3D('',#18881,#18882,#18883);
#15277=CARTESIAN_POINT('',(-3.34511616430744,-0.070699309076871,-0.875400236301005));
#15278=VECTOR('',#18884,1000.0);
#15279=CARTESIAN_POINT('',(-3.09510561881044,-0.070699309076871,-3.140554328336));
#15280=VECTOR('',#18885,1000.0);
#15281=CARTESIAN_POINT('',(3.24488383569256,-0.320699309080672,-0.892526056023005));
#15282=CARTESIAN_POINT('',(3.24488383569256,-0.0706993090345625,-0.892526056023005));
#15283=VECTOR('',#18886,1000.0);
#15284=CARTESIAN_POINT('',(3.24488383569256,-0.320699309079972,-1.319999999998));
#15285=CARTESIAN_POINT('',(3.24488383569256,-0.320699309080672,-0.892526056023005));
#15286=VECTOR('',#18887,1000.0);
#15287=CARTESIAN_POINT('',(3.24488383569256,-0.320699309079972,-1.319999999998));
#15288=VECTOR('',#18888,1000.0);
#15289=CARTESIAN_POINT('',(3.24488383569256,0.0793006909690779,-0.892526056022075));
#15290=CARTESIAN_POINT('',(3.24488383569256,0.329300690887528,-0.892526056023005));
#15291=VECTOR('',#18889,1000.0);
#15292=CARTESIAN_POINT('',(3.24488383569256,0.0793006909708368,-1.319999999998));
#15293=CARTESIAN_POINT('',(3.24488383569256,0.0793006909708375,-1.319999999998));
#15294=VECTOR('',#18890,1000.0);
#15295=CARTESIAN_POINT('',(3.24488383569256,0.0793006909708375,-1.319999999998));
#15296=VECTOR('',#18891,1000.0);
#15297=CARTESIAN_POINT('',(3.19488383569256,-0.320699309090951,-1.319999999998));
#15298=CARTESIAN_POINT('',(3.24488383569256,-0.320699309079972,-1.319999999998));
#15299=VECTOR('',#18892,1000.0);
#15300=CARTESIAN_POINT('',(3.19488383569256,-0.320699309080173,-1.319999999998));
#15301=VECTOR('',#18893,1000.0);
#15302=CARTESIAN_POINT('',(3.19488383569256,0.0793006909696342,-1.319999999998));
#15303=CARTESIAN_POINT('',(3.19488383569256,0.0793006909701475,-1.319999999998));
#15304=VECTOR('',#18894,1000.0);
#15305=CARTESIAN_POINT('',(3.19488383569256,0.0793006909701475,-1.319999999998));
#15306=VECTOR('',#18895,1000.0);
#15307=CARTESIAN_POINT('',(2.99488383569256,-0.320699309101939,-1.51999999999801));
#15308=AXIS2_PLACEMENT_3D('',#18896,#18897,#18898);
#15309=CARTESIAN_POINT('',(2.99488383569256,-0.0706993090350225,-1.51999999999801));
#15310=VECTOR('',#18899,1000.0);
#15311=CARTESIAN_POINT('',(2.99488383569256,0.0793006909684145,-1.51999999999801));
#15312=AXIS2_PLACEMENT_3D('',#18900,#18901,#18902);
#15313=CARTESIAN_POINT('',(2.99488383569256,0.329300690887528,-1.51999999999801));
#15314=VECTOR('',#18903,1000.0);
#15315=CARTESIAN_POINT('',(2.99488383569256,0.0793006909735975,-2.72679491924101));
#15316=CARTESIAN_POINT('',(2.99488383569256,0.0793006909731875,-2.72679491924101));
#15317=VECTOR('',#18904,1000.0);
#15318=CARTESIAN_POINT('',(2.99488383569256,0.0793006909731875,-2.72679491924101));
#15319=VECTOR('',#18905,1000.0);
#15320=CARTESIAN_POINT('',(2.99488383569256,-0.320699309095684,-2.72679491924101));
#15321=CARTESIAN_POINT('',(2.99488383569256,-0.320699309080872,-1.51999999999801));
#15322=VECTOR('',#18906,1000.0);
#15323=CARTESIAN_POINT('',(2.99488383569256,-0.320699309078872,-2.72679491924101));
#15324=VECTOR('',#18907,1000.0);
#15325=CARTESIAN_POINT('',(3.09488383569049,-0.320699309089539,-2.89999999999684));
#15326=AXIS2_PLACEMENT_3D('',#18908,#18909,#18910);
#15327=CARTESIAN_POINT('',(3.09489230239956,-0.0706993090267925,-2.90000589941001));
#15328=VECTOR('',#18911,1000.0);
#15329=CARTESIAN_POINT('',(3.09489230239873,0.0793006719041831,-2.9000053936928));
#15330=AXIS2_PLACEMENT_3D('',#18912,#18913,#18914);
#15331=CARTESIAN_POINT('',(3.09488383569156,0.329300690887528,-2.899999999997));
#15332=VECTOR('',#18915,1000.0);
#15333=CARTESIAN_POINT('',(3.09489438118956,0.004300690887514,-2.9000084363956));
#15334=VECTOR('',#18916,1000.0);
#15335=CARTESIAN_POINT('',(3.21988383569266,-0.32069930907738,-2.99999999999801));
#15336=CARTESIAN_POINT('',(3.09488383569156,-0.320699309078072,-2.899999999997));
#15337=VECTOR('',#18917,1000.0);
#15338=CARTESIAN_POINT('',(3.21988383569256,-0.345699309112472,-2.99999999999801));
#15339=CARTESIAN_POINT('',(3.21988383569256,-0.320699309077373,-2.99999999999801));
#15340=VECTOR('',#18918,1000.0);
#15341=CARTESIAN_POINT('',(3.29965225491511,-0.425467728334912,-3.06381473537583));
#15342=CARTESIAN_POINT('',(3.28323479182656,-0.409050265246372,-3.050680764905));
#15343=VECTOR('',#18919,1000.0);
#15344=CARTESIAN_POINT('',(3.34488383569256,-0.240699309165573,-3.099999999998));
#15345=AXIS2_PLACEMENT_3D('',#18920,#18921,#18922);
#15346=CARTESIAN_POINT('',(3.34488383569256,0.204300690887528,-3.099999999998));
#15347=CARTESIAN_POINT('',(3.34488383569256,0.204300690887528,-3.099999999998));
#15348=VECTOR('',#18923,1000.0);
#15349=CARTESIAN_POINT('',(3.28323479182649,0.417651647021449,-3.05068076490512));
#15350=AXIS2_PLACEMENT_3D('',#18924,#18925,#18926);
#15351=CARTESIAN_POINT('',(3.21988383569256,0.354300690887528,-2.99999999999801));
#15352=VECTOR('',#18927,1000.0);
#15353=AXIS2_PLACEMENT_3D('',#18928,#18929,#18930);
#15354=AXIS2_PLACEMENT_3D('',#18931,#18932,#18933);
#15355=CARTESIAN_POINT('',(-2.61511630735544,0.354300690888428,-2.99999999999901));
#15356=VECTOR('',#18934,1000.0);
#15357=CARTESIAN_POINT('',(-1.11511583051844,0.354300690888428,-2.99999999999901));
#15358=VECTOR('',#18935,1000.0);
#15359=CARTESIAN_POINT('',(-0.61511583051834,0.354300690888428,-2.99999999999901));
#15360=VECTOR('',#18936,1000.0);
#15361=CARTESIAN_POINT('',(-0.11511583051834,0.354300690888428,-2.99999999999901));
#15362=VECTOR('',#18937,1000.0);
#15363=CARTESIAN_POINT('',(0.38488369264416,0.354300690888428,-2.99999999999901));
#15364=VECTOR('',#18938,1000.0);
#15365=CARTESIAN_POINT('',(0.88488369264386,0.354300690888428,-2.99999999999901));
#15366=VECTOR('',#18939,1000.0);
#15367=CARTESIAN_POINT('',(1.38488369264456,0.354300690888428,-2.99999999999901));
#15368=VECTOR('',#18940,1000.0);
#15369=CARTESIAN_POINT('',(2.88488321580756,0.354300690888428,-2.99999999999901));
#15370=VECTOR('',#18941,1000.0);
#15371=CARTESIAN_POINT('',(2.6148839806885,0.354300606336233,-0.838939824841784));
#15372=CARTESIAN_POINT('',(2.61488355481056,0.354300690889628,-3.54331135545));
#15373=VECTOR('',#18942,1000.0);
#15374=CARTESIAN_POINT('',(2.63238385407456,0.354300548770128,-0.738939425140004));
#15375=CARTESIAN_POINT('',(2.61488329575938,0.354300690889628,-0.838938729366655));
#15376=VECTOR('',#18943,1000.0);
#15377=CARTESIAN_POINT('',(2.86738313667867,0.354300690887078,-0.738939636187005));
#15378=CARTESIAN_POINT('',(12.3545438989056,0.354300690887587,-0.738939636187005));
#15379=VECTOR('',#18944,1000.0);
#15380=CARTESIAN_POINT('',(2.88488321774963,0.354300597408527,-0.838939625091035));
#15381=CARTESIAN_POINT('',(2.84988294695253,0.354300690889628,-0.638938824515784));
#15382=VECTOR('',#18945,1000.0);
#15383=CARTESIAN_POINT('',(2.88488321580756,0.354300690889628,-3.54331135545));
#15384=VECTOR('',#18946,1000.0);
#15385=CARTESIAN_POINT('',(1.11488350190956,0.354300690885677,-0.838939636186984));
#15386=CARTESIAN_POINT('',(1.11488355481056,0.354300690889628,-3.54331135545));
#15387=VECTOR('',#18947,1000.0);
#15388=CARTESIAN_POINT('',(1.13238343724921,0.354300690886552,-0.738939636187005));
#15389=CARTESIAN_POINT('',(0.532733861009619,0.354300690889628,-4.1654993067208));
#15390=VECTOR('',#18948,1000.0);
#15391=CARTESIAN_POINT('',(1.36738386310523,0.354300690886552,-0.738939636187005));
#15392=CARTESIAN_POINT('',(1.36738364496056,0.354300690885527,-0.738939636187005));
#15393=VECTOR('',#18949,1000.0);
#15394=CARTESIAN_POINT('',(1.38488369264456,0.354300690885709,-0.838939636187974));
#15395=CARTESIAN_POINT('',(1.71311761362076,0.354300690889628,-2.71455568462652));
#15396=VECTOR('',#18950,1000.0);
#15397=CARTESIAN_POINT('',(1.38488374554356,0.354300690889628,-3.54331135545));
#15398=VECTOR('',#18951,1000.0);
#15399=CARTESIAN_POINT('',(0.614883537823759,0.354300684470857,-1.33893894539425));
#15400=CARTESIAN_POINT('',(0.61488355480986,0.354300690889628,-3.54331135545));
#15401=VECTOR('',#18952,1000.0);
#15402=CARTESIAN_POINT('',(0.6323832332081,0.354300690874861,-1.23893928873787));
#15403=CARTESIAN_POINT('',(0.614883253038292,0.354300690889628,-1.33893890294763));
#15404=VECTOR('',#18953,1000.0);
#15405=CARTESIAN_POINT('',(0.867383338228089,0.354300644171672,-1.23893934171579));
#15406=CARTESIAN_POINT('',(-11.4002864747982,0.354300690877814,-1.23893928873787));
#15407=VECTOR('',#18954,1000.0);
#15408=CARTESIAN_POINT('',(0.88488369458586,0.354300662142328,-1.338942523481));
#15409=CARTESIAN_POINT('',(0.84988294695069,0.354300690889628,-1.13893899809519));
#15410=VECTOR('',#18955,1000.0);
#15411=CARTESIAN_POINT('',(0.88488374554426,0.354300690889628,-3.54331135545));
#15412=VECTOR('',#18956,1000.0);
#15413=CARTESIAN_POINT('',(0.114883537823725,0.354300689718503,-1.35893818245418));
#15414=CARTESIAN_POINT('',(0.11488355480986,0.354300690889628,-3.54331135545));
#15415=VECTOR('',#18957,1000.0);
#15416=CARTESIAN_POINT('',(0.135883109229869,0.354300690874861,-1.23893928873787));
#15417=CARTESIAN_POINT('',(0.114883266632475,0.354300690889628,-1.35893806232667));
#15418=VECTOR('',#18958,1000.0);
#15419=CARTESIAN_POINT('',(0.363883509660595,0.35430067135216,-1.23893933154535));
#15420=CARTESIAN_POINT('',(-11.4002864747982,0.354300690877814,-1.23893928873787));
#15421=VECTOR('',#18959,1000.0);
#15422=CARTESIAN_POINT('',(0.384883694586172,0.354300678307427,-1.35894176054979));
#15423=CARTESIAN_POINT('',(0.349882946949698,0.354300690889628,-1.15893823515619));
#15424=VECTOR('',#18960,1000.0);
#15425=CARTESIAN_POINT('',(0.38488374554336,0.354300690889628,-3.54331135545));
#15426=VECTOR('',#18961,1000.0);
#15427=CARTESIAN_POINT('',(-0.385116023195088,0.354300678307382,-1.35894176054978));
#15428=CARTESIAN_POINT('',(-0.38511607415864,0.354300690889628,-3.54331135545));
#15429=VECTOR('',#18962,1000.0);
#15430=CARTESIAN_POINT('',(-0.364115498088926,0.354300690874861,-1.23893928873787));
#15431=CARTESIAN_POINT('',(-0.350115275564997,0.354300690889628,-1.15893823515618));
#15432=VECTOR('',#18963,1000.0);
#15433=CARTESIAN_POINT('',(-0.13611637224761,0.354300683425263,-1.2389372815426));
#15434=CARTESIAN_POINT('',(-11.4002864747982,0.354300690877814,-1.23893928873787));
#15435=VECTOR('',#18964,1000.0);
#15436=CARTESIAN_POINT('',(-0.115115832460343,0.354300688177625,-1.35893921149328));
#15437=CARTESIAN_POINT('',(-0.115115595247875,0.354300690889628,-1.3589380623267));
#15438=VECTOR('',#18965,1000.0);
#15439=CARTESIAN_POINT('',(-0.11511588342504,0.354300690889628,-3.54331135545));
#15440=VECTOR('',#18966,1000.0);
#15441=CARTESIAN_POINT('',(-0.885116023194738,0.35430066214239,-1.3389425234812));
#15442=CARTESIAN_POINT('',(-0.88511607415944,0.354300690889628,-3.54331135545));
#15443=VECTOR('',#18967,1000.0);
#15444=CARTESIAN_POINT('',(-0.867615374111887,0.354300690874861,-1.23893928873787));
#15445=CARTESIAN_POINT('',(-0.85011527556599,0.354300690889628,-1.13893899809517));
#15446=VECTOR('',#18968,1000.0);
#15447=CARTESIAN_POINT('',(-0.632616189265233,0.354300656660185,-1.23893931697113));
#15448=CARTESIAN_POINT('',(-11.4002864747982,0.354300690877814,-1.23893928873787));
#15449=VECTOR('',#18969,1000.0);
#15450=CARTESIAN_POINT('',(-0.615115832460443,0.354300676025437,-1.33893997443307));
#15451=CARTESIAN_POINT('',(-0.615115581653692,0.354300690889628,-1.33893890294767));
#15452=VECTOR('',#18970,1000.0);
#15453=CARTESIAN_POINT('',(-0.61511588342504,0.354300690889628,-3.54331135545));
#15454=VECTOR('',#18971,1000.0);
#15455=CARTESIAN_POINT('',(-1.38511602125344,0.354300690885684,-0.838939636187985));
#15456=CARTESIAN_POINT('',(-1.38511607415844,0.354300690889628,-3.54331135545));
#15457=VECTOR('',#18972,1000.0);
#15458=CARTESIAN_POINT('',(-1.36761619171979,0.354300690886552,-0.738939636187005));
#15459=CARTESIAN_POINT('',(-1.38511607415852,0.354300690889628,-0.838938691934984));
#15460=VECTOR('',#18973,1000.0);
#15461=CARTESIAN_POINT('',(-1.13261576586377,0.354300690886552,-0.738939636187005));
#15462=CARTESIAN_POINT('',(-1.13261587820244,0.354300690885527,-0.738939636187005));
#15463=VECTOR('',#18974,1000.0);
#15464=CARTESIAN_POINT('',(-1.11511583051844,0.354300690885709,-0.838939636187964));
#15465=CARTESIAN_POINT('',(-0.712594186634218,0.354300690889628,-3.1390564063302));
#15466=VECTOR('',#18975,1000.0);
#15467=CARTESIAN_POINT('',(-1.11511588342544,0.354300690889628,-3.54331135545));
#15468=VECTOR('',#18976,1000.0);
#15469=CARTESIAN_POINT('',(-2.61511630929744,0.354300627474528,-0.838937320190013));
#15470=CARTESIAN_POINT('',(-2.61511562437538,0.354300690889628,-0.838938729366655));
#15471=VECTOR('',#18977,1000.0);
#15472=CARTESIAN_POINT('',(-2.61511588342544,0.354300690889628,-3.54331135545));
#15473=VECTOR('',#18978,1000.0);
#15474=CARTESIAN_POINT('',(2.88488321580756,-0.345702532528847,-0.838939815875475));
#15475=VECTOR('',#18979,1000.0);
#15476=CARTESIAN_POINT('',(2.88488341001944,-0.320699309022413,-0.838942838821804));
#15477=CARTESIAN_POINT('',(2.88488341001965,-0.345701775226591,-0.838942835089925));
#15478=CARTESIAN_POINT('',(2.88488321580756,0.294300410239849,-0.838939815875696));
#15479=VECTOR('',#18980,1000.0);
#15480=CARTESIAN_POINT('',(2.88488321580754,-0.345699309103843,-2.99999999999408));
#15481=CARTESIAN_POINT('',(2.88488321580756,-0.345699309101273,-2.050621502071));
#15482=VECTOR('',#18981,1000.0);
#15483=CARTESIAN_POINT('',(2.88488321580756,-0.320699309078972,-2.99999999999801));
#15484=CARTESIAN_POINT('',(2.88488321580756,-0.320699309078972,-2.99999999999801));
#15485=VECTOR('',#18982,1000.0);
#15486=CARTESIAN_POINT('',(2.88488321580756,-0.320699309058944,-2.050621502071));
#15487=VECTOR('',#18983,1000.0);
#15488=CARTESIAN_POINT('',(2.84988339301649,0.33509943085532,-0.638939684465144));
#15489=AXIS2_PLACEMENT_3D('',#18984,#18985,#18986);
#15490=CARTESIAN_POINT('',(2.84988316071608,-0.345702633918237,-0.638940046018164));
#15491=VECTOR('',#18987,1000.0);
#15492=AXIS2_PLACEMENT_3D('',#18988,#18989,#18990);
#15493=CARTESIAN_POINT('',(2.64988366024172,0.335099415665328,-0.638939629233445));
#15494=AXIS2_PLACEMENT_3D('',#18991,#18992,#18993);
#15495=AXIS2_PLACEMENT_3D('',#18994,#18995,#18996);
#15496=CARTESIAN_POINT('',(2.64988316071607,-0.345702474235975,-0.638940045991365));
#15497=VECTOR('',#18997,1000.0);
#15498=CARTESIAN_POINT('',(2.61488355481056,-0.345702474235841,-0.838937249078664));
#15499=VECTOR('',#18998,1000.0);
#15500=CARTESIAN_POINT('',(2.61488355481056,-0.320699309026272,-0.838938967986005));
#15501=CARTESIAN_POINT('',(2.64988319227362,-0.320699309026702,-0.638938771018924));
#15502=CARTESIAN_POINT('',(2.3616462881938,-0.320699309058944,-2.28600340112491));
#15503=VECTOR('',#18999,1000.0);
#15504=CARTESIAN_POINT('',(2.64988317060665,-0.320699309058943,-0.625466322517143));
#15505=CARTESIAN_POINT('',(2.64988316071607,-0.320699309058944,-1.87269569123901));
#15506=VECTOR('',#19000,1000.0);
#15507=CARTESIAN_POINT('',(2.84988318706254,-0.320699309041439,-0.625466313087185));
#15508=CARTESIAN_POINT('',(-11.4529761643044,-0.320699309058944,-0.625470096675965));
#15509=VECTOR('',#19001,1000.0);
#15510=CARTESIAN_POINT('',(2.8498831922736,-0.320699309023872,-0.638938771018905));
#15511=CARTESIAN_POINT('',(2.84988316071608,-0.320699309058944,-0.388938781160003));
#15512=VECTOR('',#19002,1000.0);
#15513=CARTESIAN_POINT('',(2.97468745264344,-0.320699309058944,-1.35210548525625));
#15514=VECTOR('',#19003,1000.0);
#15515=CARTESIAN_POINT('',(2.88488321580756,-0.320699309078972,-2.99999999999801));
#15516=VECTOR('',#19004,1000.0);
#15517=CARTESIAN_POINT('',(3.0893169924737,-0.320699309082277,-0.350000000000005));
#15518=CARTESIAN_POINT('',(3.24488383569256,-0.320699309080672,-0.892526056023005));
#15519=VECTOR('',#19005,1000.0);
#15520=CARTESIAN_POINT('',(-3.08954932108844,-0.320699309111272,-0.350000000000005));
#15521=CARTESIAN_POINT('',(-3.08954932108844,-0.320699309111272,-0.350000000000005));
#15522=VECTOR('',#19006,1000.0);
#15523=CARTESIAN_POINT('',(-3.24511616430744,-0.320699309111158,-0.892526056023935));
#15524=CARTESIAN_POINT('',(-3.08954932108844,-0.320699309111272,-0.350000000000005));
#15525=VECTOR('',#19007,1000.0);
#15526=CARTESIAN_POINT('',(-3.24511616430744,-0.320699309110451,-1.319999999998));
#15527=CARTESIAN_POINT('',(-3.24511616430744,-0.320699309110472,-1.319999999998));
#15528=VECTOR('',#19008,1000.0);
#15529=CARTESIAN_POINT('',(-3.19511616430744,-0.320699309110939,-1.319999999998));
#15530=CARTESIAN_POINT('',(-3.19511616430744,-0.320699309110172,-1.319999999998));
#15531=VECTOR('',#19009,1000.0);
#15532=CARTESIAN_POINT('',(-2.99511616430744,-0.320699309110131,-1.51999999999801));
#15533=AXIS2_PLACEMENT_3D('',#19010,#19011,#19012);
#15534=CARTESIAN_POINT('',(-2.99511616430744,-0.320699309106972,-2.72679491924101));
#15535=VECTOR('',#19013,1000.0);
#15536=CARTESIAN_POINT('',(-3.22011616430744,-0.320699309107572,-2.99999999999801));
#15537=VECTOR('',#19014,1000.0);
#15538=CARTESIAN_POINT('',(-2.85011552088848,-0.320699309104172,-0.638938771018905));
#15539=CARTESIAN_POINT('',(-2.85011527556745,-0.320699309058944,-0.638938824515784));
#15540=VECTOR('',#19015,1000.0);
#15541=CARTESIAN_POINT('',(-2.85011549922154,-0.320699309058943,-0.625466313124405));
#15542=CARTESIAN_POINT('',(-2.85011548933102,-0.320699309058944,-1.87269569123901));
#15543=VECTOR('',#19016,1000.0);
#15544=CARTESIAN_POINT('',(-2.65011552224262,-0.320700748353691,-0.625469430075385));
#15545=CARTESIAN_POINT('',(-11.4529761643044,-0.320699309058944,-0.625470096675965));
#15546=VECTOR('',#19017,1000.0);
#15547=CARTESIAN_POINT('',(-2.6501155208885,-0.320699309101364,-0.638938771018924));
#15548=CARTESIAN_POINT('',(-2.65011548933102,-0.320699309058944,-0.638938781160003));
#15549=VECTOR('',#19018,1000.0);
#15550=CARTESIAN_POINT('',(-2.61511588342544,-0.320699309099884,-0.838938967986005));
#15551=CARTESIAN_POINT('',(-2.61511562437534,-0.320699309058944,-0.838938729366644));
#15552=VECTOR('',#19019,1000.0);
#15553=CARTESIAN_POINT('',(-2.61511588342544,-0.320699309104764,-2.99999999999801));
#15554=CARTESIAN_POINT('',(-2.61511588342544,-0.320699309104772,-2.99999999999801));
#15555=VECTOR('',#19020,1000.0);
#15556=CARTESIAN_POINT('',(-1.38511607415844,-0.320699309098977,-2.99999999999801));
#15557=CARTESIAN_POINT('',(-1.38511607415844,-0.320699309098972,-2.99999999999801));
#15558=VECTOR('',#19021,1000.0);
#15559=CARTESIAN_POINT('',(-1.38511607415844,-0.320699309082572,-0.838938691935005));
#15560=CARTESIAN_POINT('',(-1.38511607415844,-0.320699309082572,-0.838938691935005));
#15561=VECTOR('',#19022,1000.0);
#15562=CARTESIAN_POINT('',(-1.35011597879244,-0.320699309083069,-0.638938691935504));
#15563=CARTESIAN_POINT('',(-1.38511607415844,-0.320699309082572,-0.838938691935005));
#15564=VECTOR('',#19023,1000.0);
#15565=CARTESIAN_POINT('',(-1.35011597879243,-0.320699309083116,-0.625470096730104));
#15566=CARTESIAN_POINT('',(-1.35011576531344,-0.320699309058944,-1.87269569123901));
#15567=VECTOR('',#19024,1000.0);
#15568=CARTESIAN_POINT('',(-1.15011597879242,-0.320699309080297,-0.625470096724066));
#15569=CARTESIAN_POINT('',(-1.35011597879244,-0.320699309083072,-0.625470096730005));
#15570=VECTOR('',#19025,1000.0);
#15571=CARTESIAN_POINT('',(-1.15011597879244,-0.320699309080272,-0.638938691930003));
#15572=CARTESIAN_POINT('',(-1.15011595604844,-0.320699309058944,-6.90004343310201));
#15573=VECTOR('',#19026,1000.0);
#15574=CARTESIAN_POINT('',(-1.11511588342544,-0.320699309078742,-0.838938691933733));
#15575=CARTESIAN_POINT('',(-1.15011597879244,-0.320699309080272,-0.638938691930003));
#15576=VECTOR('',#19027,1000.0);
#15577=CARTESIAN_POINT('',(-1.11511588342544,-0.320699309097673,-2.99999999999801));
#15578=CARTESIAN_POINT('',(-1.11511588342544,-0.320699309097673,-2.99999999999801));
#15579=VECTOR('',#19028,1000.0);
#15580=CARTESIAN_POINT('',(-0.88511607415944,-0.320699309096634,-2.99999999999801));
#15581=CARTESIAN_POINT('',(-1.11511588342544,-0.320699309097673,-2.99999999999801));
#15582=VECTOR('',#19029,1000.0);
#15583=CARTESIAN_POINT('',(-0.88511607415944,-0.320699309073076,-1.33894437481093));
#15584=CARTESIAN_POINT('',(-0.88511607415944,-0.320699309073073,-1.338944374811));
#15585=VECTOR('',#19030,1000.0);
#15586=CARTESIAN_POINT('',(-0.850115949834586,-0.320699309063743,-1.13894236593623));
#15587=CARTESIAN_POINT('',(-0.850115275565913,-0.320699309058944,-1.13893899809519));
#15588=VECTOR('',#19031,1000.0);
#15589=CARTESIAN_POINT('',(-0.850115515677771,-0.32069930907357,-1.12546315525194));
#15590=CARTESIAN_POINT('',(-0.85011616430754,-0.320699309058944,-4.899999999998));
#15591=VECTOR('',#19032,1000.0);
#15592=CARTESIAN_POINT('',(-0.65011547076488,-0.320699309070806,-1.12546317403038));
#15593=CARTESIAN_POINT('',(11.4000537222498,-0.320699309058944,-1.12546323505585));
#15594=VECTOR('',#19033,1000.0);
#15595=CARTESIAN_POINT('',(-0.65011547816442,-0.320699309070765,-1.13893894459817));
#15596=CARTESIAN_POINT('',(-0.65011616430754,-0.320699309058944,-6.80194561351301));
#15597=VECTOR('',#19034,1000.0);
#15598=CARTESIAN_POINT('',(-0.61511588342504,-0.320699309069272,-1.338938897426));
#15599=CARTESIAN_POINT('',(-0.615115581653652,-0.320699309058944,-1.33893890294766));
#15600=VECTOR('',#19035,1000.0);
#15601=CARTESIAN_POINT('',(-0.61511588342504,-0.320699309095372,-2.99999999999801));
#15602=CARTESIAN_POINT('',(-0.61511588342504,-0.320699309095372,-2.99999999999801));
#15603=VECTOR('',#19036,1000.0);
#15604=CARTESIAN_POINT('',(-0.385116074158639,-0.320699309094265,-2.99999999999801));
#15605=CARTESIAN_POINT('',(-0.61511588342504,-0.320699309095372,-2.99999999999801));
#15606=VECTOR('',#19037,1000.0);
#15607=CARTESIAN_POINT('',(-0.385116074158643,-0.320699309065881,-1.35894361187296));
#15608=CARTESIAN_POINT('',(-0.385116074158639,-0.320699309065872,-1.358943611873));
#15609=VECTOR('',#19038,1000.0);
#15610=CARTESIAN_POINT('',(-0.350115520887721,-0.320699309066382,-1.15893818165988));
#15611=CARTESIAN_POINT('',(-0.350115275564921,-0.320699309058944,-1.15893823515618));
#15612=VECTOR('',#19039,1000.0);
#15613=CARTESIAN_POINT('',(-0.350115517579957,-0.32069930906657,-1.1254632021989));
#15614=CARTESIAN_POINT('',(-0.35011576531334,-0.320699309058944,-10.7076977298599));
#15615=VECTOR('',#19040,1000.0);
#15616=CARTESIAN_POINT('',(-0.150115472667968,-0.320699309063739,-1.1254632209779));
#15617=CARTESIAN_POINT('',(11.4000537222498,-0.320699309058944,-1.12546323505585));
#15618=VECTOR('',#19041,1000.0);
#15619=CARTESIAN_POINT('',(-0.150115478164262,-0.320699309063564,-1.15893818165931));
#15620=CARTESIAN_POINT('',(-0.15011595604834,-0.320699309058944,-6.995066902195));
#15621=VECTOR('',#19042,1000.0);
#15622=CARTESIAN_POINT('',(-0.11511588342504,-0.320699309062075,-1.358938134486));
#15623=CARTESIAN_POINT('',(-0.115115595247835,-0.320699309058944,-1.35893806232669));
#15624=VECTOR('',#19043,1000.0);
#15625=CARTESIAN_POINT('',(-0.11511588342504,-0.320699309092972,-2.99999999999801));
#15626=CARTESIAN_POINT('',(-0.11511588342504,-0.320699309092972,-2.99999999999801));
#15627=VECTOR('',#19044,1000.0);
#15628=CARTESIAN_POINT('',(0.11488355480986,-0.32069930909193,-2.99999999999801));
#15629=CARTESIAN_POINT('',(-0.11511588342504,-0.320699309092972,-2.99999999999801));
#15630=VECTOR('',#19045,1000.0);
#15631=CARTESIAN_POINT('',(0.11488355480986,-0.320699309058872,-1.358938134486));
#15632=CARTESIAN_POINT('',(0.11488355480986,-0.320699309058872,-1.358938134486));
#15633=VECTOR('',#19046,1000.0);
#15634=CARTESIAN_POINT('',(0.149883149549052,-0.32069930905937,-1.15893818165942));
#15635=CARTESIAN_POINT('',(0.0242301496266846,-0.320699309058944,-1.87695446231888));
#15636=VECTOR('',#19047,1000.0);
#15637=CARTESIAN_POINT('',(0.149883144052733,-0.320699309059545,-1.12546322096861));
#15638=CARTESIAN_POINT('',(0.14988362743936,-0.320699309058944,-1.87269569123901));
#15639=VECTOR('',#19048,1000.0);
#15640=CARTESIAN_POINT('',(0.349883186776137,-0.320699309056698,-1.12546320217738));
#15641=CARTESIAN_POINT('',(11.4000537222498,-0.320699309058944,-1.12546323505585));
#15642=VECTOR('',#19049,1000.0);
#15643=CARTESIAN_POINT('',(0.349883192272482,-0.320699309056551,-1.15893818165992));
#15644=CARTESIAN_POINT('',(0.34988343670456,-0.320699309058944,-1.87269569123901));
#15645=VECTOR('',#19050,1000.0);
#15646=CARTESIAN_POINT('',(0.384883745543364,-0.320699309055094,-1.35894361187296));
#15647=CARTESIAN_POINT('',(0.460679229234787,-0.320699309058944,-1.79205812311444));
#15648=VECTOR('',#19051,1000.0);
#15649=CARTESIAN_POINT('',(0.38488374554336,-0.320699309090672,-2.99999999999801));
#15650=CARTESIAN_POINT('',(0.38488374554336,-0.320699309090672,-2.99999999999801));
#15651=VECTOR('',#19052,1000.0);
#15652=CARTESIAN_POINT('',(0.61488355480986,-0.320699309089595,-2.99999999999801));
#15653=CARTESIAN_POINT('',(0.38488374554336,-0.320699309090672,-2.99999999999801));
#15654=VECTOR('',#19053,1000.0);
#15655=CARTESIAN_POINT('',(0.61488355480986,-0.320699309051972,-1.338938897426));
#15656=CARTESIAN_POINT('',(0.61488355480986,-0.320699309051972,-1.338938897426));
#15657=VECTOR('',#19054,1000.0);
#15658=CARTESIAN_POINT('',(0.649883149549173,-0.320699309052469,-1.13893894459855));
#15659=CARTESIAN_POINT('',(0.505976704948666,-0.320699309058944,-1.96126033921282));
#15660=VECTOR('',#19055,1000.0);
#15661=CARTESIAN_POINT('',(0.649883142149642,-0.320699309052513,-1.12546317399094));
#15662=CARTESIAN_POINT('',(0.64988383569246,-0.320699309058944,-1.87269569123901));
#15663=VECTOR('',#19056,1000.0);
#15664=CARTESIAN_POINT('',(0.84988318487394,-0.320699309049664,-1.12546315520043));
#15665=CARTESIAN_POINT('',(11.4000537222498,-0.320699309058944,-1.12546323505585));
#15666=VECTOR('',#19057,1000.0);
#15667=CARTESIAN_POINT('',(0.849883621219474,-0.320699309055887,-1.13894236593663));
#15668=CARTESIAN_POINT('',(0.84988383569246,-0.320699309058944,-1.87269569123901));
#15669=VECTOR('',#19058,1000.0);
#15670=CARTESIAN_POINT('',(0.88488374554426,-0.320699309048119,-1.33894437481131));
#15671=CARTESIAN_POINT('',(0.949217538018254,-0.320699309058944,-1.70656368612623));
#15672=VECTOR('',#19059,1000.0);
#15673=CARTESIAN_POINT('',(0.88488374554426,-0.320699309088272,-2.99999999999801));
#15674=CARTESIAN_POINT('',(0.88488374554426,-0.320699309088272,-2.99999999999801));
#15675=VECTOR('',#19060,1000.0);
#15676=CARTESIAN_POINT('',(1.11488355481056,-0.320699309087242,-2.99999999999801));
#15677=CARTESIAN_POINT('',(0.88488374554426,-0.320699309088272,-2.99999999999801));
#15678=VECTOR('',#19061,1000.0);
#15679=CARTESIAN_POINT('',(1.11488355481056,-0.320699309047372,-0.838938691935005));
#15680=CARTESIAN_POINT('',(1.11488355481056,-0.320699309047372,-0.838938691935005));
#15681=VECTOR('',#19062,1000.0);
#15682=CARTESIAN_POINT('',(1.14988365017656,-0.320699309047869,-0.638938691935504));
#15683=CARTESIAN_POINT('',(1.11488355481056,-0.320699309047372,-0.838938691935005));
#15684=VECTOR('',#19063,1000.0);
#15685=CARTESIAN_POINT('',(1.14988365017658,-0.320699309047916,-0.625470096653105));
#15686=CARTESIAN_POINT('',(1.14988362743956,-0.320699309058944,-1.87269569123901));
#15687=VECTOR('',#19064,1000.0);
#15688=CARTESIAN_POINT('',(1.34988365017657,-0.320699309045043,-0.625470096646185));
#15689=CARTESIAN_POINT('',(1.14988365017656,-0.320699309047872,-0.625470096650005));
#15690=VECTOR('',#19065,1000.0);
#15691=CARTESIAN_POINT('',(1.34988365017656,-0.320699309044972,-0.638938691930003));
#15692=CARTESIAN_POINT('',(1.34988343670456,-0.320699309058944,-6.510094381523));
#15693=VECTOR('',#19066,1000.0);
#15694=CARTESIAN_POINT('',(1.38488374554356,-0.32069930904354,-0.838938691933314));
#15695=CARTESIAN_POINT('',(1.34988365017656,-0.320699309044972,-0.638938691930003));
#15696=VECTOR('',#19067,1000.0);
#15697=CARTESIAN_POINT('',(1.38488374554356,-0.320699309085964,-2.99999999999801));
#15698=CARTESIAN_POINT('',(1.38488374554356,-0.320699309085973,-2.99999999999801));
#15699=VECTOR('',#19068,1000.0);
#15700=CARTESIAN_POINT('',(2.61488355481056,-0.320699309080195,-2.99999999999801));
#15701=CARTESIAN_POINT('',(2.61488355481056,-0.320699309080173,-2.99999999999801));
#15702=VECTOR('',#19069,1000.0);
#15703=CARTESIAN_POINT('',(2.61488355481056,-0.320699309026272,-0.838938967986005));
#15704=VECTOR('',#19070,1000.0);
#15705=CARTESIAN_POINT('',(2.61488355481056,-0.345699309103881,-2.99999999999404));
#15706=CARTESIAN_POINT('',(2.61488355481056,-0.320699309080173,-2.99999999999801));
#15707=VECTOR('',#19071,1000.0);
#15708=CARTESIAN_POINT('',(2.61488355481024,-0.345701757749521,-0.838938992002426));
#15709=CARTESIAN_POINT('',(2.61488355481056,-0.345699309101273,-4.45188528320001));
#15710=VECTOR('',#19072,1000.0);
#15711=CARTESIAN_POINT('',(2.61488355481056,-0.345702474235841,-0.838937249078664));
#15712=VECTOR('',#19073,1000.0);
#15713=CARTESIAN_POINT('',(2.63238331482236,-0.345699928306356,-0.738938892910993));
#15714=CARTESIAN_POINT('',(1.9881332812842,-0.345699309101273,-4.42035762500733));
#15715=VECTOR('',#19074,1000.0);
#15716=CARTESIAN_POINT('',(2.64988321651201,-0.326500049995889,-0.638938773369305));
#15717=AXIS2_PLACEMENT_3D('',#19075,#19076,#19077);
#15718=CARTESIAN_POINT('',(2.64988316071607,-0.345702474235975,-0.638940045991365));
#15719=VECTOR('',#19078,1000.0);
#15720=AXIS2_PLACEMENT_3D('',#19079,#19080,#19081);
#15721=CARTESIAN_POINT('',(2.86738288798264,-0.345699932109708,-0.738938188919914));
#15722=CARTESIAN_POINT('',(-11.4529761643044,-0.345699309101862,-0.738938153949004));
#15723=VECTOR('',#19082,1000.0);
#15724=CARTESIAN_POINT('',(2.84988306475369,-0.326500337432206,-0.638939497663204));
#15725=AXIS2_PLACEMENT_3D('',#19083,#19084,#19085);
#15726=AXIS2_PLACEMENT_3D('',#19086,#19087,#19088);
#15727=CARTESIAN_POINT('',(2.84988316071608,-0.345702633918237,-0.638940046018164));
#15728=VECTOR('',#19089,1000.0);
#15729=CARTESIAN_POINT('',(2.84988294695257,-0.345699309101273,-0.638938824515784));
#15730=VECTOR('',#19090,1000.0);
#15731=CARTESIAN_POINT('',(2.88488321580756,-0.345699309103872,-2.99999999999401));
#15732=VECTOR('',#19091,1000.0);
#15733=CARTESIAN_POINT('',(1.38488374554356,-0.345699309103972,-2.99999999999406));
#15734=CARTESIAN_POINT('',(1.38488374554356,-0.345699309101297,-0.838938691934753));
#15735=CARTESIAN_POINT('',(1.38488374554356,-0.345699309103972,-2.99999999999401));
#15736=VECTOR('',#19092,1000.0);
#15737=CARTESIAN_POINT('',(1.36738360371274,-0.345699309101882,-0.738938153949025));
#15738=CARTESIAN_POINT('',(1.36738360371256,-0.345699309101273,-0.738938153949004));
#15739=VECTOR('',#19093,1000.0);
#15740=CARTESIAN_POINT('',(1.1323836966416,-0.345699309101913,-0.738938153949025));
#15741=CARTESIAN_POINT('',(1.13238369664156,-0.345699309101373,-0.738938153949004));
#15742=VECTOR('',#19094,1000.0);
#15743=CARTESIAN_POINT('',(1.11488355481056,-0.345699309101301,-0.838938691934655));
#15744=CARTESIAN_POINT('',(1.13238369664156,-0.345699309101373,-0.738938153949004));
#15745=VECTOR('',#19095,1000.0);
#15746=CARTESIAN_POINT('',(1.11488355481056,-0.345699309103962,-2.9999999999943));
#15747=CARTESIAN_POINT('',(1.11488355481056,-0.345699309101273,-0.838938691935005));
#15748=VECTOR('',#19096,1000.0);
#15749=CARTESIAN_POINT('',(1.38488374554356,-0.345699309103972,-2.99999999999401));
#15750=VECTOR('',#19097,1000.0);
#15751=CARTESIAN_POINT('',(0.88488374554426,-0.345699309103972,-2.9999999999948));
#15752=CARTESIAN_POINT('',(0.884883745543938,-0.345701510574297,-1.33894437107525));
#15753=CARTESIAN_POINT('',(0.88488374554426,-0.345699309101273,-3.56534914234301));
#15754=VECTOR('',#19098,1000.0);
#15755=CARTESIAN_POINT('',(0.86738287670352,-0.345701344624212,-1.23893832420846));
#15756=CARTESIAN_POINT('',(0.84988294695073,-0.345699309101273,-1.13893899809519));
#15757=VECTOR('',#19099,1000.0);
#15758=CARTESIAN_POINT('',(0.632383402001288,-0.345701344624212,-1.23893832420846));
#15759=CARTESIAN_POINT('',(11.4000537222498,-0.345700937517659,-1.23893832420846));
#15760=VECTOR('',#19100,1000.0);
#15761=CARTESIAN_POINT('',(0.61488355480954,-0.345701493097484,-1.33893892144272));
#15762=CARTESIAN_POINT('',(0.13246369803906,-0.345699309101273,-4.09561456309522));
#15763=VECTOR('',#19101,1000.0);
#15764=CARTESIAN_POINT('',(0.614883554809878,-0.345699309103997,-2.99999999999461));
#15765=CARTESIAN_POINT('',(0.61488355480986,-0.345699309101273,-3.56534914234301));
#15766=VECTOR('',#19102,1000.0);
#15767=CARTESIAN_POINT('',(0.88488374554426,-0.345699309103972,-2.999999999995));
#15768=VECTOR('',#19103,1000.0);
#15769=CARTESIAN_POINT('',(0.384883745543361,-0.345699309103972,-2.9999999999948));
#15770=CARTESIAN_POINT('',(0.384883745543574,-0.345701472799831,-1.35894360814156));
#15771=CARTESIAN_POINT('',(0.38488374554336,-0.345699309101273,-3.56534914234301));
#15772=VECTOR('',#19104,1000.0);
#15773=CARTESIAN_POINT('',(0.363883000680558,-0.345701344624212,-1.23893832420846));
#15774=CARTESIAN_POINT('',(0.349882946949739,-0.345699309101273,-1.15893823515618));
#15775=VECTOR('',#19105,1000.0);
#15776=CARTESIAN_POINT('',(0.135883278023058,-0.345701344624212,-1.23893832420846));
#15777=CARTESIAN_POINT('',(11.4000537222498,-0.345700937517659,-1.23893832420846));
#15778=VECTOR('',#19106,1000.0);
#15779=CARTESIAN_POINT('',(0.114883554809552,-0.345701455322992,-1.35893815850284));
#15780=CARTESIAN_POINT('',(-0.349282857282922,-0.345699309101273,-4.0113086862013));
#15781=VECTOR('',#19107,1000.0);
#15782=CARTESIAN_POINT('',(0.114883554809867,-0.345699309104029,-2.9999999999948));
#15783=CARTESIAN_POINT('',(0.11488355480986,-0.345699309101273,-3.56534914234301));
#15784=VECTOR('',#19108,1000.0);
#15785=CARTESIAN_POINT('',(0.38488374554336,-0.345699309103972,-2.999999999995));
#15786=VECTOR('',#19109,1000.0);
#15787=CARTESIAN_POINT('',(-0.115115883425039,-0.345699309104073,-2.99999999999481));
#15788=CARTESIAN_POINT('',(-0.115115883424722,-0.345701455323052,-1.35893815850284));
#15789=CARTESIAN_POINT('',(-0.11511588342504,-0.345699309101273,-3.56534914234301));
#15790=VECTOR('',#19110,1000.0);
#15791=CARTESIAN_POINT('',(-0.136115606638341,-0.345701344624212,-1.23893832420846));
#15792=CARTESIAN_POINT('',(-0.115115595247834,-0.345699309101273,-1.35893806232669));
#15793=VECTOR('',#19111,1000.0);
#15794=CARTESIAN_POINT('',(-0.364115329295736,-0.345701344624212,-1.23893832420846));
#15795=CARTESIAN_POINT('',(11.4000537222498,-0.345700937517659,-1.23893832420846));
#15796=VECTOR('',#19112,1000.0);
#15797=CARTESIAN_POINT('',(-0.385116074158849,-0.345701472799873,-1.35894360814184));
#15798=CARTESIAN_POINT('',(-0.834423938037576,-0.345699309101273,-3.92640876573804));
#15799=VECTOR('',#19113,1000.0);
#15800=CARTESIAN_POINT('',(-0.385116074158628,-0.345699309104046,-2.99999999999463));
#15801=CARTESIAN_POINT('',(-0.385116074158639,-0.345699309101273,-3.56534914234301));
#15802=VECTOR('',#19114,1000.0);
#15803=CARTESIAN_POINT('',(-0.11511588342504,-0.345699309104073,-2.999999999995));
#15804=VECTOR('',#19115,1000.0);
#15805=CARTESIAN_POINT('',(-0.61511588342504,-0.345699309104073,-2.99999999999481));
#15806=CARTESIAN_POINT('',(-0.615115883424711,-0.345701493097584,-1.33893892144286));
#15807=CARTESIAN_POINT('',(-0.61511588342504,-0.345699309101273,-3.56534914234301));
#15808=VECTOR('',#19116,1000.0);
#15809=CARTESIAN_POINT('',(-0.632615730616571,-0.345701344624212,-1.23893832420846));
#15810=CARTESIAN_POINT('',(-0.615115581653651,-0.345699309101273,-1.33893890294766));
#15811=VECTOR('',#19117,1000.0);
#15812=CARTESIAN_POINT('',(-0.867615205318697,-0.345701344624212,-1.23893832420846));
#15813=CARTESIAN_POINT('',(11.4000537222498,-0.345700937517659,-1.23893832420846));
#15814=VECTOR('',#19118,1000.0);
#15815=CARTESIAN_POINT('',(-0.885116074159132,-0.345701510574503,-1.33894437107497));
#15816=CARTESIAN_POINT('',(-1.32296224682104,-0.345699309101273,-3.84091432874983));
#15817=VECTOR('',#19119,1000.0);
#15818=CARTESIAN_POINT('',(-0.885116074159445,-0.34569930910408,-2.99999999999481));
#15819=CARTESIAN_POINT('',(-0.88511607415944,-0.345699309101273,-3.56534914234301));
#15820=VECTOR('',#19120,1000.0);
#15821=CARTESIAN_POINT('',(-0.61511588342504,-0.345699309104073,-2.999999999995));
#15822=VECTOR('',#19121,1000.0);
#15823=CARTESIAN_POINT('',(-1.11511588342544,-0.345699309104073,-2.99999999999481));
#15824=CARTESIAN_POINT('',(-1.11511588342544,-0.345699309101472,-0.838938691935014));
#15825=CARTESIAN_POINT('',(-1.11511588342544,-0.345699309104073,-2.999999999995));
#15826=VECTOR('',#19122,1000.0);
#15827=CARTESIAN_POINT('',(-1.1326160252563,-0.345699309101987,-0.738938153949025));
#15828=CARTESIAN_POINT('',(-1.11511588342544,-0.345699309101472,-0.838938691935005));
#15829=VECTOR('',#19123,1000.0);
#15830=CARTESIAN_POINT('',(-1.3676159323274,-0.345699309102012,-0.738938153949025));
#15831=CARTESIAN_POINT('',(-1.36761593232744,-0.345699309101573,-0.738938153949004));
#15832=VECTOR('',#19124,1000.0);
#15833=CARTESIAN_POINT('',(-1.38511607415844,-0.345699309101568,-0.838938691934665));
#15834=CARTESIAN_POINT('',(-1.36761593232744,-0.345699309101573,-0.738938153949004));
#15835=VECTOR('',#19125,1000.0);
#15836=CARTESIAN_POINT('',(-1.38511607415844,-0.345699309104131,-2.99999999999481));
#15837=CARTESIAN_POINT('',(-1.38511607415844,-0.345699309101573,-0.838938691935005));
#15838=VECTOR('',#19126,1000.0);
#15839=CARTESIAN_POINT('',(-1.11511588342544,-0.345699309104073,-2.999999999995));
#15840=VECTOR('',#19127,1000.0);
#15841=CARTESIAN_POINT('',(-2.61511588342544,-0.345699309104172,-2.99999999999482));
#15842=CARTESIAN_POINT('',(-2.61511588342511,-0.345701757749951,-0.838938992002264));
#15843=CARTESIAN_POINT('',(-2.61511588342544,-0.345699309101273,-3.56534914234301));
#15844=VECTOR('',#19128,1000.0);
#15845=CARTESIAN_POINT('',(-2.63261577275698,-0.34569930910201,-0.738938153949004));
#15846=CARTESIAN_POINT('',(-2.61511562437534,-0.345699309101273,-0.838938729366644));
#15847=VECTOR('',#19129,1000.0);
#15848=CARTESIAN_POINT('',(-2.86761520590123,-0.34569930910201,-0.738938153949004));
#15849=CARTESIAN_POINT('',(-11.4529761643044,-0.345699309101862,-0.738938153949004));
#15850=VECTOR('',#19130,1000.0);
#15851=CARTESIAN_POINT('',(-3.34843216144593,-0.345699309101273,-3.4864561278799));
#15852=VECTOR('',#19131,1000.0);
#15853=CARTESIAN_POINT('',(-2.61511588342544,-0.345699309104172,-2.999999999995));
#15854=VECTOR('',#19132,1000.0);
#15855=CARTESIAN_POINT('',(1.38488374554356,-0.345699309103972,-2.99999999999401));
#15856=VECTOR('',#19133,1000.0);
#15857=CARTESIAN_POINT('',(0.88488374554426,-0.345699309103972,-2.999999999995));
#15858=VECTOR('',#19134,1000.0);
#15859=CARTESIAN_POINT('',(0.38488374554336,-0.345699309103972,-2.999999999995));
#15860=VECTOR('',#19135,1000.0);
#15861=CARTESIAN_POINT('',(-0.11511588342504,-0.345699309104073,-2.999999999995));
#15862=VECTOR('',#19136,1000.0);
#15863=CARTESIAN_POINT('',(-0.61511588342504,-0.345699309104073,-2.999999999995));
#15864=VECTOR('',#19137,1000.0);
#15865=CARTESIAN_POINT('',(-1.11511588342544,-0.345699309104073,-2.999999999995));
#15866=VECTOR('',#19138,1000.0);
#15867=CARTESIAN_POINT('',(-2.61511588342544,-0.345699309104172,-2.999999999995));
#15868=VECTOR('',#19139,1000.0);
#15869=CARTESIAN_POINT('',(-3.22011616430744,-0.345699309112472,-2.99999999999801));
#15870=VECTOR('',#19140,1000.0);
#15871=AXIS2_PLACEMENT_3D('',#19141,#19142,#19143);
#15872=AXIS2_PLACEMENT_3D('',#19144,#19145,#19146);
#15873=CARTESIAN_POINT('',(2.88488321580756,-0.345699309103872,-2.99999999999401));
#15874=VECTOR('',#19147,1000.0);
#15875=CARTESIAN_POINT('',(0.11488355480986,-0.320699309091972,-2.99999999999801));
#15876=VECTOR('',#19148,1000.0);
#15877=CARTESIAN_POINT('',(-0.11511588342504,-0.320699309092972,-2.99999999999801));
#15878=VECTOR('',#19149,1000.0);
#15879=CARTESIAN_POINT('',(-0.61511588342504,-0.320699309095372,-2.99999999999801));
#15880=VECTOR('',#19150,1000.0);
#15881=CARTESIAN_POINT('',(-0.385116074158639,-0.320699309094273,-2.99999999999801));
#15882=VECTOR('',#19151,1000.0);
#15883=CARTESIAN_POINT('',(-1.11511588342544,-0.320699309097673,-2.99999999999801));
#15884=VECTOR('',#19152,1000.0);
#15885=CARTESIAN_POINT('',(-0.88511607415944,-0.320699309096672,-2.99999999999801));
#15886=VECTOR('',#19153,1000.0);
#15887=CARTESIAN_POINT('',(-2.61511588342544,-0.320699309104772,-2.99999999999801));
#15888=VECTOR('',#19154,1000.0);
#15889=CARTESIAN_POINT('',(-1.38511607415844,-0.320699309098972,-2.99999999999801));
#15890=VECTOR('',#19155,1000.0);
#15891=CARTESIAN_POINT('',(0.61488355480986,-0.320699309089572,-2.99999999999801));
#15892=VECTOR('',#19156,1000.0);
#15893=CARTESIAN_POINT('',(0.38488374554336,-0.320699309090672,-2.99999999999801));
#15894=VECTOR('',#19157,1000.0);
#15895=CARTESIAN_POINT('',(1.11488355481056,-0.320699309087272,-2.99999999999801));
#15896=VECTOR('',#19158,1000.0);
#15897=CARTESIAN_POINT('',(0.88488374554426,-0.320699309088272,-2.99999999999801));
#15898=VECTOR('',#19159,1000.0);
#15899=CARTESIAN_POINT('',(1.38488374554356,-0.320699309085973,-2.99999999999801));
#15900=VECTOR('',#19160,1000.0);
#15901=CARTESIAN_POINT('',(-0.11511588342504,-0.425700934216699,-1.35893641560426));
#15902=VECTOR('',#19161,1000.0);
#15903=CARTESIAN_POINT('',(-0.150115809621921,-0.333578212885606,-1.15893738228559));
#15904=CARTESIAN_POINT('',(-0.15011595604834,-0.660699309103443,-1.15893654556536));
#15905=VECTOR('',#19162,1000.0);
#15906=AXIS2_PLACEMENT_3D('',#19163,#19164,#19165);
#15907=CARTESIAN_POINT('',(-0.350115516215213,-0.333578904069764,-1.15893961029698));
#15908=AXIS2_PLACEMENT_3D('',#19166,#19167,#19168);
#15909=AXIS2_PLACEMENT_3D('',#19169,#19170,#19171);
#15910=AXIS2_PLACEMENT_3D('',#19172,#19173,#19174);
#15911=CARTESIAN_POINT('',(-0.35011576531334,-0.345702564391475,-1.15894103371097));
#15912=VECTOR('',#19175,1000.0);
#15913=CARTESIAN_POINT('',(-0.385116074158639,-0.345702564391341,-1.35894225358612));
#15914=VECTOR('',#19176,1000.0);
#15915=CARTESIAN_POINT('',(0.11488355480986,-0.345702506098506,-1.35893641560371));
#15916=VECTOR('',#19177,1000.0);
#15917=CARTESIAN_POINT('',(0.149883242689639,-0.333578472467772,-1.15893820294435));
#15918=AXIS2_PLACEMENT_3D('',#19178,#19179,#19180);
#15919=CARTESIAN_POINT('',(0.14988362743936,-0.34570250609864,-1.15893654552946));
#15920=VECTOR('',#19181,1000.0);
#15921=AXIS2_PLACEMENT_3D('',#19182,#19183,#19184);
#15922=CARTESIAN_POINT('',(0.349883064453906,-0.333578696482661,-1.15893890660675));
#15923=AXIS2_PLACEMENT_3D('',#19185,#19186,#19187);
#15924=AXIS2_PLACEMENT_3D('',#19188,#19189,#19190);
#15925=CARTESIAN_POINT('',(0.34988343670456,-0.660699309103443,-1.15894103374743));
#15926=VECTOR('',#19191,1000.0);
#15927=CARTESIAN_POINT('',(0.38488374554336,-0.28570219174406,-1.35894225358557));
#15928=VECTOR('',#19192,1000.0);
#15929=CARTESIAN_POINT('',(-0.61511588342504,-0.425700982767692,-1.33893717854439));
#15930=VECTOR('',#19193,1000.0);
#15931=CARTESIAN_POINT('',(-0.650115913380164,-0.326500982236755,-1.13893755232309));
#15932=CARTESIAN_POINT('',(-0.65011616430754,-1.0106993090983,-1.13893611845604));
#15933=VECTOR('',#19194,1000.0);
#15934=AXIS2_PLACEMENT_3D('',#19195,#19196,#19197);
#15935=CARTESIAN_POINT('',(-0.850115715461685,-0.326502560942444,-1.13894151177846));
#15936=AXIS2_PLACEMENT_3D('',#19198,#19199,#19200);
#15937=AXIS2_PLACEMENT_3D('',#19201,#19202,#19203);
#15938=AXIS2_PLACEMENT_3D('',#19204,#19205,#19206);
#15939=CARTESIAN_POINT('',(-0.85011616430754,-0.345702523951876,-1.13894407660495));
#15940=VECTOR('',#19207,1000.0);
#15941=CARTESIAN_POINT('',(-0.88511607415944,-0.345702523951742,-1.33894301652401));
#15942=VECTOR('',#19208,1000.0);
#15943=CARTESIAN_POINT('',(-1.11511588342544,-0.320699309078772,-0.838938691935005));
#15944=VECTOR('',#19209,1000.0);
#15945=CARTESIAN_POINT('',(-1.15011596742043,-0.326498273598452,-0.638938756912766));
#15946=CARTESIAN_POINT('',(-1.15011595604844,-0.660699309103395,-0.638938821895264));
#15947=VECTOR('',#19210,1000.0);
#15948=AXIS2_PLACEMENT_3D('',#19211,#19212,#19213);
#15949=CARTESIAN_POINT('',(-1.35011587205294,-0.326498004491691,-0.638938081995786));
#15950=AXIS2_PLACEMENT_3D('',#19214,#19215,#19216);
#15951=AXIS2_PLACEMENT_3D('',#19217,#19218,#19219);
#15952=AXIS2_PLACEMENT_3D('',#19220,#19221,#19222);
#15953=CARTESIAN_POINT('',(-1.35011576531344,-0.345699748501306,-0.638937472061585));
#15954=VECTOR('',#19223,1000.0);
#15955=CARTESIAN_POINT('',(-1.38511607415844,-0.320699309082572,-0.838938691935005));
#15956=VECTOR('',#19224,1000.0);
#15957=CARTESIAN_POINT('',(-2.61511588342544,-0.425701270127915,-0.838937249084334));
#15958=VECTOR('',#19225,1000.0);
#15959=CARTESIAN_POINT('',(-2.6501154947935,-0.326500284810168,-0.638940014782563));
#15960=CARTESIAN_POINT('',(-2.65011548933102,-0.345702551949351,-0.638940045996704));
#15961=VECTOR('',#19226,1000.0);
#15962=AXIS2_PLACEMENT_3D('',#19227,#19228,#19229);
#15963=CARTESIAN_POINT('',(-2.85011537797385,-0.326498533875697,-0.638939409693545));
#15964=AXIS2_PLACEMENT_3D('',#19230,#19231,#19232);
#15965=AXIS2_PLACEMENT_3D('',#19233,#19234,#19235);
#15966=AXIS2_PLACEMENT_3D('',#19236,#19237,#19238);
#15967=CARTESIAN_POINT('',(-2.85011548933102,-0.345702532529277,-0.638940046018525));
#15968=VECTOR('',#19239,1000.0);
#15969=CARTESIAN_POINT('',(0.61488355480986,-0.345702465658805,-1.33893717854384));
#15970=VECTOR('',#19240,1000.0);
#15971=CARTESIAN_POINT('',(0.649883241974782,-0.32650155259135,-1.13893896657094));
#15972=AXIS2_PLACEMENT_3D('',#19241,#19242,#19243);
#15973=CARTESIAN_POINT('',(0.64988383569246,-0.345702465658939,-1.13893611845511));
#15974=VECTOR('',#19244,1000.0);
#15975=AXIS2_PLACEMENT_3D('',#19245,#19246,#19247);
#15976=CARTESIAN_POINT('',(0.849883064752936,-0.326501848767075,-1.1389396712488));
#15977=AXIS2_PLACEMENT_3D('',#19248,#19249,#19250);
#15978=AXIS2_PLACEMENT_3D('',#19251,#19252,#19253);
#15979=CARTESIAN_POINT('',(0.84988383569246,-1.24069930911065,-1.13894407660521));
#15980=VECTOR('',#19254,1000.0);
#15981=CARTESIAN_POINT('',(0.88488374554426,-0.425701009955592,-1.33894301652398));
#15982=VECTOR('',#19255,1000.0);
#15983=CARTESIAN_POINT('',(1.11488355481056,-0.320699309047372,-0.838938691935005));
#15984=VECTOR('',#19256,1000.0);
#15985=CARTESIAN_POINT('',(1.14988365017659,-0.326498247689314,-0.638938691934064));
#15986=AXIS2_PLACEMENT_3D('',#19257,#19258,#19259);
#15987=CARTESIAN_POINT('',(1.14988362743956,-0.345699748501106,-0.638938821863604));
#15988=VECTOR('',#19260,1000.0);
#15989=AXIS2_PLACEMENT_3D('',#19261,#19262,#19263);
#15990=CARTESIAN_POINT('',(1.34988365017658,-0.326498247687975,-0.638938691930003));
#15991=AXIS2_PLACEMENT_3D('',#19264,#19265,#19266);
#15992=AXIS2_PLACEMENT_3D('',#19267,#19268,#19269);
#15993=CARTESIAN_POINT('',(1.34988343670456,-0.66069930910413,-0.638937472093206));
#15994=VECTOR('',#19270,1000.0);
#15995=CARTESIAN_POINT('',(1.38488374554356,-0.320699309043572,-0.838938691935005));
#15996=VECTOR('',#19271,1000.0);
#15997=CARTESIAN_POINT('',(3.34488383569256,-0.240699309165573,-3.099999999998));
#15998=VECTOR('',#19272,1000.0);
#15999=CARTESIAN_POINT('',(4.46988383569556,-0.230699309112472,-5.319999999998));
#16000=CARTESIAN_POINT('',(4.46988383569556,-0.230699309112472,-5.319999999998));
#16001=VECTOR('',#19273,1000.0);
#16002=CARTESIAN_POINT('',(4.46988383569556,-0.300699309112472,-5.319999999998));
#16003=CARTESIAN_POINT('',(4.46988383569556,-0.300699309112472,-5.319999999998));
#16004=VECTOR('',#19274,1000.0);
#16005=AXIS2_PLACEMENT_3D('',#19275,#19276,#19277);
#16006=AXIS2_PLACEMENT_3D('',#19278,#19279,#19280);
#16007=CARTESIAN_POINT('',(-4.14511616430744,-1.15297567273727,-5.319999999998));
#16008=VECTOR('',#19281,1000.0);
#16009=AXIS2_PLACEMENT_3D('',#19282,#19283,#19284);
#16010=CARTESIAN_POINT('',(4.46988383569556,-0.300699309112472,-3.049999999998));
#16011=CARTESIAN_POINT('',(4.46988383569556,-0.300699309112472,-5.319999999998));
#16012=VECTOR('',#19285,1000.0);
#16013=CARTESIAN_POINT('',(3.18988383569556,-1.58069930911227,-3.049999999998));
#16014=AXIS2_PLACEMENT_3D('',#19286,#19287,#19288);
#16015=CARTESIAN_POINT('',(3.18988383569556,-1.58069930911227,-3.049999999998));
#16016=VECTOR('',#19289,1000.0);
#16017=CARTESIAN_POINT('',(2.04775180133956,-1.58069930911227,-5.79999999999801));
#16018=AXIS2_PLACEMENT_3D('',#19290,#19291,#19292);
#16019=CARTESIAN_POINT('',(2.46988383569556,-1.58069930911227,-3.049999999998));
#16020=CARTESIAN_POINT('',(3.18988383569556,-1.58069930911227,-3.049999999998));
#16021=VECTOR('',#19293,1000.0);
#16022=CARTESIAN_POINT('',(2.16988383569556,-1.58069930911227,-2.749999999998));
#16023=AXIS2_PLACEMENT_3D('',#19294,#19295,#19296);
#16024=CARTESIAN_POINT('',(2.16988383569556,-1.58069930911227,-1.449999999998));
#16025=CARTESIAN_POINT('',(2.16988383569556,-1.58069930911227,-2.749999999998));
#16026=VECTOR('',#19297,1000.0);
#16027=CARTESIAN_POINT('',(2.46988383569556,-1.58069930911227,-1.149999999998));
#16028=AXIS2_PLACEMENT_3D('',#19298,#19299,#19300);
#16029=CARTESIAN_POINT('',(3.18988383569556,-1.58069930911234,-1.149999999998));
#16030=CARTESIAN_POINT('',(3.18988383569556,-1.58069930911227,-1.149999999998));
#16031=VECTOR('',#19301,1000.0);
#16032=CARTESIAN_POINT('',(3.18988383569556,-1.58069930911234,-5.20417042793042E-15));
#16033=CARTESIAN_POINT('',(3.18988383569556,-1.58069930911227,-5.20417042793042E-15));
#16034=VECTOR('',#19302,1000.0);
#16035=CARTESIAN_POINT('',(-0.24511616429504,-1.58069930911227,-5.20417042793042E-15));
#16036=CARTESIAN_POINT('',(-0.24511616429504,-1.58069930911227,-5.20417042793042E-15));
#16037=VECTOR('',#19303,1000.0);
#16038=CARTESIAN_POINT('',(-0.245116164294939,-1.58069930911227,-0.983497636258004));
#16039=CARTESIAN_POINT('',(-0.24511616429504,-1.58069930911227,-5.20417042793042E-15));
#16040=VECTOR('',#19304,1000.0);
#16041=CARTESIAN_POINT('',(-0.0201161642947396,-1.58069930911227,-1.113401446826));
#16042=AXIS2_PLACEMENT_3D('',#19305,#19306,#19307);
#16043=CARTESIAN_POINT('',(0.31488383570086,-1.58069930911227,-0.919989106650004));
#16044=CARTESIAN_POINT('',(-0.0201161642947396,-1.58069930911227,-1.113401446826));
#16045=VECTOR('',#19308,1000.0);
#16046=CARTESIAN_POINT('',(0.55488383570476,-1.58069930911227,-1.05855317125299));
#16047=AXIS2_PLACEMENT_3D('',#19309,#19310,#19311);
#16048=CARTESIAN_POINT('',(0.554883835704975,-1.58069930911227,-1.92576260933901));
#16049=CARTESIAN_POINT('',(0.55488383570476,-1.58069930911227,-1.058553171253));
#16050=VECTOR('',#19312,1000.0);
#16051=CARTESIAN_POINT('',(0.314883835705061,-1.58069930911227,-2.064326673945));
#16052=AXIS2_PLACEMENT_3D('',#19313,#19314,#19315);
#16053=CARTESIAN_POINT('',(-0.0201161642896096,-1.58069930911227,-1.87091433377));
#16054=CARTESIAN_POINT('',(0.314883835705061,-1.58069930911227,-2.064326673945));
#16055=VECTOR('',#19316,1000.0);
#16056=CARTESIAN_POINT('',(-0.24511616429504,-1.58069930911227,-2.00081814433433));
#16057=AXIS2_PLACEMENT_3D('',#19317,#19318,#19319);
#16058=CARTESIAN_POINT('',(-0.245116164295023,-1.58069930911227,-2.94330525739399));
#16059=CARTESIAN_POINT('',(-0.24511616429504,-1.58069930911227,-2.00081814433501));
#16060=VECTOR('',#19320,1000.0);
#16061=CARTESIAN_POINT('',(-0.0201161642942196,-1.58069930911227,-3.07320906796101));
#16062=AXIS2_PLACEMENT_3D('',#19321,#19322,#19323);
#16063=CARTESIAN_POINT('',(0.31488383570286,-1.58069930911227,-2.87979672778601));
#16064=CARTESIAN_POINT('',(-0.0201161642942196,-1.58069930911227,-3.07320906796101));
#16065=VECTOR('',#19324,1000.0);
#16066=CARTESIAN_POINT('',(0.554883835704961,-1.58069930911227,-3.018360792389));
#16067=AXIS2_PLACEMENT_3D('',#19325,#19326,#19327);
#16068=CARTESIAN_POINT('',(0.55488383570506,-1.58069930911227,-3.960625765469));
#16069=CARTESIAN_POINT('',(0.554883835704961,-1.58069930911227,-3.018360792389));
#16070=VECTOR('',#19328,1000.0);
#16071=CARTESIAN_POINT('',(0.329883835705261,-1.58069930911227,-4.09052957603701));
#16072=AXIS2_PLACEMENT_3D('',#19329,#19330,#19331);
#16073=CARTESIAN_POINT('',(-0.0201161642952096,-1.58069930911227,-3.88845698182001));
#16074=CARTESIAN_POINT('',(0.329883835705261,-1.58069930911227,-4.09052957603701));
#16075=VECTOR('',#19332,1000.0);
#16076=AXIS2_PLACEMENT_3D('',#19333,#19334,#19335);
#16077=CARTESIAN_POINT('',(0.52488383570326,-1.58069930911227,-5.79999999999801));
#16078=CARTESIAN_POINT('',(0.52488383570196,-1.58069930911227,-5.299999999998));
#16079=VECTOR('',#19336,1000.0);
#16080=CARTESIAN_POINT('',(0.52488383570326,-1.58069930911227,-5.79999999999801));
#16081=VECTOR('',#19337,1000.0);
#16082=CARTESIAN_POINT('',(2.38237749015056,-1.58069930911227,-5.09999999999801));
#16083=CARTESIAN_POINT('',(2.38237749015056,-1.58069930911227,-5.09999999999801));
#16084=VECTOR('',#19338,1000.0);
#16085=CARTESIAN_POINT('',(1.16739018124056,-1.58069930911227,-5.09999999999801));
#16086=CARTESIAN_POINT('',(2.38237749015056,-1.58069930911227,-5.09999999999801));
#16087=VECTOR('',#19339,1000.0);
#16088=CARTESIAN_POINT('',(1.16739018124056,-1.58069930911227,-4.599999999998));
#16089=VECTOR('',#19340,1000.0);
#16090=AXIS2_PLACEMENT_3D('',#19341,#19342,#19343);
#16091=AXIS2_PLACEMENT_3D('',#19344,#19345,#19346);
#16092=CARTESIAN_POINT('',(0.295036685038489,-1.32349705923894,-5.80000019643567));
#16093=CARTESIAN_POINT('',(0.298372630333965,-1.32069949976866,-5.79564664485478));
#16094=CARTESIAN_POINT('',(0.295036021830061,-1.32349761548427,-5.800000589311));
#16095=VECTOR('',#19347,1000.0);
#16096=CARTESIAN_POINT('',(0.298372839952407,-1.32069930911227,-5.79564698566749));
#16097=CARTESIAN_POINT('',(0.365715988645746,-1.32069930911227,-5.74405193072313));
#16098=CARTESIAN_POINT('',(0.438658148126057,-1.32069930911227,-5.69000006929211));
#16099=CARTESIAN_POINT('',(0.524883851134664,-1.32069930911227,-5.69000007629439));
#16100=AXIS2_PLACEMENT_3D('',#19348,#19349,#19350);
#16101=CARTESIAN_POINT('',(0.0968794854291229,-1.3206993091123,-5.79999999999801));
#16102=CARTESIAN_POINT('',(0.180163836301361,-1.41995373347127,-5.79999999999801));
#16103=CARTESIAN_POINT('',(-0.0806150969482096,-1.10916950289827,-5.79999999999801));
#16104=VECTOR('',#19351,1000.0);
#16105=CARTESIAN_POINT('',(0.29269033083382,-1.32069930911227,-5.79999999999801));
#16106=CARTESIAN_POINT('',(-2.47511616430444,-1.32069930911227,-5.79999999999801));
#16107=VECTOR('',#19352,1000.0);
#16108=CARTESIAN_POINT('',(0.11646662858252,-1.11068407885405,-5.79999999999801));
#16109=VECTOR('',#19353,1000.0);
#16110=CARTESIAN_POINT('',(2.04775180133956,-1.58069930911227,-5.79999999999801));
#16111=VECTOR('',#19354,1000.0);
#16112=AXIS2_PLACEMENT_3D('',#19355,#19356,#19357);
#16113=CARTESIAN_POINT('',(0.254047794995348,-1.32069930911227,-5.82960183531599));
#16114=VECTOR('',#19358,1000.0);
#16115=CARTESIAN_POINT('',(0.180163836300861,-1.41995373347027,-5.299999999998));
#16116=CARTESIAN_POINT('',(0.0968794854292961,-1.32069930911227,-5.299102540377));
#16117=CARTESIAN_POINT('',(0.180163836300861,-1.41995373347027,-5.299999999998));
#16118=VECTOR('',#19359,1000.0);
#16119=CARTESIAN_POINT('',(0.0968794854291552,-1.32069930911227,-5.549999999998));
#16120=VECTOR('',#19360,1000.0);
#16121=CARTESIAN_POINT('',(0.180163836301161,-1.41995373347127,-5.79999999999801));
#16122=VECTOR('',#19361,1000.0);
#16123=CARTESIAN_POINT('',(0.22213436937646,-1.32069930911227,-5.299999999998));
#16124=VECTOR('',#19362,1000.0);
#16125=AXIS2_PLACEMENT_3D('',#19363,#19364,#19365);
#16126=CARTESIAN_POINT('',(-0.255116164295039,-1.32069930911227,-0.150000000000004));
#16127=VECTOR('',#19366,1000.0);
#16128=CARTESIAN_POINT('',(-0.45511616429504,-1.32069930911227,-5.23284271247301));
#16129=AXIS2_PLACEMENT_3D('',#19367,#19368,#19369);
#16130=CARTESIAN_POINT('',(-0.45511616429504,-1.32069930911227,-5.64999999999801));
#16131=CARTESIAN_POINT('',(-0.45511616429504,-1.32069930911227,-5.441421356236));
#16132=VECTOR('',#19370,1000.0);
#16133=AXIS2_PLACEMENT_3D('',#19371,#19372,#19373);
#16134=CARTESIAN_POINT('',(-0.85011616430754,-1.32069930911227,-5.689999999998));
#16135=VECTOR('',#19374,1000.0);
#16136=CARTESIAN_POINT('',(0.84988383569246,-1.32069930911227,-5.849999999998));
#16137=VECTOR('',#19375,1000.0);
#16138=CARTESIAN_POINT('',(-1.16662250984944,-1.58069930911227,-5.09999999999801));
#16139=AXIS2_PLACEMENT_3D('',#19376,#19377,#19378);
#16140=CARTESIAN_POINT('',(-1.16662250984944,-1.58069930911227,-5.09999999999801));
#16141=VECTOR('',#19379,1000.0);
#16142=CARTESIAN_POINT('',(-2.38160981875944,-1.58069930911227,-5.09999999999801));
#16143=AXIS2_PLACEMENT_3D('',#19380,#19381,#19382);
#16144=CARTESIAN_POINT('',(-1.16662250984944,-1.58069930911227,-5.09999999999801));
#16145=VECTOR('',#19383,1000.0);
#16146=CARTESIAN_POINT('',(-2.04798412994844,-1.58069930911227,-5.79999999999801));
#16147=AXIS2_PLACEMENT_3D('',#19384,#19385,#19386);
#16148=CARTESIAN_POINT('',(-0.60511616429504,-1.58069930911227,-5.79999999999801));
#16149=CARTESIAN_POINT('',(-2.04798412994844,-1.58069930911227,-5.79999999999801));
#16150=VECTOR('',#19387,1000.0);
#16151=CARTESIAN_POINT('',(-0.45511616429504,-1.58069930911227,-5.64999999999801));
#16152=AXIS2_PLACEMENT_3D('',#19388,#19389,#19390);
#16153=CARTESIAN_POINT('',(-0.45511616429504,-1.58069930911227,-5.23284271247301));
#16154=CARTESIAN_POINT('',(-0.45511616429504,-1.58069930911227,-5.64999999999801));
#16155=VECTOR('',#19391,1000.0);
#16156=AXIS2_PLACEMENT_3D('',#19392,#19393,#19394);
#16157=CARTESIAN_POINT('',(-0.25511616429503,-1.58069930911227,-4.018360792388));
#16158=CARTESIAN_POINT('',(-0.255116164295039,-1.58069930911227,-4.94999999999801));
#16159=VECTOR('',#19395,1000.0);
#16160=CARTESIAN_POINT('',(-0.0151161642952396,-1.58069930911227,-3.87979672778201));
#16161=AXIS2_PLACEMENT_3D('',#19396,#19397,#19398);
#16162=CARTESIAN_POINT('',(0.319883835705361,-1.58069930911227,-4.07320906796101));
#16163=CARTESIAN_POINT('',(-0.0151161642952396,-1.58069930911227,-3.87979672778201));
#16164=VECTOR('',#19399,1000.0);
#16165=CARTESIAN_POINT('',(0.54488383570506,-1.58069930911227,-3.943305257393));
#16166=AXIS2_PLACEMENT_3D('',#19400,#19401,#19402);
#16167=CARTESIAN_POINT('',(0.54488383570536,-1.58069930911227,-3.018360792389));
#16168=CARTESIAN_POINT('',(0.54488383570506,-1.58069930911227,-3.943305257393));
#16169=VECTOR('',#19403,1000.0);
#16170=CARTESIAN_POINT('',(0.31988383570456,-1.58069930911227,-2.888456981822));
#16171=AXIS2_PLACEMENT_3D('',#19404,#19405,#19406);
#16172=CARTESIAN_POINT('',(-0.0151161642939196,-1.58069930911227,-3.08186932199901));
#16173=CARTESIAN_POINT('',(0.31988383570456,-1.58069930911227,-2.888456981822));
#16174=VECTOR('',#19407,1000.0);
#16175=CARTESIAN_POINT('',(-0.255116164294829,-1.58069930911227,-2.94330525739402));
#16176=AXIS2_PLACEMENT_3D('',#19408,#19409,#19410);
#16177=CARTESIAN_POINT('',(-0.255116164295043,-1.58069930911227,-2.00081814433433));
#16178=CARTESIAN_POINT('',(-0.255116164294939,-1.58069930911227,-2.94330525739401));
#16179=VECTOR('',#19411,1000.0);
#16180=CARTESIAN_POINT('',(-0.0151161642943496,-1.58069930911227,-1.862254079729));
#16181=AXIS2_PLACEMENT_3D('',#19412,#19413,#19414);
#16182=CARTESIAN_POINT('',(0.319883835708161,-1.58069930911227,-2.055666419909));
#16183=CARTESIAN_POINT('',(-0.0151161642943496,-1.58069930911227,-1.862254079729));
#16184=VECTOR('',#19415,1000.0);
#16185=CARTESIAN_POINT('',(0.54488383570476,-1.58069930911227,-1.92576260933902));
#16186=AXIS2_PLACEMENT_3D('',#19416,#19417,#19418);
#16187=CARTESIAN_POINT('',(0.544883835704931,-1.58069930911227,-1.05855317125301));
#16188=CARTESIAN_POINT('',(0.54488383570476,-1.58069930911227,-1.92576260933901));
#16189=VECTOR('',#19419,1000.0);
#16190=CARTESIAN_POINT('',(0.319883835704361,-1.58069930911227,-0.928649360686004));
#16191=AXIS2_PLACEMENT_3D('',#19420,#19421,#19422);
#16192=CARTESIAN_POINT('',(-0.0151161642906696,-1.58069930911227,-1.122061700861));
#16193=CARTESIAN_POINT('',(0.319883835704361,-1.58069930911227,-0.928649360686004));
#16194=VECTOR('',#19423,1000.0);
#16195=CARTESIAN_POINT('',(-0.255116164295039,-1.58069930911227,-0.983497636258004));
#16196=AXIS2_PLACEMENT_3D('',#19424,#19425,#19426);
#16197=CARTESIAN_POINT('',(-0.255116164295039,-1.58069930911227,-5.20417042793042E-15));
#16198=CARTESIAN_POINT('',(-0.255116164295039,-1.58069930911227,-0.983497636258004));
#16199=VECTOR('',#19427,1000.0);
#16200=CARTESIAN_POINT('',(-3.19011616430444,-1.58069930911234,-5.20417042793042E-15));
#16201=CARTESIAN_POINT('',(-3.19011616430444,-1.58069930911227,-5.20417042793042E-15));
#16202=VECTOR('',#19428,1000.0);
#16203=CARTESIAN_POINT('',(-3.19011616430444,-1.58069930911234,-1.149999999998));
#16204=CARTESIAN_POINT('',(-3.19011616430444,-1.58069930911227,-1.149999999998));
#16205=VECTOR('',#19429,1000.0);
#16206=CARTESIAN_POINT('',(-2.47011616430444,-1.58069930911227,-1.149999999998));
#16207=CARTESIAN_POINT('',(-2.47011616430444,-1.58069930911227,-1.149999999998));
#16208=VECTOR('',#19430,1000.0);
#16209=CARTESIAN_POINT('',(-2.17011616430444,-1.58069930911227,-1.449999999998));
#16210=AXIS2_PLACEMENT_3D('',#19431,#19432,#19433);
#16211=CARTESIAN_POINT('',(-2.17011616430444,-1.58069930911227,-2.749999999998));
#16212=CARTESIAN_POINT('',(-2.17011616430444,-1.58069930911227,-2.749999999998));
#16213=VECTOR('',#19434,1000.0);
#16214=CARTESIAN_POINT('',(-2.47011616430444,-1.58069930911227,-3.049999999998));
#16215=AXIS2_PLACEMENT_3D('',#19435,#19436,#19437);
#16216=CARTESIAN_POINT('',(-3.19011616430444,-1.58069930911227,-3.049999999998));
#16217=CARTESIAN_POINT('',(-2.47011616430444,-1.58069930911227,-3.049999999998));
#16218=VECTOR('',#19438,1000.0);
#16219=CARTESIAN_POINT('',(-3.19011616430444,-1.58069930911227,-5.319999999998));
#16220=VECTOR('',#19439,1000.0);
#16221=CARTESIAN_POINT('',(-2.38160981875944,-1.58069930911227,-4.599999999998));
#16222=VECTOR('',#19440,1000.0);
#16223=CARTESIAN_POINT('',(4.46988383569556,-0.300699309112472,-5.20417042793042E-15));
#16224=AXIS2_PLACEMENT_3D('',#19441,#19442,#19443);
#16225=CARTESIAN_POINT('',(4.46988383569556,0.299300690887528,-5.20417042793042E-15));
#16226=CARTESIAN_POINT('',(4.46988383569556,0.299300690887528,-5.20417042793042E-15));
#16227=VECTOR('',#19444,1000.0);
#16228=CARTESIAN_POINT('',(3.18988383569556,1.57930069088773,-5.20417042793042E-15));
#16229=AXIS2_PLACEMENT_3D('',#19445,#19446,#19447);
#16230=CARTESIAN_POINT('',(-3.19011616430444,1.57930069088773,-5.20417042793042E-15));
#16231=CARTESIAN_POINT('',(-3.19011616430444,1.57930069088773,-5.20417042793042E-15));
#16232=VECTOR('',#19448,1000.0);
#16233=CARTESIAN_POINT('',(-4.47011616430444,0.299300690887528,-5.20417042793042E-15));
#16234=AXIS2_PLACEMENT_3D('',#19449,#19450,#19451);
#16235=CARTESIAN_POINT('',(-4.47011616430444,-0.300699309112472,-5.20417042793042E-15));
#16236=CARTESIAN_POINT('',(-4.47011616430444,-0.300699309112472,-5.20417042793042E-15));
#16237=VECTOR('',#19452,1000.0);
#16238=AXIS2_PLACEMENT_3D('',#19453,#19454,#19455);
#16239=CARTESIAN_POINT('',(-0.255116164295039,-1.43069930911227,-5.20417042793042E-15));
#16240=CARTESIAN_POINT('',(-0.255116164295039,-1.58069930911227,-5.20417042793042E-15));
#16241=VECTOR('',#19456,1000.0);
#16242=CARTESIAN_POINT('',(-3.19011616430444,-1.43069930911227,-5.20417042793042E-15));
#16243=CARTESIAN_POINT('',(-3.19011616430444,-1.43069930911227,-5.20417042793042E-15));
#16244=VECTOR('',#19457,1000.0);
#16245=CARTESIAN_POINT('',(-4.32011616430444,-0.300699309112272,-5.20417042793042E-15));
#16246=AXIS2_PLACEMENT_3D('',#19458,#19459,#19460);
#16247=CARTESIAN_POINT('',(-4.32011616430444,0.299300690887428,-5.20417042793042E-15));
#16248=CARTESIAN_POINT('',(-4.32011616430444,0.299300690887428,-5.20417042793042E-15));
#16249=VECTOR('',#19461,1000.0);
#16250=CARTESIAN_POINT('',(-3.19011616430444,1.42930069088763,-5.20417042793042E-15));
#16251=AXIS2_PLACEMENT_3D('',#19462,#19463,#19464);
#16252=CARTESIAN_POINT('',(3.18988383425256,1.42930069088769,-5.20417042793042E-15));
#16253=CARTESIAN_POINT('',(-3.19011616430444,1.42930069088773,-5.20417042793042E-15));
#16254=VECTOR('',#19465,1000.0);
#16255=CARTESIAN_POINT('',(4.31988383569556,0.299300690887628,-5.20417042793042E-15));
#16256=AXIS2_PLACEMENT_3D('',#19466,#19467,#19468);
#16257=CARTESIAN_POINT('',(4.31988383569556,-0.300699309112272,-5.20417042793042E-15));
#16258=CARTESIAN_POINT('',(4.31988383569556,0.299300690887628,-5.20417042793042E-15));
#16259=VECTOR('',#19469,1000.0);
#16260=CARTESIAN_POINT('',(3.18988383569553,-1.43069930911228,-5.20417042793042E-15));
#16261=AXIS2_PLACEMENT_3D('',#19470,#19471,#19472);
#16262=CARTESIAN_POINT('',(-0.24511616429504,-1.43069930911227,-5.20417042793042E-15));
#16263=CARTESIAN_POINT('',(3.18988383569556,-1.43069930911227,-5.20417042793042E-15));
#16264=VECTOR('',#19473,1000.0);
#16265=CARTESIAN_POINT('',(-0.24511616429504,-1.43069930911227,-5.20417042793042E-15));
#16266=VECTOR('',#19474,1000.0);
#16267=CARTESIAN_POINT('',(-0.24511616429504,-1.28069930911227,-0.983497636258004));
#16268=VECTOR('',#19475,1000.0);
#16269=CARTESIAN_POINT('',(-0.24511616429504,-1.28069930911227,-0.300000000000005));
#16270=VECTOR('',#19476,1000.0);
#16271=CARTESIAN_POINT('',(3.18988383569556,-1.28069930911227,-0.300000000000005));
#16272=VECTOR('',#19477,1000.0);
#16273=CARTESIAN_POINT('',(4.31988383569556,-0.300699309112272,-5.20417042793042E-15));
#16274=VECTOR('',#19478,1000.0);
#16275=AXIS2_PLACEMENT_3D('',#19479,#19480,#19481);
#16276=AXIS2_PLACEMENT_3D('',#19482,#19483,#19484);
#16277=AXIS2_PLACEMENT_3D('',#19485,#19486,#19487);
#16278=CARTESIAN_POINT('',(-2.47011616430444,-1.58069930911227,-1.149999999998));
#16279=VECTOR('',#19488,1000.0);
#16280=CARTESIAN_POINT('',(-4.47011616430444,-0.300699309112472,-1.149999999998));
#16281=AXIS2_PLACEMENT_3D('',#19489,#19490,#19491);
#16282=CARTESIAN_POINT('',(-4.47011616430444,-0.150699309112473,-1.149999999998));
#16283=CARTESIAN_POINT('',(-4.47011616430444,-0.300699309112472,-1.149999999998));
#16284=VECTOR('',#19492,1000.0);
#16285=CARTESIAN_POINT('',(-4.17011616430444,-0.150699309112473,-1.149999999998));
#16286=VECTOR('',#19493,1000.0);
#16287=CARTESIAN_POINT('',(4.46988383569556,-0.300699309112472,-1.149999999998));
#16288=CARTESIAN_POINT('',(4.46988383569556,-0.150699309112473,-1.149999999998));
#16289=CARTESIAN_POINT('',(4.46988383569556,-0.300699309112472,-1.149999999998));
#16290=VECTOR('',#19494,1000.0);
#16291=AXIS2_PLACEMENT_3D('',#19495,#19496,#19497);
#16292=CARTESIAN_POINT('',(2.46988383569556,-1.28069930911227,-1.149999999998));
#16293=VECTOR('',#19498,1000.0);
#16294=CARTESIAN_POINT('',(4.46988383569556,-0.150699309112473,-1.149999999998));
#16295=VECTOR('',#19499,1000.0);
#16296=CARTESIAN_POINT('',(-4.47011616430444,-0.000699309112481166,-1.299999999998));
#16297=AXIS2_PLACEMENT_3D('',#19500,#19501,#19502);
#16298=CARTESIAN_POINT('',(-4.17011616430444,-0.000699309112485496,-1.299999999998));
#16299=VECTOR('',#19503,1000.0);
#16300=CARTESIAN_POINT('',(-4.17011616430444,-0.130699309112472,-5.661803398873));
#16301=AXIS2_PLACEMENT_3D('',#19504,#19505,#19506);
#16302=CARTESIAN_POINT('',(-4.17011616430444,-0.130699309112472,-5.661803398873));
#16303=VECTOR('',#19507,1000.0);
#16304=CARTESIAN_POINT('',(-4.47011616430444,-0.300699309112472,-3.049999999998));
#16305=CARTESIAN_POINT('',(-4.47011616430444,-0.150699309112473,-3.049999999998));
#16306=CARTESIAN_POINT('',(-4.47011616430444,-0.300699309112472,-3.049999999998));
#16307=VECTOR('',#19508,1000.0);
#16308=AXIS2_PLACEMENT_3D('',#19509,#19510,#19511);
#16309=CARTESIAN_POINT('',(-2.47011616430444,-1.28069930911227,-3.049999999998));
#16310=VECTOR('',#19512,1000.0);
#16311=CARTESIAN_POINT('',(-4.17011616430444,-0.150699309112473,-3.049999999998));
#16312=VECTOR('',#19513,1000.0);
#16313=AXIS2_PLACEMENT_3D('',#19514,#19515,#19516);
#16314=CARTESIAN_POINT('',(2.46988383569556,-1.58069930911227,-3.049999999998));
#16315=VECTOR('',#19517,1000.0);
#16316=CARTESIAN_POINT('',(4.46988383569556,-0.150699309112473,-3.049999999998));
#16317=CARTESIAN_POINT('',(4.46988383569556,-0.300699309112472,-3.049999999998));
#16318=VECTOR('',#19518,1000.0);
#16319=CARTESIAN_POINT('',(4.46988383569556,-0.150699309112473,-3.049999999998));
#16320=VECTOR('',#19519,1000.0);
#16321=CARTESIAN_POINT('',(-4.47011616430444,-0.000699309112485496,-2.899999999998));
#16322=AXIS2_PLACEMENT_3D('',#19520,#19521,#19522);
#16323=CARTESIAN_POINT('',(-4.17011616430444,-0.000699309112485496,-2.899999999998));
#16324=VECTOR('',#19523,1000.0);
#16325=CARTESIAN_POINT('',(4.46988383569556,-0.000699309112484496,-2.899999999998));
#16326=CARTESIAN_POINT('',(4.46988383569556,-0.000699309112484496,-2.899999999998));
#16327=VECTOR('',#19524,1000.0);
#16328=CARTESIAN_POINT('',(4.46988383569556,-0.000699309112484496,-2.84999999999801));
#16329=CARTESIAN_POINT('',(4.46988383569556,-0.000699309112484496,-2.899999999998));
#16330=VECTOR('',#19525,1000.0);
#16331=CARTESIAN_POINT('',(4.46988383569556,-0.000699309112484496,-2.84999999999801));
#16332=VECTOR('',#19526,1000.0);
#16333=CARTESIAN_POINT('',(-4.47011616430444,-0.000699309112481166,-2.84999999999801));
#16334=CARTESIAN_POINT('',(-4.47011616430444,-0.000699309112485496,-2.899999999998));
#16335=VECTOR('',#19527,1000.0);
#16336=CARTESIAN_POINT('',(-4.47011616430444,-0.000699309112485496,-2.84999999999801));
#16337=VECTOR('',#19528,1000.0);
#16338=CARTESIAN_POINT('',(4.46988383569556,-0.150699309112473,-2.69999999999801));
#16339=AXIS2_PLACEMENT_3D('',#19529,#19530,#19531);
#16340=CARTESIAN_POINT('',(4.46988383569556,-0.150699309112473,-2.69999999999801));
#16341=VECTOR('',#19532,1000.0);
#16342=CARTESIAN_POINT('',(4.46988383569556,-0.0806993091124792,-5.469999999998));
#16343=CARTESIAN_POINT('',(20.8134278356956,-0.0806993091124775,-5.469999999998));
#16344=VECTOR('',#19533,1000.0);
#16345=AXIS2_PLACEMENT_3D('',#19534,#19535,#19536);
#16346=CARTESIAN_POINT('',(4.46988383569556,-0.0806993091124792,-5.549999999998));
#16347=CARTESIAN_POINT('',(4.46988383569556,-0.0806993091124825,-5.469999999998));
#16348=VECTOR('',#19537,1000.0);
#16349=CARTESIAN_POINT('',(4.46988383569556,-0.130699309112475,-5.661803398873));
#16350=AXIS2_PLACEMENT_3D('',#19538,#19539,#19540);
#16351=CARTESIAN_POINT('',(4.46988383569556,-0.130699309112472,-6.499999999998));
#16352=CARTESIAN_POINT('',(4.46988383569556,-0.130699309112472,-6.499999999998));
#16353=VECTOR('',#19541,1000.0);
#16354=CARTESIAN_POINT('',(4.46988383569556,0.299300690887528,-6.499999999998));
#16355=CARTESIAN_POINT('',(4.46988383569556,0.299300690887528,-6.499999999998));
#16356=VECTOR('',#19542,1000.0);
#16357=CARTESIAN_POINT('',(4.46988383569556,0.299300690887528,-5.20417042793042E-15));
#16358=VECTOR('',#19543,1000.0);
#16359=CARTESIAN_POINT('',(4.46988383569556,-0.300699309112472,-1.149999999998));
#16360=VECTOR('',#19544,1000.0);
#16361=CARTESIAN_POINT('',(4.46988383569556,-0.000699309112480496,-1.299999999998));
#16362=AXIS2_PLACEMENT_3D('',#19545,#19546,#19547);
#16363=CARTESIAN_POINT('',(4.46988383569556,-0.000699309112480496,-1.349999999998));
#16364=CARTESIAN_POINT('',(4.46988383569556,-0.000699309112484496,-1.299999999998));
#16365=VECTOR('',#19548,1000.0);
#16366=CARTESIAN_POINT('',(4.46988383569556,-0.150699309112473,-1.499999999998));
#16367=AXIS2_PLACEMENT_3D('',#19549,#19550,#19551);
#16368=CARTESIAN_POINT('',(4.46988383569556,-0.330699309112472,-1.499999999998));
#16369=CARTESIAN_POINT('',(4.46988383569556,-0.330699309112472,-1.499999999998));
#16370=VECTOR('',#19552,1000.0);
#16371=CARTESIAN_POINT('',(4.46988383569556,-0.330699309112472,-2.69999999999801));
#16372=CARTESIAN_POINT('',(4.46988383569556,-0.330699309112472,-2.69999999999801));
#16373=VECTOR('',#19553,1000.0);
#16374=CARTESIAN_POINT('',(4.46988383569556,-0.150699309112473,-2.69999999999801));
#16375=VECTOR('',#19554,1000.0);
#16376=AXIS2_PLACEMENT_3D('',#19555,#19556,#19557);
#16377=CARTESIAN_POINT('',(5.41988383569556,-0.780699309112473,-1.499999999998));
#16378=CARTESIAN_POINT('',(4.61988383569556,-0.780699309112473,-1.499999999998));
#16379=CARTESIAN_POINT('',(5.41988383569556,-0.780699309112473,-1.499999999998));
#16380=VECTOR('',#19558,1000.0);
#16381=CARTESIAN_POINT('',(5.46988383569556,-0.830699309112473,-1.499999999998));
#16382=AXIS2_PLACEMENT_3D('',#19559,#19560,#19561);
#16383=CARTESIAN_POINT('',(5.46988383569556,-1.43069930911227,-1.499999999998));
#16384=CARTESIAN_POINT('',(5.46988383569556,-1.43069930911227,-1.499999999998));
#16385=VECTOR('',#19562,1000.0);
#16386=CARTESIAN_POINT('',(5.76988383569556,-1.43069930911227,-1.499999999998));
#16387=CARTESIAN_POINT('',(5.46988383569556,-1.43069930911227,-1.499999999998));
#16388=VECTOR('',#19563,1000.0);
#16389=CARTESIAN_POINT('',(5.76988383569556,-0.830699309112473,-1.499999999998));
#16390=CARTESIAN_POINT('',(5.76988383569556,-0.830699309112473,-1.499999999998));
#16391=VECTOR('',#19564,1000.0);
#16392=CARTESIAN_POINT('',(5.41988383569556,-0.480699309112473,-1.499999999998));
#16393=AXIS2_PLACEMENT_3D('',#19565,#19566,#19567);
#16394=CARTESIAN_POINT('',(4.61988383569556,-0.480699309112473,-1.499999999998));
#16395=CARTESIAN_POINT('',(5.41988383569556,-0.480699309112473,-1.499999999998));
#16396=VECTOR('',#19568,1000.0);
#16397=AXIS2_PLACEMENT_3D('',#19569,#19570,#19571);
#16398=CARTESIAN_POINT('',(4.16988383569556,-0.150699309112473,-1.499999999998));
#16399=VECTOR('',#19572,1000.0);
#16400=AXIS2_PLACEMENT_3D('',#19573,#19574,#19575);
#16401=CARTESIAN_POINT('',(4.61988383569556,-0.780699309112473,-2.69999999999801));
#16402=CARTESIAN_POINT('',(4.61988383569556,-0.780699309112473,-1.499999999998));
#16403=VECTOR('',#19576,1000.0);
#16404=AXIS2_PLACEMENT_3D('',#19577,#19578,#19579);
#16405=CARTESIAN_POINT('',(4.61988383569556,-0.480699309112473,-2.69999999999801));
#16406=AXIS2_PLACEMENT_3D('',#19580,#19581,#19582);
#16407=CARTESIAN_POINT('',(5.41988383569556,-0.480699309112473,-2.69999999999801));
#16408=CARTESIAN_POINT('',(4.61988383569556,-0.480699309112473,-2.69999999999801));
#16409=VECTOR('',#19583,1000.0);
#16410=CARTESIAN_POINT('',(5.76988383569556,-0.830699309112473,-2.69999999999801));
#16411=AXIS2_PLACEMENT_3D('',#19584,#19585,#19586);
#16412=CARTESIAN_POINT('',(5.76988383569556,-1.43069930911227,-2.69999999999801));
#16413=CARTESIAN_POINT('',(5.76988383569556,-1.43069930911227,-2.69999999999801));
#16414=VECTOR('',#19587,1000.0);
#16415=CARTESIAN_POINT('',(5.46988383569556,-1.43069930911227,-2.69999999999801));
#16416=CARTESIAN_POINT('',(5.76988383569556,-1.43069930911227,-2.69999999999801));
#16417=VECTOR('',#19588,1000.0);
#16418=CARTESIAN_POINT('',(5.46988383569556,-0.830699309112473,-2.69999999999801));
#16419=CARTESIAN_POINT('',(5.46988383569556,-0.830699309112473,-2.69999999999801));
#16420=VECTOR('',#19589,1000.0);
#16421=CARTESIAN_POINT('',(5.41988383569556,-0.780699309112473,-2.69999999999801));
#16422=AXIS2_PLACEMENT_3D('',#19590,#19591,#19592);
#16423=CARTESIAN_POINT('',(4.61988383569556,-0.780699309112473,-2.69999999999801));
#16424=VECTOR('',#19593,1000.0);
#16425=CARTESIAN_POINT('',(5.41988383569556,-0.780699309112473,-1.84999999999801));
#16426=CARTESIAN_POINT('',(5.41988383569556,-0.780699309112473,-1.499999999998));
#16427=VECTOR('',#19594,1000.0);
#16428=CARTESIAN_POINT('',(5.41988383569556,-0.780699309112473,-2.34999999999801));
#16429=CARTESIAN_POINT('',(5.41988383569556,-0.780699309112473,-2.34999999999801));
#16430=VECTOR('',#19595,1000.0);
#16431=CARTESIAN_POINT('',(5.16988383569556,-0.780699309112473,-2.34999999999801));
#16432=CARTESIAN_POINT('',(5.16988383569556,-0.780699309112473,-2.34999999999801));
#16433=VECTOR('',#19596,1000.0);
#16434=CARTESIAN_POINT('',(5.01988383569556,-0.780699309112473,-2.19999999999801));
#16435=AXIS2_PLACEMENT_3D('',#19597,#19598,#19599);
#16436=CARTESIAN_POINT('',(5.01988383569556,-0.780699309112473,-1.99999999999801));
#16437=CARTESIAN_POINT('',(5.01988383569556,-0.780699309112473,-2.19999999999801));
#16438=VECTOR('',#19600,1000.0);
#16439=CARTESIAN_POINT('',(5.16988383569556,-0.780699309112473,-1.84999999999801));
#16440=AXIS2_PLACEMENT_3D('',#19601,#19602,#19603);
#16441=CARTESIAN_POINT('',(5.16988383569556,-0.780699309112473,-1.84999999999801));
#16442=VECTOR('',#19604,1000.0);
#16443=CARTESIAN_POINT('',(5.41988383569556,-0.480699309112473,-1.84999999999801));
#16444=CARTESIAN_POINT('',(5.16988383569556,-0.480699309112473,-1.84999999999801));
#16445=CARTESIAN_POINT('',(5.41988383569556,-0.480699309112473,-1.84999999999801));
#16446=VECTOR('',#19605,1000.0);
#16447=CARTESIAN_POINT('',(5.76988383569556,-0.830699309112473,-1.84999999999801));
#16448=AXIS2_PLACEMENT_3D('',#19606,#19607,#19608);
#16449=CARTESIAN_POINT('',(5.76988383569556,-1.13069930911227,-1.84999999999801));
#16450=CARTESIAN_POINT('',(5.76988383569556,-1.13069930911227,-1.84999999999801));
#16451=VECTOR('',#19609,1000.0);
#16452=CARTESIAN_POINT('',(5.46988383569556,-1.13069930911227,-1.84999999999801));
#16453=CARTESIAN_POINT('',(5.46988383569556,-1.13069930911227,-1.84999999999801));
#16454=VECTOR('',#19610,1000.0);
#16455=CARTESIAN_POINT('',(5.46988383569556,-0.830699309112473,-1.84999999999801));
#16456=CARTESIAN_POINT('',(5.46988383569556,-0.830699309112473,-1.84999999999801));
#16457=VECTOR('',#19611,1000.0);
#16458=AXIS2_PLACEMENT_3D('',#19612,#19613,#19614);
#16459=CARTESIAN_POINT('',(5.16988383569556,-0.480699309112473,-1.84999999999801));
#16460=VECTOR('',#19615,1000.0);
#16461=CARTESIAN_POINT('',(5.01988383569556,-0.480699309112473,-1.99999999999801));
#16462=CARTESIAN_POINT('',(5.01988383569556,-0.480699309112473,-1.99999999999801));
#16463=VECTOR('',#19616,1000.0);
#16464=AXIS2_PLACEMENT_3D('',#19617,#19618,#19619);
#16465=CARTESIAN_POINT('',(5.01988383569556,-0.480699309112473,-2.19999999999801));
#16466=CARTESIAN_POINT('',(5.16988383569556,-0.480699309112473,-2.34999999999801));
#16467=AXIS2_PLACEMENT_3D('',#19620,#19621,#19622);
#16468=CARTESIAN_POINT('',(5.41988383569556,-0.480699309112473,-2.34999999999801));
#16469=CARTESIAN_POINT('',(5.16988383569556,-0.480699309112473,-2.34999999999801));
#16470=VECTOR('',#19623,1000.0);
#16471=CARTESIAN_POINT('',(5.41988383569556,-0.480699309112473,-2.69999999999801));
#16472=VECTOR('',#19624,1000.0);
#16473=CARTESIAN_POINT('',(4.61988383569556,-0.480699309112473,-2.69999999999801));
#16474=VECTOR('',#19625,1000.0);
#16475=CARTESIAN_POINT('',(5.41988383569556,-0.480699309112473,-1.84999999999801));
#16476=VECTOR('',#19626,1000.0);
#16477=CARTESIAN_POINT('',(5.01988383569556,-0.480699309112473,-1.99999999999801));
#16478=VECTOR('',#19627,1000.0);
#16479=CARTESIAN_POINT('',(5.01988383569556,-0.480699309112473,-2.19999999999801));
#16480=VECTOR('',#19628,1000.0);
#16481=CARTESIAN_POINT('',(5.16988383569556,-0.780699309112473,-2.34999999999801));
#16482=VECTOR('',#19629,1000.0);
#16483=CARTESIAN_POINT('',(5.46988383569556,-0.830699309112473,-2.34999999999801));
#16484=AXIS2_PLACEMENT_3D('',#19630,#19631,#19632);
#16485=CARTESIAN_POINT('',(5.46988383569556,-1.13069930911227,-2.34999999999801));
#16486=CARTESIAN_POINT('',(5.46988383569556,-0.830699309112473,-2.34999999999801));
#16487=VECTOR('',#19633,1000.0);
#16488=CARTESIAN_POINT('',(5.76988383569556,-1.13069930911227,-2.34999999999801));
#16489=CARTESIAN_POINT('',(5.76988383569556,-1.13069930911227,-2.34999999999801));
#16490=VECTOR('',#19634,1000.0);
#16491=CARTESIAN_POINT('',(5.76988383569556,-0.830699309112473,-2.34999999999801));
#16492=CARTESIAN_POINT('',(5.76988383569556,-1.13069930911227,-2.34999999999801));
#16493=VECTOR('',#19635,1000.0);
#16494=AXIS2_PLACEMENT_3D('',#19636,#19637,#19638);
#16495=CARTESIAN_POINT('',(5.76988383569556,-0.830699309112473,-2.69999999999801));
#16496=VECTOR('',#19639,1000.0);
#16497=CARTESIAN_POINT('',(5.76988383569556,-0.830699309112473,-1.84999999999801));
#16498=VECTOR('',#19640,1000.0);
#16499=CARTESIAN_POINT('',(5.76988383569556,-1.63069930911228,-1.699999999998));
#16500=AXIS2_PLACEMENT_3D('',#19641,#19642,#19643);
#16501=CARTESIAN_POINT('',(5.76988383569556,-1.63069930911228,-2.49999999999801));
#16502=CARTESIAN_POINT('',(5.76988383569556,-1.63069930911228,-1.699999999998));
#16503=VECTOR('',#19644,1000.0);
#16504=AXIS2_PLACEMENT_3D('',#19645,#19646,#19647);
#16505=CARTESIAN_POINT('',(5.76988383569556,-1.28069930911227,-2.19999999999801));
#16506=AXIS2_PLACEMENT_3D('',#19648,#19649,#19650);
#16507=CARTESIAN_POINT('',(5.76988383569556,-1.28069930911227,-1.99999999999801));
#16508=CARTESIAN_POINT('',(5.76988383569556,-1.28069930911227,-2.19999999999801));
#16509=VECTOR('',#19651,1000.0);
#16510=AXIS2_PLACEMENT_3D('',#19652,#19653,#19654);
#16511=CARTESIAN_POINT('',(5.46988383569556,-1.28069930911227,-1.99999999999801));
#16512=CARTESIAN_POINT('',(5.46988383569556,-1.28069930911227,-1.99999999999801));
#16513=VECTOR('',#19655,1000.0);
#16514=AXIS2_PLACEMENT_3D('',#19656,#19657,#19658);
#16515=CARTESIAN_POINT('',(5.46988383569556,-1.28069930911227,-2.19999999999801));
#16516=AXIS2_PLACEMENT_3D('',#19659,#19660,#19661);
#16517=CARTESIAN_POINT('',(5.46988383569556,-0.830699309112473,-2.34999999999801));
#16518=VECTOR('',#19662,1000.0);
#16519=CARTESIAN_POINT('',(5.46988383569556,-1.63069930911228,-2.49999999999801));
#16520=AXIS2_PLACEMENT_3D('',#19663,#19664,#19665);
#16521=CARTESIAN_POINT('',(5.46988383569556,-1.63069930911228,-1.699999999998));
#16522=CARTESIAN_POINT('',(5.46988383569556,-1.63069930911228,-2.49999999999801));
#16523=VECTOR('',#19666,1000.0);
#16524=AXIS2_PLACEMENT_3D('',#19667,#19668,#19669);
#16525=CARTESIAN_POINT('',(5.46988383569556,-0.830699309112473,-1.499999999998));
#16526=VECTOR('',#19670,1000.0);
#16527=CARTESIAN_POINT('',(5.46988383569556,-1.28069930911227,-1.99999999999801));
#16528=VECTOR('',#19671,1000.0);
#16529=CARTESIAN_POINT('',(5.46988383569556,-1.28069930911227,-2.19999999999801));
#16530=VECTOR('',#19672,1000.0);
#16531=CARTESIAN_POINT('',(5.46988383569556,-1.63069930911228,-1.699999999998));
#16532=VECTOR('',#19673,1000.0);
#16533=CARTESIAN_POINT('',(5.76988383569556,-1.63069930911228,-2.49999999999801));
#16534=VECTOR('',#19674,1000.0);
#16535=CARTESIAN_POINT('',(4.16988383569556,-0.000699309112484496,-1.349999999998));
#16536=VECTOR('',#19675,1000.0);
#16537=CARTESIAN_POINT('',(4.46988383569556,-0.000699309112484496,-1.299999999998));
#16538=VECTOR('',#19676,1000.0);
#16539=CARTESIAN_POINT('',(-4.47011616430444,-0.000699309112481166,-1.349999999998));
#16540=CARTESIAN_POINT('',(-4.47011616430444,-0.000699309112485496,-1.349999999998));
#16541=VECTOR('',#19677,1000.0);
#16542=CARTESIAN_POINT('',(-4.47011616430444,-0.000699309112485496,-1.349999999998));
#16543=VECTOR('',#19678,1000.0);
#16544=CARTESIAN_POINT('',(-4.47011616430444,-0.150699309112473,-1.499999999998));
#16545=AXIS2_PLACEMENT_3D('',#19679,#19680,#19681);
#16546=CARTESIAN_POINT('',(-4.47011616430444,-0.150699309112473,-1.499999999998));
#16547=VECTOR('',#19682,1000.0);
#16548=CARTESIAN_POINT('',(-4.47011616430444,-0.330699309112472,-1.499999999998));
#16549=CARTESIAN_POINT('',(-4.47011616430444,-0.330699309112472,-1.499999999998));
#16550=VECTOR('',#19683,1000.0);
#16551=CARTESIAN_POINT('',(-4.62011616430444,-0.480699309112473,-1.499999999998));
#16552=AXIS2_PLACEMENT_3D('',#19684,#19685,#19686);
#16553=CARTESIAN_POINT('',(-5.42011616430444,-0.480699309112473,-1.499999999998));
#16554=CARTESIAN_POINT('',(-4.62011616430444,-0.480699309112473,-1.499999999998));
#16555=VECTOR('',#19687,1000.0);
#16556=CARTESIAN_POINT('',(-5.77011616430444,-0.830699309112473,-1.499999999998));
#16557=AXIS2_PLACEMENT_3D('',#19688,#19689,#19690);
#16558=CARTESIAN_POINT('',(-5.77011616430444,-1.43069930911227,-1.499999999998));
#16559=CARTESIAN_POINT('',(-5.77011616430444,-0.830699309112473,-1.499999999998));
#16560=VECTOR('',#19691,1000.0);
#16561=CARTESIAN_POINT('',(-5.47011616430444,-1.43069930911227,-1.499999999998));
#16562=CARTESIAN_POINT('',(-5.47011616430444,-1.43069930911227,-1.499999999998));
#16563=VECTOR('',#19692,1000.0);
#16564=CARTESIAN_POINT('',(-5.47011616430444,-0.830699309112473,-1.499999999998));
#16565=CARTESIAN_POINT('',(-5.47011616430444,-1.43069930911227,-1.499999999998));
#16566=VECTOR('',#19693,1000.0);
#16567=CARTESIAN_POINT('',(-5.42011616430444,-0.780699309112473,-1.499999999998));
#16568=AXIS2_PLACEMENT_3D('',#19694,#19695,#19696);
#16569=CARTESIAN_POINT('',(-4.62011616430444,-0.780699309112473,-1.499999999998));
#16570=CARTESIAN_POINT('',(-4.62011616430444,-0.780699309112473,-1.499999999998));
#16571=VECTOR('',#19697,1000.0);
#16572=AXIS2_PLACEMENT_3D('',#19698,#19699,#19700);
#16573=CARTESIAN_POINT('',(-4.62011616430444,-0.780699309112473,-2.69999999999801));
#16574=CARTESIAN_POINT('',(-4.62011616430444,-0.780699309112473,-1.499999999998));
#16575=VECTOR('',#19701,1000.0);
#16576=AXIS2_PLACEMENT_3D('',#19702,#19703,#19704);
#16577=CARTESIAN_POINT('',(-5.42011616430444,-0.780699309112473,-2.69999999999801));
#16578=CARTESIAN_POINT('',(-5.42011616430444,-0.780699309112473,-2.69999999999801));
#16579=VECTOR('',#19705,1000.0);
#16580=CARTESIAN_POINT('',(-5.47011616430444,-0.830699309112473,-2.69999999999801));
#16581=AXIS2_PLACEMENT_3D('',#19706,#19707,#19708);
#16582=CARTESIAN_POINT('',(-5.47011616430444,-1.43069930911227,-2.69999999999801));
#16583=CARTESIAN_POINT('',(-5.47011616430444,-0.830699309112473,-2.69999999999801));
#16584=VECTOR('',#19709,1000.0);
#16585=CARTESIAN_POINT('',(-5.77011616430444,-1.43069930911227,-2.69999999999801));
#16586=CARTESIAN_POINT('',(-5.77011616430444,-1.43069930911227,-2.69999999999801));
#16587=VECTOR('',#19710,1000.0);
#16588=CARTESIAN_POINT('',(-5.77011616430444,-0.830699309112473,-2.69999999999801));
#16589=CARTESIAN_POINT('',(-5.77011616430444,-0.830699309112473,-2.69999999999801));
#16590=VECTOR('',#19711,1000.0);
#16591=CARTESIAN_POINT('',(-5.42011616430444,-0.480699309112473,-2.69999999999801));
#16592=AXIS2_PLACEMENT_3D('',#19712,#19713,#19714);
#16593=CARTESIAN_POINT('',(-4.62011616430444,-0.480699309112473,-2.69999999999801));
#16594=CARTESIAN_POINT('',(-5.42011616430444,-0.480699309112473,-2.69999999999801));
#16595=VECTOR('',#19715,1000.0);
#16596=CARTESIAN_POINT('',(-4.47011616430444,-0.330699309112472,-2.69999999999801));
#16597=AXIS2_PLACEMENT_3D('',#19716,#19717,#19718);
#16598=CARTESIAN_POINT('',(-4.47011616430444,-0.150699309112473,-2.69999999999801));
#16599=CARTESIAN_POINT('',(-4.47011616430444,-0.150699309112473,-2.69999999999801));
#16600=VECTOR('',#19719,1000.0);
#16601=CARTESIAN_POINT('',(-4.47011616430444,-0.150699309112473,-2.69999999999801));
#16602=VECTOR('',#19720,1000.0);
#16603=AXIS2_PLACEMENT_3D('',#19721,#19722,#19723);
#16604=CARTESIAN_POINT('',(-4.47011616430444,0.299300690887528,-6.499999999998));
#16605=CARTESIAN_POINT('',(-4.47011616430444,0.299300690887528,-6.499999999998));
#16606=VECTOR('',#19724,1000.0);
#16607=CARTESIAN_POINT('',(-4.47011616430444,-0.130699309112472,-6.499999999998));
#16608=CARTESIAN_POINT('',(-4.47011616430444,-0.130699309112472,-6.499999999998));
#16609=VECTOR('',#19725,1000.0);
#16610=CARTESIAN_POINT('',(-4.47011616430444,-0.130699309112472,-5.661803398873));
#16611=CARTESIAN_POINT('',(-4.47011616430444,-0.130699309112472,-6.499999999998));
#16612=VECTOR('',#19726,1000.0);
#16613=CARTESIAN_POINT('',(-4.47011616430444,-0.0806993091124825,-5.549999999998));
#16614=AXIS2_PLACEMENT_3D('',#19727,#19728,#19729);
#16615=CARTESIAN_POINT('',(-4.47011616430444,-0.0806993091124811,-5.46999999999826));
#16616=CARTESIAN_POINT('',(-4.47011616430444,-0.0806993091124825,-5.549999999998));
#16617=VECTOR('',#19730,1000.0);
#16618=AXIS2_PLACEMENT_3D('',#19731,#19732,#19733);
#16619=CARTESIAN_POINT('',(-4.47011616430444,-0.300699309112472,-3.049999999998));
#16620=VECTOR('',#19734,1000.0);
#16621=CARTESIAN_POINT('',(-4.47011616430444,-0.330699309112472,-2.69999999999801));
#16622=VECTOR('',#19735,1000.0);
#16623=CARTESIAN_POINT('',(-4.47011616430444,-0.300699309112472,-5.20417042793042E-15));
#16624=VECTOR('',#19736,1000.0);
#16625=CARTESIAN_POINT('',(-4.62011616430444,-0.480699309112473,-2.69999999999801));
#16626=VECTOR('',#19737,1000.0);
#16627=CARTESIAN_POINT('',(-5.42011616430444,-0.480699309112473,-2.34999999999801));
#16628=CARTESIAN_POINT('',(-5.42011616430444,-0.480699309112473,-2.69999999999801));
#16629=VECTOR('',#19738,1000.0);
#16630=CARTESIAN_POINT('',(-5.17011616430444,-0.480699309112473,-2.34999999999801));
#16631=CARTESIAN_POINT('',(-5.42011616430444,-0.480699309112473,-2.34999999999801));
#16632=VECTOR('',#19739,1000.0);
#16633=CARTESIAN_POINT('',(-5.02011616430444,-0.480699309112473,-2.19999999999801));
#16634=AXIS2_PLACEMENT_3D('',#19740,#19741,#19742);
#16635=CARTESIAN_POINT('',(-5.02011616430444,-0.480699309112473,-1.99999999999801));
#16636=CARTESIAN_POINT('',(-5.02011616430444,-0.480699309112473,-2.19999999999801));
#16637=VECTOR('',#19743,1000.0);
#16638=CARTESIAN_POINT('',(-5.17011616430444,-0.480699309112473,-1.84999999999801));
#16639=AXIS2_PLACEMENT_3D('',#19744,#19745,#19746);
#16640=CARTESIAN_POINT('',(-5.42011616430444,-0.480699309112473,-1.84999999999801));
#16641=CARTESIAN_POINT('',(-5.17011616430444,-0.480699309112473,-1.84999999999801));
#16642=VECTOR('',#19747,1000.0);
#16643=CARTESIAN_POINT('',(-5.42011616430444,-0.480699309112473,-1.84999999999801));
#16644=VECTOR('',#19748,1000.0);
#16645=CARTESIAN_POINT('',(-5.77011616430444,-0.830699309112473,-1.84999999999801));
#16646=AXIS2_PLACEMENT_3D('',#19749,#19750,#19751);
#16647=CARTESIAN_POINT('',(-5.77011616430444,-0.830699309112473,-1.84999999999801));
#16648=VECTOR('',#19752,1000.0);
#16649=CARTESIAN_POINT('',(-5.77011616430444,-1.63069930911228,-2.49999999999801));
#16650=AXIS2_PLACEMENT_3D('',#19753,#19754,#19755);
#16651=CARTESIAN_POINT('',(-5.77011616430444,-1.63069930911228,-1.699999999998));
#16652=CARTESIAN_POINT('',(-5.77011616430444,-1.63069930911228,-1.699999999998));
#16653=VECTOR('',#19756,1000.0);
#16654=AXIS2_PLACEMENT_3D('',#19757,#19758,#19759);
#16655=CARTESIAN_POINT('',(-5.77011616430444,-1.13069930911227,-1.84999999999801));
#16656=CARTESIAN_POINT('',(-5.77011616430444,-0.830699309112473,-1.84999999999801));
#16657=VECTOR('',#19760,1000.0);
#16658=CARTESIAN_POINT('',(-5.77011616430444,-1.28069930911227,-1.99999999999801));
#16659=AXIS2_PLACEMENT_3D('',#19761,#19762,#19763);
#16660=CARTESIAN_POINT('',(-5.77011616430444,-1.28069930911227,-2.19999999999801));
#16661=CARTESIAN_POINT('',(-5.77011616430444,-1.28069930911227,-1.99999999999801));
#16662=VECTOR('',#19764,1000.0);
#16663=CARTESIAN_POINT('',(-5.77011616430444,-1.13069930911227,-2.34999999999801));
#16664=AXIS2_PLACEMENT_3D('',#19765,#19766,#19767);
#16665=CARTESIAN_POINT('',(-5.77011616430444,-0.830699309112473,-2.34999999999801));
#16666=CARTESIAN_POINT('',(-5.77011616430444,-1.13069930911227,-2.34999999999801));
#16667=VECTOR('',#19768,1000.0);
#16668=CARTESIAN_POINT('',(-5.77011616430444,-0.830699309112473,-2.69999999999801));
#16669=VECTOR('',#19769,1000.0);
#16670=AXIS2_PLACEMENT_3D('',#19770,#19771,#19772);
#16671=CARTESIAN_POINT('',(-5.47011616430444,-1.13069930911227,-2.34999999999801));
#16672=CARTESIAN_POINT('',(-5.47011616430444,-1.13069930911227,-2.34999999999801));
#16673=VECTOR('',#19773,1000.0);
#16674=CARTESIAN_POINT('',(-5.47011616430444,-0.830699309112473,-2.34999999999801));
#16675=CARTESIAN_POINT('',(-5.47011616430444,-1.13069930911227,-2.34999999999801));
#16676=VECTOR('',#19774,1000.0);
#16677=CARTESIAN_POINT('',(-5.42011616430444,-0.780699309112473,-2.34999999999801));
#16678=AXIS2_PLACEMENT_3D('',#19775,#19776,#19777);
#16679=CARTESIAN_POINT('',(-5.17011616430444,-0.780699309112473,-2.34999999999801));
#16680=CARTESIAN_POINT('',(-5.42011616430444,-0.780699309112473,-2.34999999999801));
#16681=VECTOR('',#19778,1000.0);
#16682=CARTESIAN_POINT('',(-5.17011616430444,-0.480699309112473,-2.34999999999801));
#16683=VECTOR('',#19779,1000.0);
#16684=CARTESIAN_POINT('',(-5.02011616430444,-0.780699309112473,-2.19999999999801));
#16685=AXIS2_PLACEMENT_3D('',#19780,#19781,#19782);
#16686=CARTESIAN_POINT('',(-5.02011616430444,-0.780699309112473,-2.19999999999801));
#16687=VECTOR('',#19783,1000.0);
#16688=CARTESIAN_POINT('',(-5.02011616430444,-0.780699309112473,-1.99999999999801));
#16689=CARTESIAN_POINT('',(-5.02011616430444,-0.780699309112473,-1.99999999999801));
#16690=VECTOR('',#19784,1000.0);
#16691=CARTESIAN_POINT('',(-5.02011616430444,-0.480699309112473,-1.99999999999801));
#16692=VECTOR('',#19785,1000.0);
#16693=CARTESIAN_POINT('',(-5.17011616430444,-0.780699309112473,-1.84999999999801));
#16694=AXIS2_PLACEMENT_3D('',#19786,#19787,#19788);
#16695=CARTESIAN_POINT('',(-5.17011616430444,-0.780699309112473,-1.84999999999801));
#16696=VECTOR('',#19789,1000.0);
#16697=CARTESIAN_POINT('',(-5.42011616430444,-0.780699309112473,-1.84999999999801));
#16698=CARTESIAN_POINT('',(-5.17011616430444,-0.780699309112473,-1.84999999999801));
#16699=VECTOR('',#19790,1000.0);
#16700=CARTESIAN_POINT('',(-5.47011616430444,-0.830699309112473,-1.84999999999801));
#16701=AXIS2_PLACEMENT_3D('',#19791,#19792,#19793);
#16702=CARTESIAN_POINT('',(-5.47011616430444,-1.13069930911227,-1.84999999999801));
#16703=CARTESIAN_POINT('',(-5.47011616430444,-0.830699309112473,-1.84999999999801));
#16704=VECTOR('',#19794,1000.0);
#16705=CARTESIAN_POINT('',(-5.77011616430444,-1.13069930911227,-1.84999999999801));
#16706=VECTOR('',#19795,1000.0);
#16707=CARTESIAN_POINT('',(-5.47011616430444,-1.28069930911227,-1.99999999999801));
#16708=AXIS2_PLACEMENT_3D('',#19796,#19797,#19798);
#16709=CARTESIAN_POINT('',(-5.47011616430444,-1.28069930911227,-1.99999999999801));
#16710=VECTOR('',#19799,1000.0);
#16711=CARTESIAN_POINT('',(-5.47011616430444,-1.28069930911227,-2.19999999999801));
#16712=CARTESIAN_POINT('',(-5.47011616430444,-1.28069930911227,-2.19999999999801));
#16713=VECTOR('',#19800,1000.0);
#16714=CARTESIAN_POINT('',(-5.77011616430444,-1.28069930911227,-2.19999999999801));
#16715=VECTOR('',#19801,1000.0);
#16716=AXIS2_PLACEMENT_3D('',#19802,#19803,#19804);
#16717=CARTESIAN_POINT('',(-5.47011616430444,-1.63069930911228,-1.699999999998));
#16718=AXIS2_PLACEMENT_3D('',#19805,#19806,#19807);
#16719=CARTESIAN_POINT('',(-5.47011616430444,-1.63069930911228,-2.49999999999801));
#16720=CARTESIAN_POINT('',(-5.47011616430444,-1.63069930911228,-1.699999999998));
#16721=VECTOR('',#19808,1000.0);
#16722=AXIS2_PLACEMENT_3D('',#19809,#19810,#19811);
#16723=CARTESIAN_POINT('',(-5.47011616430444,-0.830699309112473,-2.34999999999801));
#16724=VECTOR('',#19812,1000.0);
#16725=CARTESIAN_POINT('',(-5.47011616430444,-0.830699309112473,-1.499999999998));
#16726=VECTOR('',#19813,1000.0);
#16727=CARTESIAN_POINT('',(-5.42011616430444,-0.780699309112473,-1.499999999998));
#16728=VECTOR('',#19814,1000.0);
#16729=CARTESIAN_POINT('',(-5.42011616430444,-0.780699309112473,-2.34999999999801));
#16730=VECTOR('',#19815,1000.0);
#16731=CARTESIAN_POINT('',(-5.47011616430444,-1.63069930911228,-2.49999999999801));
#16732=VECTOR('',#19816,1000.0);
#16733=CARTESIAN_POINT('',(-5.77011616430444,-1.63069930911228,-1.699999999998));
#16734=VECTOR('',#19817,1000.0);
#16735=CARTESIAN_POINT('',(20.8134278356956,-0.0806993091124775,-5.469999999998));
#16736=VECTOR('',#19818,1000.0);
#16737=CARTESIAN_POINT('',(-4.17011616430444,-0.0806993091124825,-5.549999999998));
#16738=CARTESIAN_POINT('',(-4.17011616430444,-0.0806993091124825,-5.549999999998));
#16739=VECTOR('',#19819,1000.0);
#16740=CARTESIAN_POINT('',(-4.17011616430444,-0.0806993091124825,-5.549999999998));
#16741=CARTESIAN_POINT('',(-4.17011616430444,-0.0806993091124825,-5.56644430790797));
#16742=CARTESIAN_POINT('',(-4.17011616430444,-0.0806993091124825,-5.58288861581795));
#16743=CARTESIAN_POINT('',(-4.17011616430444,-0.0806993091124825,-5.59933292372792));
#16744=CARTESIAN_POINT('',(4.46988383569556,-0.0806993091124825,-5.549999999998));
#16745=VECTOR('',#19820,1000.0);
#16746=CARTESIAN_POINT('',(4.18113561632595,-0.23069930911243,-5.699999999998));
#16747=CARTESIAN_POINT('',(4.16988383569556,-0.130699309112477,-5.661803398873));
#16748=CARTESIAN_POINT('',(4.16988383569556,-0.158330485336468,-5.68651747420704));
#16749=CARTESIAN_POINT('',(4.17289712244682,-0.194553063914879,-5.69999999999798));
#16750=CARTESIAN_POINT('',(4.18113561632593,-0.230699309112387,-5.699999999998));
#16751=CARTESIAN_POINT('',(4.50808043682057,-0.23069930911247,-5.699999999998));
#16752=CARTESIAN_POINT('',(4.50808043682056,-0.230699309112472,-5.699999999998));
#16753=VECTOR('',#19821,1000.0);
#16754=CARTESIAN_POINT('',(4.50808043682057,-0.230699309112467,-5.699999999998));
#16755=CARTESIAN_POINT('',(4.48146719626401,-0.20094480161946,-5.699999999998));
#16756=CARTESIAN_POINT('',(4.46988383569556,-0.160454047384634,-5.6884168458447));
#16757=CARTESIAN_POINT('',(4.46988383569556,-0.130699309112477,-5.661803398873));
#16758=CARTESIAN_POINT('',(-4.20275956475744,-0.0806993091124825,-5.549999999998));
#16759=VECTOR('',#19822,1000.0);
#16760=CARTESIAN_POINT('',(-4.50831276542945,-0.23069930911247,-5.699999999998));
#16761=CARTESIAN_POINT('',(-4.47011616430444,-0.130699309112477,-5.661803398873));
#16762=CARTESIAN_POINT('',(-4.47011616430444,-0.160453816605487,-5.68841663942956));
#16763=CARTESIAN_POINT('',(-4.48169931845775,-0.200944570840314,-5.699999999998));
#16764=CARTESIAN_POINT('',(-4.50831276542945,-0.230699309112467,-5.699999999998));
#16765=CARTESIAN_POINT('',(-4.18136794493444,-0.230699309112472,-5.699999999998));
#16766=CARTESIAN_POINT('',(-4.18136794493444,-0.230699309112472,-5.699999999998));
#16767=VECTOR('',#19823,1000.0);
#16768=CARTESIAN_POINT('',(-4.18136794493444,-0.230699309112472,-5.699999999998));
#16769=CARTESIAN_POINT('',(-4.17865114534744,-0.218779399297973,-5.699999999998));
#16770=CARTESIAN_POINT('',(-4.17421013510344,-0.194762551559473,-5.697167375805));
#16771=CARTESIAN_POINT('',(-4.17066886347044,-0.160009951397372,-5.68401657511201));
#16772=CARTESIAN_POINT('',(-4.17011616430444,-0.139815665647772,-5.66995731604101));
#16773=CARTESIAN_POINT('',(-4.17011616430444,-0.130699309112472,-5.661803398873));
#16774=CARTESIAN_POINT('',(4.61988383569556,-0.280699309112472,-6.499999999998));
#16775=AXIS2_PLACEMENT_3D('',#19824,#19825,#19826);
#16776=CARTESIAN_POINT('',(4.61988383569556,-0.280699309112472,-5.699999999998));
#16777=AXIS2_PLACEMENT_3D('',#19827,#19828,#19829);
#16778=CARTESIAN_POINT('',(4.61988383569556,-0.280699309112472,-6.499999999998));
#16779=VECTOR('',#19830,1000.0);
#16780=CARTESIAN_POINT('',(5.41988383569556,-0.280699309112472,-5.699999999998));
#16781=CARTESIAN_POINT('',(5.41988383569556,-0.280699309112472,-5.699999999998));
#16782=VECTOR('',#19831,1000.0);
#16783=CARTESIAN_POINT('',(5.41988383569556,-0.280699309112472,-6.499999999998));
#16784=CARTESIAN_POINT('',(5.41988383569556,-0.280699309112472,-6.499999999998));
#16785=VECTOR('',#19832,1000.0);
#16786=CARTESIAN_POINT('',(4.61988383569556,-0.280699309112472,-6.499999999998));
#16787=VECTOR('',#19833,1000.0);
#16788=CARTESIAN_POINT('',(5.76988383569556,-0.630699309112473,-6.499999999998));
#16789=AXIS2_PLACEMENT_3D('',#19834,#19835,#19836);
#16790=CARTESIAN_POINT('',(5.76988383569556,-1.43069930911227,-6.499999999998));
#16791=CARTESIAN_POINT('',(5.76988383569556,-0.630699309112473,-6.499999999998));
#16792=VECTOR('',#19837,1000.0);
#16793=CARTESIAN_POINT('',(5.46988383569556,-1.43069930911227,-6.499999999998));
#16794=CARTESIAN_POINT('',(5.76988383569556,-1.43069930911227,-6.499999999998));
#16795=VECTOR('',#19838,1000.0);
#16796=CARTESIAN_POINT('',(5.46988383569556,-0.630699309112473,-6.499999999998));
#16797=CARTESIAN_POINT('',(5.46988383569556,-1.43069930911227,-6.499999999998));
#16798=VECTOR('',#19839,1000.0);
#16799=CARTESIAN_POINT('',(5.41988383569556,-0.580699309112473,-6.499999999998));
#16800=AXIS2_PLACEMENT_3D('',#19840,#19841,#19842);
#16801=CARTESIAN_POINT('',(4.61988383569556,-0.580699309112473,-6.499999999998));
#16802=CARTESIAN_POINT('',(5.41988383569556,-0.580699309112473,-6.499999999998));
#16803=VECTOR('',#19843,1000.0);
#16804=AXIS2_PLACEMENT_3D('',#19844,#19845,#19846);
#16805=CARTESIAN_POINT('',(2.85988383569556,1.57930069088773,-6.499999999998));
#16806=CARTESIAN_POINT('',(2.85988383569556,1.57930069088773,-6.499999999998));
#16807=VECTOR('',#19847,1000.0);
#16808=CARTESIAN_POINT('',(3.18988383569556,1.57930069088766,-6.499999999998));
#16809=CARTESIAN_POINT('',(2.85988383569556,1.57930069088773,-6.499999999998));
#16810=VECTOR('',#19848,1000.0);
#16811=AXIS2_PLACEMENT_3D('',#19849,#19850,#19851);
#16812=CARTESIAN_POINT('',(3.18988383569556,1.57930069088773,-6.499999999998));
#16813=VECTOR('',#19852,1000.0);
#16814=CARTESIAN_POINT('',(-2.41011616430444,1.57930069088773,-5.49999999999801));
#16815=CARTESIAN_POINT('',(-2.56011616430444,1.57930069088773,-5.64999999999801));
#16816=AXIS2_PLACEMENT_3D('',#19853,#19854,#19855);
#16817=CARTESIAN_POINT('',(-2.56011616430444,1.57930069088773,-6.199999999998));
#16818=CARTESIAN_POINT('',(-2.56011616430444,1.57930069088773,-6.199999999998));
#16819=VECTOR('',#19856,1000.0);
#16820=CARTESIAN_POINT('',(-2.86011616430444,1.57930069088773,-6.499999999998));
#16821=AXIS2_PLACEMENT_3D('',#19857,#19858,#19859);
#16822=CARTESIAN_POINT('',(-3.19011616430444,1.57930069088766,-6.499999999998));
#16823=CARTESIAN_POINT('',(-3.19011616430444,1.57930069088773,-6.499999999998));
#16824=VECTOR('',#19860,1000.0);
#16825=CARTESIAN_POINT('',(-3.19011616430444,1.57930069088773,-5.20417042793042E-15));
#16826=VECTOR('',#19861,1000.0);
#16827=CARTESIAN_POINT('',(2.55988383569556,1.57930069088773,-6.199999999998));
#16828=AXIS2_PLACEMENT_3D('',#19862,#19863,#19864);
#16829=CARTESIAN_POINT('',(2.55988383569556,1.57930069088773,-5.64999999999801));
#16830=CARTESIAN_POINT('',(2.55988383569556,1.57930069088773,-6.199999999998));
#16831=VECTOR('',#19865,1000.0);
#16832=CARTESIAN_POINT('',(2.40988383569556,1.57930069088773,-5.49999999999801));
#16833=AXIS2_PLACEMENT_3D('',#19866,#19867,#19868);
#16834=CARTESIAN_POINT('',(2.40988383569556,1.57930069088773,-5.49999999999801));
#16835=VECTOR('',#19869,1000.0);
#16836=CARTESIAN_POINT('',(1.05988383569556,1.57930069088773,-5.729999999998));
#16837=CARTESIAN_POINT('',(1.05988383569556,1.57930069088773,-5.64999999999801));
#16838=VECTOR('',#19870,1000.0);
#16839=CARTESIAN_POINT('',(1.11030581510456,1.57930069088773,-5.842179400136));
#16840=AXIS2_PLACEMENT_3D('',#19871,#19872,#19873);
#16841=CARTESIAN_POINT('',(1.11030581510456,1.57930069088773,-6.429999999998));
#16842=CARTESIAN_POINT('',(1.11030581510456,1.57930069088773,-6.429999999998));
#16843=VECTOR('',#19874,1000.0);
#16844=CARTESIAN_POINT('',(-1.10940871324965,1.57930069088773,-6.429999999998));
#16845=CARTESIAN_POINT('',(0.181727974192561,1.57930069088773,-6.429999999998));
#16846=VECTOR('',#19875,1000.0);
#16847=CARTESIAN_POINT('',(-1.11361833426068,1.57926130764308,-5.84708601611458));
#16848=CARTESIAN_POINT('',(-1.10940871324965,1.57930069088773,-6.1380591792355));
#16849=VECTOR('',#19876,1000.0);
#16850=CARTESIAN_POINT('',(-1.06011616430444,1.57930069088773,-5.729999999998));
#16851=AXIS2_PLACEMENT_3D('',#19877,#19878,#19879);
#16852=CARTESIAN_POINT('',(-1.06011616430444,1.57930069088773,-5.729999999998));
#16853=VECTOR('',#19880,1000.0);
#16854=CARTESIAN_POINT('',(-1.21011616430444,1.57930069088773,-5.49999999999801));
#16855=VECTOR('',#19881,1000.0);
#16856=CARTESIAN_POINT('',(-1.16862250985044,1.57930069088773,-4.599999999998));
#16857=CARTESIAN_POINT('',(-2.38360981875844,1.57930069088773,-4.599999999998));
#16858=CARTESIAN_POINT('',(-1.16862250985044,1.57930069088773,-4.599999999998));
#16859=VECTOR('',#19882,1000.0);
#16860=CARTESIAN_POINT('',(-2.38360981875844,1.57930069088773,-5.09999999999801));
#16861=VECTOR('',#19883,1000.0);
#16862=CARTESIAN_POINT('',(-1.16862250985044,1.57930069088773,-4.599999999998));
#16863=VECTOR('',#19884,1000.0);
#16864=CARTESIAN_POINT('',(1.16739018124156,1.57930069088773,-4.599999999998));
#16865=CARTESIAN_POINT('',(2.38237749014956,1.57930069088773,-4.599999999998));
#16866=CARTESIAN_POINT('',(1.16739018124156,1.57930069088773,-4.599999999998));
#16867=VECTOR('',#19885,1000.0);
#16868=CARTESIAN_POINT('',(1.16739018124156,1.57930069088773,-5.09999999999801));
#16869=VECTOR('',#19886,1000.0);
#16870=CARTESIAN_POINT('',(2.38237749014956,1.57930069088773,-4.599999999998));
#16871=VECTOR('',#19887,1000.0);
#16872=CARTESIAN_POINT('',(-2.41011616430444,1.27930069088773,-5.49999999999801));
#16873=VECTOR('',#19888,1000.0);
#16874=CARTESIAN_POINT('',(-1.06011616430444,1.27930069088773,-5.729999999998));
#16875=VECTOR('',#19889,1000.0);
#16876=CARTESIAN_POINT('',(3.18988382975937,1.27930069088759,-0.300000000000005));
#16877=CARTESIAN_POINT('',(3.18988382816656,1.27930069068373,-6.349999999795));
#16878=VECTOR('',#19890,1000.0);
#16879=CARTESIAN_POINT('',(-3.19011616430444,1.27930069088768,-0.300000000000005));
#16880=CARTESIAN_POINT('',(-3.19011616430444,1.27930069088773,-0.300000000000005));
#16881=VECTOR('',#19891,1000.0);
#16882=CARTESIAN_POINT('',(-3.19011616430444,1.27930069088773,-0.300000000000005));
#16883=VECTOR('',#19892,1000.0);
#16884=CARTESIAN_POINT('',(2.69988383569556,1.27930069088773,-4.499999999998));
#16885=VECTOR('',#19893,1000.0);
#16886=CARTESIAN_POINT('',(2.69988383569556,1.27930069088773,-4.499999999998));
#16887=VECTOR('',#19894,1000.0);
#16888=CARTESIAN_POINT('',(-0.000116164307498491,1.27930069088773,-4.499999999998));
#16889=VECTOR('',#19895,1000.0);
#16890=CARTESIAN_POINT('',(-0.000116164307498491,1.27930069088773,-4.499999999998));
#16891=VECTOR('',#19896,1000.0);
#16892=AXIS2_PLACEMENT_3D('',#19897,#19898,#19899);
#16893=AXIS2_PLACEMENT_3D('',#19900,#19901,#19902);
#16894=AXIS2_PLACEMENT_3D('',#19903,#19904,#19905);
#16895=AXIS2_PLACEMENT_3D('',#19906,#19907,#19908);
#16896=AXIS2_PLACEMENT_3D('',#19909,#19910,#19911);
#16897=CARTESIAN_POINT('',(4.16988383569556,0.299300690887628,-0.300000000000005));
#16898=VECTOR('',#19912,1000.0);
#16899=CARTESIAN_POINT('',(3.18988383136656,1.42930069088773,-5.20417042793042E-15));
#16900=VECTOR('',#19913,1000.0);
#16901=CARTESIAN_POINT('',(-3.19011616430444,1.27930069088773,-0.300000000000005));
#16902=VECTOR('',#19914,1000.0);
#16903=CARTESIAN_POINT('',(-4.32011616430444,0.299300690887428,-5.20417042793042E-15));
#16904=VECTOR('',#19915,1000.0);
#16905=AXIS2_PLACEMENT_3D('',#19916,#19917,#19918);
#16906=CARTESIAN_POINT('',(-0.999236066295288,0.449300690887527,-6.499999999998));
#16907=VECTOR('',#19919,1000.0);
#16908=CARTESIAN_POINT('',(3.59988383569256,-1.60069930911227,-6.499999999998));
#16909=CARTESIAN_POINT('',(3.59988383569256,-1.60069930911227,-6.499999999998));
#16910=VECTOR('',#19920,1000.0);
#16911=CARTESIAN_POINT('',(-3.60011616430744,-1.60069930911227,-6.499999999998));
#16912=CARTESIAN_POINT('',(-3.60011616430744,-1.60069930911227,-6.499999999998));
#16913=VECTOR('',#19921,1000.0);
#16914=CARTESIAN_POINT('',(-3.60011616430744,-1.24069930911227,-6.499999999998));
#16915=VECTOR('',#19922,1000.0);
#16916=CARTESIAN_POINT('',(-4.14511616430744,-1.24069930911227,-6.499999999998));
#16917=VECTOR('',#19923,1000.0);
#16918=CARTESIAN_POINT('',(-3.22511541888644,-0.780699329104873,-6.499999999998));
#16919=CARTESIAN_POINT('',(-3.42511618182644,-0.780699329104876,-6.499999999998));
#16920=CARTESIAN_POINT('',(4.16988383569556,-0.780699309112473,-6.499999999998));
#16921=VECTOR('',#19924,1000.0);
#16922=CARTESIAN_POINT('',(-3.22511541888644,-0.660699329104876,-6.499999999998));
#16923=CARTESIAN_POINT('',(-3.22511541888644,-0.660699329104873,-6.499999999998));
#16924=VECTOR('',#19925,1000.0);
#16925=CARTESIAN_POINT('',(-3.42511618182644,-0.660699329104873,-6.499999999998));
#16926=CARTESIAN_POINT('',(-3.22511541888644,-0.660699329104873,-6.499999999998));
#16927=VECTOR('',#19926,1000.0);
#16928=CARTESIAN_POINT('',(-3.42511618182644,-0.660699329104873,-6.499999999998));
#16929=VECTOR('',#19927,1000.0);
#16930=CARTESIAN_POINT('',(-2.42511652825244,-0.780699329104873,-6.499999999998));
#16931=CARTESIAN_POINT('',(-2.62511633751745,-0.780699329104876,-6.499999999998));
#16932=CARTESIAN_POINT('',(4.16988383569556,-0.780699309112473,-6.499999999998));
#16933=VECTOR('',#19928,1000.0);
#16934=CARTESIAN_POINT('',(-2.42511652825244,-0.660699329104876,-6.499999999998));
#16935=CARTESIAN_POINT('',(-2.42511652825244,-0.660699329104873,-6.499999999998));
#16936=VECTOR('',#19929,1000.0);
#16937=CARTESIAN_POINT('',(-2.62511633751744,-0.660699329104873,-6.499999999998));
#16938=CARTESIAN_POINT('',(-2.42511652825244,-0.660699329104873,-6.499999999998));
#16939=VECTOR('',#19930,1000.0);
#16940=CARTESIAN_POINT('',(-2.62511633751744,-0.660699329104873,-6.499999999998));
#16941=VECTOR('',#19931,1000.0);
#16942=CARTESIAN_POINT('',(-1.15011595604844,-0.780699329104873,-6.499999999998));
#16943=CARTESIAN_POINT('',(-1.35011576531344,-0.780699329104876,-6.499999999998));
#16944=CARTESIAN_POINT('',(4.16988383569556,-0.780699309112473,-6.499999999998));
#16945=VECTOR('',#19932,1000.0);
#16946=CARTESIAN_POINT('',(-1.15011595604844,-0.660699329104876,-6.499999999998));
#16947=CARTESIAN_POINT('',(-1.15011595604844,-0.660699329104873,-6.499999999998));
#16948=VECTOR('',#19933,1000.0);
#16949=CARTESIAN_POINT('',(-1.35011576531344,-0.660699329104873,-6.499999999998));
#16950=CARTESIAN_POINT('',(-1.15011595604844,-0.660699329104873,-6.499999999998));
#16951=VECTOR('',#19934,1000.0);
#16952=CARTESIAN_POINT('',(-1.35011576531344,-0.660699329104873,-6.499999999998));
#16953=VECTOR('',#19935,1000.0);
#16954=CARTESIAN_POINT('',(-0.15011595604834,-0.780699329104873,-6.499999999998));
#16955=CARTESIAN_POINT('',(-0.350115765313447,-0.780699329104876,-6.499999999998));
#16956=CARTESIAN_POINT('',(4.16988383569556,-0.780699309112473,-6.499999999998));
#16957=VECTOR('',#19936,1000.0);
#16958=CARTESIAN_POINT('',(-0.150115956048347,-0.660699329104876,-6.499999999998));
#16959=CARTESIAN_POINT('',(-0.15011595604834,-0.660699329104873,-6.499999999998));
#16960=VECTOR('',#19937,1000.0);
#16961=CARTESIAN_POINT('',(-0.350115765313439,-0.660699329104873,-6.499999999998));
#16962=CARTESIAN_POINT('',(-0.15011595604834,-0.660699329104873,-6.499999999998));
#16963=VECTOR('',#19938,1000.0);
#16964=CARTESIAN_POINT('',(-0.350115765313439,-0.660699329104873,-6.499999999998));
#16965=VECTOR('',#19939,1000.0);
#16966=CARTESIAN_POINT('',(0.34988343670456,-0.780699329104873,-6.499999999998));
#16967=CARTESIAN_POINT('',(0.149883627439468,-0.780699329104876,-6.499999999998));
#16968=CARTESIAN_POINT('',(4.16988383569556,-0.780699309112473,-6.499999999998));
#16969=VECTOR('',#19940,1000.0);
#16970=CARTESIAN_POINT('',(0.349883436704568,-0.660699329104876,-6.499999999998));
#16971=CARTESIAN_POINT('',(0.34988343670456,-0.660699329104873,-6.499999999998));
#16972=VECTOR('',#19941,1000.0);
#16973=CARTESIAN_POINT('',(0.14988362743946,-0.660699329104873,-6.499999999998));
#16974=CARTESIAN_POINT('',(0.34988343670456,-0.660699329104873,-6.499999999998));
#16975=VECTOR('',#19942,1000.0);
#16976=CARTESIAN_POINT('',(0.14988362743946,-0.660699329104873,-6.499999999998));
#16977=VECTOR('',#19943,1000.0);
#16978=CARTESIAN_POINT('',(1.34988343670456,-0.780699329104873,-6.499999999998));
#16979=CARTESIAN_POINT('',(1.14988362743956,-0.780699329104876,-6.499999999998));
#16980=CARTESIAN_POINT('',(4.16988383569556,-0.780699309112473,-6.499999999998));
#16981=VECTOR('',#19944,1000.0);
#16982=CARTESIAN_POINT('',(1.34988343670456,-0.660699329104876,-6.499999999998));
#16983=CARTESIAN_POINT('',(1.34988343670456,-0.660699329104873,-6.499999999998));
#16984=VECTOR('',#19945,1000.0);
#16985=CARTESIAN_POINT('',(1.14988362743956,-0.660699329104873,-6.499999999998));
#16986=CARTESIAN_POINT('',(1.34988343670456,-0.660699329104873,-6.499999999998));
#16987=VECTOR('',#19946,1000.0);
#16988=CARTESIAN_POINT('',(1.14988362743956,-0.660699329104873,-6.499999999998));
#16989=VECTOR('',#19947,1000.0);
#16990=CARTESIAN_POINT('',(2.62488400890856,-0.780699329104873,-6.499999999998));
#16991=CARTESIAN_POINT('',(2.42488419964357,-0.780699329104876,-6.499999999998));
#16992=CARTESIAN_POINT('',(4.16988383569556,-0.780699309112473,-6.499999999998));
#16993=VECTOR('',#19948,1000.0);
#16994=CARTESIAN_POINT('',(2.62488400890857,-0.660699329104876,-6.499999999998));
#16995=CARTESIAN_POINT('',(2.62488400890856,-0.660699329104873,-6.499999999998));
#16996=VECTOR('',#19949,1000.0);
#16997=CARTESIAN_POINT('',(2.42488419964356,-0.660699329104873,-6.499999999998));
#16998=CARTESIAN_POINT('',(2.62488400890856,-0.660699329104873,-6.499999999998));
#16999=VECTOR('',#19950,1000.0);
#17000=CARTESIAN_POINT('',(2.42488419964356,-0.660699329104873,-6.499999999998));
#17001=VECTOR('',#19951,1000.0);
#17002=CARTESIAN_POINT('',(3.42488385321756,-0.780699329104876,-6.499999999998));
#17003=CARTESIAN_POINT('',(3.22488309027756,-0.780699329104873,-6.499999999998));
#17004=CARTESIAN_POINT('',(4.16988383569556,-0.780699309112473,-6.499999999998));
#17005=VECTOR('',#19952,1000.0);
#17006=CARTESIAN_POINT('',(3.42488385321756,-0.660699329104876,-6.499999999998));
#17007=CARTESIAN_POINT('',(3.42488385321756,-0.660699329104873,-6.499999999998));
#17008=VECTOR('',#19953,1000.0);
#17009=CARTESIAN_POINT('',(3.22488309027756,-0.660699329104873,-6.499999999998));
#17010=CARTESIAN_POINT('',(3.42488385321756,-0.660699329104873,-6.499999999998));
#17011=VECTOR('',#19954,1000.0);
#17012=CARTESIAN_POINT('',(3.22488309027756,-0.660699329104873,-6.499999999998));
#17013=VECTOR('',#19955,1000.0);
#17014=CARTESIAN_POINT('',(-0.650116164307637,-0.780700048562473,-6.499999999998));
#17015=CARTESIAN_POINT('',(-0.850116164307636,-0.780700048562483,-6.499999999998));
#17016=CARTESIAN_POINT('',(4.16988383569556,-0.780699309112473,-6.499999999998));
#17017=VECTOR('',#19956,1000.0);
#17018=CARTESIAN_POINT('',(-0.65011616430764,-0.660700048562544,-6.499999999998));
#17019=CARTESIAN_POINT('',(-0.65011616430764,-0.660700048562573,-6.499999999998));
#17020=VECTOR('',#19957,1000.0);
#17021=CARTESIAN_POINT('',(-0.85011616430764,-0.660700048562579,-6.499999999998));
#17022=CARTESIAN_POINT('',(-0.000116164307498491,-0.660699329105173,-6.499999999998));
#17023=VECTOR('',#19958,1000.0);
#17024=CARTESIAN_POINT('',(-0.85011616430764,-0.660700048562573,-6.499999999998));
#17025=VECTOR('',#19959,1000.0);
#17026=CARTESIAN_POINT('',(-1.65011616430744,-0.780700048562573,-6.499999999998));
#17027=CARTESIAN_POINT('',(-1.85011616430744,-0.780700048562583,-6.499999999998));
#17028=CARTESIAN_POINT('',(4.16988383569556,-0.780699309112473,-6.499999999998));
#17029=VECTOR('',#19960,1000.0);
#17030=CARTESIAN_POINT('',(-1.65011616430744,-0.660700048562577,-6.499999999998));
#17031=CARTESIAN_POINT('',(-1.65011616430744,-0.660700048562573,-6.499999999998));
#17032=VECTOR('',#19961,1000.0);
#17033=CARTESIAN_POINT('',(-1.85011616430744,-0.660700048562646,-6.499999999998));
#17034=CARTESIAN_POINT('',(-0.000116164307498491,-0.660699329105173,-6.499999999998));
#17035=VECTOR('',#19962,1000.0);
#17036=CARTESIAN_POINT('',(-1.85011616430744,-0.660700048562673,-6.499999999998));
#17037=VECTOR('',#19963,1000.0);
#17038=CARTESIAN_POINT('',(-2.17511616430744,-0.780700048562573,-6.499999999998));
#17039=CARTESIAN_POINT('',(-2.37511616430743,-0.780700048562617,-6.499999999998));
#17040=CARTESIAN_POINT('',(4.16988383569556,-0.780699309112473,-6.499999999998));
#17041=VECTOR('',#19964,1000.0);
#17042=CARTESIAN_POINT('',(-2.17511616430744,-0.660700048562677,-6.499999999998));
#17043=CARTESIAN_POINT('',(-2.17511616430744,-0.660700048562673,-6.499999999998));
#17044=VECTOR('',#19965,1000.0);
#17045=CARTESIAN_POINT('',(-2.37511616430744,-0.660700048562679,-6.499999999998));
#17046=CARTESIAN_POINT('',(-0.000116164307498491,-0.660699329105173,-6.499999999998));
#17047=VECTOR('',#19966,1000.0);
#17048=CARTESIAN_POINT('',(-2.37511616430744,-0.660700048562673,-6.499999999998));
#17049=VECTOR('',#19967,1000.0);
#17050=CARTESIAN_POINT('',(-2.97511616430744,-0.660700048562777,-6.499999999998));
#17051=CARTESIAN_POINT('',(-3.17511616430744,-0.660700048562779,-6.499999999998));
#17052=CARTESIAN_POINT('',(-0.000116164307498491,-0.660699329105173,-6.499999999998));
#17053=VECTOR('',#19968,1000.0);
#17054=CARTESIAN_POINT('',(-3.17511616430743,-0.780700048562683,-6.499999999998));
#17055=CARTESIAN_POINT('',(-3.17511616430744,-0.660700048562773,-6.499999999998));
#17056=VECTOR('',#19969,1000.0);
#17057=CARTESIAN_POINT('',(-2.97511616430744,-0.780700048562673,-6.499999999998));
#17058=CARTESIAN_POINT('',(4.16988383569556,-0.780699309112473,-6.499999999998));
#17059=VECTOR('',#19970,1000.0);
#17060=CARTESIAN_POINT('',(-2.97511616430744,-0.660700048562773,-6.499999999998));
#17061=VECTOR('',#19971,1000.0);
#17062=CARTESIAN_POINT('',(0.84988383569246,-0.660700048562377,-6.499999999998));
#17063=CARTESIAN_POINT('',(0.64988383569246,-0.660700048562379,-6.499999999998));
#17064=CARTESIAN_POINT('',(-0.000116164307498491,-0.660699329105173,-6.499999999998));
#17065=VECTOR('',#19972,1000.0);
#17066=CARTESIAN_POINT('',(0.649883835692464,-0.780700048562383,-6.499999999998));
#17067=CARTESIAN_POINT('',(0.64988383569246,-0.660700048562373,-6.499999999998));
#17068=VECTOR('',#19973,1000.0);
#17069=CARTESIAN_POINT('',(0.849883835692464,-0.780700048562373,-6.499999999998));
#17070=CARTESIAN_POINT('',(4.16988383569556,-0.780699309112473,-6.499999999998));
#17071=VECTOR('',#19974,1000.0);
#17072=CARTESIAN_POINT('',(0.84988383569246,-0.660700048562373,-6.499999999998));
#17073=VECTOR('',#19975,1000.0);
#17074=CARTESIAN_POINT('',(1.84988383569256,-0.660700048562277,-6.499999999998));
#17075=CARTESIAN_POINT('',(1.64988383569256,-0.660700048562346,-6.499999999998));
#17076=CARTESIAN_POINT('',(-0.000116164307498491,-0.660699329105173,-6.499999999998));
#17077=VECTOR('',#19976,1000.0);
#17078=CARTESIAN_POINT('',(1.64988383569256,-0.780700048562285,-6.499999999998));
#17079=CARTESIAN_POINT('',(1.64988383569256,-0.660700048562373,-6.499999999998));
#17080=VECTOR('',#19977,1000.0);
#17081=CARTESIAN_POINT('',(1.84988383569256,-0.780700048562277,-6.499999999998));
#17082=CARTESIAN_POINT('',(4.16988383569556,-0.780699309112473,-6.499999999998));
#17083=VECTOR('',#19978,1000.0);
#17084=CARTESIAN_POINT('',(1.84988383569256,-0.660700048562273,-6.499999999998));
#17085=VECTOR('',#19979,1000.0);
#17086=CARTESIAN_POINT('',(2.37488383569256,-0.660700048562277,-6.499999999998));
#17087=CARTESIAN_POINT('',(2.17488383569256,-0.660700048562279,-6.499999999998));
#17088=CARTESIAN_POINT('',(-0.000116164307498491,-0.660699329105173,-6.499999999998));
#17089=VECTOR('',#19980,1000.0);
#17090=CARTESIAN_POINT('',(2.17488383569256,-0.780700048562217,-6.499999999998));
#17091=CARTESIAN_POINT('',(2.17488383569256,-0.660700048562273,-6.499999999998));
#17092=VECTOR('',#19981,1000.0);
#17093=CARTESIAN_POINT('',(2.37488383569257,-0.780700048562173,-6.499999999998));
#17094=CARTESIAN_POINT('',(4.16988383569556,-0.780699309112473,-6.499999999998));
#17095=VECTOR('',#19982,1000.0);
#17096=CARTESIAN_POINT('',(2.37488383569256,-0.660700048562273,-6.499999999998));
#17097=VECTOR('',#19983,1000.0);
#17098=CARTESIAN_POINT('',(3.17488383569256,-0.780700048562173,-6.499999999998));
#17099=CARTESIAN_POINT('',(2.97488383569255,-0.780700048562183,-6.499999999998));
#17100=CARTESIAN_POINT('',(4.16988383569556,-0.780699309112473,-6.499999999998));
#17101=VECTOR('',#19984,1000.0);
#17102=CARTESIAN_POINT('',(3.17488383569255,-0.660700048562177,-6.499999999998));
#17103=CARTESIAN_POINT('',(3.17488383569256,-0.660700048562173,-6.499999999998));
#17104=VECTOR('',#19985,1000.0);
#17105=CARTESIAN_POINT('',(2.97488383569256,-0.660700048562179,-6.499999999998));
#17106=CARTESIAN_POINT('',(-0.000116164307498491,-0.660699329105173,-6.499999999998));
#17107=VECTOR('',#19986,1000.0);
#17108=CARTESIAN_POINT('',(2.97488383569256,-0.660700048562173,-6.499999999998));
#17109=VECTOR('',#19987,1000.0);
#17110=CARTESIAN_POINT('',(-1.21013576473653,1.56823512806009,-5.87997360798476));
#17111=CARTESIAN_POINT('',(-1.2101226792603,1.35018078878457,-5.879999999998));
#17112=CARTESIAN_POINT('',(-1.21012699002657,1.42286556854611,-5.879999999998));
#17113=CARTESIAN_POINT('',(-1.21013130079285,1.49555034830765,-5.879999999998));
#17114=CARTESIAN_POINT('',(-1.21013561155912,1.56823512806918,-5.879999999998));
#17115=CARTESIAN_POINT('',(-1.45513137114019,1.41826855152488,-5.87999999999822));
#17116=AXIS2_PLACEMENT_3D('',#19988,#19989,#19990);
#17117=CARTESIAN_POINT('',(0.798826421445747,4.11660082322389,-5.879999999998));
#17118=VECTOR('',#19991,1000.0);
#17119=CARTESIAN_POINT('',(-1.45513130631382,1.4182686290838,-6.42999974999809));
#17120=CARTESIAN_POINT('',(-1.11510145745678,1.82576430142504,-6.429999999998));
#17121=VECTOR('',#19992,1000.0);
#17122=AXIS2_PLACEMENT_3D('',#19993,#19994,#19995);
#17123=CARTESIAN_POINT('',(1.45533330225256,1.41818826956173,-6.429999999998));
#17124=AXIS2_PLACEMENT_3D('',#19996,#19997,#19998);
#17125=CARTESIAN_POINT('',(1.45533330225256,1.41818826956173,-6.429999999998));
#17126=VECTOR('',#19999,1000.0);
#17127=CARTESIAN_POINT('',(1.28130118379074,1.39132612900298,-6.429999999998));
#17128=CARTESIAN_POINT('',(1.70061567390256,0.890525694758327,-6.429999999998));
#17129=VECTOR('',#20000,1000.0);
#17130=AXIS2_PLACEMENT_3D('',#20001,#20002,#20003);
#17131=CARTESIAN_POINT('',(-1.11782797722699,1.57922502060719,-5.84824927283362));
#17132=CARTESIAN_POINT('',(-1.1172865441723,1.50286744305429,-5.84782670892398));
#17133=CARTESIAN_POINT('',(-1.11657166599147,1.42651402500091,-5.84727422812018));
#17134=CARTESIAN_POINT('',(-1.11506017655376,1.35018078889985,-5.84603602540711));
#17135=CARTESIAN_POINT('',(-1.11468802560908,1.57926972188988,-5.84576821283445));
#17136=CARTESIAN_POINT('',(-1.14171690957847,1.57895260246305,-5.86770615717988));
#17137=CARTESIAN_POINT('',(-1.17593641868422,1.57573068078928,-5.8797227471777));
#17138=CARTESIAN_POINT('',(-1.21005906009488,1.56790017524668,-5.87994713796643));
#17139=CARTESIAN_POINT('',(-1.45537925009767,1.41847581185779,-5.87999999999801));
#17140=CARTESIAN_POINT('',(-1.45537925009767,1.41847581185779,-6.06333324999804));
#17141=CARTESIAN_POINT('',(-1.45537925009767,1.41847581185779,-6.24666649999807));
#17142=CARTESIAN_POINT('',(-1.45537925009767,1.41847581185779,-6.4299997499981));
#17143=CARTESIAN_POINT('',(1.45533330225262,1.41818826956178,-5.879999999998));
#17144=CARTESIAN_POINT('',(1.45533330225256,1.41818826956173,-5.879999999998));
#17145=VECTOR('',#20004,1000.0);
#17146=CARTESIAN_POINT('',(1.20988383569556,1.56814487487,-5.879999999998));
#17147=AXIS2_PLACEMENT_3D('',#20005,#20006,#20007);
#17148=CARTESIAN_POINT('',(1.20988383569556,1.56814487486973,-5.879999999998));
#17149=VECTOR('',#20008,1000.0);
#17150=CARTESIAN_POINT('',(1.05988383569556,1.57930069088773,-5.729999999998));
#17151=VECTOR('',#20009,1000.0);
#17152=CARTESIAN_POINT('',(1.20988383569556,1.56814487486973,-5.879999999998));
#17153=CARTESIAN_POINT('',(1.19784892498856,1.57087571335473,-5.879999999998));
#17154=CARTESIAN_POINT('',(1.17373444050856,1.57528345603473,-5.877071266402));
#17155=CARTESIAN_POINT('',(1.13979078076656,1.57872448425973,-5.864274319663));
#17156=CARTESIAN_POINT('',(1.11949366076456,1.57930069088773,-5.850335153181));
#17157=CARTESIAN_POINT('',(1.11030581510456,1.57930069088773,-5.842179400136));
#17158=CARTESIAN_POINT('',(1.45533330225256,1.41818826956173,-5.879999999998));
#17159=VECTOR('',#20010,1000.0);
#17160=CARTESIAN_POINT('',(1.21063898348656,1.24000073021173,-6.278674601207));
#17161=VECTOR('',#20011,1000.0);
#17162=CARTESIAN_POINT('',(2.40988383569556,1.57930069088773,-5.49999999999801));
#17163=VECTOR('',#20012,1000.0);
#17164=CARTESIAN_POINT('',(2.55988383569556,1.57930069088773,-5.64999999999801));
#17165=VECTOR('',#20013,1000.0);
#17166=CARTESIAN_POINT('',(2.55988383569556,1.27930069088773,-6.199999999998));
#17167=VECTOR('',#20014,1000.0);
#17168=CARTESIAN_POINT('',(3.34488383569256,0.204300690887528,-4.599999999998));
#17169=VECTOR('',#20015,1000.0);
#17170=CARTESIAN_POINT('',(-3.34511616430744,0.204300690887528,-3.099999999998));
#17171=VECTOR('',#20016,1000.0);
#17172=CARTESIAN_POINT('',(-3.34511616430744,-0.240699309165573,-4.599999999998));
#17173=VECTOR('',#20017,1000.0);
#17174=CARTESIAN_POINT('',(-3.60011616430744,-1.60069930911227,-6.499999999998));
#17175=VECTOR('',#20018,1000.0);
#17176=CARTESIAN_POINT('',(3.59988383569256,-1.60069930911227,-6.499999999998));
#17177=VECTOR('',#20019,1000.0);
#17178=CARTESIAN_POINT('',(-3.42511618182644,-0.66069932910387,-7.20009772985601));
#17179=CARTESIAN_POINT('',(-3.42511618182644,-0.660699329104873,-6.499999999998));
#17180=VECTOR('',#20020,1000.0);
#17181=CARTESIAN_POINT('',(-3.42511618182644,-0.780699329103873,-7.20009772985606));
#17182=CARTESIAN_POINT('',(-3.42511618182644,-0.660699329103873,-7.20009772985601));
#17183=VECTOR('',#20021,1000.0);
#17184=CARTESIAN_POINT('',(-3.42511618182644,-0.780699309112473,-10.7076977298599));
#17185=VECTOR('',#20022,1000.0);
#17186=CARTESIAN_POINT('',(-3.22511541888644,-0.78069932910387,-7.20009772985606));
#17187=CARTESIAN_POINT('',(4.16988383569556,-0.780699309112473,-7.20009772985601));
#17188=VECTOR('',#20023,1000.0);
#17189=CARTESIAN_POINT('',(-3.22511541888644,-0.780699309112473,-7.02933769191));
#17190=VECTOR('',#20024,1000.0);
#17191=CARTESIAN_POINT('',(-3.22511541888644,-0.660699329103873,-7.20009772985601));
#17192=CARTESIAN_POINT('',(-3.22511541888644,-0.660699329103873,-7.20009772985601));
#17193=VECTOR('',#20025,1000.0);
#17194=CARTESIAN_POINT('',(-3.22511541888644,-0.660699329103873,-7.20009772985601));
#17195=VECTOR('',#20026,1000.0);
#17196=CARTESIAN_POINT('',(-3.42511618182644,-0.660699329103873,-7.20009772985601));
#17197=VECTOR('',#20027,1000.0);
#17198=CARTESIAN_POINT('',(-2.62511633751742,-0.66069932910387,-7.20009772985601));
#17199=CARTESIAN_POINT('',(-2.62511633751744,-0.660699329104873,-6.499999999998));
#17200=VECTOR('',#20028,1000.0);
#17201=CARTESIAN_POINT('',(-2.62511633751744,-0.780699329103873,-7.20009772985606));
#17202=CARTESIAN_POINT('',(-2.62511633751744,-0.660699329103873,-7.20009772985601));
#17203=VECTOR('',#20029,1000.0);
#17204=CARTESIAN_POINT('',(-2.62511633751744,-0.780699309112473,-10.7076977298601));
#17205=VECTOR('',#20030,1000.0);
#17206=CARTESIAN_POINT('',(-2.42511652825243,-0.78069932910387,-7.20009772985606));
#17207=CARTESIAN_POINT('',(4.16988383569556,-0.780699309112473,-7.20009772985601));
#17208=VECTOR('',#20031,1000.0);
#17209=CARTESIAN_POINT('',(-2.42511652825244,-0.780699309112473,-7.036980017312));
#17210=VECTOR('',#20032,1000.0);
#17211=CARTESIAN_POINT('',(-2.42511652825244,-0.660699329103873,-7.200097729856));
#17212=CARTESIAN_POINT('',(-2.42511652825244,-0.660699329103873,-7.20009772985601));
#17213=VECTOR('',#20033,1000.0);
#17214=CARTESIAN_POINT('',(-2.42511652825244,-0.660699329103873,-7.20009772985601));
#17215=VECTOR('',#20034,1000.0);
#17216=CARTESIAN_POINT('',(-2.62511633751744,-0.660699329103873,-7.20009772985601));
#17217=VECTOR('',#20035,1000.0);
#17218=CARTESIAN_POINT('',(-1.35011576531344,-0.66069932910387,-7.20009772985601));
#17219=CARTESIAN_POINT('',(-1.35011576531344,-0.660699329104873,-6.499999999998));
#17220=VECTOR('',#20036,1000.0);
#17221=CARTESIAN_POINT('',(-1.35011576531344,-0.780699329103873,-7.20009772985606));
#17222=CARTESIAN_POINT('',(-1.35011576531344,-0.660699329103873,-7.20009772985601));
#17223=VECTOR('',#20037,1000.0);
#17224=CARTESIAN_POINT('',(-1.35011576531344,-0.780699309112473,-10.7076977298599));
#17225=VECTOR('',#20038,1000.0);
#17226=CARTESIAN_POINT('',(-1.15011595604844,-0.78069932910387,-7.20009772985606));
#17227=CARTESIAN_POINT('',(4.16988383569556,-0.780699309112473,-7.20009772985601));
#17228=VECTOR('',#20039,1000.0);
#17229=CARTESIAN_POINT('',(-1.15011595604844,-0.780699309112473,-6.90004343310201));
#17230=VECTOR('',#20040,1000.0);
#17231=CARTESIAN_POINT('',(-1.15011595604844,-0.660699329103873,-7.20009772985601));
#17232=CARTESIAN_POINT('',(-1.15011595604844,-0.660699329103873,-7.20009772985601));
#17233=VECTOR('',#20041,1000.0);
#17234=CARTESIAN_POINT('',(-1.15011595604844,-0.660699329103873,-7.20009772985601));
#17235=VECTOR('',#20042,1000.0);
#17236=CARTESIAN_POINT('',(-1.35011576531344,-0.660699329103873,-7.20009772985601));
#17237=VECTOR('',#20043,1000.0);
#17238=CARTESIAN_POINT('',(-0.350115765313432,-0.66069932910387,-7.20009772985601));
#17239=CARTESIAN_POINT('',(-0.350115765313439,-0.660699329104873,-6.499999999998));
#17240=VECTOR('',#20044,1000.0);
#17241=CARTESIAN_POINT('',(-0.350115765313439,-0.780699329103873,-7.20009772985606));
#17242=CARTESIAN_POINT('',(-0.350115765313439,-0.660699329103873,-7.20009772985601));
#17243=VECTOR('',#20045,1000.0);
#17244=CARTESIAN_POINT('',(-0.35011576531334,-0.780699309112473,-10.7076977298599));
#17245=VECTOR('',#20046,1000.0);
#17246=CARTESIAN_POINT('',(-0.150115956048332,-0.78069932910387,-7.20009772985606));
#17247=CARTESIAN_POINT('',(4.16988383569556,-0.780699309112473,-7.20009772985601));
#17248=VECTOR('',#20047,1000.0);
#17249=CARTESIAN_POINT('',(-0.15011595604834,-0.780699309112473,-6.995066902195));
#17250=VECTOR('',#20048,1000.0);
#17251=CARTESIAN_POINT('',(-0.15011595604834,-0.660699329103873,-7.20009772985601));
#17252=CARTESIAN_POINT('',(-0.15011595604834,-0.660699329103873,-7.20009772985601));
#17253=VECTOR('',#20049,1000.0);
#17254=CARTESIAN_POINT('',(-0.15011595604834,-0.660699329103873,-7.20009772985601));
#17255=VECTOR('',#20050,1000.0);
#17256=CARTESIAN_POINT('',(-0.350115765313439,-0.660699329103873,-7.20009772985601));
#17257=VECTOR('',#20051,1000.0);
#17258=CARTESIAN_POINT('',(0.149883627439453,-0.66069932910387,-7.20009772985601));
#17259=CARTESIAN_POINT('',(0.14988362743946,-0.660699329104873,-6.499999999998));
#17260=VECTOR('',#20052,1000.0);
#17261=CARTESIAN_POINT('',(0.14988362743946,-0.780699329103873,-7.20009772985606));
#17262=CARTESIAN_POINT('',(0.14988362743946,-0.660699329103873,-7.20009772985601));
#17263=VECTOR('',#20053,1000.0);
#17264=CARTESIAN_POINT('',(0.14988362743936,-0.780699309112473,-10.7076977298599));
#17265=VECTOR('',#20054,1000.0);
#17266=CARTESIAN_POINT('',(0.349883436704553,-0.78069932910387,-7.20009772985606));
#17267=CARTESIAN_POINT('',(4.16988383569556,-0.780699309112473,-7.20009772985601));
#17268=VECTOR('',#20055,1000.0);
#17269=CARTESIAN_POINT('',(0.34988343670456,-0.780699309112473,-6.99506752909701));
#17270=VECTOR('',#20056,1000.0);
#17271=CARTESIAN_POINT('',(0.34988343670456,-0.660699329103873,-7.20009772985601));
#17272=CARTESIAN_POINT('',(0.34988343670456,-0.660699329103873,-7.20009772985601));
#17273=VECTOR('',#20057,1000.0);
#17274=CARTESIAN_POINT('',(0.34988343670456,-0.660699329103873,-7.20009772985601));
#17275=VECTOR('',#20058,1000.0);
#17276=CARTESIAN_POINT('',(0.14988362743946,-0.660699329103873,-7.20009772985601));
#17277=VECTOR('',#20059,1000.0);
#17278=CARTESIAN_POINT('',(1.14988362743956,-0.66069932910387,-7.20009772985601));
#17279=CARTESIAN_POINT('',(1.14988362743956,-0.660699329104873,-6.499999999998));
#17280=VECTOR('',#20060,1000.0);
#17281=CARTESIAN_POINT('',(1.14988362743956,-0.780699329103873,-7.20009772985606));
#17282=CARTESIAN_POINT('',(1.14988362743956,-0.660699329103873,-7.20009772985601));
#17283=VECTOR('',#20061,1000.0);
#17284=CARTESIAN_POINT('',(1.14988362743956,-0.780699309112473,-10.7076977298599));
#17285=VECTOR('',#20062,1000.0);
#17286=CARTESIAN_POINT('',(1.34988343670456,-0.780699329103868,-7.20009772985612));
#17287=CARTESIAN_POINT('',(4.16988383569556,-0.780699309112473,-7.20009772985601));
#17288=VECTOR('',#20063,1000.0);
#17289=CARTESIAN_POINT('',(1.34988343670456,-0.780699309112473,-6.510094381523));
#17290=VECTOR('',#20064,1000.0);
#17291=CARTESIAN_POINT('',(1.34988343670456,-0.660699329103873,-7.20009772985601));
#17292=CARTESIAN_POINT('',(1.34988343670456,-0.660699329103873,-7.20009772985601));
#17293=VECTOR('',#20065,1000.0);
#17294=CARTESIAN_POINT('',(1.34988343670456,-0.660699329103873,-7.20009772985601));
#17295=VECTOR('',#20066,1000.0);
#17296=CARTESIAN_POINT('',(1.14988362743956,-0.660699329103873,-7.20009772985601));
#17297=VECTOR('',#20067,1000.0);
#17298=CARTESIAN_POINT('',(2.42488419964355,-0.66069932910387,-7.20009772985601));
#17299=CARTESIAN_POINT('',(2.42488419964356,-0.660699329104873,-6.499999999998));
#17300=VECTOR('',#20068,1000.0);
#17301=CARTESIAN_POINT('',(2.42488419964356,-0.780699329103873,-7.20009772985606));
#17302=CARTESIAN_POINT('',(2.42488419964356,-0.660699329103873,-7.20009772985601));
#17303=VECTOR('',#20069,1000.0);
#17304=CARTESIAN_POINT('',(2.42488419964356,-0.780699309112473,-10.70769772986));
#17305=VECTOR('',#20070,1000.0);
#17306=CARTESIAN_POINT('',(2.62488400890854,-0.78069932910387,-7.20009772985606));
#17307=CARTESIAN_POINT('',(4.16988383569556,-0.780699309112473,-7.20009772985601));
#17308=VECTOR('',#20071,1000.0);
#17309=CARTESIAN_POINT('',(2.62488400890856,-0.780699309112473,-7.019072585241));
#17310=VECTOR('',#20072,1000.0);
#17311=CARTESIAN_POINT('',(2.62488400890856,-0.660699329103873,-7.20009772985601));
#17312=CARTESIAN_POINT('',(2.62488400890856,-0.660699329103873,-7.20009772985601));
#17313=VECTOR('',#20073,1000.0);
#17314=CARTESIAN_POINT('',(2.62488400890856,-0.660699329103873,-7.20009772985601));
#17315=VECTOR('',#20074,1000.0);
#17316=CARTESIAN_POINT('',(2.42488419964356,-0.660699329103873,-7.20009772985601));
#17317=VECTOR('',#20075,1000.0);
#17318=CARTESIAN_POINT('',(3.22488309027756,-0.66069932910387,-7.20009772985601));
#17319=CARTESIAN_POINT('',(3.22488309027756,-0.660699329104873,-6.499999999998));
#17320=VECTOR('',#20076,1000.0);
#17321=CARTESIAN_POINT('',(3.22488309027756,-0.780699329103868,-7.20009772985612));
#17322=CARTESIAN_POINT('',(3.22488309027756,-0.660699329103873,-7.20009772985601));
#17323=VECTOR('',#20077,1000.0);
#17324=CARTESIAN_POINT('',(3.22488309027756,-0.780699309112473,-1.499999999998));
#17325=VECTOR('',#20078,1000.0);
#17326=CARTESIAN_POINT('',(3.42488385321756,-0.780699329103873,-7.20009772985606));
#17327=CARTESIAN_POINT('',(4.16988383569556,-0.780699309112473,-7.20009772985601));
#17328=VECTOR('',#20079,1000.0);
#17329=CARTESIAN_POINT('',(3.42488385321756,-0.780699309112473,-1.499999999998));
#17330=VECTOR('',#20080,1000.0);
#17331=CARTESIAN_POINT('',(3.42488385321756,-0.660699329103873,-7.20009772985601));
#17332=CARTESIAN_POINT('',(3.42488385321756,-0.660699329103873,-7.20009772985601));
#17333=VECTOR('',#20081,1000.0);
#17334=CARTESIAN_POINT('',(3.42488385321756,-0.660699329103873,-7.20009772985601));
#17335=VECTOR('',#20082,1000.0);
#17336=CARTESIAN_POINT('',(3.22488309027756,-0.660699329103873,-7.20009772985601));
#17337=VECTOR('',#20083,1000.0);
#17338=CARTESIAN_POINT('',(-0.85011616430764,-0.660700048562469,-7.20009772986001));
#17339=CARTESIAN_POINT('',(-0.85011616430754,-0.660699329105173,-4.899999999998));
#17340=VECTOR('',#20084,1000.0);
#17341=CARTESIAN_POINT('',(-0.850116164307636,-0.780700048562373,-7.20009772986001));
#17342=CARTESIAN_POINT('',(-0.85011616430764,-0.660700048562473,-7.20009772986001));
#17343=VECTOR('',#20085,1000.0);
#17344=CARTESIAN_POINT('',(-0.85011616430754,-0.780699309112473,-4.899999999998));
#17345=VECTOR('',#20086,1000.0);
#17346=CARTESIAN_POINT('',(-0.650116164307637,-0.780700048562363,-7.20009772986001));
#17347=CARTESIAN_POINT('',(4.16988383569556,-0.780699309112473,-7.20009772985601));
#17348=VECTOR('',#20087,1000.0);
#17349=CARTESIAN_POINT('',(-0.65011616430754,-0.780699309112473,-6.80194561351301));
#17350=VECTOR('',#20088,1000.0);
#17351=CARTESIAN_POINT('',(-0.65011616430764,-0.6607000485624,-7.20009772986001));
#17352=CARTESIAN_POINT('',(-0.65011616430764,-0.660700048562373,-7.20009772986001));
#17353=VECTOR('',#20089,1000.0);
#17354=CARTESIAN_POINT('',(-0.65011616430754,-0.660699329105173,-6.80194561351301));
#17355=VECTOR('',#20090,1000.0);
#17356=CARTESIAN_POINT('',(3.22488309027756,-0.660699329105173,-7.20009772985601));
#17357=VECTOR('',#20091,1000.0);
#17358=CARTESIAN_POINT('',(-1.85011616430744,-0.660700048562569,-7.20009772986001));
#17359=CARTESIAN_POINT('',(-1.85011616430744,-0.660699329105173,-6.72812436513101));
#17360=VECTOR('',#20092,1000.0);
#17361=CARTESIAN_POINT('',(-1.85011616430744,-0.780700048562473,-7.20009772986001));
#17362=CARTESIAN_POINT('',(-1.85011616430744,-0.660700048562573,-7.20009772986001));
#17363=VECTOR('',#20093,1000.0);
#17364=CARTESIAN_POINT('',(-1.85011616430744,-0.780699309112473,-6.72812436513101));
#17365=VECTOR('',#20094,1000.0);
#17366=CARTESIAN_POINT('',(-1.65011616430744,-0.780700048562463,-7.20009772986001));
#17367=CARTESIAN_POINT('',(4.16988383569556,-0.780699309112473,-7.20009772985601));
#17368=VECTOR('',#20095,1000.0);
#17369=CARTESIAN_POINT('',(-1.65011616430744,-0.780699309112473,-6.839943391458));
#17370=VECTOR('',#20096,1000.0);
#17371=CARTESIAN_POINT('',(-1.65011616430744,-0.6607000485625,-7.20009772986001));
#17372=CARTESIAN_POINT('',(-1.65011616430744,-0.660700048562473,-7.20009772986001));
#17373=VECTOR('',#20097,1000.0);
#17374=CARTESIAN_POINT('',(-1.65011616430744,-0.660699329105173,-6.839943391458));
#17375=VECTOR('',#20098,1000.0);
#17376=CARTESIAN_POINT('',(3.22488309027756,-0.660699329105173,-7.20009772985601));
#17377=VECTOR('',#20099,1000.0);
#17378=CARTESIAN_POINT('',(-2.37511616430744,-0.660700048562569,-7.20009772986001));
#17379=CARTESIAN_POINT('',(-2.37511616430744,-0.660699329105173,-6.471185698037));
#17380=VECTOR('',#20100,1000.0);
#17381=CARTESIAN_POINT('',(-2.37511616430743,-0.780700048562473,-7.20009772986001));
#17382=CARTESIAN_POINT('',(-2.37511616430744,-0.660700048562573,-7.20009772986001));
#17383=VECTOR('',#20101,1000.0);
#17384=CARTESIAN_POINT('',(-2.37511616430744,-0.780699309112473,-6.471185698037));
#17385=VECTOR('',#20102,1000.0);
#17386=CARTESIAN_POINT('',(-2.17511616430744,-0.780700048562463,-7.20009772986001));
#17387=CARTESIAN_POINT('',(4.16988383569556,-0.780699309112473,-7.20009772985601));
#17388=VECTOR('',#20103,1000.0);
#17389=CARTESIAN_POINT('',(-2.17511616430744,-0.780699309112473,-6.614835337879));
#17390=VECTOR('',#20104,1000.0);
#17391=CARTESIAN_POINT('',(-2.17511616430744,-0.660700048562567,-7.20009772986001));
#17392=CARTESIAN_POINT('',(-2.17511616430744,-0.660700048562573,-7.20009772986001));
#17393=VECTOR('',#20105,1000.0);
#17394=CARTESIAN_POINT('',(-2.17511616430744,-0.660699329105173,-6.614835337879));
#17395=VECTOR('',#20106,1000.0);
#17396=CARTESIAN_POINT('',(3.22488309027756,-0.660699329105173,-7.20009772985601));
#17397=VECTOR('',#20107,1000.0);
#17398=CARTESIAN_POINT('',(-2.97511616430745,-0.780700048562563,-7.20009772986001));
#17399=CARTESIAN_POINT('',(-2.97511616430744,-0.780699309112473,-7.020965010162));
#17400=VECTOR('',#20108,1000.0);
#17401=CARTESIAN_POINT('',(-2.97511616430744,-0.660700048562667,-7.20009772986001));
#17402=CARTESIAN_POINT('',(-2.97511616430744,-0.660700048562673,-7.20009772986001));
#17403=VECTOR('',#20109,1000.0);
#17404=CARTESIAN_POINT('',(-2.97511616430744,-0.660699329105173,-7.020965010162));
#17405=VECTOR('',#20110,1000.0);
#17406=CARTESIAN_POINT('',(-3.17511616430745,-0.660700048562669,-7.20009772986001));
#17407=CARTESIAN_POINT('',(3.22488309027756,-0.660699329105173,-7.20009772985601));
#17408=VECTOR('',#20111,1000.0);
#17409=CARTESIAN_POINT('',(-3.17511616430744,-0.660699329105173,-7.09538932027501));
#17410=VECTOR('',#20112,1000.0);
#17411=CARTESIAN_POINT('',(-3.17511616430744,-0.780700048562573,-7.20009772986001));
#17412=CARTESIAN_POINT('',(-3.17511616430744,-0.660700048562673,-7.20009772986001));
#17413=VECTOR('',#20113,1000.0);
#17414=CARTESIAN_POINT('',(-3.17511616430744,-0.780699309112473,-7.09538932027501));
#17415=VECTOR('',#20114,1000.0);
#17416=CARTESIAN_POINT('',(4.16988383569556,-0.780699309112473,-7.20009772985601));
#17417=VECTOR('',#20115,1000.0);
#17418=CARTESIAN_POINT('',(0.849883835692464,-0.780700048562263,-7.20009772986001));
#17419=CARTESIAN_POINT('',(0.84988383569246,-0.780699309112473,-5.79999999999801));
#17420=VECTOR('',#20116,1000.0);
#17421=CARTESIAN_POINT('',(0.84988383569246,-0.660700048562267,-7.20009772986001));
#17422=CARTESIAN_POINT('',(0.84988383569246,-0.660700048562273,-7.20009772986001));
#17423=VECTOR('',#20117,1000.0);
#17424=CARTESIAN_POINT('',(0.84988383569246,-0.660699329105173,-5.79999999999801));
#17425=VECTOR('',#20118,1000.0);
#17426=CARTESIAN_POINT('',(0.64988383569246,-0.660700048562269,-7.20009772986001));
#17427=CARTESIAN_POINT('',(3.22488309027756,-0.660699329105173,-7.20009772985601));
#17428=VECTOR('',#20119,1000.0);
#17429=CARTESIAN_POINT('',(0.64988383569246,-0.660699329105173,-6.80194561351301));
#17430=VECTOR('',#20120,1000.0);
#17431=CARTESIAN_POINT('',(0.649883835692464,-0.780700048562273,-7.20009772986001));
#17432=CARTESIAN_POINT('',(0.64988383569246,-0.660700048562273,-7.20009772986001));
#17433=VECTOR('',#20121,1000.0);
#17434=CARTESIAN_POINT('',(0.64988383569246,-0.780699309112473,-6.80194561351301));
#17435=VECTOR('',#20122,1000.0);
#17436=CARTESIAN_POINT('',(4.16988383569556,-0.780699309112473,-7.20009772985601));
#17437=VECTOR('',#20123,1000.0);
#17438=CARTESIAN_POINT('',(1.84988383569256,-0.780700048562167,-7.20009772986001));
#17439=CARTESIAN_POINT('',(1.84988383569256,-0.780699309112473,-1.499999999998));
#17440=VECTOR('',#20124,1000.0);
#17441=CARTESIAN_POINT('',(1.84988383569256,-0.660700048562167,-7.20009772986001));
#17442=CARTESIAN_POINT('',(1.84988383569256,-0.660700048562173,-7.20009772986001));
#17443=VECTOR('',#20125,1000.0);
#17444=CARTESIAN_POINT('',(1.84988383569256,-0.660699329105173,-6.72812436513101));
#17445=VECTOR('',#20126,1000.0);
#17446=CARTESIAN_POINT('',(1.64988383569256,-0.660700048562202,-7.20009772986001));
#17447=CARTESIAN_POINT('',(3.22488309027756,-0.660699329105173,-7.20009772985601));
#17448=VECTOR('',#20127,1000.0);
#17449=CARTESIAN_POINT('',(1.64988383569256,-0.660699329105173,-6.839943391458));
#17450=VECTOR('',#20128,1000.0);
#17451=CARTESIAN_POINT('',(1.64988383569256,-0.780700048562165,-7.20009772986001));
#17452=CARTESIAN_POINT('',(1.64988383569256,-0.660700048562173,-7.20009772986001));
#17453=VECTOR('',#20129,1000.0);
#17454=CARTESIAN_POINT('',(1.64988383569256,-0.780699309112473,-1.499999999998));
#17455=VECTOR('',#20130,1000.0);
#17456=CARTESIAN_POINT('',(4.16988383569556,-0.780699309112473,-7.20009772985601));
#17457=VECTOR('',#20131,1000.0);
#17458=CARTESIAN_POINT('',(2.37488383569257,-0.780700048562063,-7.20009772986001));
#17459=CARTESIAN_POINT('',(2.37488383569256,-0.780699309112473,-6.471185698037));
#17460=VECTOR('',#20132,1000.0);
#17461=CARTESIAN_POINT('',(2.37488383569256,-0.660700048562167,-7.20009772986001));
#17462=CARTESIAN_POINT('',(2.37488383569256,-0.660700048562173,-7.20009772986001));
#17463=VECTOR('',#20133,1000.0);
#17464=CARTESIAN_POINT('',(2.37488383569256,-0.660699329105173,-6.471185698037));
#17465=VECTOR('',#20134,1000.0);
#17466=CARTESIAN_POINT('',(2.17488383569256,-0.660700048562169,-7.20009772986001));
#17467=CARTESIAN_POINT('',(3.22488309027756,-0.660699329105173,-7.20009772985601));
#17468=VECTOR('',#20135,1000.0);
#17469=CARTESIAN_POINT('',(2.17488383569256,-0.660699329105173,-6.614835337879));
#17470=VECTOR('',#20136,1000.0);
#17471=CARTESIAN_POINT('',(2.17488383569256,-0.780700048562073,-7.20009772986001));
#17472=CARTESIAN_POINT('',(2.17488383569256,-0.660700048562173,-7.20009772986001));
#17473=VECTOR('',#20137,1000.0);
#17474=CARTESIAN_POINT('',(2.17488383569256,-0.780699309112473,-6.614835337879));
#17475=VECTOR('',#20138,1000.0);
#17476=CARTESIAN_POINT('',(4.16988383569556,-0.780699309112473,-7.20009772985601));
#17477=VECTOR('',#20139,1000.0);
#17478=CARTESIAN_POINT('',(2.97488383569257,-0.660700048562069,-7.20009772986001));
#17479=CARTESIAN_POINT('',(2.97488383569256,-0.660699329105173,-7.020965010162));
#17480=VECTOR('',#20140,1000.0);
#17481=CARTESIAN_POINT('',(2.97488383569256,-0.780700048562073,-7.20009772986001));
#17482=CARTESIAN_POINT('',(2.97488383569256,-0.660700048562073,-7.20009772986001));
#17483=VECTOR('',#20141,1000.0);
#17484=CARTESIAN_POINT('',(2.97488383569256,-0.780699309112473,-7.020965010162));
#17485=VECTOR('',#20142,1000.0);
#17486=CARTESIAN_POINT('',(3.17488383569257,-0.780700048562063,-7.20009772986001));
#17487=CARTESIAN_POINT('',(4.16988383569556,-0.780699309112473,-7.20009772985601));
#17488=VECTOR('',#20143,1000.0);
#17489=CARTESIAN_POINT('',(3.17488383569256,-0.780699309112473,-7.09538932027501));
#17490=VECTOR('',#20144,1000.0);
#17491=CARTESIAN_POINT('',(3.17488383569256,-0.660700048562067,-7.20009772986001));
#17492=CARTESIAN_POINT('',(3.17488383569256,-0.660700048562073,-7.20009772986001));
#17493=VECTOR('',#20145,1000.0);
#17494=CARTESIAN_POINT('',(3.17488383569256,-0.660699329105173,-7.09538932027501));
#17495=VECTOR('',#20146,1000.0);
#17496=CARTESIAN_POINT('',(3.22488309027756,-0.660699329105173,-7.20009772985601));
#17497=VECTOR('',#20147,1000.0);
#17498=CARTESIAN_POINT('',(-2.86011616430444,1.57930069088773,-6.499999999998));
#17499=VECTOR('',#20148,1000.0);
#17500=CARTESIAN_POINT('',(-2.56011616430444,1.27930069088773,-6.199999999998));
#17501=VECTOR('',#20149,1000.0);
#17502=CARTESIAN_POINT('',(-2.56011616430444,1.27930069088773,-5.64999999999801));
#17503=VECTOR('',#20150,1000.0);
#17504=AXIS2_PLACEMENT_3D('',#20151,#20152,#20153);
#17505=CARTESIAN_POINT('',(-4.62011616430444,-0.580699309112473,-6.499999999998));
#17506=AXIS2_PLACEMENT_3D('',#20154,#20155,#20156);
#17507=CARTESIAN_POINT('',(-5.42011616430444,-0.580699309112473,-6.499999999998));
#17508=CARTESIAN_POINT('',(-4.62011616430444,-0.580699309112473,-6.499999999998));
#17509=VECTOR('',#20157,1000.0);
#17510=CARTESIAN_POINT('',(-5.47011616430444,-0.630699309112473,-6.499999999998));
#17511=AXIS2_PLACEMENT_3D('',#20158,#20159,#20160);
#17512=CARTESIAN_POINT('',(-5.47011616430444,-1.43069930911227,-6.499999999998));
#17513=CARTESIAN_POINT('',(-5.47011616430444,-1.43069930911227,-6.499999999998));
#17514=VECTOR('',#20161,1000.0);
#17515=CARTESIAN_POINT('',(-5.77011616430444,-1.43069930911227,-6.499999999998));
#17516=CARTESIAN_POINT('',(-5.77011616430444,-1.43069930911227,-6.499999999998));
#17517=VECTOR('',#20162,1000.0);
#17518=CARTESIAN_POINT('',(-5.77011616430444,-0.630699309112473,-6.499999999998));
#17519=CARTESIAN_POINT('',(-5.77011616430444,-0.630699309112473,-6.499999999998));
#17520=VECTOR('',#20163,1000.0);
#17521=CARTESIAN_POINT('',(-5.42011616430444,-0.280699309112472,-6.499999999998));
#17522=AXIS2_PLACEMENT_3D('',#20164,#20165,#20166);
#17523=CARTESIAN_POINT('',(-4.62011616430444,-0.280699309112472,-6.499999999998));
#17524=CARTESIAN_POINT('',(-5.42011616430444,-0.280699309112472,-6.499999999998));
#17525=VECTOR('',#20167,1000.0);
#17526=AXIS2_PLACEMENT_3D('',#20168,#20169,#20170);
#17527=CARTESIAN_POINT('',(-4.62011616430444,-0.280699309112472,-5.699999999998));
#17528=CARTESIAN_POINT('',(-4.62011616430444,-0.280699309112472,-6.499999999998));
#17529=VECTOR('',#20171,1000.0);
#17530=AXIS2_PLACEMENT_3D('',#20172,#20173,#20174);
#17531=CARTESIAN_POINT('',(4.61988383569556,-0.580699309112473,-5.699999999998));
#17532=AXIS2_PLACEMENT_3D('',#20175,#20176,#20177);
#17533=CARTESIAN_POINT('',(5.41988383569556,-0.580699309112473,-5.699999999998));
#17534=CARTESIAN_POINT('',(4.61988383569556,-0.580699309112473,-5.699999999998));
#17535=VECTOR('',#20178,1000.0);
#17536=CARTESIAN_POINT('',(5.46988383569556,-0.630699309112473,-5.699999999998));
#17537=AXIS2_PLACEMENT_3D('',#20179,#20180,#20181);
#17538=CARTESIAN_POINT('',(5.46988383569556,-1.43069930911227,-5.699999999998));
#17539=CARTESIAN_POINT('',(5.46988383569556,-0.630699309112473,-5.699999999998));
#17540=VECTOR('',#20182,1000.0);
#17541=CARTESIAN_POINT('',(5.76988383569556,-1.43069930911227,-5.699999999998));
#17542=CARTESIAN_POINT('',(5.46988383569556,-1.43069930911227,-5.699999999998));
#17543=VECTOR('',#20183,1000.0);
#17544=CARTESIAN_POINT('',(5.76988383569556,-0.630699309112473,-5.699999999998));
#17545=CARTESIAN_POINT('',(5.76988383569556,-1.43069930911227,-5.699999999998));
#17546=VECTOR('',#20184,1000.0);
#17547=AXIS2_PLACEMENT_3D('',#20185,#20186,#20187);
#17548=CARTESIAN_POINT('',(-5.42011616430444,-0.280699309112472,-5.699999999998));
#17549=CARTESIAN_POINT('',(-5.77011616430444,-0.630699309112473,-5.699999999998));
#17550=AXIS2_PLACEMENT_3D('',#20188,#20189,#20190);
#17551=CARTESIAN_POINT('',(-5.77011616430444,-1.43069930911227,-5.699999999998));
#17552=CARTESIAN_POINT('',(-5.77011616430444,-1.43069930911227,-5.699999999998));
#17553=VECTOR('',#20191,1000.0);
#17554=CARTESIAN_POINT('',(-5.47011616430444,-1.43069930911227,-5.699999999998));
#17555=CARTESIAN_POINT('',(-5.77011616430444,-1.43069930911227,-5.699999999998));
#17556=VECTOR('',#20192,1000.0);
#17557=CARTESIAN_POINT('',(-5.47011616430444,-0.630699309112473,-5.699999999998));
#17558=CARTESIAN_POINT('',(-5.47011616430444,-0.630699309112473,-5.699999999998));
#17559=VECTOR('',#20193,1000.0);
#17560=CARTESIAN_POINT('',(-5.42011616430444,-0.580699309112473,-5.699999999998));
#17561=AXIS2_PLACEMENT_3D('',#20194,#20195,#20196);
#17562=CARTESIAN_POINT('',(-4.62011616430444,-0.580699309112473,-5.699999999998));
#17563=CARTESIAN_POINT('',(-5.42011616430444,-0.580699309112473,-5.699999999998));
#17564=VECTOR('',#20197,1000.0);
#17565=AXIS2_PLACEMENT_3D('',#20198,#20199,#20200);
#17566=CARTESIAN_POINT('',(-4.62011616430444,-0.280699309112472,-5.699999999998));
#17567=VECTOR('',#20201,1000.0);
#17568=CARTESIAN_POINT('',(5.76988383569556,-0.630699309112473,-6.499999999998));
#17569=VECTOR('',#20202,1000.0);
#17570=CARTESIAN_POINT('',(5.76988383569556,-1.63069930911228,-5.899999999998));
#17571=AXIS2_PLACEMENT_3D('',#20203,#20204,#20205);
#17572=CARTESIAN_POINT('',(5.76988383569556,-1.63069930911228,-6.299999999998));
#17573=CARTESIAN_POINT('',(5.76988383569556,-1.63069930911228,-5.899999999998));
#17574=VECTOR('',#20206,1000.0);
#17575=AXIS2_PLACEMENT_3D('',#20207,#20208,#20209);
#17576=CARTESIAN_POINT('',(5.46988383569556,-1.63069930911228,-6.299999999998));
#17577=CARTESIAN_POINT('',(5.76988383569556,-1.63069930911228,-6.299999999998));
#17578=VECTOR('',#20210,1000.0);
#17579=AXIS2_PLACEMENT_3D('',#20211,#20212,#20213);
#17580=CARTESIAN_POINT('',(5.46988383569556,-1.63069930911228,-5.899999999998));
#17581=CARTESIAN_POINT('',(5.46988383569556,-1.63069930911228,-6.299999999998));
#17582=VECTOR('',#20214,1000.0);
#17583=AXIS2_PLACEMENT_3D('',#20215,#20216,#20217);
#17584=CARTESIAN_POINT('',(5.46988383569556,-0.630699309112473,-6.499999999998));
#17585=VECTOR('',#20218,1000.0);
#17586=CARTESIAN_POINT('',(5.41988383569556,-0.580699309112473,-6.499999999998));
#17587=VECTOR('',#20219,1000.0);
#17588=CARTESIAN_POINT('',(4.61988383569556,-0.580699309112473,-5.699999999998));
#17589=VECTOR('',#20220,1000.0);
#17590=CARTESIAN_POINT('',(5.46988383569556,-1.63069930911228,-5.899999999998));
#17591=VECTOR('',#20221,1000.0);
#17592=CARTESIAN_POINT('',(-5.42011616430444,-0.280699309112472,-6.499999999998));
#17593=VECTOR('',#20222,1000.0);
#17594=CARTESIAN_POINT('',(-5.77011616430444,-0.630699309112473,-6.499999999998));
#17595=VECTOR('',#20223,1000.0);
#17596=CARTESIAN_POINT('',(-5.77011616430444,-1.63069930911228,-5.899999999998));
#17597=CARTESIAN_POINT('',(-5.77011616430444,-1.63069930911228,-6.299999999998));
#17598=CARTESIAN_POINT('',(-5.77011616430444,-1.63069930911228,-5.899999999998));
#17599=VECTOR('',#20224,1000.0);
#17600=AXIS2_PLACEMENT_3D('',#20225,#20226,#20227);
#17601=AXIS2_PLACEMENT_3D('',#20228,#20229,#20230);
#17602=CARTESIAN_POINT('',(-5.47011616430444,-1.63069930911228,-6.299999999998));
#17603=CARTESIAN_POINT('',(-5.77011616430444,-1.63069930911228,-6.299999999998));
#17604=VECTOR('',#20231,1000.0);
#17605=AXIS2_PLACEMENT_3D('',#20232,#20233,#20234);
#17606=CARTESIAN_POINT('',(-5.47011616430444,-0.630699309112473,-6.499999999998));
#17607=VECTOR('',#20235,1000.0);
#17608=CARTESIAN_POINT('',(-5.47011616430444,-1.63069930911228,-5.899999999998));
#17609=AXIS2_PLACEMENT_3D('',#20236,#20237,#20238);
#17610=CARTESIAN_POINT('',(-5.47011616430444,-1.63069930911228,-6.299999999998));
#17611=VECTOR('',#20239,1000.0);
#17612=CARTESIAN_POINT('',(-5.77011616430444,-1.63069930911228,-5.899999999998));
#17613=VECTOR('',#20240,1000.0);
#17614=CARTESIAN_POINT('',(-5.42011616430444,-0.580699309112473,-6.499999999998));
#17615=VECTOR('',#20241,1000.0);
#17616=CARTESIAN_POINT('',(-4.62011616430444,-0.580699309112473,-5.699999999998));
#17617=VECTOR('',#20242,1000.0);
#17618=CARTESIAN_POINT('',(-4.17011616430444,-0.300699309112272,-0.300000000000005));
#17619=VECTOR('',#20243,1000.0);
#17620=CARTESIAN_POINT('',(-3.19011616430444,-1.43069930911227,-5.20417042793042E-15));
#17621=VECTOR('',#20244,1000.0);
#17622=AXIS2_PLACEMENT_3D('',#20245,#20246,#20247);
#17623=CARTESIAN_POINT('',(-0.255116164295039,-1.43069930911227,-5.20417042793042E-15));
#17624=VECTOR('',#20248,1000.0);
#17625=CARTESIAN_POINT('',(-0.255116164295039,-1.28069930911227,-0.983497636258004));
#17626=VECTOR('',#20249,1000.0);
#17627=CARTESIAN_POINT('',(-0.0151161642930096,-1.58069930911227,-1.122061700863));
#17628=VECTOR('',#20250,1000.0);
#17629=CARTESIAN_POINT('',(0.319883835704361,-1.58069930911227,-0.928649360686004));
#17630=VECTOR('',#20251,1000.0);
#17631=CARTESIAN_POINT('',(0.54488383570486,-1.28069930911227,-1.058553171253));
#17632=VECTOR('',#20252,1000.0);
#17633=CARTESIAN_POINT('',(0.54488383570476,-1.58069930911227,-1.92576260933901));
#17634=VECTOR('',#20253,1000.0);
#17635=CARTESIAN_POINT('',(0.31988383570306,-1.28069930911227,-2.055666419906));
#17636=VECTOR('',#20254,1000.0);
#17637=CARTESIAN_POINT('',(-0.0151161642952396,-1.28069930911227,-1.862254079729));
#17638=VECTOR('',#20255,1000.0);
#17639=CARTESIAN_POINT('',(-0.255116164295039,-1.58069930911227,-2.000818144334));
#17640=VECTOR('',#20256,1000.0);
#17641=CARTESIAN_POINT('',(-0.255116164294939,-1.28069930911227,-2.94330525739401));
#17642=VECTOR('',#20257,1000.0);
#17643=CARTESIAN_POINT('',(-0.0151161642940996,-1.58069930911227,-3.08186932199901));
#17644=VECTOR('',#20258,1000.0);
#17645=CARTESIAN_POINT('',(0.31988383570456,-1.58069930911227,-2.888456981822));
#17646=VECTOR('',#20259,1000.0);
#17647=CARTESIAN_POINT('',(0.54488383570516,-1.28069930911227,-3.018360792389));
#17648=VECTOR('',#20260,1000.0);
#17649=CARTESIAN_POINT('',(0.54488383570506,-1.58069930911227,-3.943305257393));
#17650=VECTOR('',#20261,1000.0);
#17651=CARTESIAN_POINT('',(0.319883835705261,-1.28069930911227,-4.07320906796101));
#17652=VECTOR('',#20262,1000.0);
#17653=CARTESIAN_POINT('',(-0.0151161642953196,-1.28069930911227,-3.87979672778201));
#17654=VECTOR('',#20263,1000.0);
#17655=CARTESIAN_POINT('',(-0.255116164295039,-1.58069930911227,-4.018360792388));
#17656=VECTOR('',#20264,1000.0);
#17657=CARTESIAN_POINT('',(-0.45511616429504,-1.58069930911227,-5.23284271247301));
#17658=VECTOR('',#20265,1000.0);
#17659=CARTESIAN_POINT('',(-0.45511616429504,-1.58069930911227,-5.64999999999801));
#17660=VECTOR('',#20266,1000.0);
#17661=CARTESIAN_POINT('',(-0.60511616429504,-1.43069930911227,-5.79999999999801));
#17662=VECTOR('',#20267,1000.0);
#17663=CARTESIAN_POINT('',(-2.04798412994844,-1.43069930911227,-5.79999999999801));
#17664=VECTOR('',#20268,1000.0);
#17665=CARTESIAN_POINT('',(-2.17011616430444,-1.58069930911227,-2.749999999998));
#17666=VECTOR('',#20269,1000.0);
#17667=CARTESIAN_POINT('',(-2.17011616430444,-1.28069930911227,-1.449999999998));
#17668=VECTOR('',#20270,1000.0);
#17669=CARTESIAN_POINT('',(2.16988383569556,-1.28069930911227,-2.749999999998));
#17670=VECTOR('',#20271,1000.0);
#17671=CARTESIAN_POINT('',(2.16988383569556,-1.58069930911227,-1.449999999998));
#17672=VECTOR('',#20272,1000.0);
#17673=CARTESIAN_POINT('',(-0.0201161642947396,-1.58069930911227,-1.113401446826));
#17674=VECTOR('',#20273,1000.0);
#17675=CARTESIAN_POINT('',(0.31488383570306,-1.58069930911227,-0.919989106649005));
#17676=VECTOR('',#20274,1000.0);
#17677=CARTESIAN_POINT('',(0.55488383570476,-1.28069930911227,-1.058553171253));
#17678=VECTOR('',#20275,1000.0);
#17679=CARTESIAN_POINT('',(0.55488383570486,-1.58069930911227,-1.92576260933901));
#17680=VECTOR('',#20276,1000.0);
#17681=CARTESIAN_POINT('',(0.314883835705061,-1.28069930911227,-2.064326673945));
#17682=VECTOR('',#20277,1000.0);
#17683=CARTESIAN_POINT('',(-0.0201161642927796,-1.28069930911227,-1.870914333767));
#17684=VECTOR('',#20278,1000.0);
#17685=CARTESIAN_POINT('',(-0.24511616429504,-1.58069930911227,-2.00081814433501));
#17686=VECTOR('',#20279,1000.0);
#17687=CARTESIAN_POINT('',(-0.24511616429504,-1.28069930911227,-2.94330525739401));
#17688=VECTOR('',#20280,1000.0);
#17689=CARTESIAN_POINT('',(-0.0201161642942196,-1.58069930911227,-3.07320906796101));
#17690=VECTOR('',#20281,1000.0);
#17691=CARTESIAN_POINT('',(0.31488383570376,-1.58069930911227,-2.87979672778401));
#17692=VECTOR('',#20282,1000.0);
#17693=CARTESIAN_POINT('',(0.554883835704961,-1.28069930911227,-3.018360792389));
#17694=VECTOR('',#20283,1000.0);
#17695=CARTESIAN_POINT('',(0.55488383570506,-1.58069930911227,-3.960625765469));
#17696=VECTOR('',#20284,1000.0);
#17697=CARTESIAN_POINT('',(0.329883835705261,-1.28069930911227,-4.09052957603701));
#17698=VECTOR('',#20285,1000.0);
#17699=CARTESIAN_POINT('',(-0.0201161642949796,-1.28069930911227,-3.88845698182001));
#17700=VECTOR('',#20286,1000.0);
#17701=CARTESIAN_POINT('',(-2.99511616430744,0.0793006908852942,-1.51999999999801));
#17702=CARTESIAN_POINT('',(-2.99511616430744,0.0793006908857875,-1.51999999999801));
#17703=VECTOR('',#20287,1000.0);
#17704=CARTESIAN_POINT('',(-2.99511616430744,0.0793006908857875,-1.51999999999801));
#17705=VECTOR('',#20288,1000.0);
#17706=CARTESIAN_POINT('',(-2.99511616430744,-0.320699309108972,-1.51999999999801));
#17707=VECTOR('',#20289,1000.0);
#17708=CARTESIAN_POINT('',(-3.19511616430744,-0.0706993091240225,-1.319999999998));
#17709=VECTOR('',#20290,1000.0);
#17710=CARTESIAN_POINT('',(-3.19511616430744,0.0793006908829135,-1.319999999998));
#17711=AXIS2_PLACEMENT_3D('',#20291,#20292,#20293);
#17712=CARTESIAN_POINT('',(-3.19511616430744,0.329300690887528,-1.319999999998));
#17713=VECTOR('',#20294,1000.0);
#17714=CARTESIAN_POINT('',(-3.24511616430744,0.0793006908815272,-1.319999999998));
#17715=CARTESIAN_POINT('',(-3.24511616430744,0.0793006908815275,-1.319999999998));
#17716=VECTOR('',#20295,1000.0);
#17717=CARTESIAN_POINT('',(-3.24511616430744,0.0793006908815275,-1.319999999998));
#17718=VECTOR('',#20296,1000.0);
#17719=CARTESIAN_POINT('',(-3.24511616430744,-0.320699309110472,-1.319999999998));
#17720=VECTOR('',#20297,1000.0);
#17721=CARTESIAN_POINT('',(-3.24511616430744,-0.320699309111173,-0.892526056023005));
#17722=VECTOR('',#20298,1000.0);
#17723=CARTESIAN_POINT('',(-3.24511616430744,0.0793006908797664,-0.892526056021765));
#17724=CARTESIAN_POINT('',(-3.24511616430744,0.0793006908797675,-0.892526056023005));
#17725=VECTOR('',#20299,1000.0);
#17726=CARTESIAN_POINT('',(-3.24511616430744,0.0793006908797675,-0.892526056023005));
#17727=VECTOR('',#20300,1000.0);
#17728=CARTESIAN_POINT('',(-3.03220024393644,-0.170699309112473,-0.150000000000004));
#17729=CARTESIAN_POINT('',(-3.08954932108844,-0.320699309111272,-0.350000000000005));
#17730=VECTOR('',#20301,1000.0);
#17731=CARTESIAN_POINT('',(-3.03220024393644,0.179300690887527,-0.150000000000004));
#17732=CARTESIAN_POINT('',(-3.03220024393644,-0.170699309112473,-0.150000000000004));
#17733=VECTOR('',#20302,1000.0);
#17734=CARTESIAN_POINT('',(-3.03220024393644,0.179300690887527,-0.150000000000004));
#17735=VECTOR('',#20303,1000.0);
#17736=CARTESIAN_POINT('',(-3.1153096818314,0.0793006908796875,-0.439837054129745));
#17737=CARTESIAN_POINT('',(-3.11530968183144,0.0793006908796875,-0.439837054130005));
#17738=VECTOR('',#20304,1000.0);
#17739=CARTESIAN_POINT('',(-3.11530968183144,0.0793006908796875,-0.439837054130005));
#17740=VECTOR('',#20305,1000.0);
#17741=CARTESIAN_POINT('',(-3.14494524021879,0.0793006909276179,-0.439837054130005));
#17742=CARTESIAN_POINT('',(-3.14494524021879,-0.266239309312073,-0.439837054130005));
#17743=VECTOR('',#20306,1000.0);
#17744=CARTESIAN_POINT('',(-2.61980103370644,0.0793006909276179,-0.439837054130005));
#17745=VECTOR('',#20307,1000.0);
#17746=CARTESIAN_POINT('',(-3.09510561881044,0.0793006909276179,-3.140554328336));
#17747=VECTOR('',#20308,1000.0);
#17748=CARTESIAN_POINT('',(-3.3451161640638,0.0793006909276179,-0.770192281671186));
#17749=CARTESIAN_POINT('',(-3.34511616430744,0.0793006909276179,-2.899999999998));
#17750=VECTOR('',#20309,1000.0);
#17751=CARTESIAN_POINT('',(-3.33962880000869,0.079300690868699,-0.729993470463593));
#17752=AXIS2_PLACEMENT_3D('',#20310,#20311,#20312);
#17753=CARTESIAN_POINT('',(-3.289474226637,0.0793006907978339,-0.549695109648885));
#17754=CARTESIAN_POINT('',(-3.28960191875444,0.0793006907513375,-0.550154144150005));
#17755=VECTOR('',#20313,1000.0);
#17756=AXIS2_PLACEMENT_3D('',#20314,#20315,#20316);
#17757=CARTESIAN_POINT('',(3.14473407833029,0.0793006909276179,-0.439837054130005));
#17758=CARTESIAN_POINT('',(3.28925500027054,0.0793006908545663,-0.549666119028305));
#17759=AXIS2_PLACEMENT_3D('',#20317,#20318,#20319);
#17760=CARTESIAN_POINT('',(3.33939691304047,0.0793006908302043,-0.729918966855604));
#17761=CARTESIAN_POINT('',(3.33940722734856,0.0793006907814975,-0.729956045262003));
#17762=VECTOR('',#20320,1000.0);
#17763=CARTESIAN_POINT('',(3.34488383545359,0.0793006909276179,-0.770119995406866));
#17764=AXIS2_PLACEMENT_3D('',#20321,#20322,#20323);
#17765=CARTESIAN_POINT('',(3.34488383569256,0.0793006908056127,-1.40055415249907));
#17766=CARTESIAN_POINT('',(3.34488383569256,0.0793006909276179,-3.59142400124201));
#17767=VECTOR('',#20324,1000.0);
#17768=CARTESIAN_POINT('',(3.09489439091383,0.0793006908673107,-1.65053625521591));
#17769=AXIS2_PLACEMENT_3D('',#20325,#20326,#20327);
#17770=CARTESIAN_POINT('',(3.09489438118956,0.0793006909276179,-3.140554328336));
#17771=VECTOR('',#20328,1000.0);
#17772=CARTESIAN_POINT('',(3.11507735321656,0.0793006909465227,-0.439837054130005));
#17773=CARTESIAN_POINT('',(3.11507735321656,0.0793006909654275,-0.439837054130005));
#17774=VECTOR('',#20329,1000.0);
#17775=CARTESIAN_POINT('',(-2.61980103370644,0.0793006909276179,-0.439837054130005));
#17776=VECTOR('',#20330,1000.0);
#17777=CARTESIAN_POINT('',(-3.28945809768093,-0.266239309311908,-0.549637128407126));
#17778=VECTOR('',#20331,1000.0);
#17779=CARTESIAN_POINT('',(-3.33962902176959,-0.266239309312608,-0.729994267660253));
#17780=VECTOR('',#20332,1000.0);
#17781=CARTESIAN_POINT('',(-3.34511616430744,-0.266239309312772,-0.770194193383134));
#17782=VECTOR('',#20333,1000.0);
#17783=CARTESIAN_POINT('',(3.11507735321656,0.0793006909654275,-0.439837054130005));
#17784=VECTOR('',#20334,1000.0);
#17785=CARTESIAN_POINT('',(3.14473407833029,-0.266239309312073,-0.439837054130005));
#17786=VECTOR('',#20335,1000.0);
#17787=CARTESIAN_POINT('',(3.28924693579245,-0.266239309311908,-0.549637128407126));
#17788=VECTOR('',#20336,1000.0);
#17789=CARTESIAN_POINT('',(3.3393966931547,-0.266239309312607,-0.729918176372565));
#17790=VECTOR('',#20337,1000.0);
#17791=CARTESIAN_POINT('',(3.34488383569256,-0.266239309312772,-0.770118102095445));
#17792=VECTOR('',#20338,1000.0);
#17793=CARTESIAN_POINT('',(3.34488383569256,0.0793006907166255,-1.40055415249907));
#17794=VECTOR('',#20339,1000.0);
#17795=CARTESIAN_POINT('',(3.09489440063806,0.00430069068360727,-1.650554152655));
#17796=VECTOR('',#20340,1000.0);
#17797=CARTESIAN_POINT('',(3.03196791532156,0.179300690887527,-0.150000000000004));
#17798=CARTESIAN_POINT('',(3.08931699247356,0.329300690887528,-0.350000000000005));
#17799=VECTOR('',#20341,1000.0);
#17800=CARTESIAN_POINT('',(3.03196791532156,-0.170699309112473,-0.150000000000004));
#17801=CARTESIAN_POINT('',(3.03196791532156,-0.170699309112473,-0.150000000000004));
#17802=VECTOR('',#20342,1000.0);
#17803=CARTESIAN_POINT('',(3.03196791532156,-0.170699309112473,-0.150000000000004));
#17804=VECTOR('',#20343,1000.0);
#17805=CARTESIAN_POINT('',(-3.03220024393644,-0.170699309112473,-0.150000000000004));
#17806=VECTOR('',#20344,1000.0);
#17807=CARTESIAN_POINT('',(-3.03220024393644,0.179300690887527,-0.150000000000004));
#17808=VECTOR('',#20345,1000.0);
#17809=CARTESIAN_POINT('',(1.38488374554356,-0.285702339586223,-0.838938691932495));
#17810=VECTOR('',#20346,1000.0);
#17811=CARTESIAN_POINT('',(1.34988359727756,0.335099166450828,-0.638939012920545));
#17812=AXIS2_PLACEMENT_3D('',#20347,#20348,#20349);
#17813=CARTESIAN_POINT('',(1.34988343670456,-0.345699748500972,-0.638937472093325));
#17814=VECTOR('',#20350,1000.0);
#17815=AXIS2_PLACEMENT_3D('',#20351,#20352,#20353);
#17816=CARTESIAN_POINT('',(1.14988359727655,0.335099286981388,-0.638939315206345));
#17817=AXIS2_PLACEMENT_3D('',#20354,#20355,#20356);
#17818=AXIS2_PLACEMENT_3D('',#20357,#20358,#20359);
#17819=CARTESIAN_POINT('',(1.14988362743956,-1.67569930910702,-0.638938821864504));
#17820=VECTOR('',#20360,1000.0);
#17821=CARTESIAN_POINT('',(1.11488355481056,-0.425701122279897,-0.838938691935054));
#17822=VECTOR('',#20361,1000.0);
#17823=CARTESIAN_POINT('',(0.88488374554426,-0.425701009955592,-1.33894301652398));
#17824=VECTOR('',#20362,1000.0);
#17825=CARTESIAN_POINT('',(0.849883649573498,0.335099581884078,-1.13893981605719));
#17826=AXIS2_PLACEMENT_3D('',#20363,#20364,#20365);
#17827=CARTESIAN_POINT('',(0.84988383569246,-1.24069930911065,-1.13894407660521));
#17828=VECTOR('',#20366,1000.0);
#17829=AXIS2_PLACEMENT_3D('',#20367,#20368,#20369);
#17830=CARTESIAN_POINT('',(0.649883575182923,0.335099152728457,-1.13893870527955));
#17831=AXIS2_PLACEMENT_3D('',#20370,#20371,#20372);
#17832=AXIS2_PLACEMENT_3D('',#20373,#20374,#20375);
#17833=CARTESIAN_POINT('',(0.64988383569246,-0.345702465658939,-1.13893611845511));
#17834=VECTOR('',#20376,1000.0);
#17835=CARTESIAN_POINT('',(0.61488355480986,-0.345702465658805,-1.33893717854384));
#17836=VECTOR('',#20377,1000.0);
#17837=CARTESIAN_POINT('',(0.38488374554336,-0.345702564391446,-1.35894225358554));
#17838=VECTOR('',#20378,1000.0);
#17839=CARTESIAN_POINT('',(0.349883619393988,0.342176536944353,-1.15893905772847));
#17840=AXIS2_PLACEMENT_3D('',#20379,#20380,#20381);
#17841=CARTESIAN_POINT('',(0.34988343670456,-0.660699309103443,-1.15894103374743));
#17842=VECTOR('',#20382,1000.0);
#17843=AXIS2_PLACEMENT_3D('',#20383,#20384,#20385);
#17844=CARTESIAN_POINT('',(0.149883384143966,0.342176205711772,-1.15893793578459));
#17845=AXIS2_PLACEMENT_3D('',#20386,#20387,#20388);
#17846=AXIS2_PLACEMENT_3D('',#20389,#20390,#20391);
#17847=CARTESIAN_POINT('',(0.14988362743936,-0.34570250609864,-1.15893654552946));
#17848=VECTOR('',#20392,1000.0);
#17849=CARTESIAN_POINT('',(0.11488355480986,-0.345702506098506,-1.35893641560371));
#17850=VECTOR('',#20393,1000.0);
#17851=CARTESIAN_POINT('',(-0.11511588342504,-0.425700934216699,-1.35893641560426));
#17852=VECTOR('',#20394,1000.0);
#17853=CARTESIAN_POINT('',(-0.15011592431091,0.342176542480318,-1.15893903611649));
#17854=AXIS2_PLACEMENT_3D('',#20395,#20396,#20397);
#17855=CARTESIAN_POINT('',(-0.15011595604834,-0.660699309103443,-1.15893654556536));
#17856=VECTOR('',#20398,1000.0);
#17857=AXIS2_PLACEMENT_3D('',#20399,#20400,#20401);
#17858=CARTESIAN_POINT('',(-0.350115683759423,0.34217701607646,-1.15894056768938));
#17859=AXIS2_PLACEMENT_3D('',#20402,#20403,#20404);
#17860=AXIS2_PLACEMENT_3D('',#20405,#20406,#20407);
#17861=CARTESIAN_POINT('',(-0.35011576531334,-0.345702564391475,-1.15894103371097));
#17862=VECTOR('',#20408,1000.0);
#17863=CARTESIAN_POINT('',(-0.385116074158639,-0.285702191745073,-1.35894225358608));
#17864=VECTOR('',#20409,1000.0);
#17865=CARTESIAN_POINT('',(-0.61511588342504,-0.425700982767692,-1.33893717854439));
#17866=VECTOR('',#20410,1000.0);
#17867=CARTESIAN_POINT('',(-0.650115935457786,0.33509958706199,-1.13893980348103));
#17868=AXIS2_PLACEMENT_3D('',#20411,#20412,#20413);
#17869=CARTESIAN_POINT('',(-0.65011616430754,-1.0106993090983,-1.13893611845604));
#17870=VECTOR('',#20414,1000.0);
#17871=AXIS2_PLACEMENT_3D('',#20415,#20416,#20417);
#17872=CARTESIAN_POINT('',(-0.850115978182612,0.335100183154457,-1.13894132407288));
#17873=AXIS2_PLACEMENT_3D('',#20418,#20419,#20420);
#17874=AXIS2_PLACEMENT_3D('',#20421,#20422,#20423);
#17875=CARTESIAN_POINT('',(-0.85011616430754,-0.345702523951876,-1.13894407660495));
#17876=VECTOR('',#20424,1000.0);
#17877=CARTESIAN_POINT('',(-0.88511607415944,-0.345702523951742,-1.33894301652401));
#17878=VECTOR('',#20425,1000.0);
#17879=CARTESIAN_POINT('',(-1.11511588342544,-0.345699748501242,-0.838938691932474));
#17880=VECTOR('',#20426,1000.0);
#17881=CARTESIAN_POINT('',(-1.15011592588543,0.335099286987858,-0.638939315222565));
#17882=AXIS2_PLACEMENT_3D('',#20427,#20428,#20429);
#17883=CARTESIAN_POINT('',(-1.15011595604844,-0.345699748501172,-0.638938821895365));
#17884=VECTOR('',#20430,1000.0);
#17885=AXIS2_PLACEMENT_3D('',#20431,#20432,#20433);
#17886=CARTESIAN_POINT('',(-1.35011592588644,0.335099166444356,-0.638939012904304));
#17887=AXIS2_PLACEMENT_3D('',#20434,#20435,#20436);
#17888=AXIS2_PLACEMENT_3D('',#20437,#20438,#20439);
#17889=CARTESIAN_POINT('',(-1.35011576531344,-1.67569930910702,-0.638937472062465));
#17890=VECTOR('',#20440,1000.0);
#17891=CARTESIAN_POINT('',(-1.38511607415844,-0.345699748501172,-0.838938691935005));
#17892=VECTOR('',#20441,1000.0);
#17893=CARTESIAN_POINT('',(-2.61511588342544,-0.425701270127915,-0.838937249084334));
#17894=VECTOR('',#20442,1000.0);
#17895=CARTESIAN_POINT('',(-2.65011548933102,-0.345702551949351,-0.638940045996704));
#17896=VECTOR('',#20443,1000.0);
#17897=DIRECTION('',(0.0,1.0,0.0));
#17898=CARTESIAN_POINT('',(-3.34510558025344,-0.0706993093163925,-1.650554152655));
#17899=DIRECTION('',(8.28321949823747E-24,1.0,-4.11573986071639E-12));
#17900=DIRECTION('',(2.04077544483482E-07,4.1157398607163E-12,0.999999999999979));
#17901=DIRECTION('',(0.0,-1.0,0.0));
#17902=CARTESIAN_POINT('',(-3.34510558025344,0.0793006906836075,-1.650554152655));
#17903=DIRECTION('',(-2.6243283444972E-15,-1.0,4.11577877596451E-12));
#17904=DIRECTION('',(0.999999796716482,3.94430452010972E-31,0.000637626061522101));
#17905=DIRECTION('',(0.000232390907751652,0.707106762092708,-0.707106762092708));
#17906=CARTESIAN_POINT('',(-1.10954363592102,1.12895441141301,-6.429999999998));
#17907=DIRECTION('',(0.0,0.0,-1.0));
#17908=DIRECTION('',(0.42358463195018,-0.905856533660618,0.0));
#17909=DIRECTION('',(0.0,-1.0,0.0));
#17910=CARTESIAN_POINT('',(0.52488383569556,-1.32069930911227,-5.124999999998));
#17911=DIRECTION('',(0.0,-1.0,0.0));
#17912=DIRECTION('',(0.142857142839701,0.0,-0.989743318613305));
#17913=DIRECTION('',(1.0,0.0,0.0));
#17914=DIRECTION('',(-3.338070560706E-13,-1.0,-2.072416312634E-14));
#17915=CARTESIAN_POINT('',(0.52488383569556,-1.58069930911227,-5.124999999998));
#17916=DIRECTION('',(0.0,-1.0,0.0));
#17917=DIRECTION('',(3.91434156913181E-11,0.0,-1.0));
#17918=DIRECTION('',(1.54142411394428E-06,0.707106781185707,-0.707106781185707));
#17919=DIRECTION('',(-0.707106781186545,-7.83120562097349E-08,-0.707106781186545));
#17920=CARTESIAN_POINT('',(-3.19011485090951,0.299299377492493,-6.499999999998));
#17921=DIRECTION('',(0.0,0.0,-1.0));
#17922=DIRECTION('',(-1.0,0.0,0.0));
#17923=DIRECTION('',(-0.0,0.707107551896924,0.707106010475331));
#17924=CARTESIAN_POINT('',(3.18988383569556,-0.300699309112272,-5.319999999998));
#17925=DIRECTION('',(0.0,0.0,1.0));
#17926=DIRECTION('',(-0.420252063626304,-0.907407407407408,0.0));
#17927=DIRECTION('',(0.0,0.0,-1.0));
#17928=CARTESIAN_POINT('',(3.04488383569256,-0.140699309112472,-5.319999999998));
#17929=DIRECTION('',(0.0,0.0,-1.0));
#17930=DIRECTION('',(-1.0,0.0,0.0));
#17931=CARTESIAN_POINT('',(3.18988383569556,-0.300699309112272,-5.319999999998));
#17932=DIRECTION('',(0.0,0.0,1.0));
#17933=DIRECTION('',(0.884259259256449,-0.466996319492173,0.0));
#17934=CARTESIAN_POINT('',(3.18988383569556,-0.300699309112272,-5.319999999998));
#17935=DIRECTION('',(0.0,0.0,1.0));
#17936=DIRECTION('',(-0.420252063626304,-0.907407407407408,0.0));
#17937=DIRECTION('',(0.0,1.0,0.0));
#17938=DIRECTION('',(-1.0,0.0,0.0));
#17939=DIRECTION('',(0.0,1.0,-1.359294140903E-09));
#17940=DIRECTION('',(0.0,-1.0,0.0));
#17941=CARTESIAN_POINT('',(-3.19011616430444,-0.300699309112472,-5.319999999998));
#17942=DIRECTION('',(-0.0,0.0,-1.0));
#17943=DIRECTION('',(-0.74609375000238,-0.665840909082182,0.0));
#17944=DIRECTION('',(0.0,-1.0,0.0));
#17945=DIRECTION('',(-1.0,0.0,0.0));
#17946=DIRECTION('',(0.0,1.0,-1.359294140903E-09));
#17947=DIRECTION('',(1.0,0.0,0.0));
#17948=DIRECTION('',(-1.0,0.0,0.0));
#17949=DIRECTION('',(0.0,-1.0,0.0));
#17950=DIRECTION('',(1.0,0.0,0.0));
#17951=CARTESIAN_POINT('',(-3.19011616430444,-0.300699309112472,-5.319999999998));
#17952=DIRECTION('',(0.0,0.0,-1.0));
#17953=DIRECTION('',(0.0,-1.0,0.0));
#17954=DIRECTION('',(0.0,0.0,-1.0));
#17955=DIRECTION('',(0.0,0.707106781186547,-0.707106781186547));
#17956=DIRECTION('',(0.0,0.0,1.0));
#17957=DIRECTION('',(0.0,1.0,0.0));
#17958=DIRECTION('',(0.0,1.458277942845E-12,-1.0));
#17959=DIRECTION('',(1.0,0.0,0.0));
#17960=DIRECTION('',(0.0,-1.45835724449E-12,1.0));
#17961=DIRECTION('',(1.0,0.0,0.0));
#17962=DIRECTION('',(0.0,-1.0,1.359294140903E-09));
#17963=DIRECTION('',(0.0,1.0,0.0));
#17964=DIRECTION('',(-2.191833491612E-11,1.323395415321E-09,1.0));
#17965=DIRECTION('',(0.0,-1.0,0.0));
#17966=DIRECTION('',(0.0,-2.795149732586E-14,1.0));
#17967=DIRECTION('',(0.0,1.0,0.0));
#17968=CARTESIAN_POINT('',(-4.17011616430444,-0.150699309112473,-1.299999999998));
#17969=DIRECTION('',(-1.0,0.0,0.0));
#17970=DIRECTION('',(0.0,0.0,1.0));
#17971=DIRECTION('',(-1.776356839401E-14,0.0,-1.0));
#17972=CARTESIAN_POINT('',(-4.17011616430444,-0.150699309112473,-1.349999999998));
#17973=DIRECTION('',(-1.0,0.0,0.0));
#17974=DIRECTION('',(0.0,1.0,1.15648231731787E-14));
#17975=DIRECTION('',(0.0,-1.0,0.0));
#17976=DIRECTION('',(0.0,0.0,-1.0));
#17977=DIRECTION('',(0.0,1.0,0.0));
#17978=CARTESIAN_POINT('',(-4.17011616430444,-0.150699309112473,-2.84999999999801));
#17979=DIRECTION('',(-1.0,0.0,0.0));
#17980=DIRECTION('',(0.0,0.0,1.0));
#17981=DIRECTION('',(-1.776356839401E-14,0.0,-1.0));
#17982=CARTESIAN_POINT('',(-4.17011616430444,-0.150699309112473,-2.899999999998));
#17983=DIRECTION('',(-1.0,0.0,0.0));
#17984=DIRECTION('',(0.0,1.0,0.0));
#17985=DIRECTION('',(0.0,1.0,0.0));
#17986=DIRECTION('',(0.0,1.120455494898E-14,1.0));
#17987=DIRECTION('',(0.0,1.0,0.0));
#17988=DIRECTION('',(4.247151758106E-11,2.751982572153E-09,1.0));
#17989=DIRECTION('',(0.0,-1.0,0.0));
#17990=DIRECTION('',(0.0,-1.123013612466E-14,-1.0));
#17991=DIRECTION('',(0.0,1.0,0.0));
#17992=CARTESIAN_POINT('',(4.16988383569556,-0.150699309112473,-2.899999999998));
#17993=DIRECTION('',(1.0,0.0,0.0));
#17994=DIRECTION('',(0.0,0.0,-1.0));
#17995=DIRECTION('',(1.776356839401E-14,0.0,1.0));
#17996=CARTESIAN_POINT('',(4.16988383569556,-0.150699309112473,-2.84999999999801));
#17997=DIRECTION('',(-1.0,0.0,0.0));
#17998=DIRECTION('',(0.0,0.0,1.0));
#17999=DIRECTION('',(0.0,1.0,0.0));
#18000=DIRECTION('',(0.0,0.0,-1.0));
#18001=DIRECTION('',(0.0,-1.0,0.0));
#18002=CARTESIAN_POINT('',(4.16988383569556,-0.150699309112473,-1.349999999998));
#18003=DIRECTION('',(1.0,0.0,0.0));
#18004=DIRECTION('',(0.0,0.0,-1.0));
#18005=DIRECTION('',(1.776356839401E-14,0.0,1.0));
#18006=CARTESIAN_POINT('',(4.16988383569556,-0.150699309112473,-1.299999999998));
#18007=DIRECTION('',(1.0,0.0,0.0));
#18008=DIRECTION('',(0.0,1.0,0.0));
#18009=DIRECTION('',(0.0,1.0,-1.184237892935E-14));
#18010=DIRECTION('',(0.0,2.814741903608E-14,-1.0));
#18011=DIRECTION('',(0.0,-1.0,0.0));
#18012=DIRECTION('',(0.0,2.712040449494E-10,-1.0));
#18013=DIRECTION('',(5.97568529443E-10,-1.0,-5.975623328492E-10));
#18014=DIRECTION('',(0.0,0.0,-1.0));
#18015=CARTESIAN_POINT('',(4.16988383569556,-0.230699309112472,-5.549999999998));
#18016=DIRECTION('',(1.0,0.0,0.0));
#18017=DIRECTION('',(0.0,0.666666666666701,-0.7453559924999));
#18018=DIRECTION('',(0.0,0.0,1.0));
#18019=DIRECTION('',(0.0,-2.170486013142E-13,1.0));
#18020=DIRECTION('',(0.0,1.0,0.0));
#18021=DIRECTION('',(0.0,1.0,1.012473327E-14));
#18022=DIRECTION('',(0.0,0.0,-1.0));
#18023=DIRECTION('',(0.0,-1.0,0.0));
#18024=CARTESIAN_POINT('',(3.04488383569256,0.149300690887527,-5.2199999999988));
#18025=DIRECTION('',(0.0,-0.707106781186548,-0.707106781186548));
#18026=DIRECTION('',(0.0,-0.707106781186547,0.707106781186547));
#18027=DIRECTION('',(-1.0,0.0,0.0));
#18028=CARTESIAN_POINT('',(2.85988383569556,1.12930069088673,-6.199999999998));
#18029=DIRECTION('',(0.0,-0.707106781186547,-0.707106781186547));
#18030=DIRECTION('',(0.0,0.707106781186548,-0.707106781186548));
#18031=DIRECTION('',(-1.0,9.487666103886E-10,-9.487679561129E-10));
#18032=DIRECTION('',(1.54142411394428E-06,-0.707106781185707,0.707106781185707));
#18033=DIRECTION('',(-1.0,0.0,0.0));
#18034=CARTESIAN_POINT('',(-3.04511616430744,0.149300690887527,-5.2199999999988));
#18035=DIRECTION('',(0.0,-0.707106781186548,-0.707106781186548));
#18036=DIRECTION('',(0.0,-0.707106781186547,0.707106781186547));
#18037=DIRECTION('',(1.0,5.45921339275E-10,-5.459226849994E-10));
#18038=CARTESIAN_POINT('',(-2.86011616430444,1.12930069088673,-6.199999999998));
#18039=DIRECTION('',(0.0,-0.707106781186547,-0.707106781186547));
#18040=DIRECTION('',(0.0,-0.707106781186548,0.707106781186548));
#18041=DIRECTION('',(1.0,0.0,0.0));
#18042=DIRECTION('',(0.0,0.0,1.0));
#18043=DIRECTION('',(1.0,0.0,0.0));
#18044=DIRECTION('',(0.0,0.0,-1.0));
#18045=DIRECTION('',(1.0,0.0,0.0));
#18046=DIRECTION('',(0.0,0.0,1.0));
#18047=DIRECTION('',(1.0,0.0,0.0));
#18048=DIRECTION('',(0.0,0.0,-1.0));
#18049=DIRECTION('',(-1.0,0.0,0.0));
#18050=DIRECTION('',(-0.406138466053475,-0.913811548620245,0.0));
#18051=CARTESIAN_POINT('',(-1.16862250985044,1.22930069088773,-5.09999999999801));
#18052=DIRECTION('',(0.0,0.0,-1.0));
#18053=DIRECTION('',(-0.913811548620282,0.406138466053392,0.0));
#18054=DIRECTION('',(1.0,0.0,0.0));
#18055=CARTESIAN_POINT('',(-2.38360981875844,1.22930069088773,-5.09999999999801));
#18056=DIRECTION('',(0.0,-0.0,1.0));
#18057=DIRECTION('',(0.913811548620282,0.406138466053392,0.0));
#18058=DIRECTION('',(0.406138466053475,-0.913811548620245,-1.76156534724089E-14));
#18059=DIRECTION('',(0.0,0.0,1.0));
#18060=DIRECTION('',(0.0,0.0,-1.0));
#18061=DIRECTION('',(1.0,0.0,0.0));
#18062=DIRECTION('',(-1.0,0.0,0.0));
#18063=DIRECTION('',(-0.406138466053392,-0.913811548620282,0.0));
#18064=CARTESIAN_POINT('',(2.38237749014956,1.22930069088773,-5.09999999999801));
#18065=DIRECTION('',(0.0,-0.0,1.0));
#18066=DIRECTION('',(0.0,1.0,0.0));
#18067=DIRECTION('',(1.0,0.0,0.0));
#18068=CARTESIAN_POINT('',(1.16739018124156,1.22930069088773,-5.09999999999801));
#18069=DIRECTION('',(0.0,0.0,-1.0));
#18070=DIRECTION('',(0.0,1.0,0.0));
#18071=DIRECTION('',(0.406138466053475,-0.913811548620245,0.0));
#18072=DIRECTION('',(0.0,-0.707106781186547,0.707106781186547));
#18073=DIRECTION('',(1.0,0.0,0.0));
#18074=DIRECTION('',(-0.99999999999527,2.17495294781293E-06,2.17495294704293E-06));
#18075=DIRECTION('',(-0.313537817160382,-0.671451426839761,0.671451426839761));
#18076=DIRECTION('',(-1.0,0.0,0.0));
#18077=DIRECTION('',(0.0,0.0,1.0));
#18078=DIRECTION('',(0.0,0.0,-1.0));
#18079=DIRECTION('',(1.0,0.0,0.0));
#18080=DIRECTION('',(0.0,-1.0,0.0));
#18081=CARTESIAN_POINT('',(-1.21011616430444,1.35018078889988,-5.64999999999801));
#18082=DIRECTION('',(0.0,1.0,0.0));
#18083=DIRECTION('',(0.0,0.0,1.0));
#18084=DIRECTION('',(0.0,-1.0,0.0));
#18085=CARTESIAN_POINT('',(-1.21011616430444,1.57930069088773,-5.64999999999801));
#18086=DIRECTION('',(0.0,-1.0,0.0));
#18087=DIRECTION('',(1.0,0.0,0.0));
#18088=CARTESIAN_POINT('',(1.20988383569556,1.30018078889988,-5.64999999999801));
#18089=DIRECTION('',(0.0,1.0,0.0));
#18090=DIRECTION('',(0.0,0.0,1.0));
#18091=DIRECTION('',(0.0,1.0,0.0));
#18092=CARTESIAN_POINT('',(1.20988383569556,1.57930069088773,-5.64999999999801));
#18093=DIRECTION('',(0.0,-1.0,0.0));
#18094=DIRECTION('',(0.0,0.0,1.0));
#18095=DIRECTION('',(0.0,1.0,0.0));
#18096=DIRECTION('',(0.0,0.0,-1.0));
#18097=DIRECTION('',(1.0,0.0,0.0));
#18098=CARTESIAN_POINT('',(2.40988383569556,1.30018078889988,-5.64999999999801));
#18099=DIRECTION('',(0.0,1.0,0.0));
#18100=DIRECTION('',(0.0,0.0,1.0));
#18101=DIRECTION('',(0.0,0.0,-1.0));
#18102=CARTESIAN_POINT('',(2.85988383569556,1.30018078889988,-6.199999999998));
#18103=DIRECTION('',(0.0,1.0,0.0));
#18104=DIRECTION('',(0.0,0.0,1.0));
#18105=DIRECTION('',(-1.0,0.0,0.0));
#18106=DIRECTION('',(0.0,0.0,1.0));
#18107=CARTESIAN_POINT('',(1.18921229096908,1.30018078889988,-6.51301213236636));
#18108=DIRECTION('',(0.0,1.0,0.0));
#18109=DIRECTION('',(-0.423100226273814,0.0,0.90608288722779));
#18110=DIRECTION('',(0.793582954749969,0.0,-0.60846207271309));
#18111=DIRECTION('',(1.0,0.0,0.0));
#18112=DIRECTION('',(0.0,0.0,1.0));
#18113=DIRECTION('',(-1.0,0.0,0.0));
#18114=CARTESIAN_POINT('',(1.20988383569556,1.30018078889988,-5.729999999998));
#18115=DIRECTION('',(0.0,1.0,0.0));
#18116=DIRECTION('',(0.0,0.0,1.0));
#18117=CARTESIAN_POINT('',(-2.86011616430444,1.35018078889988,-6.199999999998));
#18118=DIRECTION('',(0.0,1.0,0.0));
#18119=DIRECTION('',(0.0,0.0,1.0));
#18120=DIRECTION('',(0.0,0.0,1.0));
#18121=CARTESIAN_POINT('',(-2.41011616430444,1.35018078889988,-5.64999999999801));
#18122=DIRECTION('',(0.0,1.0,0.0));
#18123=DIRECTION('',(0.0,0.0,1.0));
#18124=DIRECTION('',(1.0,0.0,0.0));
#18125=DIRECTION('',(0.0,0.0,1.0));
#18126=CARTESIAN_POINT('',(-1.21011616430444,1.35018078889988,-5.729999999998));
#18127=DIRECTION('',(0.0,1.0,0.0));
#18128=DIRECTION('',(0.0,0.0,1.0));
#18129=CARTESIAN_POINT('',(-1.21137656669721,1.35018078889988,-5.72736798838826));
#18130=DIRECTION('',(-0.0,1.0,0.0));
#18131=DIRECTION('',(0.811707189106701,0.0,0.584064584744272));
#18132=DIRECTION('',(-1.0,0.0,0.0));
#18133=DIRECTION('',(0.0,0.0,-1.0));
#18134=DIRECTION('',(1.0,0.0,0.0));
#18135=DIRECTION('',(0.0,0.0,-1.0));
#18136=DIRECTION('',(-1.0,0.0,0.0));
#18137=DIRECTION('',(0.0,0.0,-1.0));
#18138=DIRECTION('',(-0.707106781186547,1.48992272344516E-10,-0.707106781186547));
#18139=DIRECTION('',(3.083920773118E-10,1.0,3.083858807181E-10));
#18140=CARTESIAN_POINT('',(-4.62011616430444,-0.130699309112472,-6.79999999999801));
#18141=DIRECTION('',(0.707106781186547,0.0,-0.707106781186547));
#18142=DIRECTION('',(-0.707106781186548,0.0,-0.707106781186548));
#18143=DIRECTION('',(5.327154668272E-10,1.0,5.32711985641E-10));
#18144=CARTESIAN_POINT('',(-3.04511616430744,0.149300690887527,-5.22500000000101));
#18145=DIRECTION('',(0.707106781186548,0.0,-0.707106781186548));
#18146=DIRECTION('',(0.707106781186547,0.0,0.707106781186547));
#18147=DIRECTION('',(-2.074221552586E-12,2.107068922384E-10,-1.0));
#18148=DIRECTION('',(0.0,-2.107068922384E-10,1.0));
#18149=DIRECTION('',(-1.0,0.0,0.0));
#18150=DIRECTION('',(-0.707106781186547,-1.91770219268942E-10,0.707106781186547));
#18151=CARTESIAN_POINT('',(3.04488383569256,0.149300690887527,-5.224999999995));
#18152=DIRECTION('',(-0.707106781186548,0.0,-0.707106781186548));
#18153=DIRECTION('',(-0.707106781186547,0.0,0.707106781186547));
#18154=DIRECTION('',(-0.707106781186547,-1.81540205511212E-08,0.707106781186547));
#18155=DIRECTION('',(-2.580614827308E-10,1.0,2.580580015447E-10));
#18156=CARTESIAN_POINT('',(4.61988383569556,-0.130699309112472,-6.79999999999801));
#18157=DIRECTION('',(-0.707106781186547,0.0,-0.707106781186547));
#18158=DIRECTION('',(0.707106781186548,0.0,-0.707106781186548));
#18159=DIRECTION('',(0.0,0.0,1.0));
#18160=CARTESIAN_POINT('',(3.04488383569256,0.149300690887527,-6.499999999998));
#18161=DIRECTION('',(0.0,0.0,-1.0));
#18162=DIRECTION('',(-1.0,0.0,0.0));
#18163=CARTESIAN_POINT('',(3.18988252230062,0.299299377492692,-6.499999999998));
#18164=DIRECTION('',(0.0,0.0,1.0));
#18165=DIRECTION('',(-1.0,0.0,0.0));
#18166=CARTESIAN_POINT('',(-3.04511616430744,0.149300690887527,-6.499999999998));
#18167=DIRECTION('',(0.0,0.0,-1.0));
#18168=DIRECTION('',(-1.0,0.0,0.0));
#18169=CARTESIAN_POINT('',(-2.94511616430744,0.204300690887528,-4.599999999998));
#18170=DIRECTION('',(0.0,-0.0,1.0));
#18171=DIRECTION('',(0.0,1.0,0.0));
#18172=DIRECTION('',(-1.0,0.0,0.0));
#18173=CARTESIAN_POINT('',(2.94488383569256,0.204300690887528,-4.599999999998));
#18174=DIRECTION('',(0.0,0.0,1.0));
#18175=DIRECTION('',(1.0,0.0,0.0));
#18176=DIRECTION('',(0.0,1.0,0.0));
#18177=CARTESIAN_POINT('',(2.94488383569256,-0.240699309165573,-4.599999999998));
#18178=DIRECTION('',(0.0,0.0,1.0));
#18179=DIRECTION('',(0.0,-1.0,0.0));
#18180=CARTESIAN_POINT('',(-2.94511616430744,-0.240699309165573,-4.599999999998));
#18181=DIRECTION('',(0.0,0.0,1.0));
#18182=DIRECTION('',(-1.0,0.0,0.0));
#18183=DIRECTION('',(0.0,1.0,0.0));
#18184=CARTESIAN_POINT('',(-3.19011616430444,-0.300699309112272,-4.599999999998));
#18185=DIRECTION('',(0.0,0.0,-1.0));
#18186=DIRECTION('',(-1.0,0.0,0.0));
#18187=DIRECTION('',(-1.0,0.0,0.0));
#18188=CARTESIAN_POINT('',(-2.38160981875944,-1.23069930911227,-4.599999999998));
#18189=DIRECTION('',(0.0,0.0,-1.0));
#18190=DIRECTION('',(-1.0,0.0,0.0));
#18191=DIRECTION('',(-0.406138466053392,-0.913811548620282,0.0));
#18192=CARTESIAN_POINT('',(-1.86694470644644,-1.18069930911227,-4.599999999998));
#18193=DIRECTION('',(0.0,0.0,-1.0));
#18194=DIRECTION('',(-1.0,0.0,0.0));
#18195=DIRECTION('',(1.0,0.0,0.0));
#18196=CARTESIAN_POINT('',(-1.68128762216244,-1.18069930911227,-4.599999999998));
#18197=DIRECTION('',(0.0,0.0,-1.0));
#18198=DIRECTION('',(-1.0,0.0,0.0));
#18199=DIRECTION('',(-0.406138466053475,0.913811548620245,0.0));
#18200=CARTESIAN_POINT('',(-1.16662250984944,-1.23069930911227,-4.599999999998));
#18201=DIRECTION('',(0.0,0.0,-1.0));
#18202=DIRECTION('',(-1.0,0.0,0.0));
#18203=DIRECTION('',(-1.0,0.0,0.0));
#18204=DIRECTION('',(0.0,1.0,0.0));
#18205=DIRECTION('',(1.0,0.0,0.0));
#18206=DIRECTION('',(0.0,-1.0,0.0));
#18207=DIRECTION('',(-1.0,0.0,0.0));
#18208=CARTESIAN_POINT('',(1.16739018124056,-1.23069930911227,-4.599999999998));
#18209=DIRECTION('',(0.0,0.0,-1.0));
#18210=DIRECTION('',(-1.0,0.0,0.0));
#18211=DIRECTION('',(-0.406138466053392,-0.913811548620282,0.0));
#18212=CARTESIAN_POINT('',(1.68205529355356,-1.18069930911227,-4.599999999998));
#18213=DIRECTION('',(0.0,0.0,-1.0));
#18214=DIRECTION('',(-1.0,0.0,0.0));
#18215=DIRECTION('',(1.0,0.0,0.0));
#18216=CARTESIAN_POINT('',(1.86771237783756,-1.18069930911227,-4.599999999998));
#18217=DIRECTION('',(0.0,0.0,-1.0));
#18218=DIRECTION('',(-1.0,0.0,0.0));
#18219=DIRECTION('',(-0.406138466053475,0.913811548620245,0.0));
#18220=CARTESIAN_POINT('',(2.38237749015056,-1.23069930911227,-4.599999999998));
#18221=DIRECTION('',(0.0,0.0,-1.0));
#18222=DIRECTION('',(-1.0,0.0,0.0));
#18223=DIRECTION('',(-1.0,0.0,0.0));
#18224=CARTESIAN_POINT('',(3.18988383569556,-0.300699309112272,-4.599999999998));
#18225=DIRECTION('',(0.0,0.0,-1.0));
#18226=DIRECTION('',(-1.0,0.0,0.0));
#18227=CARTESIAN_POINT('',(3.18988383569556,0.299300690887628,-4.599999999998));
#18228=DIRECTION('',(0.0,0.0,-1.0));
#18229=DIRECTION('',(-1.0,0.0,0.0));
#18230=DIRECTION('',(-1.0,0.0,0.0));
#18231=CARTESIAN_POINT('',(2.38237749014956,1.22930069088773,-4.599999999998));
#18232=DIRECTION('',(0.0,0.0,-1.0));
#18233=DIRECTION('',(-1.0,0.0,0.0));
#18234=DIRECTION('',(0.406138466053392,0.913811548620282,0.0));
#18235=CARTESIAN_POINT('',(1.86771237783756,1.17930069088773,-4.599999999998));
#18236=DIRECTION('',(0.0,0.0,-1.0));
#18237=DIRECTION('',(-1.0,0.0,0.0));
#18238=DIRECTION('',(1.0,0.0,0.0));
#18239=CARTESIAN_POINT('',(1.68205529355356,1.17930069088773,-4.599999999998));
#18240=DIRECTION('',(0.0,0.0,-1.0));
#18241=DIRECTION('',(-1.0,0.0,0.0));
#18242=DIRECTION('',(0.406138466053475,-0.913811548620245,0.0));
#18243=CARTESIAN_POINT('',(1.16739018124156,1.22930069088773,-4.599999999998));
#18244=DIRECTION('',(0.0,0.0,-1.0));
#18245=DIRECTION('',(-1.0,0.0,0.0));
#18246=DIRECTION('',(-1.0,0.0,0.0));
#18247=CARTESIAN_POINT('',(-1.16862250985044,1.22930069088773,-4.599999999998));
#18248=DIRECTION('',(0.0,0.0,-1.0));
#18249=DIRECTION('',(-1.0,0.0,0.0));
#18250=DIRECTION('',(0.406138466053392,0.913811548620282,0.0));
#18251=CARTESIAN_POINT('',(-1.68328762216244,1.17930069088773,-4.599999999998));
#18252=DIRECTION('',(0.0,0.0,-1.0));
#18253=DIRECTION('',(-1.0,0.0,0.0));
#18254=DIRECTION('',(1.0,0.0,0.0));
#18255=CARTESIAN_POINT('',(-1.86894470644644,1.17930069088773,-4.599999999998));
#18256=DIRECTION('',(0.0,0.0,-1.0));
#18257=DIRECTION('',(-1.0,0.0,0.0));
#18258=DIRECTION('',(0.406138466053475,-0.913811548620245,0.0));
#18259=CARTESIAN_POINT('',(-2.38360981875844,1.22930069088773,-4.599999999998));
#18260=DIRECTION('',(0.0,0.0,-1.0));
#18261=DIRECTION('',(-1.0,0.0,0.0));
#18262=DIRECTION('',(-1.0,0.0,0.0));
#18263=CARTESIAN_POINT('',(-3.19011616430444,0.299300690887428,-4.599999999998));
#18264=DIRECTION('',(0.0,0.0,-1.0));
#18265=DIRECTION('',(-1.0,0.0,0.0));
#18266=DIRECTION('',(-1.0,0.0,0.0));
#18267=DIRECTION('',(-1.0,0.0,0.0));
#18268=CARTESIAN_POINT('',(3.18988383569556,-0.300699309112472,-5.319999999998));
#18269=DIRECTION('',(0.0,0.0,-1.0));
#18270=DIRECTION('',(0.67874395715541,-0.73437500000001,0.0));
#18271=DIRECTION('',(-1.0,0.0,0.0));
#18272=DIRECTION('',(0.0,-1.0,0.0));
#18273=CARTESIAN_POINT('',(-3.19011616430444,-0.300699309112272,-3.049999999998));
#18274=DIRECTION('',(0.0,0.0,1.0));
#18275=DIRECTION('',(-1.0,7.33495959548717E-14,0.0));
#18276=DIRECTION('',(1.062130414342E-13,0.0,-1.0));
#18277=DIRECTION('',(0.0,0.0,-1.0));
#18278=DIRECTION('',(0.0,-1.0,0.0));
#18279=DIRECTION('',(0.0,0.0,1.0));
#18280=DIRECTION('',(0.0,1.0,5.921189464668E-14));
#18281=DIRECTION('',(0.0,0.0,-1.0));
#18282=CARTESIAN_POINT('',(2.71414790440756,-1.29157940712442,-5.619999999998));
#18283=DIRECTION('',(0.0,-1.0,0.0));
#18284=DIRECTION('',(0.0,0.0,-1.0));
#18285=DIRECTION('',(-0.707106781186547,0.0,-0.707106781186547));
#18286=DIRECTION('',(-1.0,0.0,0.0));
#18287=DIRECTION('',(0.0,0.0,1.0));
#18288=DIRECTION('',(1.0,0.0,0.0));
#18289=DIRECTION('',(0.0,0.0,-1.0));
#18290=DIRECTION('',(1.0,0.0,0.0));
#18291=DIRECTION('',(-1.0,0.0,0.0));
#18292=CARTESIAN_POINT('',(2.71414790440756,-1.58069930911227,-5.619999999998));
#18293=DIRECTION('',(0.0,1.0,0.0));
#18294=DIRECTION('',(-0.707106781186598,0.0,0.707106781186497));
#18295=DIRECTION('',(0.0,1.0,0.0));
#18296=CARTESIAN_POINT('',(-0.0951161642949896,-1.32069930911227,-4.79999999999801));
#18297=DIRECTION('',(0.0,-1.0,0.0));
#18298=DIRECTION('',(0.0,0.0,-1.0));
#18299=DIRECTION('',(0.0,1.0,0.0));
#18300=CARTESIAN_POINT('',(-0.0951161642949896,-1.58069930911227,-4.79999999999801));
#18301=DIRECTION('',(0.0,-1.0,0.0));
#18302=DIRECTION('',(-1.0,0.0,5.03648049191933E-12));
#18303=DIRECTION('',(0.0,0.0,-1.0));
#18304=DIRECTION('',(0.0,0.0,-1.0));
#18305=DIRECTION('',(1.0,0.0,0.0));
#18306=DIRECTION('',(0.0,0.0,1.0));
#18307=DIRECTION('',(-1.0,0.0,0.0));
#18308=DIRECTION('',(0.0,0.0,1.0));
#18309=DIRECTION('',(1.0,0.0,0.0));
#18310=DIRECTION('',(0.0,0.0,1.0));
#18311=DIRECTION('',(1.0,0.0,0.0));
#18312=CARTESIAN_POINT('',(-2.47011616430444,-1.28069930911227,-2.749999999998));
#18313=DIRECTION('',(0.0,-1.0,0.0));
#18314=DIRECTION('',(0.0,0.0,-1.0));
#18315=DIRECTION('',(0.0,0.0,1.0));
#18316=CARTESIAN_POINT('',(-2.47011616430444,-1.28069930911227,-1.449999999998));
#18317=DIRECTION('',(0.0,-1.0,0.0));
#18318=DIRECTION('',(1.0,0.0,0.0));
#18319=DIRECTION('',(1.0,0.0,0.0));
#18320=DIRECTION('',(0.0,0.0,-1.0));
#18321=DIRECTION('',(1.0,0.0,0.0));
#18322=DIRECTION('',(0.0,0.0,-1.0));
#18323=CARTESIAN_POINT('',(-0.0951161642950096,-1.28069930911227,-0.983497636258004));
#18324=DIRECTION('',(0.0,1.0,0.0));
#18325=DIRECTION('',(0.500000000021628,0.0,-0.866025403771952));
#18326=DIRECTION('',(-0.866025403784094,0.0,-0.500000000000597));
#18327=CARTESIAN_POINT('',(0.394883835704761,-1.28069930911227,-1.058553171253));
#18328=DIRECTION('',(0.0,-1.0,0.0));
#18329=DIRECTION('',(1.0,0.0,6.59194920869868E-13));
#18330=DIRECTION('',(-1.305829290346E-13,0.0,-1.0));
#18331=CARTESIAN_POINT('',(0.394883835704761,-1.28069930911227,-1.92576260933901));
#18332=DIRECTION('',(0.0,-1.0,-0.0));
#18333=DIRECTION('',(-0.500000000033811,0.0,-0.866025403764918));
#18334=DIRECTION('',(0.866025403784206,0.0,-0.500000000000403));
#18335=CARTESIAN_POINT('',(-0.0951161642950096,-1.28069930911227,-2.000818144334));
#18336=DIRECTION('',(0.0,1.0,0.0));
#18337=DIRECTION('',(-1.0,0.0,-3.20923843055709E-12));
#18338=DIRECTION('',(1.493078965445E-13,0.0,-1.0));
#18339=CARTESIAN_POINT('',(-0.0951161642950096,-1.28069930911227,-2.94330525739401));
#18340=DIRECTION('',(0.0,1.0,0.0));
#18341=DIRECTION('',(0.500000000025582,0.0,-0.866025403769669));
#18342=DIRECTION('',(-0.866025403784317,0.0,-0.50000000000021));
#18343=CARTESIAN_POINT('',(0.39488383570506,-1.28069930911227,-3.018360792389));
#18344=DIRECTION('',(0.0,-1.0,0.0));
#18345=DIRECTION('',(1.0,0.0,6.36065274523557E-13));
#18346=DIRECTION('',(-1.296338225658E-13,0.0,-1.0));
#18347=CARTESIAN_POINT('',(0.39488383570506,-1.28069930911227,-3.943305257393));
#18348=DIRECTION('',(0.0,-1.0,-0.0));
#18349=DIRECTION('',(-0.499999999997921,0.0,-0.866025403785639));
#18350=DIRECTION('',(0.866025403784677,0.0,-0.499999999999587));
#18351=CARTESIAN_POINT('',(-0.0951161642950096,-1.28069930911227,-4.018360792388));
#18352=DIRECTION('',(0.0,1.0,0.0));
#18353=DIRECTION('',(-1.0,0.0,-3.56160413661488E-12));
#18354=DIRECTION('',(1.055990932178E-13,0.0,1.0));
#18355=DIRECTION('',(0.0,0.0,-1.0));
#18356=DIRECTION('',(1.0,0.0,0.0));
#18357=DIRECTION('',(0.0,0.0,1.0));
#18358=DIRECTION('',(-1.0,0.0,0.0));
#18359=DIRECTION('',(0.0,0.0,1.0));
#18360=DIRECTION('',(1.0,0.0,0.0));
#18361=DIRECTION('',(0.0,0.0,1.0));
#18362=CARTESIAN_POINT('',(-0.0951161642949896,-1.28069930911227,-4.018360792388));
#18363=DIRECTION('',(0.0,-1.0,0.0));
#18364=DIRECTION('',(0.500000000000909,0.0,0.866025403783914));
#18365=DIRECTION('',(-0.866025403784677,0.0,0.499999999999587));
#18366=CARTESIAN_POINT('',(0.404883835705061,-1.28069930911227,-3.960625765469));
#18367=DIRECTION('',(-0.0,1.0,0.0));
#18368=DIRECTION('',(1.0,0.0,4.27898457407612E-13));
#18369=DIRECTION('',(-1.313747945455E-13,0.0,1.0));
#18370=CARTESIAN_POINT('',(0.39488383570506,-1.28069930911227,-3.018360792389));
#18371=DIRECTION('',(0.0,1.0,0.0));
#18372=DIRECTION('',(-0.500000000026088,0.0,0.866025403769377));
#18373=DIRECTION('',(0.866025403784832,0.0,0.499999999999319));
#18374=CARTESIAN_POINT('',(-0.0951161642949896,-1.28069930911227,-2.94330525739401));
#18375=DIRECTION('',(0.0,-1.0,0.0));
#18376=DIRECTION('',(-1.0,0.0,4.11129463806503E-12));
#18377=DIRECTION('',(0.0,0.0,1.0));
#18378=CARTESIAN_POINT('',(-0.0951161642949896,-1.28069930911227,-2.000818144334));
#18379=DIRECTION('',(0.0,-1.0,0.0));
#18380=DIRECTION('',(0.500000000036602,0.0,0.866025403763307));
#18381=DIRECTION('',(-0.866025403783914,0.0,0.500000000000908));
#18382=CARTESIAN_POINT('',(0.394883835704761,-1.28069930911227,-1.92576260933901));
#18383=DIRECTION('',(-0.0,1.0,0.0));
#18384=DIRECTION('',(1.0,0.0,3.36102673469666E-13));
#18385=DIRECTION('',(-1.62844593855E-13,0.0,1.0));
#18386=CARTESIAN_POINT('',(0.394883835704761,-1.28069930911227,-1.058553171253));
#18387=DIRECTION('',(0.0,1.0,0.0));
#18388=DIRECTION('',(-0.500000000023992,0.0,0.866025403770587));
#18389=DIRECTION('',(0.866025403784677,0.0,0.499999999999587));
#18390=CARTESIAN_POINT('',(-0.0951161642949896,-1.28069930911227,-0.983497636258004));
#18391=DIRECTION('',(0.0,-1.0,0.0));
#18392=DIRECTION('',(-1.0,0.0,4.55654033023241E-12));
#18393=DIRECTION('',(-4.840491667956E-14,0.0,1.0));
#18394=DIRECTION('',(1.0,0.0,0.0));
#18395=DIRECTION('',(0.0,0.0,1.0));
#18396=DIRECTION('',(1.0,0.0,0.0));
#18397=CARTESIAN_POINT('',(2.46988383569556,-1.28069930911227,-1.449999999998));
#18398=DIRECTION('',(0.0,-1.0,0.0));
#18399=DIRECTION('',(0.0,0.0,1.0));
#18400=DIRECTION('',(0.0,0.0,-1.0));
#18401=CARTESIAN_POINT('',(2.46988383569556,-1.28069930911227,-2.749999999998));
#18402=DIRECTION('',(0.0,-1.0,0.0));
#18403=DIRECTION('',(-1.0,0.0,0.0));
#18404=DIRECTION('',(1.0,0.0,0.0));
#18405=DIRECTION('',(0.707106781186597,0.0,0.707106781186498));
#18406=DIRECTION('',(0.0,-1.0,0.0));
#18407=DIRECTION('',(0.577349849667348,0.577351108233267,0.577349849667348));
#18408=DIRECTION('',(1.0,0.0,0.0));
#18409=DIRECTION('',(0.0,1.0,0.0));
#18410=DIRECTION('',(1.0,0.0,-2.578582508846E-14));
#18411=CARTESIAN_POINT('',(-2.71438023301644,-1.29157940712442,-5.619999999998));
#18412=DIRECTION('',(0.0,-1.0,0.0));
#18413=DIRECTION('',(0.0,0.0,-1.0));
#18414=DIRECTION('',(0.0,-1.0,0.0));
#18415=CARTESIAN_POINT('',(-2.71438023301644,-1.58069930911227,-5.619999999998));
#18416=DIRECTION('',(0.0,1.0,0.0));
#18417=DIRECTION('',(-1.09865820145198E-13,0.0,1.0));
#18418=DIRECTION('',(-0.707106781186547,0.0,0.707106781186547));
#18419=DIRECTION('',(-0.577349849667348,0.577351108233267,0.577349849667348));
#18420=DIRECTION('',(0.0,1.0,0.0));
#18421=DIRECTION('',(0.707106781186547,0.0,-0.707106781186547));
#18422=DIRECTION('',(-1.0,0.0,0.0));
#18423=DIRECTION('',(-0.406138466053475,0.913811548620245,0.0));
#18424=CARTESIAN_POINT('',(1.68205529355356,1.17930069088773,-4.599999999998));
#18425=DIRECTION('',(0.0,0.0,-1.0));
#18426=DIRECTION('',(-1.0,0.0,0.0));
#18427=DIRECTION('',(-1.0,0.0,0.0));
#18428=CARTESIAN_POINT('',(1.86771237783756,1.17930069088773,-4.599999999998));
#18429=DIRECTION('',(0.0,0.0,-1.0));
#18430=DIRECTION('',(-1.0,0.0,0.0));
#18431=DIRECTION('',(-0.406138466053392,-0.913811548620282,0.0));
#18432=DIRECTION('',(1.0,0.0,0.0));
#18433=DIRECTION('',(-0.406138466053475,0.913811548620245,0.0));
#18434=CARTESIAN_POINT('',(-1.86894470644644,1.17930069088773,-4.599999999998));
#18435=DIRECTION('',(0.0,0.0,-1.0));
#18436=DIRECTION('',(-1.0,0.0,0.0));
#18437=DIRECTION('',(-1.0,0.0,0.0));
#18438=CARTESIAN_POINT('',(-1.68328762216244,1.17930069088773,-4.599999999998));
#18439=DIRECTION('',(0.0,0.0,-1.0));
#18440=DIRECTION('',(-1.0,0.0,0.0));
#18441=DIRECTION('',(-0.406138466053392,-0.913811548620282,0.0));
#18442=DIRECTION('',(0.406138466053513,-0.913811548620228,0.0));
#18443=CARTESIAN_POINT('',(-1.16662250984944,-1.23069930911227,-4.599999999998));
#18444=DIRECTION('',(0.0,0.0,1.0));
#18445=DIRECTION('',(-0.913811548620228,-0.406138466053513,0.0));
#18446=DIRECTION('',(1.0,0.0,0.0));
#18447=CARTESIAN_POINT('',(-2.38160981875944,-1.23069930911227,-4.599999999998));
#18448=DIRECTION('',(0.0,0.0,1.0));
#18449=DIRECTION('',(0.0,-1.0,0.0));
#18450=DIRECTION('',(0.406138466053392,0.913811548620282,0.0));
#18451=DIRECTION('',(0.406138466053513,-0.913811548620228,0.0));
#18452=CARTESIAN_POINT('',(2.38237749015056,-1.23069930911227,-4.599999999998));
#18453=DIRECTION('',(0.0,0.0,1.0));
#18454=DIRECTION('',(-0.913811548620228,-0.406138466053513,0.0));
#18455=DIRECTION('',(1.0,0.0,0.0));
#18456=CARTESIAN_POINT('',(1.16739018124056,-1.23069930911227,-4.599999999998));
#18457=DIRECTION('',(0.0,0.0,1.0));
#18458=DIRECTION('',(2.41622198439627E-14,-1.0,0.0));
#18459=DIRECTION('',(0.406138466053513,0.913811548620228,0.0));
#18460=DIRECTION('',(0.0,0.0,1.0));
#18461=CARTESIAN_POINT('',(2.38237749014956,1.22930069088773,-4.499999999998));
#18462=DIRECTION('',(0.0,0.0,-1.0));
#18463=DIRECTION('',(-1.0,0.0,0.0));
#18464=DIRECTION('',(0.0,1.33226762955E-14,-1.0));
#18465=DIRECTION('',(0.0,0.0,-1.0));
#18466=DIRECTION('',(-1.09391599334396E-07,2.46131095504791E-07,0.999999999999964));
#18467=CARTESIAN_POINT('',(1.16739018124156,1.22930069088773,-4.499999999998));
#18468=DIRECTION('',(0.0,0.0,-1.0));
#18469=DIRECTION('',(-1.0,0.0,0.0));
#18470=DIRECTION('',(0.0,0.0,1.0));
#18471=CARTESIAN_POINT('',(-1.16862250985044,1.22930069088773,-4.499999999998));
#18472=DIRECTION('',(0.0,0.0,-1.0));
#18473=DIRECTION('',(-1.0,0.0,0.0));
#18474=DIRECTION('',(1.50990331349E-14,3.419486915845E-14,-1.0));
#18475=DIRECTION('',(0.0,0.0,-1.0));
#18476=DIRECTION('',(-3.181455099366E-12,7.157829884363E-12,1.0));
#18477=CARTESIAN_POINT('',(-2.38360981875844,1.22930069088773,-4.499999999998));
#18478=DIRECTION('',(0.0,0.0,-1.0));
#18479=DIRECTION('',(-1.0,0.0,0.0));
#18480=CARTESIAN_POINT('',(-2.38160981875944,-1.23069930911227,-4.499999999998));
#18481=DIRECTION('',(0.0,0.0,-1.0));
#18482=DIRECTION('',(-1.0,0.0,0.0));
#18483=DIRECTION('',(-3.177902385687E-12,-7.152500813845E-12,-1.0));
#18484=DIRECTION('',(0.0,0.0,1.0));
#18485=CARTESIAN_POINT('',(-1.16662250984944,-1.23069930911227,-4.499999999998));
#18486=DIRECTION('',(0.0,0.0,-1.0));
#18487=DIRECTION('',(-1.0,0.0,0.0));
#18488=CARTESIAN_POINT('',(1.16739018124056,-1.23069930911227,-4.499999999998));
#18489=DIRECTION('',(0.0,0.0,-1.0));
#18490=DIRECTION('',(-1.0,0.0,0.0));
#18491=DIRECTION('',(-3.196110043291E-12,-7.178702077226E-12,-1.0));
#18492=DIRECTION('',(1.42108547152E-14,-2.087219286295E-14,1.0));
#18493=CARTESIAN_POINT('',(2.38237749015056,-1.23069930911227,-4.499999999998));
#18494=DIRECTION('',(0.0,0.0,-1.0));
#18495=DIRECTION('',(-1.0,0.0,0.0));
#18496=CARTESIAN_POINT('',(2.04775180133956,-1.28069914561964,-5.64999999999801));
#18497=DIRECTION('',(0.0,0.707106010475331,-0.707107551896924));
#18498=DIRECTION('',(0.0,0.707107551896924,0.707106010475331));
#18499=DIRECTION('',(1.0,0.0,0.0));
#18500=DIRECTION('',(5.30272559712836E-12,-0.707106781186547,-0.707106781186547));
#18501=DIRECTION('',(-1.0,0.0,0.0));
#18502=DIRECTION('',(0.0,0.707107551896925,0.707106010475331));
#18503=CARTESIAN_POINT('',(0.52488383569556,-1.58069930911227,-5.124999999998));
#18504=DIRECTION('',(0.0,-1.0,0.0));
#18505=DIRECTION('',(3.91434156913181E-11,0.0,-1.0));
#18506=CARTESIAN_POINT('',(0.52488383569556,-1.32069930911227,-5.124999999998));
#18507=DIRECTION('',(0.0,-1.0,0.0));
#18508=DIRECTION('',(0.142857142839701,0.0,-0.989743318613305));
#18509=DIRECTION('',(-3.580911678291E-09,-1.0,-1.266048007172E-09));
#18510=CARTESIAN_POINT('',(-0.40511616429504,-1.32069930911227,-4.94999999999801));
#18511=DIRECTION('',(0.0,-1.0,0.0));
#18512=DIRECTION('',(0.0,0.0,-1.0));
#18513=DIRECTION('',(0.0,1.0,0.0));
#18514=CARTESIAN_POINT('',(-0.40511616429504,-1.58069930911227,-4.94999999999801));
#18515=DIRECTION('',(0.0,-1.0,0.0));
#18516=DIRECTION('',(0.333333322590598,0.0,-0.942809045380194));
#18517=DIRECTION('',(1.0,0.0,0.0));
#18518=DIRECTION('',(0.0,0.707107551896925,0.707106010475331));
#18519=DIRECTION('',(1.0,0.0,0.0));
#18520=CARTESIAN_POINT('',(-0.60511616429504,-1.28069914561964,-5.64999999999801));
#18521=DIRECTION('',(0.0,0.707106010475331,-0.707107551896924));
#18522=DIRECTION('',(0.0,-0.707107551896924,-0.707106010475331));
#18523=DIRECTION('',(-1.0,0.0,0.0));
#18524=CARTESIAN_POINT('',(-2.04798412994844,-1.28069914561964,-5.64999999999801));
#18525=DIRECTION('',(0.0,0.707106010475331,-0.707107551896924));
#18526=DIRECTION('',(0.0,-0.707107551896924,-0.707106010475331));
#18527=DIRECTION('',(-0.406138466053513,0.913811548620228,1.76156534724105E-14));
#18528=DIRECTION('',(0.0,0.0,-1.0));
#18529=DIRECTION('',(0.406138466053392,0.913811548620282,0.0));
#18530=DIRECTION('',(-1.7763568394E-14,-2.84217094304E-14,-1.0));
#18531=DIRECTION('',(-0.406138466053392,-0.913811548620282,0.0));
#18532=DIRECTION('',(-0.406138466053475,0.913811548620245,1.76156534724089E-14));
#18533=DIRECTION('',(0.0,0.0,-1.0));
#18534=DIRECTION('',(0.406138466053392,0.913811548620282,0.0));
#18535=DIRECTION('',(0.0,0.0,-1.0));
#18536=DIRECTION('',(-0.406138466053392,-0.913811548620282,0.0));
#18537=DIRECTION('',(-0.406138466053475,0.913811548620245,1.01290007466394E-12));
#18538=DIRECTION('',(0.0,-1.33226762955E-14,-1.0));
#18539=DIRECTION('',(0.0,0.0,1.0));
#18540=DIRECTION('',(0.0,0.0,-1.0));
#18541=DIRECTION('',(0.406138466053392,0.913811548620282,0.0));
#18542=DIRECTION('',(-0.406138466053513,0.913811548620228,0.0));
#18543=DIRECTION('',(0.0,-1.42108547152E-14,-1.0));
#18544=DIRECTION('',(0.0,0.0,1.0));
#18545=DIRECTION('',(0.0,0.0,-1.0));
#18546=DIRECTION('',(-0.406138466053392,-0.913811548620282,0.0));
#18547=DIRECTION('',(-1.0,0.0,0.0));
#18548=DIRECTION('',(1.7763568394E-14,-2.84217094304E-14,1.0));
#18549=DIRECTION('',(0.406138466053475,-0.913811548620245,0.0));
#18550=DIRECTION('',(-0.406138466053475,0.913811548620245,0.0));
#18551=DIRECTION('',(0.0,0.0,1.0));
#18552=DIRECTION('',(-0.406138466053475,-0.913811548620245,0.0));
#18553=DIRECTION('',(-2.04281036531E-14,3.46389583683E-14,-1.0));
#18554=DIRECTION('',(0.406138466053475,-0.913811548620245,0.0));
#18555=DIRECTION('',(0.0,0.0,1.0));
#18556=CARTESIAN_POINT('',(1.86771237783756,-1.18069930911227,-4.499999999998));
#18557=DIRECTION('',(0.0,0.0,-1.0));
#18558=DIRECTION('',(-1.0,0.0,0.0));
#18559=DIRECTION('',(0.0,0.0,-1.0));
#18560=DIRECTION('',(-1.0,0.0,0.0));
#18561=DIRECTION('',(2.13162820728E-14,3.597122599786E-14,1.0));
#18562=CARTESIAN_POINT('',(1.68205529355356,-1.18069930911227,-4.499999999998));
#18563=DIRECTION('',(0.0,0.0,-1.0));
#18564=DIRECTION('',(-1.0,0.0,0.0));
#18565=DIRECTION('',(0.406138466053392,0.913811548620282,0.0));
#18566=CARTESIAN_POINT('',(1.68205529355356,-1.18069930911227,-4.599999999998));
#18567=DIRECTION('',(0.0,0.0,-1.0));
#18568=DIRECTION('',(-1.0,0.0,0.0));
#18569=DIRECTION('',(0.0,0.0,1.0));
#18570=CARTESIAN_POINT('',(1.68205529355356,-1.18069930911227,-4.499999999998));
#18571=DIRECTION('',(0.0,0.0,-1.0));
#18572=DIRECTION('',(-1.0,0.0,0.0));
#18573=DIRECTION('',(1.0,0.0,0.0));
#18574=DIRECTION('',(0.0,0.0,-1.0));
#18575=DIRECTION('',(-1.0,0.0,0.0));
#18576=CARTESIAN_POINT('',(1.86771237783756,-1.18069930911227,-4.599999999998));
#18577=DIRECTION('',(0.0,0.0,-1.0));
#18578=DIRECTION('',(-1.0,0.0,0.0));
#18579=CARTESIAN_POINT('',(1.86771237783756,-1.18069930911227,-4.499999999998));
#18580=DIRECTION('',(0.0,0.0,-1.0));
#18581=DIRECTION('',(-1.0,0.0,0.0));
#18582=DIRECTION('',(0.0,0.0,1.0));
#18583=DIRECTION('',(0.406138466053475,-0.913811548620245,0.0));
#18584=DIRECTION('',(-0.406138466053475,0.913811548620245,0.0));
#18585=DIRECTION('',(0.0,0.0,1.0));
#18586=DIRECTION('',(-0.406138466053392,-0.913811548620282,0.0));
#18587=DIRECTION('',(0.0,0.0,-1.0));
#18588=DIRECTION('',(-0.406138466053475,0.913811548620245,0.0));
#18589=DIRECTION('',(0.0,0.0,1.0));
#18590=DIRECTION('',(-0.406138466053392,-0.913811548620282,0.0));
#18591=DIRECTION('',(0.0,0.0,-1.0));
#18592=CARTESIAN_POINT('',(-1.68328762216244,1.17930069088773,-4.499999999998));
#18593=DIRECTION('',(0.0,0.0,-1.0));
#18594=DIRECTION('',(-1.0,0.0,0.0));
#18595=DIRECTION('',(0.0,0.0,1.0));
#18596=DIRECTION('',(-1.0,0.0,0.0));
#18597=CARTESIAN_POINT('',(-1.86894470644644,1.17930069088773,-4.499999999998));
#18598=DIRECTION('',(0.0,0.0,-1.0));
#18599=DIRECTION('',(-1.0,0.0,0.0));
#18600=DIRECTION('',(0.0,0.0,1.0));
#18601=DIRECTION('',(0.0,0.0,1.0));
#18602=DIRECTION('',(0.406138466053475,-0.913811548620245,0.0));
#18603=DIRECTION('',(-0.406138466053392,-0.913811548620282,-1.01290007466398E-12));
#18604=DIRECTION('',(0.0,1.42108547152E-14,1.0));
#18605=DIRECTION('',(0.0,0.0,1.0));
#18606=CARTESIAN_POINT('',(-1.68328762216244,1.17930069088773,-4.499999999998));
#18607=DIRECTION('',(0.0,0.0,-1.0));
#18608=DIRECTION('',(-1.0,0.0,0.0));
#18609=DIRECTION('',(0.0,0.0,-1.0));
#18610=DIRECTION('',(1.0,0.0,0.0));
#18611=CARTESIAN_POINT('',(-1.86894470644644,1.17930069088773,-4.499999999998));
#18612=DIRECTION('',(0.0,0.0,-1.0));
#18613=DIRECTION('',(-1.0,0.0,0.0));
#18614=DIRECTION('',(0.0,0.0,1.0));
#18615=DIRECTION('',(0.0,0.0,1.0));
#18616=DIRECTION('',(-0.406138466053475,0.913811548620245,0.0));
#18617=DIRECTION('',(-0.406138466053392,-0.913811548620282,0.0));
#18618=DIRECTION('',(0.0,1.376676550535E-14,1.0));
#18619=DIRECTION('',(0.0,0.0,1.0));
#18620=CARTESIAN_POINT('',(1.86771237783756,1.17930069088773,-4.499999999998));
#18621=DIRECTION('',(0.0,0.0,-1.0));
#18622=DIRECTION('',(-1.0,0.0,0.0));
#18623=DIRECTION('',(0.0,0.0,-1.0));
#18624=DIRECTION('',(0.406138466053475,-0.913811548620245,0.0));
#18625=DIRECTION('',(0.0,0.0,1.0));
#18626=CARTESIAN_POINT('',(1.68205529355356,1.17930069088773,-4.499999999998));
#18627=DIRECTION('',(0.0,0.0,-1.0));
#18628=DIRECTION('',(-1.0,0.0,0.0));
#18629=DIRECTION('',(0.0,0.0,-1.0));
#18630=DIRECTION('',(-1.0,0.0,0.0));
#18631=DIRECTION('',(-1.15463194561E-14,-1.953992523339E-14,1.0));
#18632=CARTESIAN_POINT('',(1.86771237783756,1.17930069088773,-4.499999999998));
#18633=DIRECTION('',(0.0,0.0,-1.0));
#18634=DIRECTION('',(-1.0,0.0,0.0));
#18635=DIRECTION('',(0.406138466053392,0.913811548620282,0.0));
#18636=DIRECTION('',(0.0,0.0,-1.0));
#18637=DIRECTION('',(1.0,0.0,0.0));
#18638=CARTESIAN_POINT('',(1.68205529355356,1.17930069088773,-4.499999999998));
#18639=DIRECTION('',(0.0,0.0,-1.0));
#18640=DIRECTION('',(-1.0,0.0,0.0));
#18641=DIRECTION('',(0.0,0.0,1.0));
#18642=DIRECTION('',(-1.0,0.0,0.0));
#18643=DIRECTION('',(0.0,0.0,-1.0));
#18644=CARTESIAN_POINT('',(-1.86694470644644,-1.18069930911227,-4.599999999998));
#18645=DIRECTION('',(0.0,0.0,-1.0));
#18646=DIRECTION('',(-1.0,0.0,0.0));
#18647=DIRECTION('',(0.0,0.0,1.0));
#18648=CARTESIAN_POINT('',(-1.86694470644644,-1.18069930911227,-4.499999999998));
#18649=DIRECTION('',(0.0,0.0,-1.0));
#18650=DIRECTION('',(-1.0,0.0,0.0));
#18651=DIRECTION('',(1.0,0.0,0.0));
#18652=DIRECTION('',(0.0,0.0,-1.0));
#18653=DIRECTION('',(-1.0,0.0,0.0));
#18654=CARTESIAN_POINT('',(-1.68128762216244,-1.18069930911227,-4.599999999998));
#18655=DIRECTION('',(0.0,0.0,-1.0));
#18656=DIRECTION('',(-1.0,0.0,0.0));
#18657=CARTESIAN_POINT('',(-1.68128762216244,-1.18069930911227,-4.499999999998));
#18658=DIRECTION('',(0.0,0.0,-1.0));
#18659=DIRECTION('',(-1.0,0.0,0.0));
#18660=DIRECTION('',(0.0,-1.15463194561E-14,-1.0));
#18661=DIRECTION('',(0.406138466053475,-0.913811548620245,0.0));
#18662=DIRECTION('',(0.0,0.0,1.0));
#18663=CARTESIAN_POINT('',(-1.68128762216244,-1.18069930911227,-4.499999999998));
#18664=DIRECTION('',(0.0,0.0,-1.0));
#18665=DIRECTION('',(-1.0,0.0,0.0));
#18666=DIRECTION('',(0.0,0.0,-1.0));
#18667=DIRECTION('',(-1.0,0.0,0.0));
#18668=DIRECTION('',(-1.06581410364E-14,-1.7763568394E-14,1.0));
#18669=CARTESIAN_POINT('',(-1.86694470644644,-1.18069930911227,-4.499999999998));
#18670=DIRECTION('',(0.0,0.0,-1.0));
#18671=DIRECTION('',(-1.0,0.0,0.0));
#18672=DIRECTION('',(0.406138466053392,0.913811548620282,0.0));
#18673=DIRECTION('',(-1.0,0.0,0.0));
#18674=DIRECTION('',(0.0,0.0,-1.0));
#18675=DIRECTION('',(1.0,0.0,0.0));
#18676=DIRECTION('',(0.0,0.0,1.0));
#18677=DIRECTION('',(1.0,0.0,0.0));
#18678=DIRECTION('',(0.0,0.0,-1.0));
#18679=DIRECTION('',(0.0,-1.0,0.0));
#18680=DIRECTION('',(1.0,0.0,0.0));
#18681=DIRECTION('',(0.0,-1.0,0.0));
#18682=DIRECTION('',(0.0,1.0,0.0));
#18683=DIRECTION('',(1.0,0.0,0.0));
#18684=DIRECTION('',(0.0,-1.0,0.0));
#18685=CARTESIAN_POINT('',(-2.85011548933102,0.0843006908855475,-0.738939636187005));
#18686=DIRECTION('',(1.0,0.0,-0.0));
#18687=DIRECTION('',(0.0,0.0,1.0));
#18688=DIRECTION('',(0.0,1.0,6.69951899501752E-13));
#18689=DIRECTION('',(0.0,0.0,-1.0));
#18690=DIRECTION('',(-0.172380787490095,0.0,-0.985030387401472));
#18691=DIRECTION('',(0.0,0.0,-1.0));
#18692=DIRECTION('',(-1.0,0.0,0.0));
#18693=DIRECTION('',(-0.780868809442894,0.0,-0.624695047554595));
#18694=CARTESIAN_POINT('',(-3.19511616430744,0.329300690887528,-2.72679491924101));
#18695=DIRECTION('',(0.0,1.0,0.0));
#18696=DIRECTION('',(1.0,0.0,-1.73472347597681E-14));
#18697=DIRECTION('',(0.0,0.0,1.0));
#18698=CARTESIAN_POINT('',(-3.19511616430744,0.329300690887528,-1.51999999999801));
#18699=DIRECTION('',(0.0,1.0,0.0));
#18700=DIRECTION('',(0.0,0.0,1.0));
#18701=DIRECTION('',(-1.0,0.0,0.0));
#18702=DIRECTION('',(0.0,0.0,1.0));
#18703=DIRECTION('',(-0.275637355816913,0.0,-0.961261695938344));
#18704=DIRECTION('',(1.0,0.0,0.0));
#18705=DIRECTION('',(-0.275637355816913,0.0,0.961261695938344));
#18706=DIRECTION('',(0.0,0.0,1.0));
#18707=DIRECTION('',(-1.0,0.0,0.0));
#18708=CARTESIAN_POINT('',(3.19488383569256,0.329300690887528,-1.51999999999801));
#18709=DIRECTION('',(0.0,1.0,0.0));
#18710=DIRECTION('',(-1.0,0.0,1.73472347597681E-14));
#18711=DIRECTION('',(0.0,0.0,-1.0));
#18712=CARTESIAN_POINT('',(3.19488383569256,0.329300690887528,-2.72679491924101));
#18713=DIRECTION('',(0.0,1.0,0.0));
#18714=DIRECTION('',(-0.500000000020188,0.0,-0.866025403772783));
#18715=DIRECTION('',(-0.780868809442894,0.0,0.624695047554595));
#18716=DIRECTION('',(-1.0,0.0,0.0));
#18717=DIRECTION('',(0.0,0.0,-1.0));
#18718=DIRECTION('',(0.172380787490095,0.0,-0.985030387401472));
#18719=DIRECTION('',(0.0,0.0,-1.0));
#18720=DIRECTION('',(1.0,0.0,0.0));
#18721=DIRECTION('',(0.0,0.0,1.0));
#18722=DIRECTION('',(0.172380787490095,0.0,0.985030387401472));
#18723=DIRECTION('',(0.0,0.0,-1.0));
#18724=DIRECTION('',(-1.0,0.0,0.0));
#18725=DIRECTION('',(0.0,0.0,-1.0));
#18726=DIRECTION('',(-0.172380787490095,0.0,0.985030387401472));
#18727=DIRECTION('',(0.0,0.0,1.0));
#18728=DIRECTION('',(-1.0,0.0,0.0));
#18729=DIRECTION('',(0.0,0.0,-1.0));
#18730=DIRECTION('',(-0.172380787490095,0.0,-0.985030387401472));
#18731=DIRECTION('',(0.0,0.0,-1.0));
#18732=DIRECTION('',(-1.0,0.0,0.0));
#18733=DIRECTION('',(0.0,0.0,-1.0));
#18734=DIRECTION('',(0.172380787490095,0.0,-0.985030387401472));
#18735=DIRECTION('',(0.0,0.0,-1.0));
#18736=DIRECTION('',(-1.0,0.0,0.0));
#18737=DIRECTION('',(0.0,0.0,1.0));
#18738=DIRECTION('',(0.172380787490095,0.0,0.985030387401472));
#18739=DIRECTION('',(0.0,0.0,-1.0));
#18740=DIRECTION('',(-1.0,0.0,0.0));
#18741=DIRECTION('',(0.0,0.0,-1.0));
#18742=DIRECTION('',(0.172380787490095,0.0,-0.985030387401472));
#18743=DIRECTION('',(0.0,0.0,-1.0));
#18744=DIRECTION('',(-1.0,0.0,0.0));
#18745=DIRECTION('',(0.0,0.0,1.0));
#18746=DIRECTION('',(0.172380787490095,0.0,0.985030387401472));
#18747=DIRECTION('',(0.0,0.0,-1.0));
#18748=DIRECTION('',(-1.0,0.0,0.0));
#18749=DIRECTION('',(0.0,0.0,-1.0));
#18750=DIRECTION('',(-0.172380787490095,0.0,0.985030387401472));
#18751=DIRECTION('',(0.0,0.0,1.0));
#18752=DIRECTION('',(-1.0,0.0,0.0));
#18753=DIRECTION('',(0.0,0.0,-1.0));
#18754=DIRECTION('',(-0.172380787490095,0.0,-0.985030387401472));
#18755=DIRECTION('',(0.0,0.0,-1.0));
#18756=DIRECTION('',(-1.0,0.0,0.0));
#18757=DIRECTION('',(0.0,0.0,-1.0));
#18758=DIRECTION('',(-0.172380787490095,0.0,0.985030387401472));
#18759=DIRECTION('',(0.0,0.0,1.0));
#18760=DIRECTION('',(-1.0,0.0,0.0));
#18761=DIRECTION('',(0.0,0.0,-1.0));
#18762=DIRECTION('',(-0.172380787490095,0.0,-0.985030387401472));
#18763=DIRECTION('',(0.0,0.0,-1.0));
#18764=DIRECTION('',(-1.0,0.0,0.0));
#18765=DIRECTION('',(0.0,0.0,-1.0));
#18766=DIRECTION('',(-0.172380787490095,0.0,0.985030387401472));
#18767=DIRECTION('',(0.0,0.0,1.0));
#18768=DIRECTION('',(-1.0,0.0,0.0));
#18769=DIRECTION('',(0.0,0.0,-1.0));
#18770=DIRECTION('',(-0.172380787490095,0.0,-0.985030387401472));
#18771=DIRECTION('',(0.0,0.0,-1.0));
#18772=DIRECTION('',(-1.0,0.0,0.0));
#18773=DIRECTION('',(0.0,0.0,-1.0));
#18774=DIRECTION('',(-0.172380787490095,0.0,0.985030387401472));
#18775=DIRECTION('',(0.0,0.0,1.0));
#18776=DIRECTION('',(1.0,0.0,0.0));
#18777=CARTESIAN_POINT('',(-2.65011548933102,0.0843006908855475,-0.738939636187005));
#18778=DIRECTION('',(-1.0,0.0,0.0));
#18779=DIRECTION('',(0.0,0.0,-1.0));
#18780=CARTESIAN_POINT('',(-2.63261551336465,0.0843006908855475,-0.738939636187005));
#18781=DIRECTION('',(0.985030387401473,5.99730906531983E-14,0.172380787490095));
#18782=DIRECTION('',(-0.172380787490095,3.42702441379542E-13,0.985030387401473));
#18783=DIRECTION('',(1.0,0.0,0.0));
#18784=CARTESIAN_POINT('',(-2.86761546529364,0.0843006908855475,-0.738939636187005));
#18785=DIRECTION('',(-0.985030387401473,-1.15486836016597E-13,0.172380787490095));
#18786=DIRECTION('',(-0.172380787490095,6.59922979106563E-13,-0.985030387401473));
#18787=DIRECTION('',(-0.172380787490095,0.0,-0.985030387401472));
#18788=DIRECTION('',(0.0,1.0,6.69951899501752E-13));
#18789=DIRECTION('',(0.0,0.0,1.0));
#18790=DIRECTION('',(0.0,-1.0,1.698197138402E-11));
#18791=DIRECTION('',(0.0,-1.0,1.47721834775E-10));
#18792=DIRECTION('',(0.0,0.0,-1.0));
#18793=DIRECTION('',(0.0,-1.0,-6.69951899501752E-13));
#18794=DIRECTION('',(0.0,0.0,-1.0));
#18795=DIRECTION('',(-1.0,-2.850450914958E-12,1.267308952308E-12));
#18796=DIRECTION('',(2.060573933704E-12,-1.0,0.0));
#18797=DIRECTION('',(0.0,-1.0,0.0));
#18798=DIRECTION('',(-1.0,0.0,0.0));
#18799=DIRECTION('',(0.0,-1.0,0.0));
#18800=DIRECTION('',(0.0,-1.0,0.0));
#18801=DIRECTION('',(-1.0,0.0,0.0));
#18802=DIRECTION('',(0.0,-1.0,0.0));
#18803=DIRECTION('',(0.0,-1.0,0.0));
#18804=DIRECTION('',(-1.0,0.0,0.0));
#18805=DIRECTION('',(0.0,-1.0,0.0));
#18806=DIRECTION('',(0.0,-1.0,0.0));
#18807=DIRECTION('',(-1.0,0.0,0.0));
#18808=DIRECTION('',(0.0,-1.0,0.0));
#18809=DIRECTION('',(0.0,-1.0,0.0));
#18810=DIRECTION('',(-1.0,0.0,0.0));
#18811=DIRECTION('',(0.0,-1.0,0.0));
#18812=DIRECTION('',(0.0,-1.0,0.0));
#18813=DIRECTION('',(-1.0,0.0,0.0));
#18814=DIRECTION('',(0.0,-1.0,0.0));
#18815=DIRECTION('',(0.0,-1.0,0.0));
#18816=DIRECTION('',(-1.0,0.0,0.0));
#18817=DIRECTION('',(0.0,-1.0,0.0));
#18818=DIRECTION('',(-2.060573933704E-12,-1.0,0.0));
#18819=DIRECTION('',(-1.0,2.850119505765E-12,-1.267308952331E-12));
#18820=DIRECTION('',(0.0,-1.0,1.694644424723E-11));
#18821=DIRECTION('',(0.0,1.0,0.0));
#18822=DIRECTION('',(-3.47812060035416E-05,0.999999999102546,-2.41904100447211E-05));
#18823=DIRECTION('',(-0.615457454896897,0.615457454896697,-0.492365963916998));
#18824=CARTESIAN_POINT('',(-2.94511616430744,0.204300690887528,-2.779999999998));
#18825=DIRECTION('',(-0.624695047554424,0.0,0.78086880944303));
#18826=DIRECTION('',(0.78086880944303,0.0,0.624695047554424));
#18827=DIRECTION('',(0.0,-1.0,0.0));
#18828=CARTESIAN_POINT('',(-2.94511616430744,-0.240699309165573,-2.779999999998));
#18829=DIRECTION('',(-0.624695047554424,0.0,0.78086880944303));
#18830=DIRECTION('',(-0.78086880944303,0.0,-0.624695047554424));
#18831=DIRECTION('',(-0.615457454896897,-0.615457454896697,-0.492365963916998));
#18832=DIRECTION('',(-2.060573933301E-12,-1.0,0.0));
#18833=DIRECTION('',(0.780868809442894,2.64312219467798E-12,0.624695047554595));
#18834=DIRECTION('',(3.47812163106716E-05,0.999999999102545,2.41904171755111E-05));
#18835=CARTESIAN_POINT('',(-3.19511616430744,-0.320699309112472,-2.72679491924101));
#18836=DIRECTION('',(0.0,-1.0,0.0));
#18837=DIRECTION('',(0.500000000017397,0.0,-0.866025403774395));
#18838=DIRECTION('',(0.0,-1.0,-5.329070518356E-14));
#18839=CARTESIAN_POINT('',(-3.19511616430744,-0.0706993091141925,-2.72679491924101));
#18840=DIRECTION('',(0.0,1.0,0.0));
#18841=DIRECTION('',(1.0,0.0,-1.73472347597681E-14));
#18842=CARTESIAN_POINT('',(-3.19511616430744,0.0793006908907375,-2.72679491924101));
#18843=DIRECTION('',(0.0,1.0,0.0));
#18844=DIRECTION('',(1.0,0.0,-1.73472347597681E-14));
#18845=DIRECTION('',(0.0,-1.0,0.0));
#18846=DIRECTION('',(1.0,1.421779360911E-11,0.0));
#18847=CARTESIAN_POINT('',(3.19488383569256,-0.0706993090347025,-1.51999999999801));
#18848=DIRECTION('',(0.0,-1.0,0.0));
#18849=DIRECTION('',(0.0,0.0,1.0));
#18850=DIRECTION('',(0.0,-4.931235296179E-12,1.0));
#18851=CARTESIAN_POINT('',(3.19488383569256,-0.0706993090281525,-2.72679491924101));
#18852=DIRECTION('',(0.0,-1.0,-0.0));
#18853=DIRECTION('',(-1.0,0.0,-3.46944695195361E-14));
#18854=DIRECTION('',(0.0,0.0,-1.0));
#18855=CARTESIAN_POINT('',(3.34489442046656,-0.0706993093163925,-1.650554152655));
#18856=DIRECTION('',(-2.56951186431407E-15,1.0,-4.11577884513931E-12));
#18857=DIRECTION('',(-0.99999980512009,0.0,0.00062430744222382));
#18858=DIRECTION('',(0.0,0.0,1.0));
#18859=CARTESIAN_POINT('',(3.19488383569256,-0.070699309076871,-0.770118102095445));
#18860=DIRECTION('',(0.0,1.0,0.0));
#18861=DIRECTION('',(0.0,0.0,-1.0));
#18862=DIRECTION('',(-0.267999504819213,-2.1029095726741E-13,0.963419049747646));
#18863=CARTESIAN_POINT('',(3.14473407833029,-0.070699309076871,-0.589837054130005));
#18864=DIRECTION('',(0.0,1.0,0.0));
#18865=DIRECTION('',(0.0,0.0,-1.0));
#18866=DIRECTION('',(1.0,0.0,0.0));
#18867=DIRECTION('',(0.275637355816913,8.65936714542939E-12,-0.961261695938344));
#18868=DIRECTION('',(0.0,-4.931378854123E-12,1.0));
#18869=DIRECTION('',(0.0,4.931223796472E-12,-1.0));
#18870=CARTESIAN_POINT('',(-3.19511616430744,-0.0706993091218125,-1.51999999999801));
#18871=DIRECTION('',(0.0,-1.0,0.0));
#18872=DIRECTION('',(1.0,0.0,1.73472347597681E-14));
#18873=DIRECTION('',(1.0,1.421723849759E-11,0.0));
#18874=DIRECTION('',(0.0,4.931378854123E-12,-1.0));
#18875=DIRECTION('',(-0.275637355816913,8.21117669756337E-13,-0.961261695938344));
#18876=DIRECTION('',(1.0,0.0,0.0));
#18877=CARTESIAN_POINT('',(-3.14494524021879,-0.070699309076871,-0.589837054130005));
#18878=DIRECTION('',(0.0,1.0,0.0));
#18879=DIRECTION('',(0.0,0.0,-1.0));
#18880=DIRECTION('',(-0.267999504819213,-2.33008043868211E-12,-0.963419049747646));
#18881=CARTESIAN_POINT('',(-3.19511616430744,-0.070699309076871,-0.770194193383134));
#18882=DIRECTION('',(0.0,1.0,0.0));
#18883=DIRECTION('',(0.0,0.0,-1.0));
#18884=DIRECTION('',(0.0,0.0,1.0));
#18885=DIRECTION('',(0.0,0.0,1.0));
#18886=DIRECTION('',(0.0,-1.0,0.0));
#18887=DIRECTION('',(0.0,1.63764631282E-12,-1.0));
#18888=DIRECTION('',(0.0,1.0,0.0));
#18889=DIRECTION('',(0.0,-1.0,0.0));
#18890=DIRECTION('',(0.0,-4.115185333573E-12,1.0));
#18891=DIRECTION('',(0.0,1.0,0.0));
#18892=DIRECTION('',(-1.0,-4.692912725091E-12,0.0));
#18893=DIRECTION('',(0.0,1.0,0.0));
#18894=DIRECTION('',(1.0,1.376065927872E-11,0.0));
#18895=DIRECTION('',(0.0,1.0,0.0));
#18896=CARTESIAN_POINT('',(3.19488383569256,-0.320699309112472,-1.51999999999801));
#18897=DIRECTION('',(0.0,-1.0,0.0));
#18898=DIRECTION('',(0.0,0.0,1.0));
#18899=DIRECTION('',(0.0,-1.0,0.0));
#18900=CARTESIAN_POINT('',(3.19488383569256,0.0793006909686075,-1.51999999999801));
#18901=DIRECTION('',(0.0,-1.0,0.0));
#18902=DIRECTION('',(0.0,0.0,1.0));
#18903=DIRECTION('',(0.0,-1.0,0.0));
#18904=DIRECTION('',(0.0,-4.115066601417E-12,1.0));
#18905=DIRECTION('',(0.0,1.0,0.0));
#18906=DIRECTION('',(0.0,1.637420259955E-12,-1.0));
#18907=DIRECTION('',(0.0,1.0,0.0));
#18908=CARTESIAN_POINT('',(3.19488383569256,-0.320699309112472,-2.72679491924101));
#18909=DIRECTION('',(0.0,-1.0,-0.0));
#18910=DIRECTION('',(-1.0,0.0,-1.73472347597681E-14));
#18911=DIRECTION('',(-3.38668338259498E-05,-0.999999999148094,2.35976488837499E-05));
#18912=CARTESIAN_POINT('',(3.19488383569256,0.0793006909740075,-2.72679491924101));
#18913=DIRECTION('',(0.0,-1.0,-0.0));
#18914=DIRECTION('',(-1.0,0.0,-1.73472347597681E-14));
#18915=DIRECTION('',(3.38668237657398E-05,-0.999999999148095,-2.35976419086799E-05));
#18916=DIRECTION('',(0.0,-1.0,0.0));
#18917=DIRECTION('',(0.780868809442894,4.68875035347896E-12,-0.624695047554595));
#18918=DIRECTION('',(0.0,-1.0,0.0));
#18919=DIRECTION('',(-0.615457454896897,0.615457454896697,0.492365963916998));
#18920=CARTESIAN_POINT('',(2.94488383569256,-0.240699309165573,-2.779999999998));
#18921=DIRECTION('',(0.624695047554424,0.0,0.78086880944303));
#18922=DIRECTION('',(-0.78086880944303,0.0,0.624695047554424));
#18923=DIRECTION('',(0.0,-1.0,0.0));
#18924=CARTESIAN_POINT('',(2.94488383569256,0.204300690887528,-2.779999999998));
#18925=DIRECTION('',(0.624695047554424,0.0,0.78086880944303));
#18926=DIRECTION('',(0.78086880944303,0.0,-0.624695047554424));
#18927=DIRECTION('',(0.615457454896897,0.615457454896697,-0.492365963916998));
#18928=CARTESIAN_POINT('',(2.94488383569256,0.204300690887528,-2.879999999998));
#18929=DIRECTION('',(0.0,0.624695047554424,0.78086880944303));
#18930=DIRECTION('',(0.0,0.78086880944303,-0.624695047554424));
#18931=CARTESIAN_POINT('',(-2.94511616430744,0.204300690887528,-2.879999999998));
#18932=DIRECTION('',(0.0,0.624695047554424,0.78086880944303));
#18933=DIRECTION('',(0.0,-0.78086880944303,0.624695047554424));
#18934=DIRECTION('',(-1.0,0.0,0.0));
#18935=DIRECTION('',(-1.0,0.0,0.0));
#18936=DIRECTION('',(-1.0,0.0,0.0));
#18937=DIRECTION('',(-1.0,0.0,0.0));
#18938=DIRECTION('',(-1.0,0.0,0.0));
#18939=DIRECTION('',(-1.0,0.0,0.0));
#18940=DIRECTION('',(-1.0,0.0,0.0));
#18941=DIRECTION('',(-1.0,0.0,0.0));
#18942=DIRECTION('',(0.0,0.0,1.0));
#18943=DIRECTION('',(-0.172380787490095,0.0,-0.985030387401472));
#18944=DIRECTION('',(1.0,0.0,0.0));
#18945=DIRECTION('',(-0.172380787490095,0.0,0.985030387401472));
#18946=DIRECTION('',(0.0,0.0,-1.0));
#18947=DIRECTION('',(0.0,0.0,1.0));
#18948=DIRECTION('',(0.172380787490095,0.0,0.985030387401472));
#18949=DIRECTION('',(-1.0,0.0,0.0));
#18950=DIRECTION('',(0.172380787490095,0.0,-0.985030387401472));
#18951=DIRECTION('',(0.0,0.0,-1.0));
#18952=DIRECTION('',(0.0,0.0,1.0));
#18953=DIRECTION('',(-0.172380787490095,0.0,-0.985030387401472));
#18954=DIRECTION('',(1.0,0.0,0.0));
#18955=DIRECTION('',(-0.172380787490095,0.0,0.985030387401472));
#18956=DIRECTION('',(0.0,0.0,-1.0));
#18957=DIRECTION('',(0.0,0.0,1.0));
#18958=DIRECTION('',(-0.172380787490095,0.0,-0.985030387401472));
#18959=DIRECTION('',(1.0,0.0,0.0));
#18960=DIRECTION('',(-0.172380787490095,0.0,0.985030387401472));
#18961=DIRECTION('',(0.0,0.0,-1.0));
#18962=DIRECTION('',(0.0,0.0,1.0));
#18963=DIRECTION('',(-0.172380787490095,0.0,-0.985030387401472));
#18964=DIRECTION('',(1.0,0.0,0.0));
#18965=DIRECTION('',(-0.172380787490095,0.0,0.985030387401472));
#18966=DIRECTION('',(0.0,0.0,-1.0));
#18967=DIRECTION('',(0.0,0.0,1.0));
#18968=DIRECTION('',(-0.172380787490095,0.0,-0.985030387401472));
#18969=DIRECTION('',(1.0,0.0,0.0));
#18970=DIRECTION('',(-0.172380787490095,0.0,0.985030387401472));
#18971=DIRECTION('',(0.0,0.0,-1.0));
#18972=DIRECTION('',(0.0,0.0,1.0));
#18973=DIRECTION('',(-0.172380787490095,0.0,-0.985030387401472));
#18974=DIRECTION('',(-1.0,0.0,0.0));
#18975=DIRECTION('',(0.172380787490095,0.0,-0.985030387401472));
#18976=DIRECTION('',(0.0,0.0,-1.0));
#18977=DIRECTION('',(-0.172380787490095,0.0,0.985030387401472));
#18978=DIRECTION('',(0.0,0.0,-1.0));
#18979=DIRECTION('',(0.0,1.0,-3.47910527190534E-13));
#18980=DIRECTION('',(0.0,-1.0,3.47910527190534E-13));
#18981=DIRECTION('',(0.0,0.0,-1.0));
#18982=DIRECTION('',(0.0,-1.0,1.544009363267E-10));
#18983=DIRECTION('',(0.0,0.0,1.0));
#18984=CARTESIAN_POINT('',(2.86738313667869,0.0843006908855475,-0.738939636187005));
#18985=DIRECTION('',(-0.985030387401473,-5.99730906531983E-14,-0.172380787490095));
#18986=DIRECTION('',(-0.172380787490095,3.42702441379542E-13,0.985030387401473));
#18987=DIRECTION('',(0.0,1.0,-3.47910527190534E-13));
#18988=CARTESIAN_POINT('',(2.84988316071608,0.0843006908855475,-0.738939636187005));
#18989=DIRECTION('',(-1.0,0.0,0.0));
#18990=DIRECTION('',(0.0,0.0,1.0));
#18991=CARTESIAN_POINT('',(2.63238318474869,0.0843006908855475,-0.738939636187005));
#18992=DIRECTION('',(-0.985030387401473,-1.15486836016597E-13,0.172380787490095));
#18993=DIRECTION('',(-0.172380787490095,6.59922979106563E-13,-0.985030387401473));
#18994=CARTESIAN_POINT('',(2.64988316071607,0.0843006908855475,-0.738939636187005));
#18995=DIRECTION('',(1.0,0.0,0.0));
#18996=DIRECTION('',(0.0,0.0,-1.0));
#18997=DIRECTION('',(0.0,1.0,6.69951899501752E-13));
#18998=DIRECTION('',(0.0,-1.0,-6.69951899501752E-13));
#18999=DIRECTION('',(0.172380787490095,0.0,0.985030387401472));
#19000=DIRECTION('',(0.0,0.0,1.0));
#19001=DIRECTION('',(1.0,0.0,0.0));
#19002=DIRECTION('',(0.0,0.0,1.0));
#19003=DIRECTION('',(0.172380787490095,0.0,-0.985030387401472));
#19004=DIRECTION('',(1.0,4.694743362637E-12,0.0));
#19005=DIRECTION('',(-0.275637355816913,-2.86806368019713E-12,0.961261695938344));
#19006=DIRECTION('',(1.0,4.694535617807E-12,0.0));
#19007=DIRECTION('',(-0.275637355816913,2.79921441489713E-13,-0.961261695938344));
#19008=DIRECTION('',(0.0,-1.63764631282E-12,1.0));
#19009=DIRECTION('',(-1.0,-4.697353617189E-12,0.0));
#19010=CARTESIAN_POINT('',(-3.19511616430744,-0.320699309112472,-1.51999999999801));
#19011=DIRECTION('',(0.0,-1.0,0.0));
#19012=DIRECTION('',(1.0,0.0,1.73472347597681E-14));
#19013=DIRECTION('',(0.0,-1.637420259955E-12,1.0));
#19014=DIRECTION('',(1.0,4.694743362551E-12,0.0));
#19015=DIRECTION('',(-0.172380787490095,0.0,-0.985030387401472));
#19016=DIRECTION('',(0.0,0.0,1.0));
#19017=DIRECTION('',(1.0,0.0,0.0));
#19018=DIRECTION('',(0.0,0.0,1.0));
#19019=DIRECTION('',(-0.172380787490095,0.0,0.985030387401472));
#19020=DIRECTION('',(0.0,2.251182040067E-12,1.0));
#19021=DIRECTION('',(-1.0,-4.694529143478E-12,0.0));
#19022=DIRECTION('',(0.0,-7.595076600794E-12,-1.0));
#19023=DIRECTION('',(0.172380787490095,-2.41112213153293E-12,0.985030387401472));
#19024=DIRECTION('',(0.0,0.0,1.0));
#19025=DIRECTION('',(1.0,1.408345662313E-11,3.02247116224E-11));
#19026=DIRECTION('',(0.0,0.0,1.0));
#19027=DIRECTION('',(0.172380787490095,7.2669946996428E-12,-0.985030387401472));
#19028=DIRECTION('',(0.0,8.768124183395E-12,1.0));
#19029=DIRECTION('',(1.0,4.694557817441E-12,0.0));
#19030=DIRECTION('',(0.0,-1.418638383811E-11,-1.0));
#19031=DIRECTION('',(-0.172380787490095,0.0,-0.985030387401472));
#19032=DIRECTION('',(0.0,0.0,-1.0));
#19033=DIRECTION('',(1.0,0.0,0.0));
#19034=DIRECTION('',(0.0,0.0,1.0));
#19035=DIRECTION('',(-0.172380787490095,0.0,0.985030387401472));
#19036=DIRECTION('',(0.0,1.571248666183E-11,1.0));
#19037=DIRECTION('',(1.0,4.69455781743E-12,0.0));
#19038=DIRECTION('',(0.0,-1.727984832079E-11,-1.0));
#19039=DIRECTION('',(-0.172380787490095,0.0,-0.985030387401472));
#19040=DIRECTION('',(0.0,0.0,-1.0));
#19041=DIRECTION('',(1.0,0.0,0.0));
#19042=DIRECTION('',(0.0,0.0,1.0));
#19043=DIRECTION('',(-0.172380787490095,0.0,0.985030387401472));
#19044=DIRECTION('',(0.0,1.882457290388E-11,1.0));
#19045=DIRECTION('',(1.0,4.694565390618E-12,0.0));
#19046=DIRECTION('',(0.0,-2.014045217658E-11,-1.0));
#19047=DIRECTION('',(0.172380787490095,0.0,0.985030387401472));
#19048=DIRECTION('',(0.0,0.0,1.0));
#19049=DIRECTION('',(1.0,0.0,0.0));
#19050=DIRECTION('',(0.0,0.0,-1.0));
#19051=DIRECTION('',(0.172380787490095,0.0,-0.985030387401472));
#19052=DIRECTION('',(0.0,2.1685306814E-11,1.0));
#19053=DIRECTION('',(1.0,4.69455781743E-12,0.0));
#19054=DIRECTION('',(0.0,-2.266506107741E-11,-1.0));
#19055=DIRECTION('',(0.172380787490095,0.0,0.985030387401472));
#19056=DIRECTION('',(0.0,0.0,1.0));
#19057=DIRECTION('',(1.0,0.0,0.0));
#19058=DIRECTION('',(0.0,0.0,-1.0));
#19059=DIRECTION('',(0.172380787490095,0.0,-0.985030387401472));
#19060=DIRECTION('',(0.0,2.419132387152E-11,1.0));
#19061=DIRECTION('',(1.0,4.694799170473E-12,0.0));
#19062=DIRECTION('',(0.0,-1.845671581757E-11,-1.0));
#19063=DIRECTION('',(0.172380787490095,-2.41139553238693E-12,0.985030387401472));
#19064=DIRECTION('',(0.0,0.0,1.0));
#19065=DIRECTION('',(1.0,1.408317906737E-11,3.02158298382E-11));
#19066=DIRECTION('',(0.0,0.0,1.0));
#19067=DIRECTION('',(0.172380787490095,7.2669946996428E-12,-0.985030387401472));
#19068=DIRECTION('',(0.0,1.962981477415E-11,1.0));
#19069=DIRECTION('',(-1.0,-4.694529143478E-12,0.0));
#19070=DIRECTION('',(0.0,-2.497371281254E-11,-1.0));
#19071=DIRECTION('',(7.105427350872E-14,-1.0,1.541877735139E-10));
#19072=DIRECTION('',(0.0,0.0,1.0));
#19073=DIRECTION('',(0.0,-1.0,-6.69951899501752E-13));
#19074=DIRECTION('',(-0.172380787490095,0.0,-0.985030387401472));
#19075=CARTESIAN_POINT('',(2.63238344414107,-0.0756993091024525,-0.738938153949004));
#19076=DIRECTION('',(0.985030387401473,1.15486836016597E-13,-0.172380787490095));
#19077=DIRECTION('',(0.172380787490095,-6.59922979106563E-13,0.985030387401473));
#19078=DIRECTION('',(0.0,1.0,6.69951899501752E-13));
#19079=CARTESIAN_POINT('',(2.64988316071607,-0.0756993091024525,-0.738938153949004));
#19080=DIRECTION('',(1.0,0.0,0.0));
#19081=DIRECTION('',(0.0,0.0,-1.0));
#19082=DIRECTION('',(-1.0,0.0,0.0));
#19083=CARTESIAN_POINT('',(2.86738287728634,-0.0756993091024525,-0.738938153949004));
#19084=DIRECTION('',(-0.985030387401473,-5.99730906531983E-14,-0.172380787490095));
#19085=DIRECTION('',(0.172380787490095,-3.42702441379542E-13,-0.985030387401473));
#19086=CARTESIAN_POINT('',(2.84988316071608,-0.0756993091024525,-0.738938153949004));
#19087=DIRECTION('',(1.0,0.0,-0.0));
#19088=DIRECTION('',(0.0,0.0,1.0));
#19089=DIRECTION('',(0.0,1.0,-3.47910527190534E-13));
#19090=DIRECTION('',(0.172380787490095,0.0,-0.985030387401472));
#19091=DIRECTION('',(-1.0,-6.579107665684E-14,-2.631643066274E-14));
#19092=DIRECTION('',(0.0,1.231639597317E-12,1.0));
#19093=DIRECTION('',(0.172380787490095,1.73335208925295E-13,-0.985030387401472));
#19094=DIRECTION('',(1.0,8.929031260878E-14,0.0));
#19095=DIRECTION('',(-0.172380787490095,1.42714478011096E-13,-0.985030387401472));
#19096=DIRECTION('',(0.0,-1.228788341888E-12,-1.0));
#19097=DIRECTION('',(-1.0,-6.599654428706E-14,-2.960592640915E-14));
#19098=DIRECTION('',(0.0,0.0,1.0));
#19099=DIRECTION('',(0.172380787490095,0.0,-0.985030387401472));
#19100=DIRECTION('',(-1.0,0.0,0.0));
#19101=DIRECTION('',(-0.172380787490095,0.0,-0.985030387401472));
#19102=DIRECTION('',(0.0,0.0,-1.0));
#19103=DIRECTION('',(-1.0,-6.579094757558E-14,-2.631637903023E-14));
#19104=DIRECTION('',(0.0,0.0,1.0));
#19105=DIRECTION('',(0.172380787490095,0.0,-0.985030387401472));
#19106=DIRECTION('',(-1.0,0.0,0.0));
#19107=DIRECTION('',(-0.172380787490095,0.0,-0.985030387401472));
#19108=DIRECTION('',(0.0,0.0,-1.0));
#19109=DIRECTION('',(-1.0,-6.599654428696E-14,-3.289547378789E-14));
#19110=DIRECTION('',(0.0,0.0,1.0));
#19111=DIRECTION('',(0.172380787490095,0.0,-0.985030387401472));
#19112=DIRECTION('',(1.0,0.0,0.0));
#19113=DIRECTION('',(-0.172380787490095,0.0,-0.985030387401472));
#19114=DIRECTION('',(0.0,0.0,-1.0));
#19115=DIRECTION('',(-1.0,-6.558535086461E-14,-2.302683165152E-14));
#19116=DIRECTION('',(0.0,0.0,1.0));
#19117=DIRECTION('',(0.172380787490095,0.0,-0.985030387401472));
#19118=DIRECTION('',(1.0,0.0,0.0));
#19119=DIRECTION('',(-0.172380787490095,0.0,-0.985030387401472));
#19120=DIRECTION('',(0.0,0.0,-1.0));
#19121=DIRECTION('',(-1.0,-6.579094757558E-14,-3.947456854535E-14));
#19122=DIRECTION('',(0.0,1.204796697108E-12,1.0));
#19123=DIRECTION('',(-0.172380787490095,-1.73882007691595E-13,0.985030387401472));
#19124=DIRECTION('',(1.0,8.905409485056E-14,0.0));
#19125=DIRECTION('',(-0.172380787490095,1.43261276777396E-13,-0.985030387401472));
#19126=DIRECTION('',(0.0,-1.201919754694E-12,-1.0));
#19127=DIRECTION('',(-1.0,-6.537975415353E-14,-2.960592640915E-14));
#19128=DIRECTION('',(0.0,0.0,1.0));
#19129=DIRECTION('',(0.172380787490095,0.0,-0.985030387401472));
#19130=DIRECTION('',(1.0,0.0,0.0));
#19131=DIRECTION('',(-0.172380787490095,0.0,-0.985030387401472));
#19132=DIRECTION('',(-1.0,-6.579107665839E-14,-2.960598449627E-14));
#19133=DIRECTION('',(1.0,6.584616439468E-14,3.032804830241E-14));
#19134=DIRECTION('',(1.0,6.564802459226E-14,1.930824252713E-14));
#19135=DIRECTION('',(1.0,6.613073065528E-14,3.861648505418E-14));
#19136=DIRECTION('',(1.0,6.588948391542E-14,3.089323787976E-14));
#19137=DIRECTION('',(1.0,6.56480245921E-14,3.089318804334E-14));
#19138=DIRECTION('',(1.0,6.588937762385E-14,3.089318804341E-14));
#19139=DIRECTION('',(1.0,6.584616439468E-14,3.032804830241E-14));
#19140=DIRECTION('',(1.0,2.463530621595E-11,1.10239971207E-11));
#19141=CARTESIAN_POINT('',(-2.94511616430744,-0.240699309165573,-2.91600000004049));
#19142=DIRECTION('',(0.0,-0.624695047554424,0.78086880944303));
#19143=DIRECTION('',(0.0,-0.78086880944303,-0.624695047554424));
#19144=CARTESIAN_POINT('',(2.94488383569256,-0.240699309165573,-2.91600000004049));
#19145=DIRECTION('',(0.0,-0.624695047554424,0.78086880944303));
#19146=DIRECTION('',(0.0,0.78086880944303,0.624695047554424));
#19147=DIRECTION('',(1.0,-2.577469120022E-11,-1.152773917309E-11));
#19148=DIRECTION('',(8.937295343905E-14,-1.0,1.512034940965E-10));
#19149=DIRECTION('',(8.937295344286E-14,-1.0,1.509192770088E-10));
#19150=DIRECTION('',(8.881784193901E-14,-1.0,1.503508428344E-10));
#19151=DIRECTION('',(9.103828798361E-14,-1.0,1.505995327854E-10));
#19152=DIRECTION('',(7.993605775251E-14,-1.0,1.497113543863E-10));
#19153=DIRECTION('',(7.993605774911E-14,-1.0,1.500666257477E-10));
#19154=DIRECTION('',(8.88178419719E-14,-1.0,1.479349975884E-10));
#19155=DIRECTION('',(7.993605775651E-14,-1.0,1.494981915731E-10));
#19156=DIRECTION('',(8.437694982285E-14,-1.0,1.518429825444E-10));
#19157=DIRECTION('',(8.881784192257E-14,-1.0,1.514877111831E-10));
#19158=DIRECTION('',(7.993605771951E-14,-1.0,1.524114167185E-10));
#19159=DIRECTION('',(7.993605772291E-14,-1.0,1.520561453574E-10));
#19160=DIRECTION('',(7.993605771551E-14,-1.0,1.52695633805E-10));
#19161=DIRECTION('',(0.0,-1.0,3.47910527190534E-13));
#19162=DIRECTION('',(0.0,1.0,-3.47910527190534E-13));
#19163=CARTESIAN_POINT('',(-0.136115606638359,-0.0757025659340464,-1.23893832420846));
#19164=DIRECTION('',(0.985030387401473,5.99730906531983E-14,0.172380787490095));
#19165=DIRECTION('',(0.172380787490095,-3.42702441379542E-13,-0.985030387401473));
#19166=CARTESIAN_POINT('',(-0.35011576531334,-0.0757025659340464,-1.23893832420846));
#19167=DIRECTION('',(1.0,0.0,-0.0));
#19168=DIRECTION('',(0.0,0.0,1.0));
#19169=CARTESIAN_POINT('',(-0.364115329295767,-0.0757025659340464,-1.23893832420846));
#19170=DIRECTION('',(-0.985030387401473,-1.15486836016597E-13,0.172380787490095));
#19171=DIRECTION('',(0.172380787490095,-6.59922979106563E-13,0.985030387401473));
#19172=CARTESIAN_POINT('',(-0.150115956048339,-0.0757025659340464,-1.23893832420846));
#19173=DIRECTION('',(1.0,0.0,-0.0));
#19174=DIRECTION('',(0.0,0.0,1.0));
#19175=DIRECTION('',(0.0,1.0,6.69951899501752E-13));
#19176=DIRECTION('',(0.0,-1.0,-6.69951899501752E-13));
#19177=DIRECTION('',(0.0,-1.0,-6.69951899501752E-13));
#19178=CARTESIAN_POINT('',(0.135883278023026,-0.0757025659340464,-1.23893832420846));
#19179=DIRECTION('',(0.985030387401473,1.15486836016597E-13,-0.172380787490095));
#19180=DIRECTION('',(0.172380787490095,-6.59922979106563E-13,0.985030387401473));
#19181=DIRECTION('',(0.0,1.0,6.69951899501752E-13));
#19182=CARTESIAN_POINT('',(0.149883627439361,-0.0757025659340464,-1.23893832420846));
#19183=DIRECTION('',(1.0,0.0,-0.0));
#19184=DIRECTION('',(0.0,0.0,1.0));
#19185=CARTESIAN_POINT('',(0.36388300068054,-0.0757025659340464,-1.23893832420846));
#19186=DIRECTION('',(-0.985030387401473,-5.99730906531983E-14,-0.172380787490095));
#19187=DIRECTION('',(0.172380787490095,-3.42702441379542E-13,-0.985030387401473));
#19188=CARTESIAN_POINT('',(0.34988343670456,-0.0757025659340464,-1.23893832420846));
#19189=DIRECTION('',(1.0,0.0,-0.0));
#19190=DIRECTION('',(0.0,0.0,1.0));
#19191=DIRECTION('',(0.0,1.0,-3.47910527190534E-13));
#19192=DIRECTION('',(0.0,-1.0,3.47910527190534E-13));
#19193=DIRECTION('',(0.0,-1.0,3.47910527190534E-13));
#19194=DIRECTION('',(0.0,1.0,-3.47910527190534E-13));
#19195=CARTESIAN_POINT('',(-0.632615730616586,-0.0757025659340464,-1.23893832420846));
#19196=DIRECTION('',(0.985030387401473,5.99730906531983E-14,0.172380787490095));
#19197=DIRECTION('',(0.172380787490095,-3.42702441379542E-13,-0.985030387401473));
#19198=CARTESIAN_POINT('',(-0.85011616430754,-0.0757025659340464,-1.23893832420846));
#19199=DIRECTION('',(1.0,0.0,-0.0));
#19200=DIRECTION('',(0.0,0.0,1.0));
#19201=CARTESIAN_POINT('',(-0.867615205318732,-0.0757025659340464,-1.23893832420846));
#19202=DIRECTION('',(-0.985030387401473,-1.15486836016597E-13,0.172380787490095));
#19203=DIRECTION('',(0.172380787490095,-6.59922979106563E-13,0.985030387401473));
#19204=CARTESIAN_POINT('',(-0.65011616430754,-0.0757025659340464,-1.23893832420846));
#19205=DIRECTION('',(1.0,0.0,-0.0));
#19206=DIRECTION('',(0.0,0.0,1.0));
#19207=DIRECTION('',(0.0,1.0,6.69951899501752E-13));
#19208=DIRECTION('',(0.0,-1.0,-6.69951899501752E-13));
#19209=DIRECTION('',(9.769962607808E-14,-1.0,-2.13162820534E-13));
#19210=DIRECTION('',(0.0,1.0,-3.47910527190534E-13));
#19211=CARTESIAN_POINT('',(-1.1326160252561,-0.0756993091024525,-0.738938153949004));
#19212=DIRECTION('',(-0.985030387401472,-5.99730906531983E-14,-0.172380787490095));
#19213=DIRECTION('',(0.172380787490095,-3.42702441379542E-13,-0.985030387401472));
#19214=CARTESIAN_POINT('',(-1.35011576531344,-0.0756993091024525,-0.738938153949004));
#19215=DIRECTION('',(-1.0,0.0,0.0));
#19216=DIRECTION('',(0.0,0.0,1.0));
#19217=CARTESIAN_POINT('',(-1.36761593232738,-0.0756993091024525,-0.738938153949004));
#19218=DIRECTION('',(0.985030387401472,1.15486836016597E-13,-0.172380787490095));
#19219=DIRECTION('',(0.172380787490095,-6.59922979106563E-13,0.985030387401472));
#19220=CARTESIAN_POINT('',(-1.15011595604844,-0.0756993091024525,-0.738938153949004));
#19221=DIRECTION('',(1.0,0.0,-0.0));
#19222=DIRECTION('',(0.0,0.0,1.0));
#19223=DIRECTION('',(0.0,1.0,6.69951899501752E-13));
#19224=DIRECTION('',(9.769962609285E-14,-1.0,-2.131628205662E-13));
#19225=DIRECTION('',(0.0,-1.0,3.47910527190534E-13));
#19226=DIRECTION('',(0.0,1.0,-3.47910527190534E-13));
#19227=CARTESIAN_POINT('',(-2.632615772757,-0.0756993091024525,-0.738938153949004));
#19228=DIRECTION('',(0.985030387401473,5.99730906531983E-14,0.172380787490095));
#19229=DIRECTION('',(0.172380787490095,-3.42702441379542E-13,-0.985030387401473));
#19230=CARTESIAN_POINT('',(-2.85011548933102,-0.0756993091024525,-0.738938153949004));
#19231=DIRECTION('',(1.0,0.0,-0.0));
#19232=DIRECTION('',(0.0,0.0,1.0));
#19233=CARTESIAN_POINT('',(-2.86761520590127,-0.0756993091024525,-0.738938153949004));
#19234=DIRECTION('',(-0.985030387401473,-1.15486836016597E-13,0.172380787490095));
#19235=DIRECTION('',(0.172380787490095,-6.59922979106563E-13,0.985030387401473));
#19236=CARTESIAN_POINT('',(-2.65011548933102,-0.0756993091024525,-0.738938153949004));
#19237=DIRECTION('',(1.0,0.0,0.0));
#19238=DIRECTION('',(0.0,0.0,-1.0));
#19239=DIRECTION('',(0.0,1.0,6.69951899501752E-13));
#19240=DIRECTION('',(0.0,-1.0,-6.69951899501752E-13));
#19241=CARTESIAN_POINT('',(0.632383402001257,-0.0757025659340464,-1.23893832420846));
#19242=DIRECTION('',(0.985030387401473,1.15486836016597E-13,-0.172380787490095));
#19243=DIRECTION('',(0.172380787490095,-6.59922979106563E-13,0.985030387401473));
#19244=DIRECTION('',(0.0,1.0,6.69951899501752E-13));
#19245=CARTESIAN_POINT('',(0.64988383569246,-0.0757025659340464,-1.23893832420846));
#19246=DIRECTION('',(1.0,0.0,-0.0));
#19247=DIRECTION('',(0.0,0.0,1.0));
#19248=CARTESIAN_POINT('',(0.867382876703503,-0.0757025659340464,-1.23893832420846));
#19249=DIRECTION('',(-0.985030387401473,-5.99730906531983E-14,-0.172380787490095));
#19250=DIRECTION('',(0.172380787490095,-3.42702441379542E-13,-0.985030387401473));
#19251=CARTESIAN_POINT('',(0.84988383569246,-0.0757025659340464,-1.23893832420846));
#19252=DIRECTION('',(1.0,0.0,0.0));
#19253=DIRECTION('',(0.0,0.0,-1.0));
#19254=DIRECTION('',(0.0,1.0,-3.47910527190534E-13));
#19255=DIRECTION('',(0.0,-1.0,3.47910527190534E-13));
#19256=DIRECTION('',(8.881784177829E-14,-1.0,0.0));
#19257=CARTESIAN_POINT('',(1.13238369664162,-0.0756993091024525,-0.738938153949004));
#19258=DIRECTION('',(0.985030387401472,1.15486836016597E-13,-0.172380787490095));
#19259=DIRECTION('',(0.172380787490095,-6.59922979106563E-13,0.985030387401472));
#19260=DIRECTION('',(0.0,1.0,6.69951899501752E-13));
#19261=CARTESIAN_POINT('',(1.14988362743956,-0.0756993091024525,-0.738938153949004));
#19262=DIRECTION('',(-1.0,0.0,0.0));
#19263=DIRECTION('',(0.0,0.0,1.0));
#19264=CARTESIAN_POINT('',(1.3673836037129,-0.0756993091024525,-0.738938153949004));
#19265=DIRECTION('',(-0.985030387401472,-5.99730906531983E-14,-0.172380787490095));
#19266=DIRECTION('',(0.172380787490095,-3.42702441379542E-13,-0.985030387401472));
#19267=CARTESIAN_POINT('',(1.34988343670456,-0.0756993091024525,-0.738938153949004));
#19268=DIRECTION('',(1.0,0.0,-0.0));
#19269=DIRECTION('',(0.0,0.0,1.0));
#19270=DIRECTION('',(0.0,1.0,-3.47910527190534E-13));
#19271=DIRECTION('',(8.881784176487E-14,-1.0,-1.421085468238E-13));
#19272=DIRECTION('',(0.0,0.0,-1.0));
#19273=DIRECTION('',(-0.999999999982745,-8.70866864629439E-07,-5.80957597344326E-06));
#19274=DIRECTION('',(0.0,1.0,1.268826313857E-14));
#19275=CARTESIAN_POINT('',(3.18988383569556,-0.300699309112472,-5.319999999998));
#19276=DIRECTION('',(0.0,0.0,-1.0));
#19277=DIRECTION('',(1.0,0.0,0.0));
#19278=CARTESIAN_POINT('',(3.18988383569556,-0.300699309112472,-5.319999999998));
#19279=DIRECTION('',(0.0,0.0,1.0));
#19280=DIRECTION('',(0.67874395715541,-0.73437500000001,0.0));
#19281=DIRECTION('',(0.0,-1.0,-2.024946653842E-14));
#19282=CARTESIAN_POINT('',(-3.19011616430444,-0.300699309112472,-5.319999999998));
#19283=DIRECTION('',(-0.0,0.0,-1.0));
#19284=DIRECTION('',(-0.67874395715541,-0.73437500000001,0.0));
#19285=DIRECTION('',(0.0,0.0,1.0));
#19286=CARTESIAN_POINT('',(3.18988383569556,-0.300699309112472,-3.049999999998));
#19287=DIRECTION('',(0.0,0.0,-1.0));
#19288=DIRECTION('',(1.0,0.0,0.0));
#19289=DIRECTION('',(0.0,0.0,-1.0));
#19290=CARTESIAN_POINT('',(2.04775180133956,-1.58069930911227,-5.64999999999801));
#19291=DIRECTION('',(0.0,-1.0,0.0));
#19292=DIRECTION('',(0.0,0.0,-1.0));
#19293=DIRECTION('',(-1.0,0.0,0.0));
#19294=CARTESIAN_POINT('',(2.46988383569556,-1.58069930911227,-2.749999999998));
#19295=DIRECTION('',(0.0,1.0,0.0));
#19296=DIRECTION('',(0.0,0.0,-1.0));
#19297=DIRECTION('',(0.0,0.0,1.0));
#19298=CARTESIAN_POINT('',(2.46988383569556,-1.58069930911227,-1.449999999998));
#19299=DIRECTION('',(0.0,1.0,0.0));
#19300=DIRECTION('',(-1.0,0.0,0.0));
#19301=DIRECTION('',(-1.0,0.0,0.0));
#19302=DIRECTION('',(0.0,0.0,-1.0));
#19303=DIRECTION('',(1.0,0.0,0.0));
#19304=DIRECTION('',(3.411954404579E-14,0.0,-1.0));
#19305=CARTESIAN_POINT('',(-0.0951161642949896,-1.58069930911227,-0.983497636258004));
#19306=DIRECTION('',(0.0,-1.0,0.0));
#19307=DIRECTION('',(-1.0,0.0,5.03069808033274E-12));
#19308=DIRECTION('',(0.866025403784677,0.0,0.499999999999587));
#19309=CARTESIAN_POINT('',(0.394883835704761,-1.58069930911227,-1.058553171253));
#19310=DIRECTION('',(0.0,1.0,0.0));
#19311=DIRECTION('',(-0.500000000024615,0.0,0.866025403770227));
#19312=DIRECTION('',(1.62844593855E-13,0.0,-1.0));
#19313=CARTESIAN_POINT('',(0.394883835704761,-1.58069930911227,-1.92576260933901));
#19314=DIRECTION('',(-0.0,1.0,0.0));
#19315=DIRECTION('',(1.0,0.0,0.0));
#19316=DIRECTION('',(-0.866025403783914,0.0,0.500000000000908));
#19317=CARTESIAN_POINT('',(-0.0951161642949896,-1.58069930911227,-2.000818144334));
#19318=DIRECTION('',(0.0,-1.0,0.0));
#19319=DIRECTION('',(0.500000000036021,0.0,0.866025403763642));
#19320=DIRECTION('',(0.0,0.0,-1.0));
#19321=CARTESIAN_POINT('',(-0.0951161642949896,-1.58069930911227,-2.94330525739401));
#19322=DIRECTION('',(0.0,-1.0,0.0));
#19323=DIRECTION('',(-1.0,0.0,5.01913325715956E-12));
#19324=DIRECTION('',(0.866025403784832,0.0,0.499999999999319));
#19325=CARTESIAN_POINT('',(0.39488383570506,-1.58069930911227,-3.018360792389));
#19326=DIRECTION('',(0.0,1.0,0.0));
#19327=DIRECTION('',(-0.500000000015183,0.0,0.866025403775673));
#19328=DIRECTION('',(1.316104444011E-13,0.0,-1.0));
#19329=CARTESIAN_POINT('',(0.404883835705061,-1.58069930911227,-3.960625765469));
#19330=DIRECTION('',(0.0,1.0,0.0));
#19331=DIRECTION('',(1.0,0.0,-1.15648231731787E-14));
#19332=DIRECTION('',(-0.866025403784677,0.0,0.499999999999587));
#19333=CARTESIAN_POINT('',(-0.0951161642949896,-1.58069930911227,-4.018360792388));
#19334=DIRECTION('',(0.0,-1.0,0.0));
#19335=DIRECTION('',(0.499999999998696,0.0,0.866025403785192));
#19336=DIRECTION('',(2.656319608718E-12,5.329070518201E-14,-1.0));
#19337=DIRECTION('',(1.0,0.0,0.0));
#19338=DIRECTION('',(0.0,0.0,1.0));
#19339=DIRECTION('',(-1.0,0.0,0.0));
#19340=DIRECTION('',(0.0,0.0,-1.0));
#19341=CARTESIAN_POINT('',(1.16739018124056,-1.23069930911227,-5.09999999999801));
#19342=DIRECTION('',(0.0,0.0,-1.0));
#19343=DIRECTION('',(0.913811548620319,-0.406138466053308,0.0));
#19344=CARTESIAN_POINT('',(2.38237749015056,-1.23069930911227,-5.09999999999801));
#19345=DIRECTION('',(0.0,0.0,-1.0));
#19346=DIRECTION('',(0.0,-1.0,0.0));
#19347=DIRECTION('',(0.54180856226849,0.454366460168591,0.707102964020386));
#19348=CARTESIAN_POINT('',(0.52488383570496,-1.13069930911227,-5.79999999999801));
#19349=DIRECTION('',(0.0,0.0,-1.0));
#19350=DIRECTION('',(0.0,-1.0,0.0));
#19351=DIRECTION('',(0.642787609686721,-0.766044443118825,0.0));
#19352=DIRECTION('',(1.0,0.0,0.0));
#19353=DIRECTION('',(-0.642787609686577,0.766044443118947,0.0));
#19354=DIRECTION('',(2.072416312634E-14,1.0,0.0));
#19355=CARTESIAN_POINT('',(0.52488383570496,-1.13069930911227,-5.79999999999801));
#19356=DIRECTION('',(0.0,0.0,1.0));
#19357=DIRECTION('',(-0.766044443119188,-0.642787609686289,0.0));
#19358=DIRECTION('',(0.79384544605644,0.0,0.608119567005907));
#19359=DIRECTION('',(-0.64278760968678,0.766044443118776,0.0));
#19360=DIRECTION('',(0.0,0.0,-1.0));
#19361=DIRECTION('',(-5.926370505449E-13,8.162359677044E-13,1.0));
#19362=DIRECTION('',(1.0,0.0,0.0));
#19363=CARTESIAN_POINT('',(0.52488383570496,-1.13069930911227,-5.299999999998));
#19364=DIRECTION('',(-0.0,0.0,-1.0));
#19365=DIRECTION('',(-7.77758451777879E-12,-1.0,0.0));
#19366=DIRECTION('',(0.0,0.0,1.0));
#19367=CARTESIAN_POINT('',(-0.30511616429504,-1.32069930911227,-5.23284271247301));
#19368=DIRECTION('',(0.0,-1.0,0.0));
#19369=DIRECTION('',(0.0,0.0,-1.0));
#19370=DIRECTION('',(0.0,0.0,-1.0));
#19371=CARTESIAN_POINT('',(-0.60511616429504,-1.32069930911227,-5.64999999999801));
#19372=DIRECTION('',(0.0,-1.0,0.0));
#19373=DIRECTION('',(0.0,0.0,-1.0));
#19374=DIRECTION('',(0.0,0.0,-1.0));
#19375=DIRECTION('',(0.0,0.0,1.0));
#19376=CARTESIAN_POINT('',(-1.16662250984944,-1.23069930911227,-5.09999999999801));
#19377=DIRECTION('',(0.0,0.0,-1.0));
#19378=DIRECTION('',(0.0,-1.0,0.0));
#19379=DIRECTION('',(0.0,0.0,1.0));
#19380=CARTESIAN_POINT('',(-2.38160981875944,-1.23069930911227,-5.09999999999801));
#19381=DIRECTION('',(0.0,0.0,-1.0));
#19382=DIRECTION('',(0.913811548620228,-0.406138466053513,0.0));
#19383=DIRECTION('',(-1.0,0.0,0.0));
#19384=CARTESIAN_POINT('',(-2.04798412994844,-1.58069930911227,-5.64999999999801));
#19385=DIRECTION('',(0.0,-1.0,-0.0));
#19386=DIRECTION('',(-0.707106781186696,0.0,-0.707106781186398));
#19387=DIRECTION('',(1.0,0.0,0.0));
#19388=CARTESIAN_POINT('',(-0.60511616429504,-1.58069930911227,-5.64999999999801));
#19389=DIRECTION('',(0.0,-1.0,0.0));
#19390=DIRECTION('',(0.0,0.0,-1.0));
#19391=DIRECTION('',(0.0,0.0,1.0));
#19392=CARTESIAN_POINT('',(-0.30511616429504,-1.58069930911227,-5.23284271247301));
#19393=DIRECTION('',(0.0,1.0,0.0));
#19394=DIRECTION('',(-1.0,0.0,0.0));
#19395=DIRECTION('',(0.0,0.0,1.0));
#19396=CARTESIAN_POINT('',(-0.0951161642950096,-1.58069930911227,-4.018360792388));
#19397=DIRECTION('',(0.0,1.0,0.0));
#19398=DIRECTION('',(-1.0,0.0,-2.8568727244993E-12));
#19399=DIRECTION('',(0.866025403784677,0.0,-0.499999999999587));
#19400=CARTESIAN_POINT('',(0.39488383570506,-1.58069930911227,-3.943305257393));
#19401=DIRECTION('',(0.0,-1.0,-0.0));
#19402=DIRECTION('',(-0.499999999997997,0.0,-0.866025403785595));
#19403=DIRECTION('',(1.296338225658E-13,0.0,1.0));
#19404=CARTESIAN_POINT('',(0.39488383570506,-1.58069930911227,-3.018360792389));
#19405=DIRECTION('',(0.0,-1.0,0.0));
#19406=DIRECTION('',(1.0,0.0,-2.8912057932889E-14));
#19407=DIRECTION('',(-0.86602540378472,0.0,-0.499999999999512));
#19408=CARTESIAN_POINT('',(-0.0951161642950096,-1.58069930911227,-2.94330525739401));
#19409=DIRECTION('',(0.0,1.0,0.0));
#19410=DIRECTION('',(0.500000000008009,0.0,-0.866025403779815));
#19411=DIRECTION('',(-1.49366795123E-13,0.0,1.0));
#19412=CARTESIAN_POINT('',(-0.0951161642950096,-1.58069930911227,-2.000818144334));
#19413=DIRECTION('',(0.0,1.0,0.0));
#19414=DIRECTION('',(-1.0,0.0,-2.86229373536173E-12));
#19415=DIRECTION('',(0.866025403784609,0.0,-0.499999999999705));
#19416=CARTESIAN_POINT('',(0.394883835704761,-1.58069930911227,-1.92576260933901));
#19417=DIRECTION('',(0.0,-1.0,-0.0));
#19418=DIRECTION('',(-0.499999999977588,0.0,-0.866025403797378));
#19419=DIRECTION('',(1.305829290347E-13,0.0,1.0));
#19420=CARTESIAN_POINT('',(0.394883835704761,-1.58069930911227,-1.058553171253));
#19421=DIRECTION('',(0.0,-1.0,0.0));
#19422=DIRECTION('',(1.0,0.0,-2.31296463463112E-14));
#19423=DIRECTION('',(-0.866025403784094,0.0,-0.500000000000597));
#19424=CARTESIAN_POINT('',(-0.0951161642950096,-1.58069930911227,-0.983497636258004));
#19425=DIRECTION('',(0.0,1.0,0.0));
#19426=DIRECTION('',(0.50000000002702,0.0,-0.866025403768839));
#19427=DIRECTION('',(0.0,0.0,1.0));
#19428=DIRECTION('',(1.0,0.0,0.0));
#19429=DIRECTION('',(0.0,0.0,1.0));
#19430=DIRECTION('',(-1.0,0.0,0.0));
#19431=CARTESIAN_POINT('',(-2.47011616430444,-1.58069930911227,-1.449999999998));
#19432=DIRECTION('',(0.0,1.0,0.0));
#19433=DIRECTION('',(0.0,0.0,1.0));
#19434=DIRECTION('',(0.0,0.0,1.0));
#19435=CARTESIAN_POINT('',(-2.47011616430444,-1.58069930911227,-2.749999999998));
#19436=DIRECTION('',(-0.0,1.0,0.0));
#19437=DIRECTION('',(1.0,0.0,0.0));
#19438=DIRECTION('',(-1.0,0.0,0.0));
#19439=DIRECTION('',(0.0,0.0,1.0));
#19440=DIRECTION('',(0.0,0.0,-1.0));
#19441=CARTESIAN_POINT('',(3.18988383569556,-0.300699309112472,-5.20417042793042E-15));
#19442=DIRECTION('',(0.0,0.0,1.0));
#19443=DIRECTION('',(0.0,-1.0,0.0));
#19444=DIRECTION('',(0.0,-1.0,0.0));
#19445=CARTESIAN_POINT('',(3.18988383569556,0.299300690887528,-5.20417042793042E-15));
#19446=DIRECTION('',(0.0,0.0,1.0));
#19447=DIRECTION('',(1.0,0.0,0.0));
#19448=DIRECTION('',(1.0,0.0,0.0));
#19449=CARTESIAN_POINT('',(-3.19011616430444,0.299300690887528,-5.20417042793042E-15));
#19450=DIRECTION('',(0.0,-0.0,1.0));
#19451=DIRECTION('',(0.0,1.0,0.0));
#19452=DIRECTION('',(0.0,1.0,0.0));
#19453=CARTESIAN_POINT('',(-3.19011616430444,-0.300699309112472,-5.20417042793042E-15));
#19454=DIRECTION('',(0.0,0.0,1.0));
#19455=DIRECTION('',(-1.0,0.0,0.0));
#19456=DIRECTION('',(0.0,1.0,0.0));
#19457=DIRECTION('',(1.0,0.0,0.0));
#19458=CARTESIAN_POINT('',(-3.19011570424748,-0.300698849055308,-5.20417042793042E-15));
#19459=DIRECTION('',(0.0,0.0,-1.0));
#19460=DIRECTION('',(1.0,0.0,0.0));
#19461=DIRECTION('',(0.0,-1.0,0.0));
#19462=CARTESIAN_POINT('',(-3.19011570424748,0.299300230830463,-5.20417042793042E-15));
#19463=DIRECTION('',(0.0,0.0,-1.0));
#19464=DIRECTION('',(1.0,0.0,0.0));
#19465=DIRECTION('',(1.0,0.0,0.0));
#19466=CARTESIAN_POINT('',(3.1898833756386,0.299300230830663,-5.20417042793042E-15));
#19467=DIRECTION('',(0.0,0.0,-1.0));
#19468=DIRECTION('',(1.0,0.0,0.0));
#19469=DIRECTION('',(0.0,-1.0,0.0));
#19470=CARTESIAN_POINT('',(3.1898833756386,-0.300698849055308,-5.20417042793042E-15));
#19471=DIRECTION('',(0.0,0.0,-1.0));
#19472=DIRECTION('',(1.0,0.0,0.0));
#19473=DIRECTION('',(-1.0,0.0,0.0));
#19474=DIRECTION('',(0.0,-1.0,0.0));
#19475=DIRECTION('',(0.0,-1.0,7.697546304068E-14));
#19476=DIRECTION('',(0.0,-0.447213595499998,0.894427190999896));
#19477=DIRECTION('',(-1.58882185807799E-13,-0.447213595499998,0.894427190999896));
#19478=DIRECTION('',(-0.447213595499998,0.0,-0.894427190999896));
#19479=CARTESIAN_POINT('',(3.18988383569556,-0.300699309112272,-0.300000000000005));
#19480=DIRECTION('',(0.0,0.0,-1.0));
#19481=DIRECTION('',(1.0,0.0,0.0));
#19482=CARTESIAN_POINT('',(3.18988383569556,-0.300699309112272,-1.149999999998));
#19483=DIRECTION('',(0.0,0.0,-1.0));
#19484=DIRECTION('',(1.0,7.35155452669868E-14,0.0));
#19485=CARTESIAN_POINT('',(-3.19011616430444,-0.300699309112272,-1.149999999998));
#19486=DIRECTION('',(-0.0,0.0,-1.0));
#19487=DIRECTION('',(-2.34984225954974E-13,-1.0,0.0));
#19488=DIRECTION('',(0.0,1.0,0.0));
#19489=CARTESIAN_POINT('',(-3.19011616430444,-0.300699309112472,-1.149999999998));
#19490=DIRECTION('',(0.0,0.0,1.0));
#19491=DIRECTION('',(-1.0,0.0,0.0));
#19492=DIRECTION('',(0.0,1.0,0.0));
#19493=DIRECTION('',(-1.0,0.0,0.0));
#19494=DIRECTION('',(0.0,1.0,0.0));
#19495=CARTESIAN_POINT('',(3.18988383569556,-0.300699309112472,-1.149999999998));
#19496=DIRECTION('',(0.0,0.0,1.0));
#19497=DIRECTION('',(0.0,-1.0,0.0));
#19498=DIRECTION('',(0.0,-1.0,0.0));
#19499=DIRECTION('',(-1.0,0.0,1.184237892934E-14));
#19500=CARTESIAN_POINT('',(-4.47011616430444,-0.150699309112473,-1.299999999998));
#19501=DIRECTION('',(1.0,0.0,0.0));
#19502=DIRECTION('',(0.0,1.0,0.0));
#19503=DIRECTION('',(-1.0,0.0,0.0));
#19504=CARTESIAN_POINT('',(-4.17011616430444,-0.230699309112472,-5.549999999998));
#19505=DIRECTION('',(1.0,0.0,0.0));
#19506=DIRECTION('',(0.0,0.666666666666701,-0.7453559924999));
#19507=DIRECTION('',(0.0,0.0,-1.0));
#19508=DIRECTION('',(0.0,1.0,0.0));
#19509=CARTESIAN_POINT('',(-3.19011616430444,-0.300699309112472,-3.049999999998));
#19510=DIRECTION('',(0.0,0.0,-1.0));
#19511=DIRECTION('',(0.0,-1.0,0.0));
#19512=DIRECTION('',(0.0,-1.0,0.0));
#19513=DIRECTION('',(-1.0,0.0,0.0));
#19514=CARTESIAN_POINT('',(3.18988383569556,-0.300699309112272,-3.049999999998));
#19515=DIRECTION('',(0.0,0.0,1.0));
#19516=DIRECTION('',(2.34984225954974E-13,-1.0,0.0));
#19517=DIRECTION('',(0.0,1.0,0.0));
#19518=DIRECTION('',(0.0,1.0,0.0));
#19519=DIRECTION('',(-1.0,0.0,0.0));
#19520=CARTESIAN_POINT('',(-4.47011616430444,-0.150699309112473,-2.899999999998));
#19521=DIRECTION('',(1.0,0.0,0.0));
#19522=DIRECTION('',(0.0,0.0,-1.0));
#19523=DIRECTION('',(-1.0,0.0,0.0));
#19524=DIRECTION('',(-1.0,0.0,0.0));
#19525=DIRECTION('',(0.0,0.0,1.0));
#19526=DIRECTION('',(-1.0,0.0,0.0));
#19527=DIRECTION('',(0.0,0.0,1.0));
#19528=DIRECTION('',(1.0,0.0,0.0));
#19529=CARTESIAN_POINT('',(4.46988383569556,-0.150699309112473,-2.84999999999801));
#19530=DIRECTION('',(1.0,0.0,0.0));
#19531=DIRECTION('',(0.0,1.0,0.0));
#19532=DIRECTION('',(-1.0,0.0,1.184823280073E-14));
#19533=DIRECTION('',(-1.0,0.0,0.0));
#19534=CARTESIAN_POINT('',(4.46988383569556,-0.230699309112472,-5.469999999998));
#19535=DIRECTION('',(-1.0,0.0,0.0));
#19536=DIRECTION('',(0.0,0.0,1.0));
#19537=DIRECTION('',(0.0,0.0,-1.0));
#19538=CARTESIAN_POINT('',(4.46988383569556,-0.230699309112472,-5.549999999998));
#19539=DIRECTION('',(1.0,0.0,0.0));
#19540=DIRECTION('',(0.0,0.666666666666701,-0.7453559924999));
#19541=DIRECTION('',(0.0,0.0,1.0));
#19542=DIRECTION('',(0.0,-1.0,0.0));
#19543=DIRECTION('',(0.0,0.0,-1.0));
#19544=DIRECTION('',(0.0,0.0,1.0));
#19545=CARTESIAN_POINT('',(4.46988383569556,-0.150699309112473,-1.299999999998));
#19546=DIRECTION('',(-1.0,0.0,0.0));
#19547=DIRECTION('',(0.0,0.0,1.0));
#19548=DIRECTION('',(0.0,0.0,-1.0));
#19549=CARTESIAN_POINT('',(4.46988383569556,-0.150699309112473,-1.349999999998));
#19550=DIRECTION('',(-1.0,0.0,0.0));
#19551=DIRECTION('',(0.0,1.0,1.15648231731787E-14));
#19552=DIRECTION('',(0.0,1.0,0.0));
#19553=DIRECTION('',(0.0,0.0,1.0));
#19554=DIRECTION('',(0.0,-1.0,0.0));
#19555=CARTESIAN_POINT('',(4.46988383569556,-0.150699309112473,-2.899999999998));
#19556=DIRECTION('',(-1.0,0.0,0.0));
#19557=DIRECTION('',(0.0,1.0,0.0));
#19558=DIRECTION('',(-1.0,0.0,0.0));
#19559=CARTESIAN_POINT('',(5.41988383569556,-0.830699309112473,-1.499999999998));
#19560=DIRECTION('',(0.0,0.0,-1.0));
#19561=DIRECTION('',(0.0,1.0,0.0));
#19562=DIRECTION('',(0.0,1.0,0.0));
#19563=DIRECTION('',(1.0,0.0,0.0));
#19564=DIRECTION('',(0.0,-1.0,0.0));
#19565=CARTESIAN_POINT('',(5.41988383569556,-0.830699309112473,-1.499999999998));
#19566=DIRECTION('',(0.0,0.0,1.0));
#19567=DIRECTION('',(1.0,0.0,0.0));
#19568=DIRECTION('',(-1.0,0.0,0.0));
#19569=CARTESIAN_POINT('',(4.61988383569556,-0.330699309112472,-1.499999999998));
#19570=DIRECTION('',(-0.0,0.0,-1.0));
#19571=DIRECTION('',(-1.73472347597681E-14,-1.0,0.0));
#19572=DIRECTION('',(1.0,0.0,0.0));
#19573=CARTESIAN_POINT('',(4.61988383569556,-0.330699309112472,-1.499999999998));
#19574=DIRECTION('',(0.0,0.0,1.0));
#19575=DIRECTION('',(-1.0,0.0,0.0));
#19576=DIRECTION('',(0.0,0.0,-1.0));
#19577=CARTESIAN_POINT('',(4.61988383569556,-0.330699309112472,-2.69999999999801));
#19578=DIRECTION('',(0.0,0.0,-1.0));
#19579=DIRECTION('',(0.0,-1.0,0.0));
#19580=CARTESIAN_POINT('',(4.61988383569556,-0.330699309112472,-2.69999999999801));
#19581=DIRECTION('',(0.0,0.0,1.0));
#19582=DIRECTION('',(-1.0,0.0,0.0));
#19583=DIRECTION('',(1.0,0.0,0.0));
#19584=CARTESIAN_POINT('',(5.41988383569556,-0.830699309112473,-2.69999999999801));
#19585=DIRECTION('',(0.0,0.0,-1.0));
#19586=DIRECTION('',(0.0,1.0,0.0));
#19587=DIRECTION('',(0.0,1.0,0.0));
#19588=DIRECTION('',(-1.0,0.0,0.0));
#19589=DIRECTION('',(0.0,-1.0,0.0));
#19590=CARTESIAN_POINT('',(5.41988383569556,-0.830699309112473,-2.69999999999801));
#19591=DIRECTION('',(0.0,-0.0,1.0));
#19592=DIRECTION('',(1.0,2.16840434497102E-14,0.0));
#19593=DIRECTION('',(1.0,0.0,0.0));
#19594=DIRECTION('',(0.0,0.0,-1.0));
#19595=DIRECTION('',(0.0,0.0,-1.0));
#19596=DIRECTION('',(1.0,0.0,0.0));
#19597=CARTESIAN_POINT('',(5.16988383569556,-0.780699309112473,-2.19999999999801));
#19598=DIRECTION('',(0.0,1.0,0.0));
#19599=DIRECTION('',(0.0,0.0,-1.0));
#19600=DIRECTION('',(0.0,0.0,1.0));
#19601=CARTESIAN_POINT('',(5.16988383569556,-0.780699309112473,-1.99999999999801));
#19602=DIRECTION('',(0.0,1.0,0.0));
#19603=DIRECTION('',(-1.0,0.0,-1.15648231731787E-14));
#19604=DIRECTION('',(1.0,0.0,0.0));
#19605=DIRECTION('',(-1.0,0.0,0.0));
#19606=CARTESIAN_POINT('',(5.41988383569556,-0.830699309112473,-1.84999999999801));
#19607=DIRECTION('',(0.0,0.0,-1.0));
#19608=DIRECTION('',(0.0,1.0,0.0));
#19609=DIRECTION('',(0.0,1.0,0.0));
#19610=DIRECTION('',(1.0,0.0,0.0));
#19611=DIRECTION('',(0.0,-1.0,0.0));
#19612=CARTESIAN_POINT('',(5.41988383569556,-0.830699309112473,-1.84999999999801));
#19613=DIRECTION('',(0.0,0.0,1.0));
#19614=DIRECTION('',(1.0,0.0,0.0));
#19615=DIRECTION('',(0.0,-1.0,0.0));
#19616=DIRECTION('',(0.0,-1.0,0.0));
#19617=CARTESIAN_POINT('',(5.16988383569556,-0.480699309112473,-1.99999999999801));
#19618=DIRECTION('',(0.0,-1.0,0.0));
#19619=DIRECTION('',(0.0,0.0,1.0));
#19620=CARTESIAN_POINT('',(5.16988383569556,-0.480699309112473,-2.19999999999801));
#19621=DIRECTION('',(0.0,-1.0,-0.0));
#19622=DIRECTION('',(-1.0,0.0,-1.15648231731787E-14));
#19623=DIRECTION('',(1.0,0.0,0.0));
#19624=DIRECTION('',(0.0,0.0,1.0));
#19625=DIRECTION('',(0.0,0.0,1.0));
#19626=DIRECTION('',(0.0,0.0,1.0));
#19627=DIRECTION('',(0.0,0.0,-1.0));
#19628=DIRECTION('',(0.0,-1.0,0.0));
#19629=DIRECTION('',(0.0,1.0,0.0));
#19630=CARTESIAN_POINT('',(5.41988383569556,-0.830699309112473,-2.34999999999801));
#19631=DIRECTION('',(0.0,0.0,-1.0));
#19632=DIRECTION('',(0.0,1.0,0.0));
#19633=DIRECTION('',(0.0,-1.0,0.0));
#19634=DIRECTION('',(-1.0,0.0,0.0));
#19635=DIRECTION('',(0.0,1.0,0.0));
#19636=CARTESIAN_POINT('',(5.41988383569556,-0.830699309112473,-2.34999999999801));
#19637=DIRECTION('',(0.0,0.0,1.0));
#19638=DIRECTION('',(1.0,0.0,0.0));
#19639=DIRECTION('',(0.0,0.0,1.0));
#19640=DIRECTION('',(0.0,0.0,1.0));
#19641=CARTESIAN_POINT('',(5.76988383569556,-1.43069930911227,-1.699999999998));
#19642=DIRECTION('',(1.0,0.0,-0.0));
#19643=DIRECTION('',(0.0,0.0,1.0));
#19644=DIRECTION('',(0.0,0.0,-1.0));
#19645=CARTESIAN_POINT('',(5.76988383569556,-1.43069930911227,-2.49999999999801));
#19646=DIRECTION('',(1.0,0.0,0.0));
#19647=DIRECTION('',(0.0,-1.0,0.0));
#19648=CARTESIAN_POINT('',(5.76988383569556,-1.13069930911227,-2.19999999999801));
#19649=DIRECTION('',(-1.0,0.0,0.0));
#19650=DIRECTION('',(0.0,0.0,-1.0));
#19651=DIRECTION('',(0.0,0.0,1.0));
#19652=CARTESIAN_POINT('',(5.76988383569556,-1.13069930911227,-1.99999999999801));
#19653=DIRECTION('',(-1.0,-0.0,0.0));
#19654=DIRECTION('',(0.0,-1.0,-2.31296463463574E-14));
#19655=DIRECTION('',(1.0,0.0,0.0));
#19656=CARTESIAN_POINT('',(5.46988383569556,-1.13069930911227,-1.99999999999801));
#19657=DIRECTION('',(1.0,0.0,-0.0));
#19658=DIRECTION('',(0.0,1.44560289664732E-14,1.0));
#19659=CARTESIAN_POINT('',(5.46988383569556,-1.13069930911227,-2.19999999999801));
#19660=DIRECTION('',(1.0,0.0,0.0));
#19661=DIRECTION('',(0.0,-1.0,-4.62592926927149E-14));
#19662=DIRECTION('',(0.0,0.0,-1.0));
#19663=CARTESIAN_POINT('',(5.46988383569556,-1.43069930911227,-2.49999999999801));
#19664=DIRECTION('',(-1.0,0.0,0.0));
#19665=DIRECTION('',(0.0,0.0,-1.0));
#19666=DIRECTION('',(0.0,0.0,1.0));
#19667=CARTESIAN_POINT('',(5.46988383569556,-1.43069930911227,-1.699999999998));
#19668=DIRECTION('',(-1.0,0.0,0.0));
#19669=DIRECTION('',(0.0,-1.0,0.0));
#19670=DIRECTION('',(0.0,0.0,-1.0));
#19671=DIRECTION('',(0.0,0.0,-1.0));
#19672=DIRECTION('',(1.0,0.0,0.0));
#19673=DIRECTION('',(1.0,0.0,0.0));
#19674=DIRECTION('',(-1.0,0.0,0.0));
#19675=DIRECTION('',(1.0,0.0,0.0));
#19676=DIRECTION('',(-1.0,0.0,0.0));
#19677=DIRECTION('',(0.0,0.0,1.0));
#19678=DIRECTION('',(1.0,0.0,0.0));
#19679=CARTESIAN_POINT('',(-4.47011616430444,-0.150699309112473,-1.349999999998));
#19680=DIRECTION('',(1.0,0.0,0.0));
#19681=DIRECTION('',(0.0,0.0,-1.0));
#19682=DIRECTION('',(1.0,0.0,0.0));
#19683=DIRECTION('',(0.0,1.0,0.0));
#19684=CARTESIAN_POINT('',(-4.62011616430444,-0.330699309112472,-1.499999999998));
#19685=DIRECTION('',(0.0,0.0,-1.0));
#19686=DIRECTION('',(1.0,0.0,0.0));
#19687=DIRECTION('',(-1.0,0.0,0.0));
#19688=CARTESIAN_POINT('',(-5.42011616430444,-0.830699309112473,-1.499999999998));
#19689=DIRECTION('',(0.0,-0.0,1.0));
#19690=DIRECTION('',(0.0,1.0,0.0));
#19691=DIRECTION('',(0.0,-1.0,0.0));
#19692=DIRECTION('',(-1.0,0.0,0.0));
#19693=DIRECTION('',(0.0,1.0,0.0));
#19694=CARTESIAN_POINT('',(-5.42011616430444,-0.830699309112473,-1.499999999998));
#19695=DIRECTION('',(0.0,0.0,-1.0));
#19696=DIRECTION('',(-1.0,0.0,0.0));
#19697=DIRECTION('',(-1.0,0.0,0.0));
#19698=CARTESIAN_POINT('',(-4.62011616430444,-0.330699309112472,-1.499999999998));
#19699=DIRECTION('',(0.0,0.0,1.0));
#19700=DIRECTION('',(0.0,-1.0,0.0));
#19701=DIRECTION('',(0.0,0.0,-1.0));
#19702=CARTESIAN_POINT('',(-4.62011616430444,-0.330699309112472,-2.69999999999801));
#19703=DIRECTION('',(0.0,0.0,-1.0));
#19704=DIRECTION('',(1.0,0.0,0.0));
#19705=DIRECTION('',(1.0,0.0,0.0));
#19706=CARTESIAN_POINT('',(-5.42011616430444,-0.830699309112473,-2.69999999999801));
#19707=DIRECTION('',(0.0,-0.0,1.0));
#19708=DIRECTION('',(0.0,1.0,0.0));
#19709=DIRECTION('',(0.0,-1.0,0.0));
#19710=DIRECTION('',(1.0,0.0,0.0));
#19711=DIRECTION('',(0.0,-1.0,0.0));
#19712=CARTESIAN_POINT('',(-5.42011616430444,-0.830699309112473,-2.69999999999801));
#19713=DIRECTION('',(0.0,0.0,-1.0));
#19714=DIRECTION('',(-1.0,0.0,0.0));
#19715=DIRECTION('',(1.0,0.0,0.0));
#19716=CARTESIAN_POINT('',(-4.62011616430444,-0.330699309112472,-2.69999999999801));
#19717=DIRECTION('',(0.0,0.0,1.0));
#19718=DIRECTION('',(1.15648231731787E-14,-1.0,0.0));
#19719=DIRECTION('',(0.0,-1.0,0.0));
#19720=DIRECTION('',(1.0,0.0,0.0));
#19721=CARTESIAN_POINT('',(-4.47011616430444,-0.150699309112473,-2.84999999999801));
#19722=DIRECTION('',(1.0,0.0,0.0));
#19723=DIRECTION('',(0.0,1.0,0.0));
#19724=DIRECTION('',(0.0,0.0,1.0));
#19725=DIRECTION('',(0.0,1.0,0.0));
#19726=DIRECTION('',(0.0,0.0,1.0));
#19727=CARTESIAN_POINT('',(-4.47011616430444,-0.230699309112472,-5.549999999998));
#19728=DIRECTION('',(-1.0,0.0,0.0));
#19729=DIRECTION('',(0.0,1.0,0.0));
#19730=DIRECTION('',(0.0,0.0,1.0));
#19731=CARTESIAN_POINT('',(-4.47011616430444,-0.230699309112472,-5.469999999998));
#19732=DIRECTION('',(1.0,0.0,0.0));
#19733=DIRECTION('',(0.0,1.0,-1.15648231731787E-14));
#19734=DIRECTION('',(0.0,0.0,-1.0));
#19735=DIRECTION('',(0.0,0.0,1.0));
#19736=DIRECTION('',(0.0,0.0,-1.0));
#19737=DIRECTION('',(0.0,0.0,1.0));
#19738=DIRECTION('',(0.0,0.0,1.0));
#19739=DIRECTION('',(1.0,0.0,0.0));
#19740=CARTESIAN_POINT('',(-5.17011616430444,-0.480699309112473,-2.19999999999801));
#19741=DIRECTION('',(0.0,-1.0,0.0));
#19742=DIRECTION('',(0.0,0.0,-1.0));
#19743=DIRECTION('',(0.0,0.0,1.0));
#19744=CARTESIAN_POINT('',(-5.17011616430444,-0.480699309112473,-1.99999999999801));
#19745=DIRECTION('',(0.0,-1.0,0.0));
#19746=DIRECTION('',(1.0,0.0,0.0));
#19747=DIRECTION('',(-1.0,0.0,0.0));
#19748=DIRECTION('',(0.0,0.0,1.0));
#19749=CARTESIAN_POINT('',(-5.42011616430444,-0.830699309112473,-1.84999999999801));
#19750=DIRECTION('',(0.0,0.0,-1.0));
#19751=DIRECTION('',(-1.0,0.0,0.0));
#19752=DIRECTION('',(0.0,0.0,1.0));
#19753=CARTESIAN_POINT('',(-5.77011616430444,-1.43069930911227,-2.49999999999801));
#19754=DIRECTION('',(-1.0,0.0,0.0));
#19755=DIRECTION('',(0.0,0.0,-1.0));
#19756=DIRECTION('',(0.0,0.0,-1.0));
#19757=CARTESIAN_POINT('',(-5.77011616430444,-1.43069930911227,-1.699999999998));
#19758=DIRECTION('',(-1.0,0.0,0.0));
#19759=DIRECTION('',(0.0,-1.0,0.0));
#19760=DIRECTION('',(0.0,-1.0,0.0));
#19761=CARTESIAN_POINT('',(-5.77011616430444,-1.13069930911227,-1.99999999999801));
#19762=DIRECTION('',(1.0,0.0,-0.0));
#19763=DIRECTION('',(0.0,0.0,1.0));
#19764=DIRECTION('',(0.0,0.0,-1.0));
#19765=CARTESIAN_POINT('',(-5.77011616430444,-1.13069930911227,-2.19999999999801));
#19766=DIRECTION('',(1.0,0.0,0.0));
#19767=DIRECTION('',(0.0,-1.0,0.0));
#19768=DIRECTION('',(0.0,1.0,0.0));
#19769=DIRECTION('',(0.0,0.0,1.0));
#19770=CARTESIAN_POINT('',(-5.42011616430444,-0.830699309112473,-2.34999999999801));
#19771=DIRECTION('',(0.0,-0.0,1.0));
#19772=DIRECTION('',(0.0,1.0,0.0));
#19773=DIRECTION('',(-1.0,0.0,0.0));
#19774=DIRECTION('',(0.0,1.0,0.0));
#19775=CARTESIAN_POINT('',(-5.42011616430444,-0.830699309112473,-2.34999999999801));
#19776=DIRECTION('',(0.0,0.0,-1.0));
#19777=DIRECTION('',(-1.0,0.0,0.0));
#19778=DIRECTION('',(1.0,0.0,0.0));
#19779=DIRECTION('',(0.0,-1.0,0.0));
#19780=CARTESIAN_POINT('',(-5.17011616430444,-0.780699309112473,-2.19999999999801));
#19781=DIRECTION('',(-0.0,1.0,0.0));
#19782=DIRECTION('',(1.0,0.0,0.0));
#19783=DIRECTION('',(0.0,1.0,0.0));
#19784=DIRECTION('',(0.0,0.0,-1.0));
#19785=DIRECTION('',(0.0,-1.0,0.0));
#19786=CARTESIAN_POINT('',(-5.17011616430444,-0.780699309112473,-1.99999999999801));
#19787=DIRECTION('',(0.0,1.0,0.0));
#19788=DIRECTION('',(0.0,0.0,1.0));
#19789=DIRECTION('',(0.0,1.0,0.0));
#19790=DIRECTION('',(-1.0,0.0,0.0));
#19791=CARTESIAN_POINT('',(-5.42011616430444,-0.830699309112473,-1.84999999999801));
#19792=DIRECTION('',(0.0,-0.0,1.0));
#19793=DIRECTION('',(0.0,1.0,0.0));
#19794=DIRECTION('',(0.0,-1.0,0.0));
#19795=DIRECTION('',(1.0,0.0,0.0));
#19796=CARTESIAN_POINT('',(-5.47011616430444,-1.13069930911227,-1.99999999999801));
#19797=DIRECTION('',(-1.0,0.0,0.0));
#19798=DIRECTION('',(0.0,-1.0,0.0));
#19799=DIRECTION('',(-1.0,0.0,0.0));
#19800=DIRECTION('',(0.0,0.0,1.0));
#19801=DIRECTION('',(1.0,0.0,0.0));
#19802=CARTESIAN_POINT('',(-5.47011616430444,-1.13069930911227,-2.19999999999801));
#19803=DIRECTION('',(-1.0,0.0,0.0));
#19804=DIRECTION('',(0.0,0.0,-1.0));
#19805=CARTESIAN_POINT('',(-5.47011616430444,-1.43069930911227,-1.699999999998));
#19806=DIRECTION('',(1.0,0.0,-0.0));
#19807=DIRECTION('',(0.0,0.0,1.0));
#19808=DIRECTION('',(0.0,0.0,-1.0));
#19809=CARTESIAN_POINT('',(-5.47011616430444,-1.43069930911227,-2.49999999999801));
#19810=DIRECTION('',(1.0,0.0,0.0));
#19811=DIRECTION('',(0.0,-1.0,0.0));
#19812=DIRECTION('',(0.0,0.0,-1.0));
#19813=DIRECTION('',(0.0,0.0,-1.0));
#19814=DIRECTION('',(0.0,0.0,-1.0));
#19815=DIRECTION('',(0.0,0.0,-1.0));
#19816=DIRECTION('',(-1.0,0.0,0.0));
#19817=DIRECTION('',(1.0,0.0,0.0));
#19818=DIRECTION('',(-1.0,0.0,0.0));
#19819=DIRECTION('',(-1.0,-1.10534588308E-14,-2.720851404505E-14));
#19820=DIRECTION('',(-1.0,0.0,0.0));
#19821=DIRECTION('',(-1.0,0.0,0.0));
#19822=DIRECTION('',(-1.0,0.0,0.0));
#19823=DIRECTION('',(-1.0,0.0,0.0));
#19824=CARTESIAN_POINT('',(4.61988383569556,-0.130699309112472,-6.499999999998));
#19825=DIRECTION('',(0.0,0.0,1.0));
#19826=DIRECTION('',(-1.0,0.0,0.0));
#19827=CARTESIAN_POINT('',(4.61988383569556,-0.130699309112472,-5.699999999998));
#19828=DIRECTION('',(0.0,0.0,-1.0));
#19829=DIRECTION('',(0.0,-1.0,0.0));
#19830=DIRECTION('',(0.0,0.0,1.0));
#19831=DIRECTION('',(-1.0,0.0,0.0));
#19832=DIRECTION('',(0.0,0.0,1.0));
#19833=DIRECTION('',(1.0,0.0,0.0));
#19834=CARTESIAN_POINT('',(5.41988383569556,-0.630699309112473,-6.499999999998));
#19835=DIRECTION('',(0.0,0.0,-1.0));
#19836=DIRECTION('',(0.0,1.0,0.0));
#19837=DIRECTION('',(0.0,-1.0,0.0));
#19838=DIRECTION('',(-1.0,0.0,0.0));
#19839=DIRECTION('',(0.0,1.0,0.0));
#19840=CARTESIAN_POINT('',(5.41988383569556,-0.630699309112473,-6.499999999998));
#19841=DIRECTION('',(0.0,0.0,1.0));
#19842=DIRECTION('',(1.0,0.0,0.0));
#19843=DIRECTION('',(-1.0,0.0,0.0));
#19844=CARTESIAN_POINT('',(4.61988383569556,-0.130699309112472,-6.499999999998));
#19845=DIRECTION('',(0.0,0.0,-1.0));
#19846=DIRECTION('',(0.0,-1.0,0.0));
#19847=DIRECTION('',(-9.59492506187638E-07,-0.99999999999954,0.0));
#19848=DIRECTION('',(1.0,0.0,-1.076579902667E-14));
#19849=CARTESIAN_POINT('',(3.18988383569556,0.299300690887528,-6.499999999998));
#19850=DIRECTION('',(0.0,0.0,-1.0));
#19851=DIRECTION('',(0.0,1.0,0.0));
#19852=DIRECTION('',(0.0,0.0,1.0));
#19853=CARTESIAN_POINT('',(-2.41011616430444,1.57930069088773,-5.64999999999801));
#19854=DIRECTION('',(0.0,-1.0,0.0));
#19855=DIRECTION('',(0.0,0.0,1.0));
#19856=DIRECTION('',(0.0,0.0,1.0));
#19857=CARTESIAN_POINT('',(-2.86011616430444,1.57930069088773,-6.199999999998));
#19858=DIRECTION('',(-0.0,1.0,0.0));
#19859=DIRECTION('',(1.0,0.0,0.0));
#19860=DIRECTION('',(1.0,0.0,0.0));
#19861=DIRECTION('',(0.0,0.0,-1.0));
#19862=CARTESIAN_POINT('',(2.85988383569556,1.57930069088773,-6.199999999998));
#19863=DIRECTION('',(0.0,1.0,0.0));
#19864=DIRECTION('',(0.0,0.0,-1.0));
#19865=DIRECTION('',(0.0,0.0,1.0));
#19866=CARTESIAN_POINT('',(2.40988383569556,1.57930069088773,-5.64999999999801));
#19867=DIRECTION('',(0.0,-1.0,0.0));
#19868=DIRECTION('',(1.0,0.0,0.0));
#19869=DIRECTION('',(-1.0,0.0,0.0));
#19870=DIRECTION('',(0.0,0.0,-1.0));
#19871=CARTESIAN_POINT('',(1.20988383569556,1.57930069088773,-5.729999999998));
#19872=DIRECTION('',(0.0,-1.0,0.0));
#19873=DIRECTION('',(-1.0,0.0,0.0));
#19874=DIRECTION('',(0.0,0.0,1.0));
#19875=DIRECTION('',(1.0,0.0,0.0));
#19876=DIRECTION('',(0.0,0.0,-1.0));
#19877=CARTESIAN_POINT('',(-1.21011616430444,1.57930069088773,-5.729999999998));
#19878=DIRECTION('',(0.0,-1.0,0.0));
#19879=DIRECTION('',(0.664841680082785,0.0,-0.746984297307982));
#19880=DIRECTION('',(0.0,0.0,1.0));
#19881=DIRECTION('',(-1.0,0.0,0.0));
#19882=DIRECTION('',(-1.0,0.0,0.0));
#19883=DIRECTION('',(0.0,0.0,1.0));
#19884=DIRECTION('',(0.0,0.0,-1.0));
#19885=DIRECTION('',(1.0,0.0,0.0));
#19886=DIRECTION('',(0.0,0.0,1.0));
#19887=DIRECTION('',(0.0,0.0,-1.0));
#19888=DIRECTION('',(0.0,1.0,0.0));
#19889=DIRECTION('',(0.0,1.0,0.0));
#19890=DIRECTION('',(2.63239347684E-10,3.366119137443E-11,1.0));
#19891=DIRECTION('',(1.0,0.0,0.0));
#19892=DIRECTION('',(1.323976594133E-09,-1.936863892449E-11,-1.0));
#19893=DIRECTION('',(1.0,0.0,0.0));
#19894=DIRECTION('',(1.0,0.0,0.0));
#19895=DIRECTION('',(-1.0,0.0,0.0));
#19896=DIRECTION('',(-1.0,0.0,0.0));
#19897=CARTESIAN_POINT('',(-1.16862250985044,1.22930069088773,-4.599999999998));
#19898=DIRECTION('',(0.0,-0.0,1.0));
#19899=DIRECTION('',(0.0,1.0,0.0));
#19900=CARTESIAN_POINT('',(-2.38360981875844,1.22930069088773,-4.599999999998));
#19901=DIRECTION('',(0.0,-0.0,1.0));
#19902=DIRECTION('',(0.913811548620228,0.406138466053513,0.0));
#19903=CARTESIAN_POINT('',(1.16739018124156,1.22930069088773,-4.599999999998));
#19904=DIRECTION('',(0.0,-0.0,1.0));
#19905=DIRECTION('',(0.913811548620228,0.406138466053513,0.0));
#19906=CARTESIAN_POINT('',(2.38237749014956,1.22930069088773,-4.599999999998));
#19907=DIRECTION('',(0.0,-0.0,1.0));
#19908=DIRECTION('',(0.0,1.0,0.0));
#19909=CARTESIAN_POINT('',(3.18988383569556,0.299300690887628,-0.300000000000005));
#19910=DIRECTION('',(0.0,0.0,-1.0));
#19911=DIRECTION('',(-5.9439596279268E-09,1.0,0.0));
#19912=DIRECTION('',(0.447213595499998,0.0,0.894427190999896));
#19913=DIRECTION('',(-4.79220051628098E-09,-0.447213595499998,-0.894427190999896));
#19914=DIRECTION('',(4.50166193122198E-14,0.447213595499998,0.894427190999896));
#19915=DIRECTION('',(0.447213595499998,0.0,-0.894427190999896));
#19916=CARTESIAN_POINT('',(-3.19011616430444,0.299300690887428,-0.300000000000005));
#19917=DIRECTION('',(0.0,0.0,-1.0));
#19918=DIRECTION('',(-1.0,0.0,0.0));
#19919=DIRECTION('',(0.0,1.0,0.0));
#19920=DIRECTION('',(0.0,1.0,0.0));
#19921=DIRECTION('',(1.0,0.0,0.0));
#19922=DIRECTION('',(0.0,-1.0,0.0));
#19923=DIRECTION('',(0.0,1.0,0.0));
#19924=DIRECTION('',(-1.0,0.0,0.0));
#19925=DIRECTION('',(0.0,-1.0,0.0));
#19926=DIRECTION('',(-1.0,0.0,0.0));
#19927=DIRECTION('',(0.0,-1.0,0.0));
#19928=DIRECTION('',(-1.0,0.0,0.0));
#19929=DIRECTION('',(0.0,-1.0,0.0));
#19930=DIRECTION('',(-1.0,0.0,0.0));
#19931=DIRECTION('',(0.0,-1.0,0.0));
#19932=DIRECTION('',(-1.0,0.0,0.0));
#19933=DIRECTION('',(0.0,-1.0,0.0));
#19934=DIRECTION('',(-1.0,0.0,0.0));
#19935=DIRECTION('',(0.0,-1.0,0.0));
#19936=DIRECTION('',(-1.0,0.0,0.0));
#19937=DIRECTION('',(0.0,-1.0,0.0));
#19938=DIRECTION('',(-1.0,0.0,0.0));
#19939=DIRECTION('',(0.0,-1.0,0.0));
#19940=DIRECTION('',(-1.0,0.0,0.0));
#19941=DIRECTION('',(0.0,-1.0,0.0));
#19942=DIRECTION('',(-1.0,0.0,0.0));
#19943=DIRECTION('',(0.0,-1.0,0.0));
#19944=DIRECTION('',(-1.0,0.0,0.0));
#19945=DIRECTION('',(0.0,-1.0,0.0));
#19946=DIRECTION('',(-1.0,0.0,0.0));
#19947=DIRECTION('',(0.0,-1.0,0.0));
#19948=DIRECTION('',(-1.0,0.0,0.0));
#19949=DIRECTION('',(0.0,-1.0,0.0));
#19950=DIRECTION('',(-1.0,0.0,0.0));
#19951=DIRECTION('',(0.0,-1.0,0.0));
#19952=DIRECTION('',(-1.0,0.0,0.0));
#19953=DIRECTION('',(0.0,-1.0,0.0));
#19954=DIRECTION('',(-1.0,0.0,0.0));
#19955=DIRECTION('',(0.0,-1.0,0.0));
#19956=DIRECTION('',(-1.0,0.0,0.0));
#19957=DIRECTION('',(8.974302782391E-14,-1.0,0.0));
#19958=DIRECTION('',(-1.0,0.0,0.0));
#19959=DIRECTION('',(9.159339953162E-14,-1.0,0.0));
#19960=DIRECTION('',(-1.0,0.0,0.0));
#19961=DIRECTION('',(8.881784197005E-14,-1.0,0.0));
#19962=DIRECTION('',(-1.0,0.0,0.0));
#19963=DIRECTION('',(8.881784197005E-14,-1.0,0.0));
#19964=DIRECTION('',(-1.0,0.0,0.0));
#19965=DIRECTION('',(8.881784197005E-14,-1.0,0.0));
#19966=DIRECTION('',(-1.0,0.0,0.0));
#19967=DIRECTION('',(8.881784197005E-14,-1.0,0.0));
#19968=DIRECTION('',(-1.0,0.0,0.0));
#19969=DIRECTION('',(8.881784197005E-14,-1.0,0.0));
#19970=DIRECTION('',(-1.0,0.0,0.0));
#19971=DIRECTION('',(8.881784197005E-14,-1.0,0.0));
#19972=DIRECTION('',(-1.0,0.0,0.0));
#19973=DIRECTION('',(8.881784197005E-14,-1.0,0.0));
#19974=DIRECTION('',(-1.0,0.0,0.0));
#19975=DIRECTION('',(8.881784197005E-14,-1.0,0.0));
#19976=DIRECTION('',(-1.0,0.0,0.0));
#19977=DIRECTION('',(8.881784197005E-14,-1.0,0.0));
#19978=DIRECTION('',(-1.0,0.0,0.0));
#19979=DIRECTION('',(8.881784197005E-14,-1.0,0.0));
#19980=DIRECTION('',(-1.0,0.0,0.0));
#19981=DIRECTION('',(8.881784197005E-14,-1.0,0.0));
#19982=DIRECTION('',(-1.0,0.0,0.0));
#19983=DIRECTION('',(8.881784197005E-14,-1.0,0.0));
#19984=DIRECTION('',(-1.0,0.0,0.0));
#19985=DIRECTION('',(8.881784197005E-14,-1.0,0.0));
#19986=DIRECTION('',(-1.0,0.0,0.0));
#19987=DIRECTION('',(8.881784197005E-14,-1.0,0.0));
#19988=CARTESIAN_POINT('',(-1.10940871324965,1.12930069088773,-5.879999999998));
#19989=DIRECTION('',(0.0,0.0,1.0));
#19990=DIRECTION('',(1.0,0.0,0.0));
#19991=DIRECTION('',(-0.641152119262265,-0.767413812727857,0.0));
#19992=DIRECTION('',(0.641152119262265,0.767413812727857,0.0));
#19993=CARTESIAN_POINT('',(-1.10940871324965,1.12930069088773,-6.429999999998));
#19994=DIRECTION('',(0.0,0.0,-1.0));
#19995=DIRECTION('',(-1.0,0.0,0.0));
#19996=CARTESIAN_POINT('',(1.11030581510456,1.12930069088773,-6.429999999998));
#19997=DIRECTION('',(0.0,0.0,-1.0));
#19998=DIRECTION('',(0.0,1.0,0.0));
#19999=DIRECTION('',(0.641972397053615,-0.766727749218219,0.0));
#20000=DIRECTION('',(-0.641972397054106,0.766727749217807,0.0));
#20001=CARTESIAN_POINT('',(1.15044933397738,1.21716865653153,-6.429999999998));
#20002=DIRECTION('',(-0.0,0.0,-1.0));
#20003=DIRECTION('',(-0.423100226273814,-0.90608288722779,0.0));
#20004=DIRECTION('',(0.641972397053615,-0.766727749218219,0.0));
#20005=CARTESIAN_POINT('',(1.11030581510456,1.12930069088773,-5.879999999998));
#20006=DIRECTION('',(0.0,-0.0,1.0));
#20007=DIRECTION('',(0.766727749218219,0.641972397053615,0.0));
#20008=DIRECTION('',(0.0,-1.0,0.0));
#20009=DIRECTION('',(0.0,-1.0,0.0));
#20010=DIRECTION('',(0.0,0.0,-1.0));
#20011=DIRECTION('',(0.313537817160382,0.671451426839761,-0.671451426839761));
#20012=DIRECTION('',(0.0,-1.0,0.0));
#20013=DIRECTION('',(0.0,-1.0,0.0));
#20014=DIRECTION('',(0.0,1.0,0.0));
#20015=DIRECTION('',(0.0,0.0,1.0));
#20016=DIRECTION('',(0.0,0.0,-1.0));
#20017=DIRECTION('',(0.0,0.0,1.0));
#20018=DIRECTION('',(0.0,0.0,1.0));
#20019=DIRECTION('',(0.0,0.0,1.0));
#20020=DIRECTION('',(0.0,1.439599671263E-12,-1.0));
#20021=DIRECTION('',(0.0,-1.0,-1.476596622751E-12));
#20022=DIRECTION('',(0.0,0.0,1.0));
#20023=DIRECTION('',(1.0,0.0,0.0));
#20024=DIRECTION('',(0.0,0.0,-1.0));
#20025=DIRECTION('',(0.0,-1.0,-1.476596622751E-12));
#20026=DIRECTION('',(0.0,-1.439758252412E-12,1.0));
#20027=DIRECTION('',(1.0,0.0,0.0));
#20028=DIRECTION('',(6.596975801337E-14,1.439599671263E-12,-1.0));
#20029=DIRECTION('',(0.0,-1.0,-1.476596622751E-12));
#20030=DIRECTION('',(0.0,0.0,1.0));
#20031=DIRECTION('',(1.0,0.0,0.0));
#20032=DIRECTION('',(0.0,0.0,-1.0));
#20033=DIRECTION('',(0.0,-1.0,-1.476596622751E-12));
#20034=DIRECTION('',(-3.23505544104E-14,-1.439758252412E-12,1.0));
#20035=DIRECTION('',(1.0,0.0,6.883389317192E-14));
#20036=DIRECTION('',(0.0,1.439599671263E-12,-1.0));
#20037=DIRECTION('',(0.0,-1.0,-1.476596622751E-12));
#20038=DIRECTION('',(0.0,0.0,1.0));
#20039=DIRECTION('',(1.0,0.0,0.0));
#20040=DIRECTION('',(0.0,0.0,-1.0));
#20041=DIRECTION('',(0.0,-1.0,-1.476596622751E-12));
#20042=DIRECTION('',(0.0,-1.439758252412E-12,1.0));
#20043=DIRECTION('',(1.0,0.0,0.0));
#20044=DIRECTION('',(3.235055441041E-14,1.439599671263E-12,-1.0));
#20045=DIRECTION('',(0.0,-1.0,-1.476596622751E-12));
#20046=DIRECTION('',(0.0,0.0,1.0));
#20047=DIRECTION('',(1.0,0.0,0.0));
#20048=DIRECTION('',(0.0,0.0,-1.0));
#20049=DIRECTION('',(0.0,-1.0,-1.476596622751E-12));
#20050=DIRECTION('',(-3.235055441041E-14,-1.439599671263E-12,1.0));
#20051=DIRECTION('',(1.0,0.0,3.330672250253E-14));
#20052=DIRECTION('',(-3.23505544104E-14,1.439599671263E-12,-1.0));
#20053=DIRECTION('',(0.0,-1.0,-1.480297366167E-12));
#20054=DIRECTION('',(0.0,0.0,1.0));
#20055=DIRECTION('',(1.0,0.0,0.0));
#20056=DIRECTION('',(0.0,0.0,-1.0));
#20057=DIRECTION('',(0.0,-1.0,-1.480297366167E-12));
#20058=DIRECTION('',(3.219197326132E-14,-1.439441090114E-12,1.0));
#20059=DIRECTION('',(1.0,0.0,-3.552717066936E-14));
#20060=DIRECTION('',(0.0,1.439599671263E-12,-1.0));
#20061=DIRECTION('',(0.0,-1.0,-1.476596622751E-12));
#20062=DIRECTION('',(0.0,0.0,1.0));
#20063=DIRECTION('',(1.0,0.0,0.0));
#20064=DIRECTION('',(0.0,0.0,-1.0));
#20065=DIRECTION('',(0.0,-1.0,-1.480297366167E-12));
#20066=DIRECTION('',(0.0,-1.439599671263E-12,1.0));
#20067=DIRECTION('',(1.0,0.0,0.0));
#20068=DIRECTION('',(-3.235055441039E-14,1.439599671262E-12,-1.0));
#20069=DIRECTION('',(0.0,-1.0,-1.476596622751E-12));
#20070=DIRECTION('',(0.0,0.0,1.0));
#20071=DIRECTION('',(1.0,0.0,0.0));
#20072=DIRECTION('',(0.0,0.0,-1.0));
#20073=DIRECTION('',(0.0,-1.0,-1.480297366167E-12));
#20074=DIRECTION('',(6.596975801335E-14,-1.439599671262E-12,1.0));
#20075=DIRECTION('',(1.0,0.0,-3.552717066938E-14));
#20076=DIRECTION('',(0.0,1.439599671263E-12,-1.0));
#20077=DIRECTION('',(0.0,-1.0,-1.476596622751E-12));
#20078=DIRECTION('',(0.0,0.0,-1.0));
#20079=DIRECTION('',(1.0,0.0,0.0));
#20080=DIRECTION('',(0.0,0.0,1.0));
#20081=DIRECTION('',(0.0,-1.0,-1.476596622751E-12));
#20082=DIRECTION('',(0.0,-1.439599671263E-12,1.0));
#20083=DIRECTION('',(1.0,0.0,0.0));
#20084=DIRECTION('',(0.0,0.0,-1.0));
#20085=DIRECTION('',(8.881784197005E-14,-1.0,-1.554312234476E-13));
#20086=DIRECTION('',(0.0,0.0,1.0));
#20087=DIRECTION('',(1.0,0.0,0.0));
#20088=DIRECTION('',(0.0,0.0,-1.0));
#20089=DIRECTION('',(8.78926561162E-14,-1.0,-1.628327102784E-13));
#20090=DIRECTION('',(0.0,0.0,1.0));
#20091=DIRECTION('',(1.0,0.0,0.0));
#20092=DIRECTION('',(0.0,0.0,-1.0));
#20093=DIRECTION('',(8.881784197005E-14,-1.0,-1.628327102784E-13));
#20094=DIRECTION('',(0.0,0.0,1.0));
#20095=DIRECTION('',(1.0,0.0,0.0));
#20096=DIRECTION('',(0.0,0.0,-1.0));
#20097=DIRECTION('',(8.881784197005E-14,-1.0,-1.628327102784E-13));
#20098=DIRECTION('',(0.0,0.0,1.0));
#20099=DIRECTION('',(1.0,0.0,0.0));
#20100=DIRECTION('',(0.0,0.0,-1.0));
#20101=DIRECTION('',(8.881784197005E-14,-1.0,-1.554312234476E-13));
#20102=DIRECTION('',(0.0,0.0,1.0));
#20103=DIRECTION('',(1.0,0.0,0.0));
#20104=DIRECTION('',(0.0,0.0,-1.0));
#20105=DIRECTION('',(8.881784197005E-14,-1.0,-1.628327102784E-13));
#20106=DIRECTION('',(0.0,0.0,1.0));
#20107=DIRECTION('',(1.0,0.0,0.0));
#20108=DIRECTION('',(0.0,0.0,-1.0));
#20109=DIRECTION('',(8.881784197005E-14,-1.0,-1.665334536939E-13));
#20110=DIRECTION('',(0.0,0.0,1.0));
#20111=DIRECTION('',(1.0,0.0,0.0));
#20112=DIRECTION('',(0.0,0.0,-1.0));
#20113=DIRECTION('',(8.881784197005E-14,-1.0,-1.628327102784E-13));
#20114=DIRECTION('',(0.0,0.0,1.0));
#20115=DIRECTION('',(1.0,0.0,0.0));
#20116=DIRECTION('',(0.0,0.0,-1.0));
#20117=DIRECTION('',(8.881784197005E-14,-1.0,-1.554312234476E-13));
#20118=DIRECTION('',(0.0,0.0,1.0));
#20119=DIRECTION('',(1.0,0.0,0.0));
#20120=DIRECTION('',(0.0,0.0,-1.0));
#20121=DIRECTION('',(8.881784197005E-14,-1.0,-1.628327102784E-13));
#20122=DIRECTION('',(0.0,0.0,1.0));
#20123=DIRECTION('',(1.0,0.0,0.0));
#20124=DIRECTION('',(0.0,0.0,1.0));
#20125=DIRECTION('',(8.881784197005E-14,-1.0,-1.628327102784E-13));
#20126=DIRECTION('',(0.0,0.0,1.0));
#20127=DIRECTION('',(1.0,0.0,0.0));
#20128=DIRECTION('',(0.0,0.0,-1.0));
#20129=DIRECTION('',(8.881784197005E-14,-1.0,-1.628327102784E-13));
#20130=DIRECTION('',(0.0,0.0,-1.0));
#20131=DIRECTION('',(1.0,0.0,0.0));
#20132=DIRECTION('',(0.0,0.0,-1.0));
#20133=DIRECTION('',(8.881784197005E-14,-1.0,-1.554312234476E-13));
#20134=DIRECTION('',(0.0,0.0,1.0));
#20135=DIRECTION('',(1.0,0.0,0.0));
#20136=DIRECTION('',(0.0,0.0,-1.0));
#20137=DIRECTION('',(9.251858538547E-14,-1.0,-1.628327102784E-13));
#20138=DIRECTION('',(0.0,0.0,1.0));
#20139=DIRECTION('',(1.0,0.0,0.0));
#20140=DIRECTION('',(0.0,0.0,-1.0));
#20141=DIRECTION('',(8.881784197005E-14,-1.0,-1.59131966863E-13));
#20142=DIRECTION('',(0.0,0.0,1.0));
#20143=DIRECTION('',(1.0,0.0,0.0));
#20144=DIRECTION('',(0.0,0.0,-1.0));
#20145=DIRECTION('',(8.881784197005E-14,-1.0,-1.628327102784E-13));
#20146=DIRECTION('',(0.0,0.0,1.0));
#20147=DIRECTION('',(1.0,0.0,0.0));
#20148=DIRECTION('',(9.59981960590638E-07,-0.999999999999539,-2.36847578586609E-14));
#20149=DIRECTION('',(1.184237892933E-14,1.0,0.0));
#20150=DIRECTION('',(1.184237892933E-14,1.0,0.0));
#20151=CARTESIAN_POINT('',(-3.19011616430444,0.299300690887528,-6.499999999998));
#20152=DIRECTION('',(0.0,0.0,-1.0));
#20153=DIRECTION('',(-1.0,0.0,0.0));
#20154=CARTESIAN_POINT('',(-4.62011616430444,-0.130699309112472,-6.499999999998));
#20155=DIRECTION('',(0.0,0.0,-1.0));
#20156=DIRECTION('',(0.6666666666667,-0.7453559924999,0.0));
#20157=DIRECTION('',(-1.0,0.0,0.0));
#20158=CARTESIAN_POINT('',(-5.42011616430444,-0.630699309112473,-6.499999999998));
#20159=DIRECTION('',(0.0,-0.0,1.0));
#20160=DIRECTION('',(0.0,1.0,0.0));
#20161=DIRECTION('',(0.0,1.0,0.0));
#20162=DIRECTION('',(1.0,0.0,0.0));
#20163=DIRECTION('',(0.0,-1.0,0.0));
#20164=CARTESIAN_POINT('',(-5.42011616430444,-0.630699309112473,-6.499999999998));
#20165=DIRECTION('',(0.0,0.0,-1.0));
#20166=DIRECTION('',(-1.0,0.0,0.0));
#20167=DIRECTION('',(1.0,0.0,0.0));
#20168=CARTESIAN_POINT('',(-4.62011616430444,-0.130699309112472,-6.499999999998));
#20169=DIRECTION('',(0.0,0.0,1.0));
#20170=DIRECTION('',(0.0,-1.0,0.0));
#20171=DIRECTION('',(0.0,0.0,1.0));
#20172=CARTESIAN_POINT('',(-4.62011616430444,-0.130699309112472,-5.699999999998));
#20173=DIRECTION('',(0.0,0.0,-1.0));
#20174=DIRECTION('',(0.7453559924999,-0.666666666666701,0.0));
#20175=CARTESIAN_POINT('',(4.61988383569556,-0.130699309112472,-5.699999999998));
#20176=DIRECTION('',(0.0,0.0,1.0));
#20177=DIRECTION('',(-0.974996043043576,-0.222222222222194,0.0));
#20178=DIRECTION('',(1.0,0.0,0.0));
#20179=CARTESIAN_POINT('',(5.41988383569556,-0.630699309112473,-5.699999999998));
#20180=DIRECTION('',(0.0,0.0,-1.0));
#20181=DIRECTION('',(0.0,1.0,0.0));
#20182=DIRECTION('',(0.0,-1.0,0.0));
#20183=DIRECTION('',(1.0,0.0,0.0));
#20184=DIRECTION('',(0.0,1.0,0.0));
#20185=CARTESIAN_POINT('',(5.41988383569556,-0.630699309112473,-5.699999999998));
#20186=DIRECTION('',(0.0,0.0,1.0));
#20187=DIRECTION('',(1.0,0.0,0.0));
#20188=CARTESIAN_POINT('',(-5.42011616430444,-0.630699309112473,-5.699999999998));
#20189=DIRECTION('',(0.0,-0.0,1.0));
#20190=DIRECTION('',(0.0,1.0,0.0));
#20191=DIRECTION('',(0.0,1.0,0.0));
#20192=DIRECTION('',(1.0,0.0,0.0));
#20193=DIRECTION('',(0.0,-1.0,0.0));
#20194=CARTESIAN_POINT('',(-5.42011616430444,-0.630699309112473,-5.699999999998));
#20195=DIRECTION('',(0.0,0.0,-1.0));
#20196=DIRECTION('',(-1.0,0.0,0.0));
#20197=DIRECTION('',(1.0,0.0,0.0));
#20198=CARTESIAN_POINT('',(-4.62011616430444,-0.130699309112472,-5.699999999998));
#20199=DIRECTION('',(0.0,0.0,1.0));
#20200=DIRECTION('',(0.0,-1.0,0.0));
#20201=DIRECTION('',(-1.0,0.0,0.0));
#20202=DIRECTION('',(0.0,0.0,1.0));
#20203=CARTESIAN_POINT('',(5.76988383569556,-1.43069930911227,-5.899999999998));
#20204=DIRECTION('',(1.0,0.0,-0.0));
#20205=DIRECTION('',(0.0,0.0,1.0));
#20206=DIRECTION('',(0.0,0.0,-1.0));
#20207=CARTESIAN_POINT('',(5.76988383569556,-1.43069930911227,-6.299999999998));
#20208=DIRECTION('',(1.0,0.0,0.0));
#20209=DIRECTION('',(0.0,-1.0,0.0));
#20210=DIRECTION('',(-1.0,0.0,0.0));
#20211=CARTESIAN_POINT('',(5.46988383569556,-1.43069930911227,-6.299999999998));
#20212=DIRECTION('',(-1.0,0.0,0.0));
#20213=DIRECTION('',(0.0,0.0,-1.0));
#20214=DIRECTION('',(0.0,0.0,1.0));
#20215=CARTESIAN_POINT('',(5.46988383569556,-1.43069930911227,-5.899999999998));
#20216=DIRECTION('',(-1.0,0.0,0.0));
#20217=DIRECTION('',(0.0,-1.0,0.0));
#20218=DIRECTION('',(0.0,0.0,1.0));
#20219=DIRECTION('',(0.0,0.0,1.0));
#20220=DIRECTION('',(0.0,0.0,-1.0));
#20221=DIRECTION('',(1.0,0.0,0.0));
#20222=DIRECTION('',(0.0,0.0,1.0));
#20223=DIRECTION('',(0.0,0.0,1.0));
#20224=DIRECTION('',(0.0,0.0,-1.0));
#20225=CARTESIAN_POINT('',(-5.77011616430444,-1.43069930911227,-5.899999999998));
#20226=DIRECTION('',(-1.0,0.0,0.0));
#20227=DIRECTION('',(0.0,-1.0,0.0));
#20228=CARTESIAN_POINT('',(-5.77011616430444,-1.43069930911227,-6.299999999998));
#20229=DIRECTION('',(-1.0,0.0,0.0));
#20230=DIRECTION('',(0.0,0.0,-1.0));
#20231=DIRECTION('',(1.0,0.0,0.0));
#20232=CARTESIAN_POINT('',(-5.47011616430444,-1.43069930911227,-6.299999999998));
#20233=DIRECTION('',(1.0,0.0,0.0));
#20234=DIRECTION('',(0.0,-1.0,0.0));
#20235=DIRECTION('',(0.0,0.0,1.0));
#20236=CARTESIAN_POINT('',(-5.47011616430444,-1.43069930911227,-5.899999999998));
#20237=DIRECTION('',(1.0,0.0,-0.0));
#20238=DIRECTION('',(0.0,0.0,1.0));
#20239=DIRECTION('',(0.0,0.0,1.0));
#20240=DIRECTION('',(1.0,0.0,0.0));
#20241=DIRECTION('',(0.0,0.0,1.0));
#20242=DIRECTION('',(0.0,0.0,-1.0));
#20243=DIRECTION('',(-0.447213595499998,0.0,0.894427190999896));
#20244=DIRECTION('',(-1.64178258668099E-13,0.447213595499998,-0.894427190999896));
#20245=CARTESIAN_POINT('',(-3.19011616430444,-0.300699309112272,-0.300000000000005));
#20246=DIRECTION('',(-0.0,0.0,-1.0));
#20247=DIRECTION('',(-2.34099162957026E-13,-1.0,0.0));
#20248=DIRECTION('',(0.0,0.447213595499998,-0.894427190999896));
#20249=DIRECTION('',(0.0,-1.0,-5.921189464668E-14));
#20250=DIRECTION('',(-1.220366400527E-12,1.0,-1.06581410364E-13));
#20251=DIRECTION('',(-1.253811869143E-12,1.0,-1.302661682227E-13));
#20252=DIRECTION('',(0.0,-1.0,-1.06581410364E-13));
#20253=DIRECTION('',(0.0,1.0,-5.921189464668E-14));
#20254=DIRECTION('',(9.755529717381E-12,-1.0,-4.725109192805E-12));
#20255=DIRECTION('',(2.961687608124E-12,-1.0,-1.930307765482E-12));
#20256=DIRECTION('',(0.0,1.0,-5.921189464668E-14));
#20257=DIRECTION('',(0.0,-1.0,-1.50990331349E-13));
#20258=DIRECTION('',(3.241492722387E-12,1.0,1.580957587066E-12));
#20259=DIRECTION('',(-3.759215161381E-12,1.0,-1.317464655889E-12));
#20260=DIRECTION('',(0.0,-1.0,-1.095420050963E-13));
#20261=DIRECTION('',(0.0,1.0,-1.15463194561E-13));
#20262=DIRECTION('',(-1.350771346627E-14,-1.0,1.184237892934E-14));
#20263=DIRECTION('',(2.618738559335E-13,-1.0,-1.273055734904E-13));
#20264=DIRECTION('',(0.0,1.0,-1.273055734904E-13));
#20265=DIRECTION('',(0.0,1.0,0.0));
#20266=DIRECTION('',(0.0,1.0,0.0));
#20267=DIRECTION('',(2.072416312634E-13,-1.0,0.0));
#20268=DIRECTION('',(0.0,-1.0,0.0));
#20269=DIRECTION('',(0.0,1.0,0.0));
#20270=DIRECTION('',(0.0,-1.0,0.0));
#20271=DIRECTION('',(0.0,-1.0,0.0));
#20272=DIRECTION('',(0.0,1.0,0.0));
#20273=DIRECTION('',(2.705359084902E-13,1.0,-3.552713678801E-13));
#20274=DIRECTION('',(3.284409781183E-13,1.0,-3.434289889507E-13));
#20275=DIRECTION('',(0.0,-1.0,1.006602208993E-13));
#20276=DIRECTION('',(0.0,1.0,5.921189464668E-14));
#20277=DIRECTION('',(-4.440892098501E-14,-1.0,2.960594732334E-14));
#20278=DIRECTION('',(-1.029384910645E-13,-1.0,5.921189464667E-14));
#20279=DIRECTION('',(0.0,1.0,7.697546304068E-14));
#20280=DIRECTION('',(0.0,-1.0,1.539509260814E-13));
#20281=DIRECTION('',(-1.951748947645E-12,1.0,-9.473903143468E-13));
#20282=DIRECTION('',(-2.012464269304E-12,1.0,-9.769962616701E-13));
#20283=DIRECTION('',(0.0,-1.0,1.42108547152E-13));
#20284=DIRECTION('',(0.0,1.0,7.993605777301E-14));
#20285=DIRECTION('',(-1.68753899743E-13,-1.0,9.473903143468E-14));
#20286=DIRECTION('',(-3.788520423302E-13,-1.0,1.894780628694E-13));
#20287=DIRECTION('',(0.0,4.115066601417E-12,-1.0));
#20288=DIRECTION('',(0.0,1.0,0.0));
#20289=DIRECTION('',(0.0,1.0,0.0));
#20290=DIRECTION('',(0.0,-1.0,0.0));
#20291=CARTESIAN_POINT('',(-3.19511616430744,0.0793006908843075,-1.51999999999801));
#20292=DIRECTION('',(0.0,-1.0,0.0));
#20293=DIRECTION('',(1.0,0.0,1.73472347597681E-14));
#20294=DIRECTION('',(0.0,-1.0,0.0));
#20295=DIRECTION('',(1.0,1.376038172296E-11,0.0));
#20296=DIRECTION('',(0.0,1.0,0.0));
#20297=DIRECTION('',(0.0,1.0,0.0));
#20298=DIRECTION('',(0.0,1.0,0.0));
#20299=DIRECTION('',(0.0,4.115217798214E-12,-1.0));
#20300=DIRECTION('',(0.0,1.0,0.0));
#20301=DIRECTION('',(0.22358881090169,0.584810136460374,0.779746848619965));
#20302=DIRECTION('',(0.0,1.0,0.0));
#20303=DIRECTION('',(-0.223588810901094,0.584810136463384,-0.779746848617879));
#20304=DIRECTION('',(-0.275637355816913,1.62667583155707E-13,-0.961261695938344));
#20305=DIRECTION('',(-8.378483092118E-13,-1.0,-2.913225216482E-12));
#20306=DIRECTION('',(0.0,1.0,0.0));
#20307=DIRECTION('',(-1.0,0.0,0.0));
#20308=DIRECTION('',(0.0,0.0,-1.0));
#20309=DIRECTION('',(0.0,0.0,-1.0));
#20310=CARTESIAN_POINT('',(-3.19511616430744,0.0793006909276179,-0.770194193383134));
#20311=DIRECTION('',(0.0,1.0,0.0));
#20312=DIRECTION('',(0.0,0.0,-1.0));
#20313=DIRECTION('',(-0.267999504819213,-2.55130237278412E-12,-0.963419049747646));
#20314=CARTESIAN_POINT('',(-3.14494524021879,0.0793006909276179,-0.589837054130005));
#20315=DIRECTION('',(0.0,1.0,0.0));
#20316=DIRECTION('',(0.0,0.0,-1.0));
#20317=CARTESIAN_POINT('',(3.14473407833029,0.0793006909276179,-0.589837054130005));
#20318=DIRECTION('',(0.0,1.0,0.0));
#20319=DIRECTION('',(0.0,0.0,-1.0));
#20320=DIRECTION('',(-0.267999504819213,9.25785862086044E-14,0.963419049747646));
#20321=CARTESIAN_POINT('',(3.19488383569256,0.0793006909276179,-0.770118102095445));
#20322=DIRECTION('',(0.0,1.0,0.0));
#20323=DIRECTION('',(0.0,0.0,-1.0));
#20324=DIRECTION('',(0.0,0.0,-1.0));
#20325=CARTESIAN_POINT('',(3.34489442046656,0.0793006906836075,-1.650554152655));
#20326=DIRECTION('',(8.21194721075901E-24,-1.0,4.11573986071638E-12));
#20327=DIRECTION('',(-2.02321575851763E-07,4.1157398607163E-12,0.99999999999998));
#20328=DIRECTION('',(0.0,0.0,1.0));
#20329=DIRECTION('',(0.275637355816913,7.74884124246035E-12,-0.961261695938344));
#20330=DIRECTION('',(1.0,0.0,0.0));
#20331=DIRECTION('',(0.0,1.0,0.0));
#20332=DIRECTION('',(0.0,1.0,0.0));
#20333=DIRECTION('',(0.0,1.0,0.0));
#20334=DIRECTION('',(8.437694986922E-13,-1.0,-2.913225216537E-12));
#20335=DIRECTION('',(0.0,1.0,0.0));
#20336=DIRECTION('',(0.0,1.0,0.0));
#20337=DIRECTION('',(0.0,1.0,0.0));
#20338=DIRECTION('',(0.0,1.0,0.0));
#20339=DIRECTION('',(0.0,-1.0,0.0));
#20340=DIRECTION('',(0.0,-1.0,0.0));
#20341=DIRECTION('',(-0.223588810901094,-0.584810136463384,0.779746848617879));
#20342=DIRECTION('',(0.0,1.0,0.0));
#20343=DIRECTION('',(0.2235888109165,-0.584810136386,-0.779746848671499));
#20344=DIRECTION('',(1.0,0.0,0.0));
#20345=DIRECTION('',(1.0,0.0,0.0));
#20346=DIRECTION('',(0.0,-1.0,3.47910527190534E-13));
#20347=CARTESIAN_POINT('',(1.36738386310524,0.0843006908855475,-0.738939636187005));
#20348=DIRECTION('',(-0.985030387401472,-5.99730906531983E-14,-0.172380787490095));
#20349=DIRECTION('',(-0.172380787490095,3.42702441379542E-13,0.985030387401472));
#20350=DIRECTION('',(0.0,-1.0,3.47910527190534E-13));
#20351=CARTESIAN_POINT('',(1.34988343670456,0.0843006908855475,-0.738939636187005));
#20352=DIRECTION('',(1.0,0.0,-0.0));
#20353=DIRECTION('',(0.0,0.0,1.0));
#20354=CARTESIAN_POINT('',(1.13238343724924,0.0843006908855475,-0.738939636187005));
#20355=DIRECTION('',(0.985030387401472,1.15486836016597E-13,-0.172380787490095));
#20356=DIRECTION('',(-0.172380787490095,6.59922979106563E-13,-0.985030387401472));
#20357=CARTESIAN_POINT('',(1.14988362743956,0.0843006908855475,-0.738939636187005));
#20358=DIRECTION('',(-1.0,0.0,0.0));
#20359=DIRECTION('',(0.0,0.0,1.0));
#20360=DIRECTION('',(0.0,-1.0,-6.69951899501752E-13));
#20361=DIRECTION('',(0.0,1.0,6.69951899501752E-13));
#20362=DIRECTION('',(0.0,-1.0,3.47910527190534E-13));
#20363=CARTESIAN_POINT('',(0.867383045496598,0.0843006908659999,-1.23893928873787));
#20364=DIRECTION('',(0.985030387401473,5.99730906531983E-14,0.172380787490095));
#20365=DIRECTION('',(-0.172380787490095,3.42702441379542E-13,0.985030387401473));
#20366=DIRECTION('',(0.0,1.0,-3.47910527190534E-13));
#20367=CARTESIAN_POINT('',(0.84988383569246,0.0843006908659999,-1.23893928873787));
#20368=DIRECTION('',(-1.0,0.0,0.0));
#20369=DIRECTION('',(0.0,0.0,-1.0));
#20370=CARTESIAN_POINT('',(0.632383233208133,0.0843006908659999,-1.23893928873787));
#20371=DIRECTION('',(0.985030387401473,1.15486836016597E-13,-0.172380787490095));
#20372=DIRECTION('',(-0.172380787490095,6.59922979106563E-13,-0.985030387401473));
#20373=CARTESIAN_POINT('',(0.64988383569246,0.0843006908659999,-1.23893928873787));
#20374=DIRECTION('',(1.0,0.0,-0.0));
#20375=DIRECTION('',(0.0,0.0,1.0));
#20376=DIRECTION('',(0.0,1.0,6.69951899501752E-13));
#20377=DIRECTION('',(0.0,-1.0,-6.69951899501752E-13));
#20378=DIRECTION('',(0.0,1.0,-3.47910527190534E-13));
#20379=CARTESIAN_POINT('',(0.363883169473637,0.0843006908659999,-1.23893928873787));
#20380=DIRECTION('',(0.985030387401473,5.99730906531983E-14,0.172380787490095));
#20381=DIRECTION('',(-0.172380787490095,3.42702441379542E-13,0.985030387401473));
#20382=DIRECTION('',(0.0,1.0,-3.47910527190534E-13));
#20383=CARTESIAN_POINT('',(0.34988343670456,0.0843006908659999,-1.23893928873787));
#20384=DIRECTION('',(-1.0,0.0,0.0));
#20385=DIRECTION('',(0.0,0.0,1.0));
#20386=CARTESIAN_POINT('',(0.135883109229901,0.0843006908659999,-1.23893928873787));
#20387=DIRECTION('',(0.985030387401473,1.15486836016597E-13,-0.172380787490095));
#20388=DIRECTION('',(-0.172380787490095,6.59922979106563E-13,-0.985030387401473));
#20389=CARTESIAN_POINT('',(0.149883627439361,0.0843006908659999,-1.23893928873787));
#20390=DIRECTION('',(1.0,0.0,-0.0));
#20391=DIRECTION('',(0.0,0.0,1.0));
#20392=DIRECTION('',(0.0,1.0,6.69951899501752E-13));
#20393=DIRECTION('',(0.0,-1.0,-6.69951899501752E-13));
#20394=DIRECTION('',(0.0,-1.0,3.47910527190534E-13));
#20395=CARTESIAN_POINT('',(-0.136115437845261,0.0843006908659999,-1.23893928873787));
#20396=DIRECTION('',(0.985030387401473,5.99730906531983E-14,0.172380787490095));
#20397=DIRECTION('',(-0.172380787490095,3.42702441379542E-13,0.985030387401473));
#20398=DIRECTION('',(0.0,1.0,-3.47910527190534E-13));
#20399=CARTESIAN_POINT('',(-0.150115956048339,0.0843006908659999,-1.23893928873787));
#20400=DIRECTION('',(-1.0,0.0,0.0));
#20401=DIRECTION('',(0.0,0.0,1.0));
#20402=CARTESIAN_POINT('',(-0.364115498088894,0.0843006908659999,-1.23893928873787));
#20403=DIRECTION('',(-0.985030387401473,-1.15486836016597E-13,0.172380787490095));
#20404=DIRECTION('',(-0.172380787490095,6.59922979106563E-13,-0.985030387401473));
#20405=CARTESIAN_POINT('',(-0.35011576531334,0.0843006908659999,-1.23893928873787));
#20406=DIRECTION('',(1.0,0.0,-0.0));
#20407=DIRECTION('',(0.0,0.0,1.0));
#20408=DIRECTION('',(0.0,1.0,6.69951899501752E-13));
#20409=DIRECTION('',(0.0,1.0,6.69951899501752E-13));
#20410=DIRECTION('',(0.0,-1.0,3.47910527190534E-13));
#20411=CARTESIAN_POINT('',(-0.632615561823492,0.0843006908659999,-1.23893928873787));
#20412=DIRECTION('',(0.985030387401473,5.99730906531983E-14,0.172380787490095));
#20413=DIRECTION('',(-0.172380787490095,3.42702441379542E-13,0.985030387401473));
#20414=DIRECTION('',(0.0,1.0,-3.47910527190534E-13));
#20415=CARTESIAN_POINT('',(-0.65011616430754,0.0843006908659999,-1.23893928873787));
#20416=DIRECTION('',(-1.0,0.0,0.0));
#20417=DIRECTION('',(0.0,0.0,1.0));
#20418=CARTESIAN_POINT('',(-0.867615374111855,0.0843006908659999,-1.23893928873787));
#20419=DIRECTION('',(-0.985030387401473,-1.15486836016597E-13,0.172380787490095));
#20420=DIRECTION('',(-0.172380787490095,6.59922979106563E-13,-0.985030387401473));
#20421=CARTESIAN_POINT('',(-0.85011616430754,0.0843006908659999,-1.23893928873787));
#20422=DIRECTION('',(1.0,0.0,-0.0));
#20423=DIRECTION('',(0.0,0.0,1.0));
#20424=DIRECTION('',(0.0,1.0,6.69951899501752E-13));
#20425=DIRECTION('',(0.0,-1.0,-6.69951899501752E-13));
#20426=DIRECTION('',(0.0,1.0,-3.47910527190534E-13));
#20427=CARTESIAN_POINT('',(-1.13261576586376,0.0843006908855475,-0.738939636187005));
#20428=DIRECTION('',(-0.985030387401472,-5.99730906531983E-14,-0.172380787490095));
#20429=DIRECTION('',(-0.172380787490095,3.42702441379542E-13,0.985030387401472));
#20430=DIRECTION('',(0.0,-1.0,3.47910527190534E-13));
#20431=CARTESIAN_POINT('',(-1.15011595604844,0.0843006908855475,-0.738939636187005));
#20432=DIRECTION('',(1.0,0.0,-0.0));
#20433=DIRECTION('',(0.0,0.0,1.0));
#20434=CARTESIAN_POINT('',(-1.36761619171976,0.0843006908855475,-0.738939636187005));
#20435=DIRECTION('',(0.985030387401472,1.15486836016597E-13,-0.172380787490095));
#20436=DIRECTION('',(-0.172380787490095,6.59922979106563E-13,-0.985030387401472));
#20437=CARTESIAN_POINT('',(-1.35011576531344,0.0843006908855475,-0.738939636187005));
#20438=DIRECTION('',(-1.0,0.0,0.0));
#20439=DIRECTION('',(0.0,0.0,1.0));
#20440=DIRECTION('',(0.0,-1.0,-6.69951899501752E-13));
#20441=DIRECTION('',(0.0,-1.0,-6.69951899501752E-13));
#20442=DIRECTION('',(0.0,-1.0,3.47910527190534E-13));
#20443=DIRECTION('',(0.0,1.0,-3.47910527190534E-13));
ENDSEC;
END-ISO-10303-21;
