ISO-10303-21;
HEADER;
FILE_DESCRIPTION (( 'STEP AP214' ),
    '1' );
FILE_NAME ('MLX90378GDC-ABJ-300-RE.STEP',
    '2024-07-03T15:41:46',
    ( '' ),
    ( '' ),
    'SwSTEP 2.0',
    'SolidWorks 2021',
    '' );
FILE_SCHEMA (( 'AUTOMOTIVE_DESIGN' ));
ENDSEC;

DATA;
#1 = CARTESIAN_POINT ( 'NONE',  ( 2.230926942123232948, 0.7949999999999989297, -0.4300000000000002709 ) ) ;
#2 = ORIENTED_EDGE ( 'NONE', *, *, #336, .T. ) ;
#3 = DIRECTION ( 'NONE',  ( 0.000000000000000000, 0.000000000000000000, -1.000000000000000000 ) ) ;
#4 = DIRECTION ( 'NONE',  ( 0.000000000000000000, 1.000000000000000000, 0.000000000000000000 ) ) ;
#5 = ORIENTED_EDGE ( 'NONE', *, *, #2343, .F. ) ;
#6 = DIRECTION ( 'NONE',  ( -0.000000000000000000, -0.000000000000000000, -1.000000000000000000 ) ) ;
#7 = CARTESIAN_POINT ( 'NONE',  ( -2.310926942123235239, 0.7949999999999989297, 1.700000000000000178 ) ) ;
#8 = ORIENTED_EDGE ( 'NONE', *, *, #3733, .T. ) ;
#9 = CARTESIAN_POINT ( 'NONE',  ( -1.950000000000001288, 1.094999999999999307, 0.4300000000000000488 ) ) ;
#10 = CARTESIAN_POINT ( 'NONE',  ( -2.230926942123234280, 0.7949999999999989297, -2.109999999999999876 ) ) ;
#11 = DIRECTION ( 'NONE',  ( 0.000000000000000000, 1.000000000000000000, 0.000000000000000000 ) ) ;
#12 = CARTESIAN_POINT ( 'NONE',  ( -2.610926942123236394, 0.3268660814540874093, -2.109999999999999876 ) ) ;
#13 = VECTOR ( 'NONE', #1012, 1000.000000000000000 ) ;
#14 = CARTESIAN_POINT ( 'NONE',  ( 2.530926942123235435, 0.3268660814540850224, -1.700000000000000178 ) ) ;
#15 = ADVANCED_FACE ( 'NONE', ( #78 ), #4210, .T. ) ;
#16 = VECTOR ( 'NONE', #3198, 1000.000000000000000 ) ;
#17 = EDGE_CURVE ( 'NONE', #3521, #3374, #2524, .T. ) ;
#18 = MECHANICAL_DESIGN_GEOMETRIC_PRESENTATION_REPRESENTATION (  '', ( #3025 ), #935 ) ;
#19 = LINE ( 'NONE', #1070, #2188 ) ;
#20 = VERTEX_POINT ( 'NONE', #3540 ) ;
#21 = ORIENTED_EDGE ( 'NONE', *, *, #3619, .F. ) ;
#22 = VECTOR ( 'NONE', #3823, 1000.000000000000000 ) ;
#23 = PRESENTATION_LAYER_ASSIGNMENT (  '', '', ( #3025 ) ) ;
#24 = DIRECTION ( 'NONE',  ( -1.000000000000000000, 0.000000000000000000, 0.000000000000000000 ) ) ;
#25 = EDGE_CURVE ( 'NONE', #3526, #3672, #4231, .T. ) ;
#26 = VECTOR ( 'NONE', #3136, 1000.000000000000000 ) ;
#27 = VERTEX_POINT ( 'NONE', #226 ) ;
#28 = DIRECTION ( 'NONE',  ( 1.000000000000000000, 0.000000000000000000, -0.000000000000000000 ) ) ;
#29 = EDGE_LOOP ( 'NONE', ( #1875, #634, #2516, #1866 ) ) ;
#30 = AXIS2_PLACEMENT_3D ( 'NONE', #768, #3784, #3163 ) ;
#31 = CARTESIAN_POINT ( 'NONE',  ( -1.949999999999999956, 0.5000000000000005551, -2.445000000000000284 ) ) ;
#32 = DIRECTION ( 'NONE',  ( -0.9975640502598247528, -0.06975647374411823864, 0.000000000000000000 ) ) ;
#33 = VERTEX_POINT ( 'NONE', #317 ) ;
#34 = DIRECTION ( 'NONE',  ( -0.06975647374411794721, -0.9975640502598247528, 0.000000000000000000 ) ) ;
#35 = EDGE_CURVE ( 'NONE', #2479, #1876, #547, .T. ) ;
#36 = VECTOR ( 'NONE', #1398, 1000.000000000000000 ) ;
#37 = CARTESIAN_POINT ( 'NONE',  ( -2.530926942123233658, 0.7949999999999989297, 0.8399999999999998579 ) ) ;
#38 = LINE ( 'NONE', #355, #2130 ) ;
#39 = VECTOR ( 'NONE', #2911, 1000.000000000000000 ) ;
#40 = PLANE ( 'NONE',  #3656 ) ;
#41 = DIRECTION ( 'NONE',  ( -9.264034324649497259E-16, -1.000000000000000000, 0.000000000000000000 ) ) ;
#42 = ORIENTED_EDGE ( 'NONE', *, *, #3126, .T. ) ;
#43 = ORIENTED_EDGE ( 'NONE', *, *, #3961, .T. ) ;
#44 = DIRECTION ( 'NONE',  ( 0.000000000000000000, -1.000000000000000000, 0.000000000000000000 ) ) ;
#45 = UNCERTAINTY_MEASURE_WITH_UNIT (LENGTH_MEASURE( 1.000000000000000082E-05 ), #1817, 'distance_accuracy_value', 'NONE');
#46 = EDGE_CURVE ( 'NONE', #3247, #973, #4277, .T. ) ;
#47 = ORIENTED_EDGE ( 'NONE', *, *, #2175, .F. ) ;
#48 = CARTESIAN_POINT ( 'NONE',  ( 1.950000000000000400, 1.094999999999999307, -1.700000000000000178 ) ) ;
#49 = DIRECTION ( 'NONE',  ( 1.000000000000000000, 0.000000000000000000, -0.000000000000000000 ) ) ;
#50 = VERTEX_POINT ( 'NONE', #3678 ) ;
#51 = EDGE_CURVE ( 'NONE', #351, #1877, #1589, .T. ) ;
#52 = DIRECTION ( 'NONE',  ( 0.000000000000000000, 0.000000000000000000, 1.000000000000000000 ) ) ;
#53 = DIRECTION ( 'NONE',  ( -0.000000000000000000, 1.000000000000000000, -0.000000000000000000 ) ) ;
#54 = VERTEX_POINT ( 'NONE', #674 ) ;
#55 = FACE_OUTER_BOUND ( 'NONE', #3311, .T. ) ;
#56 = CARTESIAN_POINT ( 'NONE',  ( -2.590000000000000302, 0.02759686637614006469, 1.700000000000000178 ) ) ;
#57 = CARTESIAN_POINT ( 'NONE',  ( -1.130415582602296354, 1.619999999999999662, -1.664089754143847300 ) ) ;
#58 = DIRECTION ( 'NONE',  ( -1.000000000000000000, 0.000000000000000000, 0.000000000000000000 ) ) ;
#59 = DIRECTION ( 'NONE',  ( -1.000000000000000000, 0.000000000000000000, 0.000000000000000000 ) ) ;
#60 = DIRECTION ( 'NONE',  ( -1.000000000000000000, 7.718748257402128161E-16, 0.000000000000000000 ) ) ;
#61 = ORIENTED_EDGE ( 'NONE', *, *, #1482, .F. ) ;
#62 = ORIENTED_EDGE ( 'NONE', *, *, #1798, .T. ) ;
#63 = DIRECTION ( 'NONE',  ( 1.000000000000000000, 0.000000000000000000, -0.000000000000000000 ) ) ;
#64 = VERTEX_POINT ( 'NONE', #1620 ) ;
#65 = FACE_OUTER_BOUND ( 'NONE', #1880, .T. ) ;
#66 = DIRECTION ( 'NONE',  ( -1.000000000000000000, 0.000000000000000000, 0.000000000000000000 ) ) ;
#67 = ORIENTED_EDGE ( 'NONE', *, *, #291, .T. ) ;
#68 = EDGE_CURVE ( 'NONE', #2290, #2017, #4297, .T. ) ;
#69 = DIRECTION ( 'NONE',  ( -1.000000000000000000, -6.484824027254647687E-15, 0.000000000000000000 ) ) ;
#70 = LINE ( 'NONE', #3796, #450 ) ;
#71 = EDGE_CURVE ( 'NONE', #3419, #1350, #1284, .T. ) ;
#72 = ORIENTED_EDGE ( 'NONE', *, *, #71, .F. ) ;
#73 = FACE_OUTER_BOUND ( 'NONE', #372, .T. ) ;
#74 = DIRECTION ( 'NONE',  ( -0.000000000000000000, -1.000000000000000000, -0.000000000000000000 ) ) ;
#75 = CARTESIAN_POINT ( 'NONE',  ( -1.950000000000001066, 1.094999999999999307, 2.109999999999999876 ) ) ;
#76 = CARTESIAN_POINT ( 'NONE',  ( -2.984653575776294421, 4.814824860968089633E-32, -0.4300000000000002709 ) ) ;
#77 = CARTESIAN_POINT ( 'NONE',  ( -1.950000000000001066, 1.094999999999999307, 2.109999999999999876 ) ) ;
#78 = FACE_OUTER_BOUND ( 'NONE', #2234, .T. ) ;
#79 = ORIENTED_EDGE ( 'NONE', *, *, #3212, .T. ) ;
#80 = CIRCLE ( 'NONE', #1612, 0.2500000000000000000 ) ;
#81 = CARTESIAN_POINT ( 'NONE',  ( 2.230926942123232504, 0.7949999999999989297, -1.700000000000000178 ) ) ;
#82 = ADVANCED_FACE ( 'NONE', ( #1945 ), #2267, .T. ) ;
#83 = EDGE_LOOP ( 'NONE', ( #4216, #2731, #3503 ) ) ;
#84 = VECTOR ( 'NONE', #1522, 1000.000000000000000 ) ;
#85 = CARTESIAN_POINT ( 'NONE',  ( 2.530926942123235879, 0.3268660814540850224, 0.8399999999999998579 ) ) ;
#86 = MECHANICAL_DESIGN_GEOMETRIC_PRESENTATION_REPRESENTATION (  '', ( #1280 ), #1135 ) ;
#87 = DIRECTION ( 'NONE',  ( 0.000000000000000000, 0.000000000000000000, 1.000000000000000000 ) ) ;
#88 = ORIENTED_EDGE ( 'NONE', *, *, #2088, .F. ) ;
#89 = DIRECTION ( 'NONE',  ( -1.000000000000000000, 7.718748257402128161E-16, 0.000000000000000000 ) ) ;
#90 = CARTESIAN_POINT ( 'NONE',  ( 2.230926942123232948, 1.094999999999998863, -0.4300000000000002709 ) ) ;
#91 = VECTOR ( 'NONE', #1780, 1000.000000000000000 ) ;
#92 = VECTOR ( 'NONE', #4020, 1000.000000000000000 ) ;
#93 = EDGE_LOOP ( 'NONE', ( #380, #1380, #1372, #3697 ) ) ;
#94 =( NAMED_UNIT ( * ) SI_UNIT ( $, .STERADIAN. ) SOLID_ANGLE_UNIT ( ) );
#95 = LINE ( 'NONE', #3716, #2509 ) ;
#96 = VECTOR ( 'NONE', #1425, 1000.000000000000000 ) ;
#97 = LINE ( 'NONE', #2393, #1907 ) ;
#98 = EDGE_CURVE ( 'NONE', #927, #1501, #3009, .T. ) ;
#99 = AXIS2_PLACEMENT_3D ( 'NONE', #2012, #2973, #3363 ) ;
#100 = CARTESIAN_POINT ( 'NONE',  ( 2.530926942123235879, 0.3268660814540850224, -0.8400000000000000799 ) ) ;
#101 =( LENGTH_UNIT ( ) NAMED_UNIT ( * ) SI_UNIT ( .MILLI., .METRE. ) );
#103 = EDGE_CURVE ( 'NONE', #1811, #669, #2285, .T. ) ;
#102 = EDGE_CURVE ( 'NONE', #3227, #2653, #646, .T. ) ;
#104 = VECTOR ( 'NONE', #1385, 1000.000000000000000 ) ;
#105 = DIRECTION ( 'NONE',  ( 0.000000000000000000, 1.000000000000000000, 0.000000000000000000 ) ) ;
#106 = VECTOR ( 'NONE', #4313, 999.9999999999998863 ) ;
#107 = CARTESIAN_POINT ( 'NONE',  ( 1.950000000000001066, 1.094999999999999307, 2.109999999999999876 ) ) ;
#108 = ORIENTED_EDGE ( 'NONE', *, *, #51, .F. ) ;
#109 = DIRECTION ( 'NONE',  ( -0.000000000000000000, -0.000000000000000000, -1.000000000000000000 ) ) ;
#110 = EDGE_CURVE ( 'NONE', #2075, #4100, #608, .T. ) ;
#111 = ORIENTED_EDGE ( 'NONE', *, *, #1538, .T. ) ;
#112 = ORIENTED_EDGE ( 'NONE', *, *, #310, .T. ) ;
#113 = ORIENTED_EDGE ( 'NONE', *, *, #1952, .F. ) ;
#114 = CARTESIAN_POINT ( 'NONE',  ( -1.949999999999999956, 1.469999999999999751, -2.445000000000000284 ) ) ;
#115 = CARTESIAN_POINT ( 'NONE',  ( 2.610926942123235062, 0.3268660814540874093, -1.700000000000000178 ) ) ;
#116 = ORIENTED_EDGE ( 'NONE', *, *, #3017, .T. ) ;
#117 = DIRECTION ( 'NONE',  ( 1.000000000000000000, -2.315624477220638251E-15, 0.000000000000000000 ) ) ;
#118 = CARTESIAN_POINT ( 'NONE',  ( 2.610926942123235506, 0.3268660814540874093, -0.8400000000000000799 ) ) ;
#119 = LINE ( 'NONE', #1448, #1139 ) ;
#120 = DIRECTION ( 'NONE',  ( 0.000000000000000000, 0.000000000000000000, 1.000000000000000000 ) ) ;
#121 = ADVANCED_FACE ( 'NONE', ( #2598, #3980 ), #981, .T. ) ;
#122 = CARTESIAN_POINT ( 'NONE',  ( 2.230926942123233392, 0.7949999999999989297, 2.109999999999999876 ) ) ;
#123 = EDGE_CURVE ( 'NONE', #3042, #2443, #583, .T. ) ;
#124 = ADVANCED_FACE ( 'NONE', ( #334 ), #1321, .T. ) ;
#125 = CARTESIAN_POINT ( 'NONE',  ( 2.590000000000000302, 0.02759686637614006469, 2.109999999999999876 ) ) ;
#126 = ORIENTED_EDGE ( 'NONE', *, *, #3961, .F. ) ;
#127 = PLANE ( 'NONE',  #3448 ) ;
#128 = CIRCLE ( 'NONE', #4055, 0.2500000000000000000 ) ;
#129 = ORIENTED_EDGE ( 'NONE', *, *, #4039, .T. ) ;
#130 = VERTEX_POINT ( 'NONE', #3940 ) ;
#131 = ORIENTED_EDGE ( 'NONE', *, *, #452, .F. ) ;
#132 = CARTESIAN_POINT ( 'NONE',  ( 2.610926942123235506, 0.3268660814540874093, 2.109999999999999876 ) ) ;
#133 = CARTESIAN_POINT ( 'NONE',  ( -2.230926942123234280, 0.8750000000000011102, -1.700000000000000178 ) ) ;
#134 = ORIENTED_EDGE ( 'NONE', *, *, #2795, .F. ) ;
#135 = CARTESIAN_POINT ( 'NONE',  ( 2.530926942123232770, 0.7949999999999989297, -0.8400000000000000799 ) ) ;
#136 = CARTESIAN_POINT ( 'NONE',  ( 1.699999999999999734, 0.5000000000000005551, -2.445000000000001172 ) ) ;
#137 = LINE ( 'NONE', #809, #651 ) ;
#138 = DIRECTION ( 'NONE',  ( -0.000000000000000000, -0.000000000000000000, -1.000000000000000000 ) ) ;
#139 = DIRECTION ( 'NONE',  ( -0.000000000000000000, -0.000000000000000000, -1.000000000000000000 ) ) ;
#140 = CARTESIAN_POINT ( 'NONE',  ( -1.699999999999999067, 0.2500000000000005551, 2.195000000000001616 ) ) ;
#141 = DIRECTION ( 'NONE',  ( 0.9975640502598247528, 0.06975647374411859947, -0.000000000000000000 ) ) ;
#142 = VERTEX_POINT ( 'NONE', #2328 ) ;
#143 = ADVANCED_FACE ( 'NONE', ( #961 ), #2989, .T. ) ;
#144 = DIRECTION ( 'NONE',  ( -0.000000000000000000, -0.000000000000000000, -1.000000000000000000 ) ) ;
#145 = EDGE_CURVE ( 'NONE', #420, #3438, #999, .T. ) ;
#146 = ORIENTED_EDGE ( 'NONE', *, *, #767, .F. ) ;
#147 = ORIENTED_EDGE ( 'NONE', *, *, #825, .F. ) ;
#148 = DIRECTION ( 'NONE',  ( -6.484824027254647687E-15, 1.000000000000000000, -0.000000000000000000 ) ) ;
#149 = VERTEX_POINT ( 'NONE', #3279 ) ;
#150 = EDGE_CURVE ( 'NONE', #3781, #412, #1601, .T. ) ;
#151 = DIRECTION ( 'NONE',  ( 0.000000000000000000, 0.000000000000000000, 1.000000000000000000 ) ) ;
#152 = CARTESIAN_POINT ( 'NONE',  ( -2.590000000000000746, 0.02759686637614006469, -0.4300000000000002709 ) ) ;
#153 = AXIS2_PLACEMENT_3D ( 'NONE', #2291, #3637, #4097 ) ;
#154 = ORIENTED_EDGE ( 'NONE', *, *, #1697, .T. ) ;
#155 = CARTESIAN_POINT ( 'NONE',  ( 1.700000000000001066, 1.095000000000000639, 2.194999999999996287 ) ) ;
#156 = CARTESIAN_POINT ( 'NONE',  ( -2.530926942123233214, 0.7949999999999989297, 1.700000000000000178 ) ) ;
#157 = CIRCLE ( 'NONE', #3382, 0.08000000000000194456 ) ;
#158 = DIRECTION ( 'NONE',  ( 0.06975647374411823864, -0.9975640502598247528, 0.000000000000000000 ) ) ;
#159 = AXIS2_PLACEMENT_3D ( 'NONE', #2969, #1598, #2640 ) ;
#160 = AXIS2_PLACEMENT_3D ( 'NONE', #3833, #1112, #459 ) ;
#161 = CARTESIAN_POINT ( 'NONE',  ( 1.700000000000001066, 0.5000000000000005551, 2.194999999999996287 ) ) ;
#162 = AXIS2_PLACEMENT_3D ( 'NONE', #1528, #2139, #819 ) ;
#163 = EDGE_LOOP ( 'NONE', ( #2351, #4249, #2024, #1932 ) ) ;
#164 = DIRECTION ( 'NONE',  ( 2.315624477220642195E-15, -1.000000000000000000, 0.000000000000000000 ) ) ;
#165 = VECTOR ( 'NONE', #1198, 1000.000000000000000 ) ;
#166 = CARTESIAN_POINT ( 'NONE',  ( 2.605346424223706769, 0.2470609574333018088, 1.700000000000000178 ) ) ;
#167 = FACE_OUTER_BOUND ( 'NONE', #1038, .T. ) ;
#168 = VECTOR ( 'NONE', #870, 1000.000000000000000 ) ;
#169 = EDGE_LOOP ( 'NONE', ( #3051, #4345, #543, #1902 ) ) ;
#170 = LINE ( 'NONE', #2469, #3097 ) ;
#171 = AXIS2_PLACEMENT_3D ( 'NONE', #3974, #1926, #4293 ) ;
#172 = VERTEX_POINT ( 'NONE', #2787 ) ;
#173 = EDGE_LOOP ( 'NONE', ( #2020, #818, #3843, #2578 ) ) ;
#174 = ORIENTED_EDGE ( 'NONE', *, *, #2427, .F. ) ;
#175 = AXIS2_PLACEMENT_3D ( 'NONE', #2530, #4243, #3545 ) ;
#176 = CARTESIAN_POINT ( 'NONE',  ( -2.590000000000000746, 0.02759686637614006469, 0.8399999999999998579 ) ) ;
#177 = LINE ( 'NONE', #3507, #515 ) ;
#178 = EDGE_CURVE ( 'NONE', #976, #3217, #1387, .T. ) ;
#179 = EDGE_LOOP ( 'NONE', ( #72, #1536, #1331, #3271 ) ) ;
#180 = EDGE_CURVE ( 'NONE', #2952, #3420, #3433, .T. ) ;
#181 = CARTESIAN_POINT ( 'NONE',  ( 2.984653575776293088, 4.814824860968089633E-32, -2.109999999999999876 ) ) ;
#182 = CARTESIAN_POINT ( 'NONE',  ( -2.530926942123233658, 0.7949999999999989297, 0.4300000000000000488 ) ) ;
#183 = CARTESIAN_POINT ( 'NONE',  ( 2.230926942123232948, 1.094999999999998863, 0.8399999999999998579 ) ) ;
#184 = LINE ( 'NONE', #4230, #168 ) ;
#185 = EDGE_LOOP ( 'NONE', ( #2701, #282, #1699 ) ) ;
#186 = CARTESIAN_POINT ( 'NONE',  ( 2.530926942123233214, 0.7949999999999989297, 2.109999999999999876 ) ) ;
#187 = DIRECTION ( 'NONE',  ( -0.000000000000000000, -0.000000000000000000, -1.000000000000000000 ) ) ;
#188 = ORIENTED_EDGE ( 'NONE', *, *, #4240, .T. ) ;
#189 = LINE ( 'NONE', #499, #16 ) ;
#190 = ORIENTED_EDGE ( 'NONE', *, *, #880, .F. ) ;
#191 = ORIENTED_EDGE ( 'NONE', *, *, #363, .T. ) ;
#192 = SURFACE_SIDE_STYLE ('',( #2115 ) ) ;
#193 = ORIENTED_EDGE ( 'NONE', *, *, #3749, .T. ) ;
#194 = PLANE ( 'NONE',  #3388 ) ;
#195 = CLOSED_SHELL ( 'NONE', ( #1470, #1507, #3150, #3935, #3414, #1169, #2346, #1230, #1259, #1148, #3587, #1643, #1305, #3344 ) ) ;
#196 = LINE ( 'NONE', #571, #2108 ) ;
#197 = ORIENTED_EDGE ( 'NONE', *, *, #3206, .F. ) ;
#198 = LINE ( 'NONE', #2592, #1023 ) ;
#199 = DIRECTION ( 'NONE',  ( 0.9975640502598247528, 0.06975647374411832191, -0.000000000000000000 ) ) ;
#200 = VECTOR ( 'NONE', #1862, 1000.000000000000000 ) ;
#201 = DIRECTION ( 'NONE',  ( -1.000000000000000000, 0.000000000000000000, 0.000000000000000000 ) ) ;
#202 = ADVANCED_FACE ( 'NONE', ( #1386 ), #3361, .F. ) ;
#203 = DIRECTION ( 'NONE',  ( 0.9975640502598247528, 0.06975647374411859947, -0.000000000000000000 ) ) ;
#204 = ORIENTED_EDGE ( 'NONE', *, *, #559, .F. ) ;
#205 = VERTEX_POINT ( 'NONE', #4047 ) ;
#206 = CARTESIAN_POINT ( 'NONE',  ( 2.310926942123234795, 0.7949999999999989297, -0.4300000000000002709 ) ) ;
#207 = CARTESIAN_POINT ( 'NONE',  ( -2.605346424223706325, 0.2470609574332990888, 1.700000000000000178 ) ) ;
#208 = CARTESIAN_POINT ( 'NONE',  ( -1.950000000000001066, 1.094999999999999307, 2.109999999999999876 ) ) ;
#209 = ORIENTED_EDGE ( 'NONE', *, *, #392, .T. ) ;
#210 = DIRECTION ( 'NONE',  ( 0.000000000000000000, 0.000000000000000000, 1.000000000000000000 ) ) ;
#211 = ORIENTED_EDGE ( 'NONE', *, *, #558, .T. ) ;
#212 = ORIENTED_EDGE ( 'NONE', *, *, #1691, .T. ) ;
#213 = ORIENTED_EDGE ( 'NONE', *, *, #1039, .F. ) ;
#214 = SURFACE_SIDE_STYLE ('',( #1234 ) ) ;
#215 = VERTEX_POINT ( 'NONE', #4112 ) ;
#216 = ADVANCED_FACE ( 'NONE', ( #3386 ), #2391, .T. ) ;
#217 = LINE ( 'NONE', #176, #2603 ) ;
#218 = DIRECTION ( 'NONE',  ( -0.9975640502598247528, -0.06975647374411823864, 0.000000000000000000 ) ) ;
#219 = ORIENTED_EDGE ( 'NONE', *, *, #425, .T. ) ;
#220 = CARTESIAN_POINT ( 'NONE',  ( 1.950000000000001066, 1.469999999999999751, 2.194999999999996287 ) ) ;
#221 = CARTESIAN_POINT ( 'NONE',  ( -1.950000000000001510, 1.094999999999999307, -0.8400000000000000799 ) ) ;
#222 = CARTESIAN_POINT ( 'NONE',  ( -2.230926942123234280, 0.8750000000000011102, -2.109999999999999876 ) ) ;
#223 = AXIS2_PLACEMENT_3D ( 'NONE', #3015, #1410, #4051 ) ;
#224 = EDGE_CURVE ( 'NONE', #2739, #910, #977, .T. ) ;
#225 = FACE_OUTER_BOUND ( 'NONE', #1586, .T. ) ;
#226 = CARTESIAN_POINT ( 'NONE',  ( -2.230926942123233392, 1.094999999999998863, -0.4300000000000002709 ) ) ;
#227 = VECTOR ( 'NONE', #3997, 1000.000000000000000 ) ;
#228 = ADVANCED_FACE ( 'NONE', ( #55 ), #1404, .F. ) ;
#229 = CIRCLE ( 'NONE', #2679, 0.2500000000000000000 ) ;
#230 = DIRECTION ( 'NONE',  ( -0.9975640502598247528, 0.06975647374411921009, -0.000000000000000000 ) ) ;
#231 = EDGE_CURVE ( 'NONE', #2386, #760, #3634, .T. ) ;
#232 = AXIS2_PLACEMENT_3D ( 'NONE', #2213, #3488, #486 ) ;
#233 = AXIS2_PLACEMENT_3D ( 'NONE', #2367, #1443, #2414 ) ;
#234 = LINE ( 'NONE', #2244, #2192 ) ;
#235 = DIRECTION ( 'NONE',  ( 1.000000000000000000, 0.000000000000000000, 0.000000000000000000 ) ) ;
#236 = EDGE_CURVE ( 'NONE', #4054, #3129, #1429, .T. ) ;
#237 = ORIENTED_EDGE ( 'NONE', *, *, #2620, .T. ) ;
#238 = AXIS2_PLACEMENT_3D ( 'NONE', #1711, #3057, #1065 ) ;
#239 = DIRECTION ( 'NONE',  ( -9.264034324649497259E-16, 1.000000000000000000, 0.000000000000000000 ) ) ;
#240 = VECTOR ( 'NONE', #2597, 1000.000000000000000 ) ;
#241 = ORIENTED_EDGE ( 'NONE', *, *, #1013, .F. ) ;
#242 = ORIENTED_EDGE ( 'NONE', *, *, #1339, .F. ) ;
#243 = AXIS2_PLACEMENT_3D ( 'NONE', #2637, #1613, #1334 ) ;
#244 = CARTESIAN_POINT ( 'NONE',  ( 1.950000000000000844, 1.094999999999999307, 0.8399999999999998579 ) ) ;
#245 = FACE_OUTER_BOUND ( 'NONE', #29, .T. ) ;
#246 = ORIENTED_EDGE ( 'NONE', *, *, #3212, .F. ) ;
#247 = CIRCLE ( 'NONE', #243, 0.08000000000000194456 ) ;
#248 = LINE ( 'NONE', #1190, #4098 ) ;
#249 = DIRECTION ( 'NONE',  ( -0.000000000000000000, -0.000000000000000000, -1.000000000000000000 ) ) ;
#250 = VERTEX_POINT ( 'NONE', #427 ) ;
#251 = DIRECTION ( 'NONE',  ( -1.000000000000000000, 0.000000000000000000, 0.000000000000000000 ) ) ;
#252 = CARTESIAN_POINT ( 'NONE',  ( 3.173098358140908197E-15, 1.469999999999999751, 2.194999999999998952 ) ) ;
#253 = CARTESIAN_POINT ( 'NONE',  ( -2.230926942123233392, 0.8750000000000011102, 2.109999999999999876 ) ) ;
#254 = ORIENTED_EDGE ( 'NONE', *, *, #890, .F. ) ;
#255 = DIRECTION ( 'NONE',  ( 1.000000000000000000, -2.701561890090745152E-15, 0.000000000000000000 ) ) ;
#256 = DIRECTION ( 'NONE',  ( 1.000000000000000000, 2.315624477220642195E-15, 0.000000000000000000 ) ) ;
#257 = ORIENTED_EDGE ( 'NONE', *, *, #2884, .F. ) ;
#258 = EDGE_CURVE ( 'NONE', #2473, #3820, #3765, .T. ) ;
#259 = DIRECTION ( 'NONE',  ( -1.000000000000000000, 0.000000000000000000, 0.000000000000000000 ) ) ;
#260 = ADVANCED_FACE ( 'NONE', ( #3699 ), #2030, .F. ) ;
#261 = ORIENTED_EDGE ( 'NONE', *, *, #4066, .T. ) ;
#262 = ORIENTED_EDGE ( 'NONE', *, *, #2011, .F. ) ;
#263 = CARTESIAN_POINT ( 'NONE',  ( 1.949999999999999956, 0.5000000000000005551, -2.195000000000000728 ) ) ;
#264 = LINE ( 'NONE', #1924, #2616 ) ;
#265 = ORIENTED_EDGE ( 'NONE', *, *, #1039, .T. ) ;
#266 = FACE_OUTER_BOUND ( 'NONE', #1195, .T. ) ;
#267 = DIRECTION ( 'NONE',  ( 0.9975640502598247528, -0.06975647374411832191, 0.000000000000000000 ) ) ;
#268 = VECTOR ( 'NONE', #2642, 1000.000000000000000 ) ;
#269 = LINE ( 'NONE', #1962, #1074 ) ;
#270 = CIRCLE ( 'NONE', #3283, 0.2500000000000002220 ) ;
#271 = CARTESIAN_POINT ( 'NONE',  ( -3.000000000000000888, 0.2194640910571590831, -1.700000000000000178 ) ) ;
#272 = DIRECTION ( 'NONE',  ( 0.000000000000000000, 1.000000000000000000, 0.000000000000000000 ) ) ;
#273 = DIRECTION ( 'NONE',  ( -0.000000000000000000, -0.000000000000000000, -1.000000000000000000 ) ) ;
#274 = PLANE ( 'NONE',  #175 ) ;
#275 = ORIENTED_EDGE ( 'NONE', *, *, #1019, .F. ) ;
#276 = DIRECTION ( 'NONE',  ( 0.000000000000000000, -1.000000000000000000, 1.734723475976807094E-15 ) ) ;
#277 = ORIENTED_EDGE ( 'NONE', *, *, #3045, .F. ) ;
#278 = ORIENTED_EDGE ( 'NONE', *, *, #1150, .F. ) ;
#279 = EDGE_CURVE ( 'NONE', #2120, #4018, #2076, .T. ) ;
#280 = EDGE_CURVE ( 'NONE', #342, #1478, #3095, .T. ) ;
#281 = CARTESIAN_POINT ( 'NONE',  ( 1.950000000000001066, 0.8750000000000018874, 2.109999999999999876 ) ) ;
#282 = ORIENTED_EDGE ( 'NONE', *, *, #3289, .T. ) ;
#283 = DIRECTION ( 'NONE',  ( -0.000000000000000000, -0.000000000000000000, -1.000000000000000000 ) ) ;
#284 = DIRECTION ( 'NONE',  ( 1.734723475976807094E-15, 0.000000000000000000, 1.000000000000000000 ) ) ;
#285 = VERTEX_POINT ( 'NONE', #2371 ) ;
#286 = DIRECTION ( 'NONE',  ( -1.000000000000000000, -0.000000000000000000, 2.224004456380521903E-16 ) ) ;
#287 = SURFACE_SIDE_STYLE ('',( #3698 ) ) ;
#288 = CARTESIAN_POINT ( 'NONE',  ( 2.230926942123232948, 1.094999999999998863, 0.8399999999999998579 ) ) ;
#289 = ORIENTED_EDGE ( 'NONE', *, *, #4322, .F. ) ;
#290 = AXIS2_PLACEMENT_3D ( 'NONE', #3687, #3272, #2635 ) ;
#291 = EDGE_CURVE ( 'NONE', #1141, #3739, #95, .T. ) ;
#292 = CIRCLE ( 'NONE', #3942, 0.2500000000000000000 ) ;
#293 = CARTESIAN_POINT ( 'NONE',  ( -2.590000000000000746, 0.02759686637614006469, -0.4300000000000002709 ) ) ;
#294 = CIRCLE ( 'NONE', #2326, 0.08000000000000194456 ) ;
#295 = FACE_OUTER_BOUND ( 'NONE', #857, .T. ) ;
#296 = ORIENTED_EDGE ( 'NONE', *, *, #2829, .F. ) ;
#297 = AXIS2_PLACEMENT_3D ( 'NONE', #1444, #800, #1704 ) ;
#298 = DIRECTION ( 'NONE',  ( -0.000000000000000000, -0.000000000000000000, -1.000000000000000000 ) ) ;
#299 = VECTOR ( 'NONE', #1772, 1000.000000000000000 ) ;
#300 = ORIENTED_EDGE ( 'NONE', *, *, #1779, .T. ) ;
#301 = VECTOR ( 'NONE', #1007, 1000.000000000000000 ) ;
#302 = ORIENTED_EDGE ( 'NONE', *, *, #2643, .T. ) ;
#303 = PLANE ( 'NONE',  #3743 ) ;
#304 = CIRCLE ( 'NONE', #1423, 0.2500000000000000000 ) ;
#305 = VERTEX_POINT ( 'NONE', #448 ) ;
#306 = CARTESIAN_POINT ( 'NONE',  ( 2.230926942123232948, 0.7949999999999989297, 0.8399999999999998579 ) ) ;
#307 = DIRECTION ( 'NONE',  ( -1.000000000000000000, -0.000000000000000000, 1.734723475976808672E-15 ) ) ;
#308 = ORIENTED_EDGE ( 'NONE', *, *, #1581, .F. ) ;
#309 =( GEOMETRIC_REPRESENTATION_CONTEXT ( 3 ) GLOBAL_UNCERTAINTY_ASSIGNED_CONTEXT ( ( #3064 ) ) GLOBAL_UNIT_ASSIGNED_CONTEXT ( ( #2454, #2766, #822 ) ) REPRESENTATION_CONTEXT ( 'NONE', 'WORKASPACE' ) );
#310 = EDGE_CURVE ( 'NONE', #149, #653, #383, .T. ) ;
#311 = CARTESIAN_POINT ( 'NONE',  ( -1.130415582602296354, 1.719999999999999751, -1.664089754143847300 ) ) ;
#312 = CARTESIAN_POINT ( 'NONE',  ( -2.605346424223706769, 0.2470609574332990888, -0.8400000000000000799 ) ) ;
#313 = EDGE_CURVE ( 'NONE', #1501, #3820, #3055, .T. ) ;
#314 = AXIS2_PLACEMENT_3D ( 'NONE', #3758, #1700, #1199 ) ;
#315 = EDGE_CURVE ( 'NONE', #1478, #1525, #773, .T. ) ;
#316 = FACE_OUTER_BOUND ( 'NONE', #1017, .T. ) ;
#317 = CARTESIAN_POINT ( 'NONE',  ( 1.950000000000000400, 0.8750000000000018874, -2.109999999999999876 ) ) ;
#318 = LINE ( 'NONE', #1046, #3458 ) ;
#319 = FACE_OUTER_BOUND ( 'NONE', #4056, .T. ) ;
#320 = ORIENTED_EDGE ( 'NONE', *, *, #1011, .F. ) ;
#321 = LINE ( 'NONE', #3268, #4154 ) ;
#322 = CARTESIAN_POINT ( 'NONE',  ( -2.530926942123234102, 0.7949999999999989297, -1.700000000000000178 ) ) ;
#323 = ORIENTED_EDGE ( 'NONE', *, *, #3479, .T. ) ;
#324 = ORIENTED_EDGE ( 'NONE', *, *, #4118, .F. ) ;
#325 = DIRECTION ( 'NONE',  ( -1.000000000000000000, 2.701561890090745152E-15, 0.000000000000000000 ) ) ;
#326 = VERTEX_POINT ( 'NONE', #221 ) ;
#327 = PLANE ( 'NONE',  #2555 ) ;
#328 = LINE ( 'NONE', #2965, #3071 ) ;
#329 = ORIENTED_EDGE ( 'NONE', *, *, #280, .F. ) ;
#330 = CARTESIAN_POINT ( 'NONE',  ( -2.230926942123234280, 0.7949999999999989297, -1.700000000000000178 ) ) ;
#331 = CARTESIAN_POINT ( 'NONE',  ( 1.950000000000000400, 0.8750000000000018874, -1.700000000000000178 ) ) ;
#332 = ORIENTED_EDGE ( 'NONE', *, *, #3003, .F. ) ;
#333 = CYLINDRICAL_SURFACE ( 'NONE', #2826, 0.2499999999999997780 ) ;
#334 = FACE_OUTER_BOUND ( 'NONE', #185, .T. ) ;
#335 = VECTOR ( 'NONE', #2623, 1000.000000000000000 ) ;
#336 = EDGE_CURVE ( 'NONE', #1147, #1478, #807, .T. ) ;
#337 = EDGE_CURVE ( 'NONE', #4008, #1256, #626, .T. ) ;
#338 = FACE_OUTER_BOUND ( 'NONE', #3147, .T. ) ;
#339 = CARTESIAN_POINT ( 'NONE',  ( -2.590000000000000746, 0.02759686637614006469, 0.8399999999999998579 ) ) ;
#340 = FACE_OUTER_BOUND ( 'NONE', #3236, .T. ) ;
#341 = PLANE ( 'NONE',  #3248 ) ;
#342 = VERTEX_POINT ( 'NONE', #843 ) ;
#343 = ORIENTED_EDGE ( 'NONE', *, *, #1449, .F. ) ;
#344 = LINE ( 'NONE', #4245, #792 ) ;
#345 = ORIENTED_EDGE ( 'NONE', *, *, #3195, .T. ) ;
#346 = CARTESIAN_POINT ( 'NONE',  ( 2.230926942123232948, 0.7949999999999989297, 0.4300000000000000488 ) ) ;
#347 = LINE ( 'NONE', #1016, #3516 ) ;
#348 = ORIENTED_EDGE ( 'NONE', *, *, #1018, .T. ) ;
#349 = CARTESIAN_POINT ( 'NONE',  ( 2.589999999999999858, 0.02759686637614006469, 0.8399999999999998579 ) ) ;
#350 = PLANE ( 'NONE',  #2103 ) ;
#351 = VERTEX_POINT ( 'NONE', #3826 ) ;
#352 = DIRECTION ( 'NONE',  ( -0.000000000000000000, -0.000000000000000000, -1.000000000000000000 ) ) ;
#353 = CARTESIAN_POINT ( 'NONE',  ( -1.699999999999999956, 0.5000000000000005551, -2.194999999999999840 ) ) ;
#354 = DIRECTION ( 'NONE',  ( 0.000000000000000000, -0.000000000000000000, 1.000000000000000000 ) ) ;
#355 = CARTESIAN_POINT ( 'NONE',  ( 2.310926942123234795, 0.7949999999999989297, 0.8399999999999998579 ) ) ;
#356 = AXIS2_PLACEMENT_3D ( 'NONE', #2068, #3421, #706 ) ;
#357 = AXIS2_PLACEMENT_3D ( 'NONE', #2365, #66, #779 ) ;
#358 = EDGE_CURVE ( 'NONE', #3672, #3860, #1489, .T. ) ;
#359 = CARTESIAN_POINT ( 'NONE',  ( 1.950000000000000400, 1.094999999999999307, -1.700000000000000178 ) ) ;
#360 = VECTOR ( 'NONE', #3703, 1000.000000000000000 ) ;
#361 = PRESENTATION_LAYER_ASSIGNMENT (  '', '', ( #862 ) ) ;
#362 = ADVANCED_FACE ( 'NONE', ( #1151 ), #2482, .F. ) ;
#363 = EDGE_CURVE ( 'NONE', #3420, #149, #4158, .T. ) ;
#364 = CARTESIAN_POINT ( 'NONE',  ( -1.949999999999999956, 0.5000000000000005551, -2.194999999999999840 ) ) ;
#365 = ORIENTED_EDGE ( 'NONE', *, *, #2936, .F. ) ;
#366 = ORIENTED_EDGE ( 'NONE', *, *, #2375, .F. ) ;
#367 = VECTOR ( 'NONE', #1660, 1000.000000000000000 ) ;
#368 = AXIS2_PLACEMENT_3D ( 'NONE', #3211, #2193, #201 ) ;
#369 = DIRECTION ( 'NONE',  ( -1.000000000000000000, 0.000000000000000000, 0.000000000000000000 ) ) ;
#370 = VECTOR ( 'NONE', #926, 1000.000000000000000 ) ;
#371 = AXIS2_PLACEMENT_3D ( 'NONE', #4222, #2850, #1461 ) ;
#372 = EDGE_LOOP ( 'NONE', ( #2997, #714, #882, #3837 ) ) ;
#373 = DIRECTION ( 'NONE',  ( -0.000000000000000000, -0.000000000000000000, -1.000000000000000000 ) ) ;
#374 = CARTESIAN_POINT ( 'NONE',  ( -2.230926942123233836, 0.7949999999999989297, 0.8399999999999998579 ) ) ;
#375 = ORIENTED_EDGE ( 'NONE', *, *, #1691, .F. ) ;
#376 = EDGE_CURVE ( 'NONE', #1274, #1527, #1554, .T. ) ;
#377 = VECTOR ( 'NONE', #1368, 1000.000000000000000 ) ;
#378 = DIRECTION ( 'NONE',  ( 0.06975647374411794721, 0.9975640502598247528, -0.000000000000000000 ) ) ;
#379 = CARTESIAN_POINT ( 'NONE',  ( -2.605346424223706325, 0.2470609574332993108, 1.700000000000000178 ) ) ;
#380 = ORIENTED_EDGE ( 'NONE', *, *, #4208, .T. ) ;
#381 = AXIS2_PLACEMENT_3D ( 'NONE', #1341, #715, #3715 ) ;
#382 = CARTESIAN_POINT ( 'NONE',  ( -1.950000000000001732, 1.094999999999999307, -2.109999999999999876 ) ) ;
#383 = LINE ( 'NONE', #3412, #3773 ) ;
#384 = CARTESIAN_POINT ( 'NONE',  ( -1.699999999999999956, 0.2500000000000005551, -2.194999999999999840 ) ) ;
#385 = VECTOR ( 'NONE', #1739, 1000.000000000000000 ) ;
#386 = FACE_OUTER_BOUND ( 'NONE', #2308, .T. ) ;
#387 = LINE ( 'NONE', #2333, #2200 ) ;
#388 = AXIS2_PLACEMENT_3D ( 'NONE', #2080, #769, #789 ) ;
#389 = DIRECTION ( 'NONE',  ( -5.204170427930416550E-15, 0.000000000000000000, 1.000000000000000000 ) ) ;
#390 = DIRECTION ( 'NONE',  ( 7.718748257402128161E-16, 1.000000000000000000, -0.000000000000000000 ) ) ;
#391 = ORIENTED_EDGE ( 'NONE', *, *, #1354, .F. ) ;
#392 = EDGE_CURVE ( 'NONE', #3836, #1325, #3491, .T. ) ;
#393 = VERTEX_POINT ( 'NONE', #1882 ) ;
#394 = EDGE_CURVE ( 'NONE', #416, #2453, #3918, .T. ) ;
#395 = CARTESIAN_POINT ( 'NONE',  ( -1.699999999999999067, 0.5000000000000005551, 2.195000000000001616 ) ) ;
#396 = UNCERTAINTY_MEASURE_WITH_UNIT (LENGTH_MEASURE( 1.000000000000000082E-05 ), #1763, 'distance_accuracy_value', 'NONE');
#397 = ORIENTED_EDGE ( 'NONE', *, *, #2829, .T. ) ;
#398 = CARTESIAN_POINT ( 'NONE',  ( 2.610926942123235506, 0.3268660814540874093, -0.4300000000000002709 ) ) ;
#399 = DIRECTION ( 'NONE',  ( -0.000000000000000000, -0.000000000000000000, -1.000000000000000000 ) ) ;
#400 = ORIENTED_EDGE ( 'NONE', *, *, #2507, .T. ) ;
#401 = CARTESIAN_POINT ( 'NONE',  ( -1.950000000000001066, 1.094999999999999307, 2.109999999999999876 ) ) ;
#402 = DIRECTION ( 'NONE',  ( -1.000000000000000000, 0.000000000000000000, 0.000000000000000000 ) ) ;
#403 = ORIENTED_EDGE ( 'NONE', *, *, #1277, .F. ) ;
#404 = CARTESIAN_POINT ( 'NONE',  ( 2.230926942123232504, 0.7949999999999989297, -1.700000000000000178 ) ) ;
#405 = DIRECTION ( 'NONE',  ( -1.000000000000000000, 0.000000000000000000, 0.000000000000000000 ) ) ;
#406 = DIRECTION ( 'NONE',  ( -1.000000000000000000, -2.315624477220642195E-15, 0.000000000000000000 ) ) ;
#407 = CARTESIAN_POINT ( 'NONE',  ( 2.984653575776293533, 4.814824860968089633E-32, 0.4300000000000000488 ) ) ;
#408 = DIRECTION ( 'NONE',  ( -0.000000000000000000, -0.000000000000000000, -1.000000000000000000 ) ) ;
#409 = AXIS2_PLACEMENT_3D ( 'NONE', #118, #1728, #2767 ) ;
#410 = CARTESIAN_POINT ( 'NONE',  ( -1.130415582602296354, 1.619999999999999662, -1.664089754143847300 ) ) ;
#411 = CARTESIAN_POINT ( 'NONE',  ( 2.230926942123232504, 0.7949999999999989297, -2.109999999999999876 ) ) ;
#412 = VERTEX_POINT ( 'NONE', #893 ) ;
#413 = VECTOR ( 'NONE', #1637, 1000.000000000000000 ) ;
#414 = ORIENTED_EDGE ( 'NONE', *, *, #2105, .T. ) ;
#415 = LINE ( 'NONE', #2777, #1471 ) ;
#416 = VERTEX_POINT ( 'NONE', #136 ) ;
#417 = DIRECTION ( 'NONE',  ( -0.000000000000000000, -0.000000000000000000, -1.000000000000000000 ) ) ;
#418 = ADVANCED_FACE ( 'NONE', ( #823 ), #2191, .T. ) ;
#419 = CARTESIAN_POINT ( 'NONE',  ( 2.530926942123233214, 0.7949999999999989297, 2.109999999999999876 ) ) ;
#420 = VERTEX_POINT ( 'NONE', #3209 ) ;
#421 = CARTESIAN_POINT ( 'NONE',  ( -1.950000000000001732, 0.8750000000000008882, -1.700000000000000178 ) ) ;
#422 = CARTESIAN_POINT ( 'NONE',  ( 2.530926942123232770, 0.7949999999999989297, 0.8399999999999998579 ) ) ;
#423 = ORIENTED_EDGE ( 'NONE', *, *, #2400, .T. ) ;
#425 = EDGE_CURVE ( 'NONE', #3113, #1545, #128, .T. ) ;
#424 = EDGE_CURVE ( 'NONE', #2653, #2781, #1465, .T. ) ;
#426 = FACE_OUTER_BOUND ( 'NONE', #2206, .T. ) ;
#427 = CARTESIAN_POINT ( 'NONE',  ( -2.310926942123235683, 0.7949999999999989297, -0.4300000000000002709 ) ) ;
#428 = CARTESIAN_POINT ( 'NONE',  ( 1.950000000000001066, 0.8750000000000018874, 1.700000000000000178 ) ) ;
#429 = DIRECTION ( 'NONE',  ( -1.734723475976807094E-15, 0.000000000000000000, -1.000000000000000000 ) ) ;
#430 = DIRECTION ( 'NONE',  ( 9.264034324649497259E-16, 1.000000000000000000, -0.000000000000000000 ) ) ;
#431 = LINE ( 'NONE', #76, #360 ) ;
#432 = EDGE_CURVE ( 'NONE', #2018, #1080, #1168, .T. ) ;
#433 = LINE ( 'NONE', #107, #4090 ) ;
#434 = ORIENTED_EDGE ( 'NONE', *, *, #2445, .T. ) ;
#435 = FACE_OUTER_BOUND ( 'NONE', #93, .T. ) ;
#436 = ORIENTED_EDGE ( 'NONE', *, *, #890, .T. ) ;
#437 = ORIENTED_EDGE ( 'NONE', *, *, #2748, .T. ) ;
#438 = MECHANICAL_DESIGN_GEOMETRIC_PRESENTATION_REPRESENTATION (  '', ( #796 ), #2329 ) ;
#439 = COLOUR_RGB ( '',0.2509803921568627416, 0.2509803921568627416, 0.2509803921568627416 ) ;
#440 = FACE_OUTER_BOUND ( 'NONE', #2606, .T. ) ;
#441 = VERTEX_POINT ( 'NONE', #2501 ) ;
#442 = DIRECTION ( 'NONE',  ( -0.000000000000000000, -0.000000000000000000, -1.000000000000000000 ) ) ;
#443 = LINE ( 'NONE', #3762, #1828 ) ;
#444 = VECTOR ( 'NONE', #3787, 1000.000000000000000 ) ;
#445 = VECTOR ( 'NONE', #2262, 1000.000000000000000 ) ;
#446 = ORIENTED_EDGE ( 'NONE', *, *, #803, .T. ) ;
#447 = FACE_OUTER_BOUND ( 'NONE', #2864, .T. ) ;
#448 = CARTESIAN_POINT ( 'NONE',  ( -2.605346424223707213, 0.2470609574332993108, -2.109999999999999876 ) ) ;
#449 = EDGE_CURVE ( 'NONE', #3404, #4329, #534, .T. ) ;
#450 = VECTOR ( 'NONE', #2119, 1000.000000000000000 ) ;
#451 = CARTESIAN_POINT ( 'NONE',  ( -3.000000000000000444, 0.2194640910571590831, -0.8400000000000000799 ) ) ;
#452 = EDGE_CURVE ( 'NONE', #2541, #3760, #1797, .T. ) ;
#453 = EDGE_CURVE ( 'NONE', #172, #1455, #3189, .T. ) ;
#454 = DIRECTION ( 'NONE',  ( -1.000000000000000000, 3.009265538105052867E-30, 1.734723475976805319E-15 ) ) ;
#455 = SURFACE_SIDE_STYLE ('',( #1816 ) ) ;
#456 = AXIS2_PLACEMENT_3D ( 'NONE', #271, #203, #3539 ) ;
#457 =( NAMED_UNIT ( * ) SI_UNIT ( $, .STERADIAN. ) SOLID_ANGLE_UNIT ( ) );
#458 = VECTOR ( 'NONE', #1288, 1000.000000000000000 ) ;
#459 = DIRECTION ( 'NONE',  ( 0.9975640502598247528, 0.06975647374411823864, 0.000000000000000000 ) ) ;
#460 = EDGE_LOOP ( 'NONE', ( #688, #2383, #1982, #2595 ) ) ;
#461 = VECTOR ( 'NONE', #430, 1000.000000000000000 ) ;
#462 = DIRECTION ( 'NONE',  ( 1.773745885456857385E-16, -0.000000000000000000, 1.000000000000000000 ) ) ;
#463 = ORIENTED_EDGE ( 'NONE', *, *, #3003, .T. ) ;
#464 = ORIENTED_EDGE ( 'NONE', *, *, #2153, .F. ) ;
#465 = ORIENTED_EDGE ( 'NONE', *, *, #1563, .F. ) ;
#466 = CARTESIAN_POINT ( 'NONE',  ( 1.950000000000000622, 1.094999999999999307, -0.8400000000000000799 ) ) ;
#467 = LINE ( 'NONE', #1790, #2401 ) ;
#468 = ORIENTED_EDGE ( 'NONE', *, *, #4074, .T. ) ;
#469 = PRESENTATION_STYLE_ASSIGNMENT (( #3451 ) ) ;
#470 = CARTESIAN_POINT ( 'NONE',  ( 1.699999999999999956, 0.5000000000000005551, -2.195000000000000728 ) ) ;
#471 = CARTESIAN_POINT ( 'NONE',  ( 2.605346424223706325, 0.2470609574333015312, 0.8399999999999998579 ) ) ;
#472 = CYLINDRICAL_SURFACE ( 'NONE', #2408, 0.2500000000000002220 ) ;
#473 = CARTESIAN_POINT ( 'NONE',  ( -2.590000000000000302, 0.02759686637614006469, 1.700000000000000178 ) ) ;
#474 = ADVANCED_FACE ( 'NONE', ( #3895 ), #4204, .F. ) ;
#475 = EDGE_CURVE ( 'NONE', #2136, #653, #270, .T. ) ;
#476 = PRESENTATION_STYLE_ASSIGNMENT (( #874 ) ) ;
#477 = PLANE ( 'NONE',  #2901 ) ;
#478 = EDGE_CURVE ( 'NONE', #2694, #3890, #328, .T. ) ;
#479 = EDGE_CURVE ( 'NONE', #3968, #855, #3915, .T. ) ;
#480 = ORIENTED_EDGE ( 'NONE', *, *, #2667, .F. ) ;
#481 = DIRECTION ( 'NONE',  ( 1.000000000000000000, -2.315624477220638251E-15, 0.000000000000000000 ) ) ;
#482 = ORIENTED_EDGE ( 'NONE', *, *, #1971, .F. ) ;
#483 = ORIENTED_EDGE ( 'NONE', *, *, #1252, .F. ) ;
#484 = ORIENTED_EDGE ( 'NONE', *, *, #4007, .T. ) ;
#485 = LINE ( 'NONE', #1208, #2389 ) ;
#486 = DIRECTION ( 'NONE',  ( -1.000000000000000000, 7.718748257402128161E-16, 0.000000000000000000 ) ) ;
#487 = EDGE_CURVE ( 'NONE', #3921, #2694, #2574, .T. ) ;
#488 = VERTEX_POINT ( 'NONE', #956 ) ;
#489 = CARTESIAN_POINT ( 'NONE',  ( 1.950000000000000622, 1.094999999999999307, -0.4300000000000002709 ) ) ;
#490 = CARTESIAN_POINT ( 'NONE',  ( 2.999999999999999112, 0.2194640910571611647, -2.109999999999999876 ) ) ;
#491 = FACE_OUTER_BOUND ( 'NONE', #179, .T. ) ;
#492 = DIRECTION ( 'NONE',  ( 1.000000000000000000, 0.000000000000000000, -0.000000000000000000 ) ) ;
#493 = ORIENTED_EDGE ( 'NONE', *, *, #1064, .T. ) ;
#494 = PRESENTATION_STYLE_ASSIGNMENT (( #1157 ) ) ;
#495 = DIRECTION ( 'NONE',  ( -1.000000000000000000, 2.315624477220638251E-15, -0.000000000000000000 ) ) ;
#496 = DIRECTION ( 'NONE',  ( -0.000000000000000000, -0.000000000000000000, -1.000000000000000000 ) ) ;
#497 = EDGE_LOOP ( 'NONE', ( #1591, #526, #633, #2754 ) ) ;
#498 = EDGE_CURVE ( 'NONE', #3831, #1525, #975, .T. ) ;
#499 = CARTESIAN_POINT ( 'NONE',  ( -2.310926942123236127, 0.7949999999999989297, -2.109999999999999876 ) ) ;
#500 = ADVANCED_FACE ( 'NONE', ( #4294 ), #1614, .F. ) ;
#501 = EDGE_CURVE ( 'NONE', #305, #640, #1958, .T. ) ;
#502 = EDGE_LOOP ( 'NONE', ( #968, #2293, #1719, #1674 ) ) ;
#503 = ORIENTED_EDGE ( 'NONE', *, *, #4322, .T. ) ;
#504 = ORIENTED_EDGE ( 'NONE', *, *, #2950, .F. ) ;
#505 = AXIS2_PLACEMENT_3D ( 'NONE', #3251, #4310, #2277 ) ;
#506 = DIRECTION ( 'NONE',  ( -0.000000000000000000, -0.000000000000000000, -1.000000000000000000 ) ) ;
#507 = DIRECTION ( 'NONE',  ( 2.217182356821073703E-16, 0.000000000000000000, 1.000000000000000000 ) ) ;
#508 = VECTOR ( 'NONE', #2755, 1000.000000000000000 ) ;
#509 = ORIENTED_EDGE ( 'NONE', *, *, #3809, .T. ) ;
#510 =( NAMED_UNIT ( * ) PLANE_ANGLE_UNIT ( ) SI_UNIT ( $, .RADIAN. ) );
#511 = CARTESIAN_POINT ( 'NONE',  ( -2.590000000000000302, 0.02759686637614006469, 2.109999999999999876 ) ) ;
#512 = AXIS2_PLACEMENT_3D ( 'NONE', #2056, #820, #2388 ) ;
#513 = CARTESIAN_POINT ( 'NONE',  ( -2.984653575776294865, 4.814824860968089633E-32, -1.700000000000000178 ) ) ;
#514 = VECTOR ( 'NONE', #761, 1000.000000000000000 ) ;
#515 = VECTOR ( 'NONE', #3532, 1000.000000000000000 ) ;
#516 = DIRECTION ( 'NONE',  ( -6.484824027254647687E-15, 1.000000000000000000, -0.000000000000000000 ) ) ;
#517 = ORIENTED_EDGE ( 'NONE', *, *, #4259, .F. ) ;
#518 = DIRECTION ( 'NONE',  ( 1.000000000000000000, -2.315624477220638251E-15, 0.000000000000000000 ) ) ;
#519 = ORIENTED_EDGE ( 'NONE', *, *, #3237, .T. ) ;
#520 = VECTOR ( 'NONE', #1344, 1000.000000000000000 ) ;
#521 = DIRECTION ( 'NONE',  ( 0.000000000000000000, 0.000000000000000000, 1.000000000000000000 ) ) ;
#522 = CARTESIAN_POINT ( 'NONE',  ( -2.530926942123234547, 0.3268660814540850779, -2.109999999999999876 ) ) ;
#523 = ORIENTED_EDGE ( 'NONE', *, *, #3554, .T. ) ;
#524 = CARTESIAN_POINT ( 'NONE',  ( -1.130415582602296354, 1.619999999999999662, -1.664089754143847300 ) ) ;
#525 = VECTOR ( 'NONE', #2546, 1000.000000000000000 ) ;
#526 = ORIENTED_EDGE ( 'NONE', *, *, #3651, .F. ) ;
#527 = DIRECTION ( 'NONE',  ( 1.000000000000000000, 0.000000000000000000, 0.000000000000000000 ) ) ;
#528 = ORIENTED_EDGE ( 'NONE', *, *, #803, .F. ) ;
#529 = ADVANCED_FACE ( 'NONE', ( #3335 ), #2658, .F. ) ;
#530 = DIRECTION ( 'NONE',  ( -1.000000000000000000, 2.315624477220638251E-15, -0.000000000000000000 ) ) ;
#531 = CARTESIAN_POINT ( 'NONE',  ( -2.605346424223706325, 0.2470609574332990888, 2.109999999999999876 ) ) ;
#532 = ORIENTED_EDGE ( 'NONE', *, *, #825, .T. ) ;
#533 = DIRECTION ( 'NONE',  ( 9.264034324649497259E-16, -1.000000000000000000, 0.000000000000000000 ) ) ;
#534 = LINE ( 'NONE', #511, #3706 ) ;
#535 = LINE ( 'NONE', #2902, #802 ) ;
#536 = CARTESIAN_POINT ( 'NONE',  ( -1.950000000000001288, 1.094999999999999307, 0.8399999999999998579 ) ) ;
#537 = EDGE_LOOP ( 'NONE', ( #1245, #3864, #1677, #2174 ) ) ;
#538 =( NAMED_UNIT ( * ) SI_UNIT ( $, .STERADIAN. ) SOLID_ANGLE_UNIT ( ) );
#539 = ORIENTED_EDGE ( 'NONE', *, *, #2508, .T. ) ;
#540 = CARTESIAN_POINT ( 'NONE',  ( 1.700000000000001510, 0.5000000000000005551, 2.444999999999996732 ) ) ;
#541 = ADVANCED_FACE ( 'NONE', ( #3314 ), #1927, .T. ) ;
#542 = CARTESIAN_POINT ( 'NONE',  ( -3.000000000000000444, 0.2194640910571590831, 0.8399999999999998579 ) ) ;
#543 = ORIENTED_EDGE ( 'NONE', *, *, #1000, .F. ) ;
#544 = DIRECTION ( 'NONE',  ( 0.000000000000000000, 0.000000000000000000, 1.000000000000000000 ) ) ;
#545 = EDGE_LOOP ( 'NONE', ( #1113, #3062, #617, #3070 ) ) ;
#546 = ORIENTED_EDGE ( 'NONE', *, *, #102, .F. ) ;
#547 = CIRCLE ( 'NONE', #1999, 0.08000000000000194456 ) ;
#548 = FILL_AREA_STYLE ('',( #4248 ) ) ;
#549 = ORIENTED_EDGE ( 'NONE', *, *, #17, .T. ) ;
#550 = DIRECTION ( 'NONE',  ( 1.000000000000000000, 0.000000000000000000, -2.224004456380521903E-16 ) ) ;
#551 = CARTESIAN_POINT ( 'NONE',  ( 1.699999999999999734, 1.095000000000000639, -2.195000000000000728 ) ) ;
#552 = ADVANCED_FACE ( 'NONE', ( #577 ), #4256, .T. ) ;
#553 = VERTEX_POINT ( 'NONE', #3628 ) ;
#554 =( NAMED_UNIT ( * ) SI_UNIT ( $, .STERADIAN. ) SOLID_ANGLE_UNIT ( ) );
#555 = DIRECTION ( 'NONE',  ( -1.000000000000000000, 0.000000000000000000, 1.734723475976808672E-15 ) ) ;
#556 = EDGE_CURVE ( 'NONE', #4015, #172, #1269, .T. ) ;
#557 = DIRECTION ( 'NONE',  ( -1.000000000000000000, 0.000000000000000000, 0.000000000000000000 ) ) ;
#559 = EDGE_CURVE ( 'NONE', #3186, #3438, #1751, .T. ) ;
#558 = EDGE_CURVE ( 'NONE', #393, #3672, #667, .T. ) ;
#560 = LINE ( 'NONE', #1243, #1492 ) ;
#561 = DIRECTION ( 'NONE',  ( -0.000000000000000000, -1.000000000000000000, -0.000000000000000000 ) ) ;
#562 = CARTESIAN_POINT ( 'NONE',  ( 2.530926942123232326, 0.7949999999999989297, -2.109999999999999876 ) ) ;
#563 = DIRECTION ( 'NONE',  ( 9.264034324649497259E-16, 1.000000000000000000, 0.000000000000000000 ) ) ;
#564 = DIRECTION ( 'NONE',  ( 0.000000000000000000, 0.000000000000000000, 1.000000000000000000 ) ) ;
#565 = ORIENTED_EDGE ( 'NONE', *, *, #2915, .T. ) ;
#566 = DIRECTION ( 'NONE',  ( 1.000000000000000000, -7.718748257402128161E-16, -0.000000000000000000 ) ) ;
#567 = ADVANCED_FACE ( 'NONE', ( #2594 ), #2615, .F. ) ;
#568 = ORIENTED_EDGE ( 'NONE', *, *, #2314, .F. ) ;
#569 = ORIENTED_EDGE ( 'NONE', *, *, #2043, .T. ) ;
#570 = LINE ( 'NONE', #3822, #1680 ) ;
#571 = CARTESIAN_POINT ( 'NONE',  ( -1.699999999999999956, 0.2500000000000005551, -2.445000000000000284 ) ) ;
#572 = ORIENTED_EDGE ( 'NONE', *, *, #3851, .T. ) ;
#573 = EDGE_CURVE ( 'NONE', #3420, #2531, #3092, .T. ) ;
#574 = AXIS2_PLACEMENT_3D ( 'NONE', #132, #506, #1505 ) ;
#575 = CARTESIAN_POINT ( 'NONE',  ( 1.699999999999999956, 1.719999999999999751, -2.195000000000000728 ) ) ;
#576 = AXIS2_PLACEMENT_3D ( 'NONE', #3934, #284, #3609 ) ;
#577 = FACE_OUTER_BOUND ( 'NONE', #1661, .T. ) ;
#578 = CARTESIAN_POINT ( 'NONE',  ( -3.000000000000000888, 0.2194640910571590831, -1.700000000000000178 ) ) ;
#579 = AXIS2_PLACEMENT_3D ( 'NONE', #524, #1543, #2491 ) ;
#580 = AXIS2_PLACEMENT_3D ( 'NONE', #3087, #4, #3356 ) ;
#581 = EDGE_CURVE ( 'NONE', #3817, #2197, #2922, .T. ) ;
#582 = DIRECTION ( 'NONE',  ( -0.9975640502598247528, 0.06975647374411832191, 0.000000000000000000 ) ) ;
#583 = LINE ( 'NONE', #3583, #3280 ) ;
#584 = PRESENTATION_LAYER_ASSIGNMENT (  '', '', ( #2257 ) ) ;
#585 = VECTOR ( 'NONE', #286, 1000.000000000000000 ) ;
#586 = EDGE_CURVE ( 'NONE', #1843, #2275, #2101, .T. ) ;
#587 = EDGE_CURVE ( 'NONE', #3254, #2905, #2942, .T. ) ;
#588 = LINE ( 'NONE', #206, #367 ) ;
#589 = AXIS2_PLACEMENT_3D ( 'NONE', #3418, #4347, #1329 ) ;
#590 = AXIS2_PLACEMENT_3D ( 'NONE', #3735, #3380, #4084 ) ;
#591 = CARTESIAN_POINT ( 'NONE',  ( 2.999999999999999556, 0.2194640910571611647, -0.4300000000000002709 ) ) ;
#592 = DIRECTION ( 'NONE',  ( -1.000000000000000000, 9.264034324649497259E-16, 0.000000000000000000 ) ) ;
#593 = ORIENTED_EDGE ( 'NONE', *, *, #2067, .F. ) ;
#594 = VECTOR ( 'NONE', #1584, 1000.000000000000000 ) ;
#595 = LINE ( 'NONE', #3302, #1617 ) ;
#596 = VECTOR ( 'NONE', #3473, 999.9999999999998863 ) ;
#597 = EDGE_LOOP ( 'NONE', ( #3407, #262, #4156, #3485 ) ) ;
#598 = ORIENTED_EDGE ( 'NONE', *, *, #3045, .T. ) ;
#599 = CIRCLE ( 'NONE', #1916, 0.2999999999999999334 ) ;
#600 = CARTESIAN_POINT ( 'NONE',  ( 2.590000000000000302, 0.02759686637614006469, 2.109999999999999876 ) ) ;
#601 = LINE ( 'NONE', #2256, #4013 ) ;
#602 = ORIENTED_EDGE ( 'NONE', *, *, #2374, .F. ) ;
#603 = AXIS2_PLACEMENT_3D ( 'NONE', #1914, #592, #4264 ) ;
#604 = CARTESIAN_POINT ( 'NONE',  ( -2.230926942123234280, 0.7949999999999989297, -2.109999999999999876 ) ) ;
#605 = CARTESIAN_POINT ( 'NONE',  ( -2.230926942123233836, 0.7949999999999989297, 0.4300000000000000488 ) ) ;
#606 = DIRECTION ( 'NONE',  ( -0.000000000000000000, -0.000000000000000000, -1.000000000000000000 ) ) ;
#607 = FACE_OUTER_BOUND ( 'NONE', #3977, .T. ) ;
#608 = LINE ( 'NONE', #1342, #3137 ) ;
#609 = SHAPE_DEFINITION_REPRESENTATION ( #3127, #3594 ) ;
#610 = EDGE_CURVE ( 'NONE', #2290, #553, #4151, .T. ) ;
#611 = ADVANCED_FACE ( 'NONE', ( #3759 ), #709, .F. ) ;
#612 = CARTESIAN_POINT ( 'NONE',  ( -2.530926942123233658, 0.7949999999999989297, -0.4300000000000002709 ) ) ;
#613 = DIRECTION ( 'NONE',  ( 0.000000000000000000, 0.000000000000000000, 1.000000000000000000 ) ) ;
#614 = ORIENTED_EDGE ( 'NONE', *, *, #2492, .F. ) ;
#615 = DIRECTION ( 'NONE',  ( -1.000000000000000000, 9.264034324649497259E-16, 0.000000000000000000 ) ) ;
#616 = ADVANCED_FACE ( 'NONE', ( #2089 ), #2676, .T. ) ;
#617 = ORIENTED_EDGE ( 'NONE', *, *, #3721, .F. ) ;
#618 = ORIENTED_EDGE ( 'NONE', *, *, #2643, .F. ) ;
#619 = DIRECTION ( 'NONE',  ( -0.000000000000000000, -0.000000000000000000, -1.000000000000000000 ) ) ;
#620 = ORIENTED_EDGE ( 'NONE', *, *, #2127, .F. ) ;
#621 = DIRECTION ( 'NONE',  ( 0.000000000000000000, 0.000000000000000000, 1.000000000000000000 ) ) ;
#622 = CARTESIAN_POINT ( 'NONE',  ( 1.950000000000000844, 0.8750000000000018874, 0.8399999999999998579 ) ) ;
#623 = ORIENTED_EDGE ( 'NONE', *, *, #1773, .T. ) ;
#624 = CARTESIAN_POINT ( 'NONE',  ( 2.230926942123232948, 0.7949999999999989297, -0.4300000000000002709 ) ) ;
#625 = EDGE_CURVE ( 'NONE', #1768, #1888, #2700, .T. ) ;
#626 = CIRCLE ( 'NONE', #1045, 0.3118944375622300091 ) ;
#627 = SURFACE_STYLE_USAGE ( .BOTH. , #287 ) ;
#628 = DIRECTION ( 'NONE',  ( 0.000000000000000000, 0.000000000000000000, 1.000000000000000000 ) ) ;
#629 = CARTESIAN_POINT ( 'NONE',  ( 2.605346424223705881, 0.2470609574333018088, -2.109999999999999876 ) ) ;
#630 = FACE_OUTER_BOUND ( 'NONE', #921, .T. ) ;
#631 = ORIENTED_EDGE ( 'NONE', *, *, #2702, .F. ) ;
#632 = DIRECTION ( 'NONE',  ( 1.000000000000000000, 0.000000000000000000, -0.000000000000000000 ) ) ;
#633 = ORIENTED_EDGE ( 'NONE', *, *, #4074, .F. ) ;
#634 = ORIENTED_EDGE ( 'NONE', *, *, #1282, .F. ) ;
#635 = EDGE_CURVE ( 'NONE', #1571, #4325, #4040, .T. ) ;
#636 = VERTEX_POINT ( 'NONE', #3378 ) ;
#637 = ADVANCED_FACE ( 'NONE', ( #440 ), #3002, .T. ) ;
#638 = DIRECTION ( 'NONE',  ( -1.000000000000000000, 0.000000000000000000, 0.000000000000000000 ) ) ;
#639 = PRODUCT_RELATED_PRODUCT_CATEGORY ( 'part', '', ( #4207 ) ) ;
#640 = VERTEX_POINT ( 'NONE', #3069 ) ;
#641 = PLANE ( 'NONE',  #951 ) ;
#642 = CARTESIAN_POINT ( 'NONE',  ( 2.230926942123232948, 0.7949999999999989297, 0.8399999999999998579 ) ) ;
#643 = VERTEX_POINT ( 'NONE', #1421 ) ;
#644 = CARTESIAN_POINT ( 'NONE',  ( 2.530926942123236323, 0.3268660814540850224, 2.109999999999999876 ) ) ;
#645 = DIRECTION ( 'NONE',  ( -1.000000000000000000, 0.000000000000000000, 0.000000000000000000 ) ) ;
#646 = LINE ( 'NONE', #3650, #268 ) ;
#647 = VECTOR ( 'NONE', #3228, 1000.000000000000000 ) ;
#648 = AXIS2_PLACEMENT_3D ( 'NONE', #3255, #1258, #1941 ) ;
#649 = MECHANICAL_DESIGN_GEOMETRIC_PRESENTATION_REPRESENTATION (  '', ( #1750 ), #3664 ) ;
#650 = DIRECTION ( 'NONE',  ( 0.000000000000000000, 0.000000000000000000, 1.000000000000000000 ) ) ;
#651 = VECTOR ( 'NONE', #4091, 1000.000000000000000 ) ;
#652 = DIRECTION ( 'NONE',  ( -0.000000000000000000, -1.000000000000000000, -0.000000000000000000 ) ) ;
#653 = VERTEX_POINT ( 'NONE', #1740 ) ;
#654 = VECTOR ( 'NONE', #3543, 1000.000000000000000 ) ;
#655 = DIRECTION ( 'NONE',  ( -0.000000000000000000, -0.000000000000000000, -1.000000000000000000 ) ) ;
#656 = AXIS2_PLACEMENT_3D ( 'NONE', #311, #1639, #4335 ) ;
#657 = CARTESIAN_POINT ( 'NONE',  ( 2.530926942123235879, 0.3268660814540850224, 0.4300000000000000488 ) ) ;
#658 = EDGE_LOOP ( 'NONE', ( #2339, #3542, #254, #3440 ) ) ;
#659 = AXIS2_PLACEMENT_3D ( 'NONE', #1670, #1349, #2692 ) ;
#660 = ORIENTED_EDGE ( 'NONE', *, *, #2237, .T. ) ;
#661 = CARTESIAN_POINT ( 'NONE',  ( -2.310926942123235239, 0.7949999999999989297, 2.109999999999999876 ) ) ;
#662 = VECTOR ( 'NONE', #4323, 1000.000000000000227 ) ;
#663 = EDGE_LOOP ( 'NONE', ( #777, #3611, #2093, #2292 ) ) ;
#664 = ADVANCED_FACE ( 'NONE', ( #1055 ), #1676, .T. ) ;
#665 = FACE_OUTER_BOUND ( 'NONE', #3858, .T. ) ;
#666 = EDGE_CURVE ( 'NONE', #3374, #2846, #347, .T. ) ;
#667 = LINE ( 'NONE', #4333, #1409 ) ;
#668 = EDGE_LOOP ( 'NONE', ( #1657, #1117, #191, #112 ) ) ;
#669 = VERTEX_POINT ( 'NONE', #2347 ) ;
#670 = FACE_OUTER_BOUND ( 'NONE', #2858, .T. ) ;
#671 = CARTESIAN_POINT ( 'NONE',  ( -1.950000000000001732, 1.094999999999999307, -1.700000000000000178 ) ) ;
#672 = CIRCLE ( 'NONE', #171, 0.2999999999999999334 ) ;
#673 = CARTESIAN_POINT ( 'NONE',  ( -2.230926942123233392, 1.094999999999998863, -0.8400000000000000799 ) ) ;
#674 = CARTESIAN_POINT ( 'NONE',  ( -2.605346424223706325, 0.2470609574332993108, 2.109999999999999876 ) ) ;
#675 = AXIS2_PLACEMENT_3D ( 'NONE', #2951, #2224, #1646 ) ;
#676 = CARTESIAN_POINT ( 'NONE',  ( 2.530926942123232770, 0.7949999999999989297, -0.4300000000000002709 ) ) ;
#677 = CARTESIAN_POINT ( 'NONE',  ( 2.310926942123234795, 0.7949999999999989297, 0.8399999999999998579 ) ) ;
#678 = FACE_OUTER_BOUND ( 'NONE', #3472, .T. ) ;
#679 = EDGE_CURVE ( 'NONE', #2412, #1459, #4060, .T. ) ;
#680 = CARTESIAN_POINT ( 'NONE',  ( 2.610926942123235506, 0.3268660814540874093, 1.700000000000000178 ) ) ;
#681 = ORIENTED_EDGE ( 'NONE', *, *, #4180, .F. ) ;
#682 = MANIFOLD_SOLID_BREP ( 'Fillet1', #770 ) ;
#683 = EDGE_LOOP ( 'NONE', ( #2373, #1846, #2135, #1736 ) ) ;
#684 = LINE ( 'NONE', #3930, #13 ) ;
#685 = ORIENTED_EDGE ( 'NONE', *, *, #781, .F. ) ;
#686 = CARTESIAN_POINT ( 'NONE',  ( 2.310926942123234351, 0.7949999999999989297, -1.700000000000000178 ) ) ;
#687 = SURFACE_SIDE_STYLE ('',( #1701 ) ) ;
#688 = ORIENTED_EDGE ( 'NONE', *, *, #559, .T. ) ;
#689 = FACE_OUTER_BOUND ( 'NONE', #1741, .T. ) ;
#690 = CARTESIAN_POINT ( 'NONE',  ( 2.230926942123232504, 1.094999999999998863, -2.109999999999999876 ) ) ;
#691 = EDGE_CURVE ( 'NONE', #3890, #3781, #294, .T. ) ;
#692 = ORIENTED_EDGE ( 'NONE', *, *, #280, .T. ) ;
#693 = CARTESIAN_POINT ( 'NONE',  ( -4.881689781755246566E-16, 1.469999999999999751, -2.195000000000000284 ) ) ;
#694 = CARTESIAN_POINT ( 'NONE',  ( -2.590000000000001190, 0.02759686637614006469, -2.109999999999999876 ) ) ;
#695 = EDGE_CURVE ( 'NONE', #1083, #2998, #2071, .T. ) ;
#696 = ADVANCED_FACE ( 'NONE', ( #1807 ), #1526, .T. ) ;
#697 = ADVANCED_FACE ( 'NONE', ( #1140 ), #3889, .F. ) ;
#698 = VECTOR ( 'NONE', #2143, 1000.000000000000000 ) ;
#699 = PLANE ( 'NONE',  #737 ) ;
#700 = DIRECTION ( 'NONE',  ( -0.000000000000000000, -0.000000000000000000, -1.000000000000000000 ) ) ;
#701 = LINE ( 'NONE', #1713, #654 ) ;
#702 = DIRECTION ( 'NONE',  ( 0.000000000000000000, 0.000000000000000000, 1.000000000000000000 ) ) ;
#703 = EDGE_CURVE ( 'NONE', #3113, #1414, #1754, .T. ) ;
#704 = ORIENTED_EDGE ( 'NONE', *, *, #1281, .F. ) ;
#705 = ORIENTED_EDGE ( 'NONE', *, *, #4066, .F. ) ;
#706 = DIRECTION ( 'NONE',  ( -0.06975647374411858559, 0.9975640502598246417, 0.000000000000000000 ) ) ;
#707 = ORIENTED_EDGE ( 'NONE', *, *, #3964, .F. ) ;
#708 = CARTESIAN_POINT ( 'NONE',  ( -1.130415582602296354, 1.619999999999999662, -1.975984191706077198 ) ) ;
#709 = PLANE ( 'NONE',  #357 ) ;
#710 = ORIENTED_EDGE ( 'NONE', *, *, #691, .T. ) ;
#711 = CYLINDRICAL_SURFACE ( 'NONE', #233, 0.07999999999999977962 ) ;
#712 = DIRECTION ( 'NONE',  ( 1.000000000000000000, 0.000000000000000000, -0.000000000000000000 ) ) ;
#713 = EDGE_CURVE ( 'NONE', #3254, #3274, #3838, .T. ) ;
#714 = ORIENTED_EDGE ( 'NONE', *, *, #4150, .F. ) ;
#715 = DIRECTION ( 'NONE',  ( 0.000000000000000000, 1.000000000000000000, 0.000000000000000000 ) ) ;
#716 = DIRECTION ( 'NONE',  ( 2.217182356821073703E-16, -0.000000000000000000, 1.000000000000000000 ) ) ;
#717 = EDGE_CURVE ( 'NONE', #2120, #1162, #2959, .T. ) ;
#718 = MANIFOLD_SOLID_BREP ( 'LPattern1[1]', #1654 ) ;
#719 = CARTESIAN_POINT ( 'NONE',  ( -2.590000000000000746, 0.02759686637614006469, -0.8400000000000000799 ) ) ;
#720 = CARTESIAN_POINT ( 'NONE',  ( -3.000000000000000888, 0.2194640910571590831, -2.109999999999999876 ) ) ;
#721 = EDGE_CURVE ( 'NONE', #2058, #4018, #3180, .T. ) ;
#722 = CIRCLE ( 'NONE', #2618, 0.2500000000000000000 ) ;
#723 = DIRECTION ( 'NONE',  ( -0.000000000000000000, -0.000000000000000000, -1.000000000000000000 ) ) ;
#724 = CIRCLE ( 'NONE', #3306, 0.08000000000000194456 ) ;
#725 = STYLED_ITEM ( 'NONE', ( #2566 ), #753 ) ;
#726 = DIRECTION ( 'NONE',  ( -1.000000000000000000, 2.701561890090745152E-15, 0.000000000000000000 ) ) ;
#727 = ORIENTED_EDGE ( 'NONE', *, *, #358, .F. ) ;
#728 = MANIFOLD_SOLID_BREP ( 'LPattern1[4]', #4200 ) ;
#729 = ORIENTED_EDGE ( 'NONE', *, *, #4341, .F. ) ;
#730 = VECTOR ( 'NONE', #844, 1000.000000000000000 ) ;
#731 = LINE ( 'NONE', #3402, #508 ) ;
#732 = CIRCLE ( 'NONE', #3805, 0.08000000000000194456 ) ;
#733 = VECTOR ( 'NONE', #3953, 1000.000000000000000 ) ;
#734 = ORIENTED_EDGE ( 'NONE', *, *, #2303, .F. ) ;
#735 = CARTESIAN_POINT ( 'NONE',  ( -2.605346424223707213, 0.2470609574332990888, -1.700000000000000178 ) ) ;
#736 = VERTEX_POINT ( 'NONE', #856 ) ;
#737 = AXIS2_PLACEMENT_3D ( 'NONE', #57, #4001, #354 ) ;
#738 = CARTESIAN_POINT ( 'NONE',  ( -1.699999999999999067, 1.469999999999999751, 2.195000000000001616 ) ) ;
#739 = CARTESIAN_POINT ( 'NONE',  ( -1.950000000000001510, 1.094999999999999307, -0.4300000000000002709 ) ) ;
#740 = ORIENTED_EDGE ( 'NONE', *, *, #2937, .T. ) ;
#741 = MECHANICAL_DESIGN_GEOMETRIC_PRESENTATION_REPRESENTATION (  '', ( #1841 ), #3530 ) ;
#742 = FACE_OUTER_BOUND ( 'NONE', #460, .T. ) ;
#743 = CARTESIAN_POINT ( 'NONE',  ( -2.530926942123234547, 0.3268660814540850779, -1.700000000000000178 ) ) ;
#744 = LINE ( 'NONE', #2060, #3599 ) ;
#745 = AXIS2_PLACEMENT_3D ( 'NONE', #4038, #1956, #1636 ) ;
#746 = CARTESIAN_POINT ( 'NONE',  ( -1.699999999999999956, 1.095000000000000639, -2.194999999999999840 ) ) ;
#747 = PLANE ( 'NONE',  #1027 ) ;
#748 = CIRCLE ( 'NONE', #675, 0.2999999999999999334 ) ;
#749 = DIRECTION ( 'NONE',  ( -0.000000000000000000, -1.000000000000000000, -0.000000000000000000 ) ) ;
#750 = EDGE_CURVE ( 'NONE', #2955, #3989, #2394, .T. ) ;
#751 = DIRECTION ( 'NONE',  ( 0.9975640502598247528, -0.06975647374411832191, 0.000000000000000000 ) ) ;
#752 = ORIENTED_EDGE ( 'NONE', *, *, #3342, .F. ) ;
#753 = MANIFOLD_SOLID_BREP ( 'Boss-Extrude4[2]', #4339 ) ;
#754 = ORIENTED_EDGE ( 'NONE', *, *, #1538, .F. ) ;
#755 = FACE_OUTER_BOUND ( 'NONE', #3350, .T. ) ;
#756 = EDGE_CURVE ( 'NONE', #1419, #4349, #2743, .T. ) ;
#757 = ORIENTED_EDGE ( 'NONE', *, *, #776, .F. ) ;
#758 = CARTESIAN_POINT ( 'NONE',  ( 1.950000000000000844, 0.8750000000000018874, 0.8399999999999998579 ) ) ;
#759 = DIRECTION ( 'NONE',  ( -1.000000000000000000, 0.000000000000000000, 0.000000000000000000 ) ) ;
#760 = VERTEX_POINT ( 'NONE', #384 ) ;
#761 = DIRECTION ( 'NONE',  ( 9.264034324649497259E-16, -1.000000000000000000, 0.000000000000000000 ) ) ;
#762 = CARTESIAN_POINT ( 'NONE',  ( -2.605346424223706769, 0.2470609574332993108, -0.4300000000000002709 ) ) ;
#763 = ORIENTED_EDGE ( 'NONE', *, *, #1798, .F. ) ;
#764 = ADVANCED_FACE ( 'NONE', ( #3766 ), #766, .F. ) ;
#765 = CARTESIAN_POINT ( 'NONE',  ( 2.230926942123233392, 0.7949999999999989297, 2.109999999999999876 ) ) ;
#766 = PLANE ( 'NONE',  #3246 ) ;
#767 = EDGE_CURVE ( 'NONE', #3739, #2275, #2808, .T. ) ;
#768 = CARTESIAN_POINT ( 'NONE',  ( -2.530926942123234102, 0.7949999999999989297, -1.700000000000000178 ) ) ;
#769 = DIRECTION ( 'NONE',  ( 0.000000000000000000, 0.000000000000000000, 1.000000000000000000 ) ) ;
#770 = CLOSED_SHELL ( 'NONE', ( #2624, #3718, #1322, #3496, #2287, #121, #2970, #959, #616, #3924, #143, #1718, #3422, #3771, #3636, #2591, #3476, #82, #3148, #124, #1114, #541, #2879, #4136, #2149, #3312, #3447, #3213, #3528 ) ) ;
#771 = CARTESIAN_POINT ( 'NONE',  ( 2.610926942123235506, 0.3268660814540874093, -0.8400000000000000799 ) ) ;
#772 = CARTESIAN_POINT ( 'NONE',  ( -1.130415582602296354, 1.719999999999999751, -1.664089754143847300 ) ) ;
#773 = CIRCLE ( 'NONE', #2788, 0.2999999999999999334 ) ;
#774 = ORIENTED_EDGE ( 'NONE', *, *, #425, .F. ) ;
#775 = PLANE ( 'NONE',  #356 ) ;
#776 = EDGE_CURVE ( 'NONE', #3921, #817, #137, .T. ) ;
#777 = ORIENTED_EDGE ( 'NONE', *, *, #1011, .T. ) ;
#778 = LINE ( 'NONE', #3086, #3534 ) ;
#779 = DIRECTION ( 'NONE',  ( 0.000000000000000000, 0.000000000000000000, 1.000000000000000000 ) ) ;
#780 = ORIENTED_EDGE ( 'NONE', *, *, #776, .T. ) ;
#781 = EDGE_CURVE ( 'NONE', #3082, #4284, #1730, .T. ) ;
#782 = CARTESIAN_POINT ( 'NONE',  ( 2.530926942123232326, 0.7949999999999989297, -1.700000000000000178 ) ) ;
#783 = CARTESIAN_POINT ( 'NONE',  ( 2.605346424223706325, 0.2470609574333015312, -0.4300000000000002709 ) ) ;
#784 = ORIENTED_EDGE ( 'NONE', *, *, #887, .T. ) ;
#785 = CARTESIAN_POINT ( 'NONE',  ( -2.310926942123236127, 0.3268660814540851889, -0.8400000000000000799 ) ) ;
#786 = DIRECTION ( 'NONE',  ( -1.000000000000000000, 0.000000000000000000, 0.000000000000000000 ) ) ;
#787 = LINE ( 'NONE', #3453, #299 ) ;
#788 = CARTESIAN_POINT ( 'NONE',  ( 2.230926942123233392, 1.094999999999998863, 1.700000000000000178 ) ) ;
#789 = DIRECTION ( 'NONE',  ( 1.000000000000000000, 0.000000000000000000, -0.000000000000000000 ) ) ;
#790 = CARTESIAN_POINT ( 'NONE',  ( 2.230926942123232504, 0.8750000000000009992, -2.109999999999999876 ) ) ;
#791 = VERTEX_POINT ( 'NONE', #4067 ) ;
#792 = VECTOR ( 'NONE', #462, 1000.000000000000000 ) ;
#793 = CARTESIAN_POINT ( 'NONE',  ( 2.310926942123235239, 0.7949999999999989297, 2.109999999999999876 ) ) ;
#794 = ORIENTED_EDGE ( 'NONE', *, *, #2685, .F. ) ;
#795 = EDGE_LOOP ( 'NONE', ( #3154, #3088, #3893 ) ) ;
#796 = STYLED_ITEM ( 'NONE', ( #494 ), #2205 ) ;
#797 = VECTOR ( 'NONE', #3475, 1000.000000000000000 ) ;
#798 = EDGE_LOOP ( 'NONE', ( #116, #3551, #2155, #212 ) ) ;
#799 = CARTESIAN_POINT ( 'NONE',  ( 2.310926942123235239, 0.3268660814540851889, 0.8399999999999998579 ) ) ;
#800 = DIRECTION ( 'NONE',  ( 0.000000000000000000, 0.000000000000000000, 1.000000000000000000 ) ) ;
#801 = VECTOR ( 'NONE', #2403, 1000.000000000000000 ) ;
#802 = VECTOR ( 'NONE', #2875, 1000.000000000000000 ) ;
#803 = EDGE_CURVE ( 'NONE', #2273, #3326, #1710, .T. ) ;
#804 = EDGE_CURVE ( 'NONE', #2846, #3450, #3731, .T. ) ;
#805 = ORIENTED_EDGE ( 'NONE', *, *, #2477, .F. ) ;
#806 = SURFACE_STYLE_FILL_AREA ( #1123 ) ;
#807 = LINE ( 'NONE', #1124, #200 ) ;
#808 = VECTOR ( 'NONE', #2529, 1000.000000000000000 ) ;
#809 = CARTESIAN_POINT ( 'NONE',  ( 1.950000000000000844, 0.8750000000000018874, 0.8399999999999998579 ) ) ;
#810 = EDGE_CURVE ( 'NONE', #3739, #2531, #229, .T. ) ;
#811 = CARTESIAN_POINT ( 'NONE',  ( -2.530926942123233214, 0.7949999999999989297, 2.109999999999999876 ) ) ;
#812 = FILL_AREA_STYLE_COLOUR ( '', #2837 ) ;
#813 = AXIS2_PLACEMENT_3D ( 'NONE', #920, #3266, #900 ) ;
#814 = DIRECTION ( 'NONE',  ( -0.000000000000000000, 0.000000000000000000, -1.000000000000000000 ) ) ;
#815 = ORIENTED_EDGE ( 'NONE', *, *, #1407, .T. ) ;
#816 = CARTESIAN_POINT ( 'NONE',  ( 1.950000000000000400, 1.094999999999999307, -1.700000000000000178 ) ) ;
#817 = VERTEX_POINT ( 'NONE', #3121 ) ;
#818 = ORIENTED_EDGE ( 'NONE', *, *, #3910, .T. ) ;
#819 = DIRECTION ( 'NONE',  ( -0.9975640502598247528, 0.06975647374411832191, 0.000000000000000000 ) ) ;
#820 = DIRECTION ( 'NONE',  ( -0.000000000000000000, -1.000000000000000000, -0.000000000000000000 ) ) ;
#821 = ORIENTED_EDGE ( 'NONE', *, *, #1092, .F. ) ;
#822 =( NAMED_UNIT ( * ) SI_UNIT ( $, .STERADIAN. ) SOLID_ANGLE_UNIT ( ) );
#823 = FACE_OUTER_BOUND ( 'NONE', #2932, .T. ) ;
#824 = DIRECTION ( 'NONE',  ( -0.06975647374411832191, 0.9975640502598247528, 0.000000000000000000 ) ) ;
#825 = EDGE_CURVE ( 'NONE', #4265, #1715, #3413, .T. ) ;
#826 = LINE ( 'NONE', #2145, #2470 ) ;
#827 = ORIENTED_EDGE ( 'NONE', *, *, #3199, .T. ) ;
#828 = DIRECTION ( 'NONE',  ( -0.000000000000000000, 1.000000000000000000, -0.000000000000000000 ) ) ;
#829 = EDGE_CURVE ( 'NONE', #2047, #2739, #3389, .T. ) ;
#830 = DIRECTION ( 'NONE',  ( -1.000000000000000000, 0.000000000000000000, 0.000000000000000000 ) ) ;
#831 = ORIENTED_EDGE ( 'NONE', *, *, #1351, .F. ) ;
#832 = VECTOR ( 'NONE', #3341, 1000.000000000000000 ) ;
#833 = ORIENTED_EDGE ( 'NONE', *, *, #68, .T. ) ;
#834 = PLANE ( 'NONE',  #4228 ) ;
#835 = AXIS2_PLACEMENT_3D ( 'NONE', #470, #1213, #3510 ) ;
#836 = ORIENTED_EDGE ( 'NONE', *, *, #51, .T. ) ;
#837 = ORIENTED_EDGE ( 'NONE', *, *, #2264, .F. ) ;
#838 = ORIENTED_EDGE ( 'NONE', *, *, #868, .F. ) ;
#839 = CARTESIAN_POINT ( 'NONE',  ( -1.950000000000001288, 1.094999999999999307, 0.8399999999999998579 ) ) ;
#840 = LINE ( 'NONE', #1506, #2467 ) ;
#841 = ORIENTED_EDGE ( 'NONE', *, *, #3068, .F. ) ;
#842 = SURFACE_SIDE_STYLE ('',( #2259 ) ) ;
#843 = CARTESIAN_POINT ( 'NONE',  ( -2.984653575776294865, 4.814824860968089633E-32, -2.109999999999999876 ) ) ;
#844 = DIRECTION ( 'NONE',  ( -0.000000000000000000, -0.000000000000000000, -1.000000000000000000 ) ) ;
#845 = CARTESIAN_POINT ( 'NONE',  ( 2.605346424223706769, 0.2470609574333018088, 2.109999999999999876 ) ) ;
#846 = ORIENTED_EDGE ( 'NONE', *, *, #1232, .F. ) ;
#847 = EDGE_CURVE ( 'NONE', #1083, #3450, #97, .T. ) ;
#848 = SURFACE_STYLE_FILL_AREA ( #3852 ) ;
#849 = EDGE_CURVE ( 'NONE', #4325, #3990, #2098, .T. ) ;
#850 = CARTESIAN_POINT ( 'NONE',  ( 1.950000000000001066, 0.8750000000000018874, 2.109999999999999876 ) ) ;
#851 = CARTESIAN_POINT ( 'NONE',  ( -2.230926942123233836, 1.094999999999998863, -1.700000000000000178 ) ) ;
#852 = VERTEX_POINT ( 'NONE', #1107 ) ;
#853 = DIRECTION ( 'NONE',  ( -0.000000000000000000, -0.000000000000000000, -1.000000000000000000 ) ) ;
#854 = ORIENTED_EDGE ( 'NONE', *, *, #1328, .T. ) ;
#855 = VERTEX_POINT ( 'NONE', #451 ) ;
#856 = CARTESIAN_POINT ( 'NONE',  ( 1.950000000000000400, 1.094999999999999307, -2.109999999999999876 ) ) ;
#857 = EDGE_LOOP ( 'NONE', ( #2512, #2735, #3284, #43 ) ) ;
#858 = VECTOR ( 'NONE', #1549, 1000.000000000000000 ) ;
#859 = LINE ( 'NONE', #2160, #2820 ) ;
#860 = DIRECTION ( 'NONE',  ( -0.000000000000000000, -0.000000000000000000, -1.000000000000000000 ) ) ;
#861 = AXIS2_PLACEMENT_3D ( 'NONE', #816, #3175, #481 ) ;
#862 = STYLED_ITEM ( 'NONE', ( #3550 ), #728 ) ;
#863 = ORIENTED_EDGE ( 'NONE', *, *, #236, .F. ) ;
#864 = DIRECTION ( 'NONE',  ( -0.000000000000000000, -0.000000000000000000, -1.000000000000000000 ) ) ;
#865 = AXIS2_PLACEMENT_3D ( 'NONE', #2720, #2784, #1121 ) ;
#866 = DIRECTION ( 'NONE',  ( 0.9975640502598247528, 0.06975647374411823864, 0.000000000000000000 ) ) ;
#867 = CIRCLE ( 'NONE', #939, 0.2999999999999999334 ) ;
#868 = EDGE_CURVE ( 'NONE', #2359, #27, #744, .T. ) ;
#869 = CIRCLE ( 'NONE', #1905, 0.2999999999999999334 ) ;
#870 = DIRECTION ( 'NONE',  ( -0.000000000000000000, -0.000000000000000000, -1.000000000000000000 ) ) ;
#871 = DIRECTION ( 'NONE',  ( 0.000000000000000000, 0.000000000000000000, -1.000000000000000000 ) ) ;
#872 = ORIENTED_EDGE ( 'NONE', *, *, #3016, .F. ) ;
#873 = AXIS2_PLACEMENT_3D ( 'NONE', #1734, #1802, #1454 ) ;
#874 = SURFACE_STYLE_USAGE ( .BOTH. , #3167 ) ;
#875 = DIRECTION ( 'NONE',  ( 0.000000000000000000, -1.000000000000000000, 0.000000000000000000 ) ) ;
#876 = CARTESIAN_POINT ( 'NONE',  ( 2.530926942123232770, 0.7949999999999989297, 0.4300000000000000488 ) ) ;
#877 = MECHANICAL_DESIGN_GEOMETRIC_PRESENTATION_REPRESENTATION (  '', ( #2194 ), #309 ) ;
#878 = ORIENTED_EDGE ( 'NONE', *, *, #2834, .F. ) ;
#879 = DIRECTION ( 'NONE',  ( -0.000000000000000000, -0.000000000000000000, -1.000000000000000000 ) ) ;
#880 = EDGE_CURVE ( 'NONE', #2866, #3602, #2539, .T. ) ;
#881 = VECTOR ( 'NONE', #1531, 1000.000000000000000 ) ;
#882 = ORIENTED_EDGE ( 'NONE', *, *, #679, .F. ) ;
#883 = ORIENTED_EDGE ( 'NONE', *, *, #3696, .T. ) ;
#884 = CARTESIAN_POINT ( 'NONE',  ( -2.230926942123234280, 0.7949999999999989297, -1.700000000000000178 ) ) ;
#885 = EDGE_LOOP ( 'NONE', ( #2985, #2322, #4088, #3032 ) ) ;
#887 = EDGE_CURVE ( 'NONE', #3775, #3788, #119, .T. ) ;
#886 = EDGE_CURVE ( 'NONE', #4236, #2189, #787, .T. ) ;
#888 = FACE_OUTER_BOUND ( 'NONE', #173, .T. ) ;
#889 = CARTESIAN_POINT ( 'NONE',  ( 2.610926942123235062, 0.3268660814540874093, -1.700000000000000178 ) ) ;
#890 = EDGE_CURVE ( 'NONE', #2905, #2955, #4135, .T. ) ;
#891 = VERTEX_POINT ( 'NONE', #1533 ) ;
#892 = CARTESIAN_POINT ( 'NONE',  ( 2.605346424223706325, 0.2470609574333018088, -0.4300000000000002709 ) ) ;
#893 = CARTESIAN_POINT ( 'NONE',  ( 2.310926942123235239, 0.3268660814540851889, 0.4300000000000000488 ) ) ;
#894 = CARTESIAN_POINT ( 'NONE',  ( -1.950000000000001510, 1.094999999999999307, -0.8400000000000000799 ) ) ;
#895 = CARTESIAN_POINT ( 'NONE',  ( 2.230926942123232948, 0.7949999999999989297, -0.8400000000000000799 ) ) ;
#896 = ORIENTED_EDGE ( 'NONE', *, *, #2884, .T. ) ;
#897 = VERTEX_POINT ( 'NONE', #1242 ) ;
#898 = LINE ( 'NONE', #312, #3947 ) ;
#899 = LINE ( 'NONE', #4263, #808 ) ;
#900 = DIRECTION ( 'NONE',  ( 0.9975640502598247528, 0.06975647374411823864, 0.000000000000000000 ) ) ;
#901 = EDGE_LOOP ( 'NONE', ( #1632, #948, #3181, #3520 ) ) ;
#902 = PLANE ( 'NONE',  #1753 ) ;
#903 = VERTEX_POINT ( 'NONE', #2502 ) ;
#904 = AXIS2_PLACEMENT_3D ( 'NONE', #3963, #3261, #3298 ) ;
#905 = EDGE_LOOP ( 'NONE', ( #2825, #2823, #1077, #2360 ) ) ;
#906 = DIRECTION ( 'NONE',  ( 2.224004456380521903E-16, -0.000000000000000000, 1.000000000000000000 ) ) ;
#907 = AXIS2_PLACEMENT_3D ( 'NONE', #1191, #3536, #2521 ) ;
#908 = FACE_OUTER_BOUND ( 'NONE', #2801, .T. ) ;
#909 = ADVANCED_FACE ( 'NONE', ( #3511 ), #4257, .F. ) ;
#910 = VERTEX_POINT ( 'NONE', #3867 ) ;
#911 = ADVANCED_FACE ( 'NONE', ( #1215 ), #1580, .F. ) ;
#912 = DIRECTION ( 'NONE',  ( -1.000000000000000000, -2.315624477220642195E-15, 0.000000000000000000 ) ) ;
#913 = DIRECTION ( 'NONE',  ( 1.734723475976805517E-15, 0.000000000000000000, 1.000000000000000000 ) ) ;
#914 = CARTESIAN_POINT ( 'NONE',  ( -1.130415582602296354, 1.719999999999999751, -1.975984191706077198 ) ) ;
#915 = CARTESIAN_POINT ( 'NONE',  ( -1.130415582602296354, 1.619999999999999662, -1.975984191706077198 ) ) ;
#916 = ORIENTED_EDGE ( 'NONE', *, *, #1884, .F. ) ;
#917 = VERTEX_POINT ( 'NONE', #513 ) ;
#918 = CARTESIAN_POINT ( 'NONE',  ( -1.950000000000001066, 0.8750000000000008882, 2.109999999999999876 ) ) ;
#919 = LINE ( 'NONE', #207, #594 ) ;
#920 = CARTESIAN_POINT ( 'NONE',  ( -2.605346424223707213, 0.2470609574332990888, -1.700000000000000178 ) ) ;
#921 = EDGE_LOOP ( 'NONE', ( #3336, #1647, #1738, #1422 ) ) ;
#922 = LINE ( 'NONE', #4266, #3515 ) ;
#923 = ORIENTED_EDGE ( 'NONE', *, *, #2312, .T. ) ;
#924 = ORIENTED_EDGE ( 'NONE', *, *, #3342, .T. ) ;
#925 = LINE ( 'NONE', #600, #4164 ) ;
#926 = DIRECTION ( 'NONE',  ( -0.000000000000000000, -0.000000000000000000, -1.000000000000000000 ) ) ;
#927 = VERTEX_POINT ( 'NONE', #183 ) ;
#928 = CIRCLE ( 'NONE', #2250, 0.2500000000000000000 ) ;
#929 = FACE_OUTER_BOUND ( 'NONE', #2157, .T. ) ;
#930 = CARTESIAN_POINT ( 'NONE',  ( 1.700000000000001066, 1.469999999999999751, 2.194999999999996732 ) ) ;
#931 = DIRECTION ( 'NONE',  ( -0.000000000000000000, -0.000000000000000000, -1.000000000000000000 ) ) ;
#932 = EDGE_CURVE ( 'NONE', #1186, #917, #4278, .T. ) ;
#933 = AXIS2_PLACEMENT_3D ( 'NONE', #3222, #210, #3463 ) ;
#934 = ADVANCED_FACE ( 'NONE', ( #1260 ), #2924, .F. ) ;
#935 =( GEOMETRIC_REPRESENTATION_CONTEXT ( 3 ) GLOBAL_UNCERTAINTY_ASSIGNED_CONTEXT ( ( #396 ) ) GLOBAL_UNIT_ASSIGNED_CONTEXT ( ( #1763, #2208, #2447 ) ) REPRESENTATION_CONTEXT ( 'NONE', 'WORKASPACE' ) );
#936 = PLANE ( 'NONE',  #1976 ) ;
#937 = DIRECTION ( 'NONE',  ( 1.000000000000000000, 0.000000000000000000, 0.000000000000000000 ) ) ;
#938 = CIRCLE ( 'NONE', #512, 0.2500000000000002220 ) ;
#939 = AXIS2_PLACEMENT_3D ( 'NONE', #2549, #1863, #3896 ) ;
#940 = ADVANCED_FACE ( 'NONE', ( #3828 ), #3258, .F. ) ;
#941 = AXIS2_PLACEMENT_3D ( 'NONE', #4005, #3723, #3684 ) ;
#942 = AXIS2_PLACEMENT_3D ( 'NONE', #1396, #2361, #3772 ) ;
#943 = CARTESIAN_POINT ( 'NONE',  ( 0.000000000000000000, 0.2500000000000005551, 0.000000000000000000 ) ) ;
#944 = CARTESIAN_POINT ( 'NONE',  ( 1.950000000000000400, 0.8750000000000018874, -2.109999999999999876 ) ) ;
#945 = ORIENTED_EDGE ( 'NONE', *, *, #424, .F. ) ;
#946 = VECTOR ( 'NONE', #1431, 1000.000000000000000 ) ;
#947 = FACE_OUTER_BOUND ( 'NONE', #4022, .T. ) ;
#948 = ORIENTED_EDGE ( 'NONE', *, *, #713, .F. ) ;
#949 = EDGE_LOOP ( 'NONE', ( #523, #4331, #841, #3848 ) ) ;
#950 = EDGE_CURVE ( 'NONE', #3129, #3595, #2183, .T. ) ;
#951 = AXIS2_PLACEMENT_3D ( 'NONE', #3334, #2699, #28 ) ;
#952 = PLANE ( 'NONE',  #2027 ) ;
#953 = VERTEX_POINT ( 'NONE', #3917 ) ;
#954 = CIRCLE ( 'NONE', #3965, 0.2999999999999999334 ) ;
#955 = DIRECTION ( 'NONE',  ( 1.000000000000000000, 9.264034324649497259E-16, -0.000000000000000000 ) ) ;
#956 = CARTESIAN_POINT ( 'NONE',  ( 2.230926942123233392, 1.094999999999998863, 2.109999999999999876 ) ) ;
#957 = ORIENTED_EDGE ( 'NONE', *, *, #1563, .T. ) ;
#958 = DIRECTION ( 'NONE',  ( -1.000000000000000000, -6.484824027254647687E-15, 0.000000000000000000 ) ) ;
#959 = ADVANCED_FACE ( 'NONE', ( #491 ), #1556, .F. ) ;
#960 = DIRECTION ( 'NONE',  ( 1.000000000000000000, 0.000000000000000000, -2.224004456380521903E-16 ) ) ;
#961 = FACE_OUTER_BOUND ( 'NONE', #795, .T. ) ;
#962 = DIRECTION ( 'NONE',  ( 1.000000000000000000, 0.000000000000000000, 0.000000000000000000 ) ) ;
#963 = VERTEX_POINT ( 'NONE', #1491 ) ;
#964 = EDGE_CURVE ( 'NONE', #1745, #4008, #3537, .T. ) ;
#965 = FACE_OUTER_BOUND ( 'NONE', #1426, .T. ) ;
#966 = DIRECTION ( 'NONE',  ( -6.484824027254647687E-15, 1.000000000000000000, -0.000000000000000000 ) ) ;
#967 = EDGE_CURVE ( 'NONE', #553, #393, #2522, .T. ) ;
#968 = ORIENTED_EDGE ( 'NONE', *, *, #1952, .T. ) ;
#969 = CARTESIAN_POINT ( 'NONE',  ( 2.310926942123235239, 0.7949999999999989297, 2.109999999999999876 ) ) ;
#970 = ORIENTED_EDGE ( 'NONE', *, *, #1779, .F. ) ;
#971 = ORIENTED_EDGE ( 'NONE', *, *, #1116, .F. ) ;
#972 = CARTESIAN_POINT ( 'NONE',  ( 1.950000000000000622, 1.094999999999999307, -0.4300000000000002709 ) ) ;
#973 = VERTEX_POINT ( 'NONE', #222 ) ;
#974 = CARTESIAN_POINT ( 'NONE',  ( 2.230926942123232948, 0.7949999999999989297, -0.4300000000000002709 ) ) ;
#975 = LINE ( 'NONE', #3645, #4205 ) ;
#976 = VERTEX_POINT ( 'NONE', #2238 ) ;
#977 = CIRCLE ( 'NONE', #3214, 0.08000000000000194456 ) ;
#978 = LINE ( 'NONE', #2944, #1758 ) ;
#979 = AXIS2_PLACEMENT_3D ( 'NONE', #3845, #2854, #1838 ) ;
#980 = CARTESIAN_POINT ( 'NONE',  ( 2.610926942123235506, 0.3268660814540874093, 0.8399999999999998579 ) ) ;
#981 = PLANE ( 'NONE',  #2294 ) ;
#982 = ORIENTED_EDGE ( 'NONE', *, *, #581, .T. ) ;
#983 = CARTESIAN_POINT ( 'NONE',  ( -3.000000000000000000, 0.2194640910571590831, 2.109999999999999876 ) ) ;
#984 = FACE_OUTER_BOUND ( 'NONE', #3172, .T. ) ;
#985 = ORIENTED_EDGE ( 'NONE', *, *, #3692, .F. ) ;
#986 = LINE ( 'NONE', #4285, #3165 ) ;
#987 = EDGE_CURVE ( 'NONE', #488, #3225, #535, .T. ) ;
#988 = LINE ( 'NONE', #2379, #3673 ) ;
#989 = ORIENTED_EDGE ( 'NONE', *, *, #35, .F. ) ;
#990 = ORIENTED_EDGE ( 'NONE', *, *, #3749, .F. ) ;
#991 = CARTESIAN_POINT ( 'NONE',  ( -3.000000000000000444, 0.2194640910571590831, -0.8400000000000000799 ) ) ;
#992 = ORIENTED_EDGE ( 'NONE', *, *, #123, .F. ) ;
#993 = DIRECTION ( 'NONE',  ( -1.000000000000000000, 0.000000000000000000, 0.000000000000000000 ) ) ;
#994 = CARTESIAN_POINT ( 'NONE',  ( -3.000000000000000444, 0.2194640910571590831, 0.4300000000000000488 ) ) ;
#995 = ORIENTED_EDGE ( 'NONE', *, *, #967, .T. ) ;
#996 = CARTESIAN_POINT ( 'NONE',  ( 2.999999999999999556, 0.2194640910571611647, -0.4300000000000002709 ) ) ;
#997 = LINE ( 'NONE', #2243, #227 ) ;
#998 = LINE ( 'NONE', #1619, #2689 ) ;
#999 = LINE ( 'NONE', #253, #3702 ) ;
#1000 = EDGE_CURVE ( 'NONE', #3831, #4193, #4186, .T. ) ;
#1001 = PRESENTATION_LAYER_ASSIGNMENT (  '', '', ( #796 ) ) ;
#1002 = FACE_OUTER_BOUND ( 'NONE', #3007, .T. ) ;
#1003 = AXIS2_PLACEMENT_3D ( 'NONE', #1163, #3793, #1503 ) ;
#1004 = DIRECTION ( 'NONE',  ( -0.06975647374411832191, 0.9975640502598247528, 0.000000000000000000 ) ) ;
#1005 = CARTESIAN_POINT ( 'NONE',  ( -2.530926942123234547, 0.3268660814540850779, -1.700000000000000178 ) ) ;
#1006 = AXIS2_PLACEMENT_3D ( 'NONE', #2005, #958, #2302 ) ;
#1007 = DIRECTION ( 'NONE',  ( -0.000000000000000000, -0.000000000000000000, -1.000000000000000000 ) ) ;
#1008 = ORIENTED_EDGE ( 'NONE', *, *, #180, .F. ) ;
#1009 = VECTOR ( 'NONE', #3012, 1000.000000000000000 ) ;
#1010 = ORIENTED_EDGE ( 'NONE', *, *, #2161, .F. ) ;
#1011 = EDGE_CURVE ( 'NONE', #2889, #2426, #867, .T. ) ;
#1012 = DIRECTION ( 'NONE',  ( 0.06975647374411794721, 0.9975640502598247528, -0.000000000000000000 ) ) ;
#1013 = EDGE_CURVE ( 'NONE', #897, #326, #1192, .T. ) ;
#1014 = ORIENTED_EDGE ( 'NONE', *, *, #2646, .T. ) ;
#1015 = DIRECTION ( 'NONE',  ( -1.000000000000000000, 0.000000000000000000, 0.000000000000000000 ) ) ;
#1016 = CARTESIAN_POINT ( 'NONE',  ( 2.605346424223706769, 0.2470609574333018088, 2.109999999999999876 ) ) ;
#1017 = EDGE_LOOP ( 'NONE', ( #2069, #4312, #257, #1178 ) ) ;
#1019 = EDGE_CURVE ( 'NONE', #2227, #736, #1883, .T. ) ;
#1018 = EDGE_CURVE ( 'NONE', #3216, #3225, #3807, .T. ) ;
#1020 = CIRCLE ( 'NONE', #3183, 0.08000000000000194456 ) ;
#1021 = DIRECTION ( 'NONE',  ( -1.000000000000000000, 0.000000000000000000, 0.000000000000000000 ) ) ;
#1022 = PLANE ( 'NONE',  #1415 ) ;
#1023 = VECTOR ( 'NONE', #3608, 1000.000000000000000 ) ;
#1024 = ORIENTED_EDGE ( 'NONE', *, *, #1629, .T. ) ;
#1025 = FILL_AREA_STYLE ('',( #1682 ) ) ;
#1026 = CARTESIAN_POINT ( 'NONE',  ( 1.700000000000001066, 0.5000000000000005551, 2.194999999999996287 ) ) ;
#1027 = AXIS2_PLACEMENT_3D ( 'NONE', #2062, #4094, #518 ) ;
#1028 = DIRECTION ( 'NONE',  ( -0.9975640502598247528, -0.06975647374411832191, 0.000000000000000000 ) ) ;
#1029 = EDGE_CURVE ( 'NONE', #2179, #1651, #2660, .T. ) ;
#1030 = DIRECTION ( 'NONE',  ( 0.9975640502598247528, 0.06975647374411832191, -0.000000000000000000 ) ) ;
#1031 = DIRECTION ( 'NONE',  ( 6.484824027254647687E-15, -1.000000000000000000, 0.000000000000000000 ) ) ;
#1032 = DIRECTION ( 'NONE',  ( 2.701561890090745152E-15, 1.000000000000000000, -0.000000000000000000 ) ) ;
#1033 = ORIENTED_EDGE ( 'NONE', *, *, #2210, .T. ) ;
#1034 = ORIENTED_EDGE ( 'NONE', *, *, #2153, .T. ) ;
#1035 = DIRECTION ( 'NONE',  ( -0.000000000000000000, -0.000000000000000000, -1.000000000000000000 ) ) ;
#1036 = ORIENTED_EDGE ( 'NONE', *, *, #4044, .T. ) ;
#1037 = DIRECTION ( 'NONE',  ( -0.000000000000000000, 0.000000000000000000, -1.000000000000000000 ) ) ;
#1038 = EDGE_LOOP ( 'NONE', ( #1576, #2338, #2432, #1936 ) ) ;
#1039 = EDGE_CURVE ( 'NONE', #3788, #215, #978, .T. ) ;
#1040 = LINE ( 'NONE', #466, #2109 ) ;
#1041 = DIRECTION ( 'NONE',  ( -1.000000000000000000, 0.000000000000000000, 1.445602896647339311E-15 ) ) ;
#1042 = EDGE_CURVE ( 'NONE', #3048, #3042, #3337, .T. ) ;
#1043 = ORIENTED_EDGE ( 'NONE', *, *, #2161, .T. ) ;
#1044 = CARTESIAN_POINT ( 'NONE',  ( 2.999999999999999112, 0.2194640910571611647, -1.700000000000000178 ) ) ;
#1045 = AXIS2_PLACEMENT_3D ( 'NONE', #3141, #1793, #3802 ) ;
#1046 = CARTESIAN_POINT ( 'NONE',  ( -2.605346424223706769, 0.2470609574332990888, -0.4300000000000002709 ) ) ;
#1047 = CARTESIAN_POINT ( 'NONE',  ( 2.530926942123232770, 0.7949999999999989297, -0.4300000000000002709 ) ) ;
#1048 = DIRECTION ( 'NONE',  ( 0.000000000000000000, 0.000000000000000000, -1.000000000000000000 ) ) ;
#1049 = CARTESIAN_POINT ( 'NONE',  ( -1.950000000000001066, 0.8750000000000008882, 2.109999999999999876 ) ) ;
#1050 = ORIENTED_EDGE ( 'NONE', *, *, #279, .F. ) ;
#1051 = ORIENTED_EDGE ( 'NONE', *, *, #453, .F. ) ;
#1052 = CARTESIAN_POINT ( 'NONE',  ( -1.950000000000001510, 0.8750000000000008882, -0.4300000000000002709 ) ) ;
#1053 = ORIENTED_EDGE ( 'NONE', *, *, #2702, .T. ) ;
#1054 = DIRECTION ( 'NONE',  ( -0.000000000000000000, -0.000000000000000000, -1.000000000000000000 ) ) ;
#1055 = FACE_OUTER_BOUND ( 'NONE', #2715, .T. ) ;
#1056 = ORIENTED_EDGE ( 'NONE', *, *, #1171, .T. ) ;
#1057 = LINE ( 'NONE', #2025, #2612 ) ;
#1058 = FACE_OUTER_BOUND ( 'NONE', #2000, .T. ) ;
#1059 = ORIENTED_EDGE ( 'NONE', *, *, #2697, .F. ) ;
#1060 = DIRECTION ( 'NONE',  ( -2.217182356821073703E-16, 0.000000000000000000, -1.000000000000000000 ) ) ;
#1061 = DIRECTION ( 'NONE',  ( 0.000000000000000000, 0.000000000000000000, 1.000000000000000000 ) ) ;
#1062 = EDGE_CURVE ( 'NONE', #416, #2386, #1302, .T. ) ;
#1063 = CARTESIAN_POINT ( 'NONE',  ( 1.700000000000001066, 1.469999999999999751, 2.194999999999996287 ) ) ;
#1064 = EDGE_CURVE ( 'NONE', #4193, #2446, #2037, .T. ) ;
#1065 = DIRECTION ( 'NONE',  ( -1.000000000000000000, 2.701561890090745152E-15, 0.000000000000000000 ) ) ;
#1066 = CARTESIAN_POINT ( 'NONE',  ( -1.949999999999999067, 1.469999999999999751, 2.195000000000001172 ) ) ;
#1067 = VECTOR ( 'NONE', #2918, 1000.000000000000000 ) ;
#1068 = EDGE_CURVE ( 'NONE', #917, #342, #269, .T. ) ;
#1069 = CIRCLE ( 'NONE', #933, 0.2999999999999999334 ) ;
#1070 = CARTESIAN_POINT ( 'NONE',  ( -3.000000000000000444, 0.2194640910571590831, 0.8399999999999998579 ) ) ;
#1071 = ORIENTED_EDGE ( 'NONE', *, *, #3910, .F. ) ;
#1072 = VERTEX_POINT ( 'NONE', #2986 ) ;
#1073 = AXIS2_PLACEMENT_3D ( 'NONE', #115, #3381, #2737 ) ;
#1074 = VECTOR ( 'NONE', #931, 1000.000000000000000 ) ;
#1075 = CYLINDRICAL_SURFACE ( 'NONE', #1894, 0.2999999999999999334 ) ;
#1076 = VECTOR ( 'NONE', #41, 1000.000000000000000 ) ;
#1077 = ORIENTED_EDGE ( 'NONE', *, *, #3195, .F. ) ;
#1078 = CARTESIAN_POINT ( 'NONE',  ( -3.000000000000000444, 0.2194640910571590831, -0.4300000000000002709 ) ) ;
#1079 = DIRECTION ( 'NONE',  ( -0.000000000000000000, -0.000000000000000000, -1.000000000000000000 ) ) ;
#1080 = VERTEX_POINT ( 'NONE', #2596 ) ;
#1081 = DIRECTION ( 'NONE',  ( 6.484824027254647687E-15, -1.000000000000000000, 0.000000000000000000 ) ) ;
#1082 = CARTESIAN_POINT ( 'NONE',  ( -1.950000000000001066, 1.094999999999999307, 1.700000000000000178 ) ) ;
#1083 = VERTEX_POINT ( 'NONE', #644 ) ;
#1084 = AXIS2_PLACEMENT_3D ( 'NONE', #4296, #352, #645 ) ;
#1085 = DIRECTION ( 'NONE',  ( -0.000000000000000000, 0.000000000000000000, -1.000000000000000000 ) ) ;
#1086 = DIRECTION ( 'NONE',  ( -0.9975640502598247528, 0.06975647374411794721, 0.000000000000000000 ) ) ;
#1087 = VECTOR ( 'NONE', #4192, 1000.000000000000000 ) ;
#1088 = PLANE ( 'NONE',  #1627 ) ;
#1089 = LINE ( 'NONE', #2129, #1496 ) ;
#1090 = AXIS2_PLACEMENT_3D ( 'NONE', #2600, #1266, #2271 ) ;
#1091 = EDGE_CURVE ( 'NONE', #1122, #3254, #4316, .T. ) ;
#1092 = EDGE_CURVE ( 'NONE', #2017, #393, #4014, .T. ) ;
#1093 = EDGE_CURVE ( 'NONE', #4075, #3817, #4295, .T. ) ;
#1094 = LINE ( 'NONE', #2775, #3104 ) ;
#1095 = ORIENTED_EDGE ( 'NONE', *, *, #1991, .T. ) ;
#1096 = FACE_OUTER_BOUND ( 'NONE', #2493, .T. ) ;
#1097 = EDGE_LOOP ( 'NONE', ( #2583, #366, #838, #3193 ) ) ;
#1098 = CARTESIAN_POINT ( 'NONE',  ( -2.310926942123235683, 0.3268660814540851889, 1.700000000000000178 ) ) ;
#1099 = CARTESIAN_POINT ( 'NONE',  ( 2.610926942123235062, 0.3268660814540874093, -1.700000000000000178 ) ) ;
#1100 = ORIENTED_EDGE ( 'NONE', *, *, #1456, .F. ) ;
#1101 = APPLICATION_CONTEXT ( 'automotive_design' ) ;
#1102 = CARTESIAN_POINT ( 'NONE',  ( 2.530926942123232770, 0.7949999999999989297, -0.4300000000000002709 ) ) ;
#1103 = CYLINDRICAL_SURFACE ( 'NONE', #1073, 0.07999999999999977962 ) ;
#1104 = ORIENTED_EDGE ( 'NONE', *, *, #3911, .F. ) ;
#1105 = FILL_AREA_STYLE_COLOUR ( '', #4096 ) ;
#1106 = DIRECTION ( 'NONE',  ( 0.000000000000000000, 0.000000000000000000, -1.000000000000000000 ) ) ;
#1107 = CARTESIAN_POINT ( 'NONE',  ( 2.310926942123234351, 0.7949999999999989297, -1.700000000000000178 ) ) ;
#1108 = AXIS2_PLACEMENT_3D ( 'NONE', #2972, #628, #4319 ) ;
#1109 = DIRECTION ( 'NONE',  ( 0.000000000000000000, 1.000000000000000000, 0.000000000000000000 ) ) ;
#1110 = CARTESIAN_POINT ( 'NONE',  ( -1.950000000000001288, 1.094999999999999307, 0.8399999999999998579 ) ) ;
#1111 = CARTESIAN_POINT ( 'NONE',  ( -1.950000000000001288, 1.094999999999999307, 0.4300000000000000488 ) ) ;
#1112 = DIRECTION ( 'NONE',  ( 0.06975647374411823864, -0.9975640502598247528, 0.000000000000000000 ) ) ;
#1113 = ORIENTED_EDGE ( 'NONE', *, *, #1228, .T. ) ;
#1114 = ADVANCED_FACE ( 'NONE', ( #1943 ), #1278, .T. ) ;
#1115 = DIRECTION ( 'NONE',  ( -0.000000000000000000, -1.000000000000000000, 0.000000000000000000 ) ) ;
#1116 = EDGE_CURVE ( 'NONE', #1865, #2531, #2617, .T. ) ;
#1117 = ORIENTED_EDGE ( 'NONE', *, *, #180, .T. ) ;
#1118 = SURFACE_STYLE_FILL_AREA ( #3202 ) ;
#1119 = ORIENTED_EDGE ( 'NONE', *, *, #358, .T. ) ;
#1120 = CARTESIAN_POINT ( 'NONE',  ( -2.530926942123233658, 0.7949999999999989297, 0.8399999999999998579 ) ) ;
#1121 = DIRECTION ( 'NONE',  ( 1.000000000000000000, 0.000000000000000000, 0.000000000000000000 ) ) ;
#1122 = VERTEX_POINT ( 'NONE', #3978 ) ;
#1123 = FILL_AREA_STYLE ('',( #1105 ) ) ;
#1124 = CARTESIAN_POINT ( 'NONE',  ( -2.590000000000001190, 0.02759686637614006469, -1.700000000000000178 ) ) ;
#1125 = DIRECTION ( 'NONE',  ( -1.000000000000000000, 9.264034324649497259E-16, 0.000000000000000000 ) ) ;
#1126 = LINE ( 'NONE', #3768, #1765 ) ;
#1127 = CARTESIAN_POINT ( 'NONE',  ( 2.310926942123235683, 0.3268660814540851889, 2.109999999999999876 ) ) ;
#1128 = FILL_AREA_STYLE_COLOUR ( '', #4238 ) ;
#1129 = CIRCLE ( 'NONE', #290, 0.08000000000000194456 ) ;
#1130 = PLANE ( 'NONE',  #1974 ) ;
#1131 = VECTOR ( 'NONE', #3777, 1000.000000000000000 ) ;
#1132 = ORIENTED_EDGE ( 'NONE', *, *, #1210, .F. ) ;
#1133 = VECTOR ( 'NONE', #566, 1000.000000000000000 ) ;
#1134 = FACE_OUTER_BOUND ( 'NONE', #2869, .T. ) ;
#1135 =( GEOMETRIC_REPRESENTATION_CONTEXT ( 3 ) GLOBAL_UNCERTAINTY_ASSIGNED_CONTEXT ( ( #1484 ) ) GLOBAL_UNIT_ASSIGNED_CONTEXT ( ( #3732, #1359, #2022 ) ) REPRESENTATION_CONTEXT ( 'NONE', 'WORKASPACE' ) );
#1136 = ORIENTED_EDGE ( 'NONE', *, *, #3403, .F. ) ;
#1137 = EDGE_LOOP ( 'NONE', ( #780, #2993, #188, #3932, #1308, #3856, #436, #3571, #3799, #2348, #3224, #111 ) ) ;
#1138 = AXIS2_PLACEMENT_3D ( 'NONE', #2199, #1867, #3145 ) ;
#1139 = VECTOR ( 'NONE', #2789, 1000.000000000000000 ) ;
#1140 = FACE_OUTER_BOUND ( 'NONE', #2916, .T. ) ;
#1141 = VERTEX_POINT ( 'NONE', #3317 ) ;
#1142 = FACE_OUTER_BOUND ( 'NONE', #1996, .T. ) ;
#1143 = DIRECTION ( 'NONE',  ( -0.06975647374411921009, -0.9975640502598247528, 0.000000000000000000 ) ) ;
#1144 = ADVANCED_FACE ( 'NONE', ( #670 ), #1988, .F. ) ;
#1145 = VECTOR ( 'NONE', #507, 1000.000000000000000 ) ;
#1146 = VECTOR ( 'NONE', #2587, 1000.000000000000000 ) ;
#1147 = VERTEX_POINT ( 'NONE', #3629 ) ;
#1148 = ADVANCED_FACE ( 'NONE', ( #2678 ), #2283, .T. ) ;
#1150 = EDGE_CURVE ( 'NONE', #1745, #1182, #1216, .T. ) ;
#1149 = CYLINDRICAL_SURFACE ( 'NONE', #1698, 0.08000000000000194456 ) ;
#1151 = FACE_OUTER_BOUND ( 'NONE', #2980, .T. ) ;
#1152 = AXIS2_PLACEMENT_3D ( 'NONE', #1814, #454, #429 ) ;
#1153 =( NAMED_UNIT ( * ) SI_UNIT ( $, .STERADIAN. ) SOLID_ANGLE_UNIT ( ) );
#1154 = CARTESIAN_POINT ( 'NONE',  ( 2.230926942123232504, 0.7949999999999989297, -2.109999999999999876 ) ) ;
#1155 = EDGE_LOOP ( 'NONE', ( #2535, #242, #3686, #2369 ) ) ;
#1156 = EDGE_CURVE ( 'NONE', #3404, #3082, #1318, .T. ) ;
#1157 = SURFACE_STYLE_USAGE ( .BOTH. , #2169 ) ;
#1158 = VECTOR ( 'NONE', #139, 1000.000000000000000 ) ;
#1159 = CARTESIAN_POINT ( 'NONE',  ( 2.530926942123235879, 0.3268660814540850224, 0.8399999999999998579 ) ) ;
#1160 = EDGE_LOOP ( 'NONE', ( #4303, #483, #528, #1330 ) ) ;
#1161 = DIRECTION ( 'NONE',  ( 1.000000000000000000, 0.000000000000000000, 0.000000000000000000 ) ) ;
#1162 = VERTEX_POINT ( 'NONE', #3996 ) ;
#1163 = CARTESIAN_POINT ( 'NONE',  ( -2.610926942123236394, 0.3268660814540874093, -1.700000000000000178 ) ) ;
#1164 = ORIENTED_EDGE ( 'NONE', *, *, #2795, .T. ) ;
#1165 = CARTESIAN_POINT ( 'NONE',  ( 1.699999999999999734, 1.469999999999999751, -2.195000000000000728 ) ) ;
#1166 = CARTESIAN_POINT ( 'NONE',  ( 2.589999999999999858, 0.02759686637614006469, -0.8400000000000000799 ) ) ;
#1167 = ORIENTED_EDGE ( 'NONE', *, *, #3911, .T. ) ;
#1168 = LINE ( 'NONE', #4185, #2582 ) ;
#1169 = ADVANCED_FACE ( 'NONE', ( #689 ), #3358, .F. ) ;
#1170 = CARTESIAN_POINT ( 'NONE',  ( -2.310926942123236127, 0.7949999999999989297, -1.700000000000000178 ) ) ;
#1171 = EDGE_CURVE ( 'NONE', #1072, #3521, #3052, .T. ) ;
#1172 = EDGE_CURVE ( 'NONE', #27, #142, #3103, .T. ) ;
#1173 = CYLINDRICAL_SURFACE ( 'NONE', #3464, 0.08000000000000194456 ) ;
#1174 = ORIENTED_EDGE ( 'NONE', *, *, #987, .F. ) ;
#1175 =( NAMED_UNIT ( * ) PLANE_ANGLE_UNIT ( ) SI_UNIT ( $, .RADIAN. ) );
#1176 = CARTESIAN_POINT ( 'NONE',  ( -2.590000000000000746, 0.02759686637614006469, 0.4300000000000000488 ) ) ;
#1177 = DIRECTION ( 'NONE',  ( -0.000000000000000000, -0.000000000000000000, -1.000000000000000000 ) ) ;
#1178 = ORIENTED_EDGE ( 'NONE', *, *, #1513, .F. ) ;
#1179 = ORIENTED_EDGE ( 'NONE', *, *, #703, .T. ) ;
#1180 = CYLINDRICAL_SURFACE ( 'NONE', #3375, 0.08000000000000194456 ) ;
#1181 = AXIS2_PLACEMENT_3D ( 'NONE', #1812, #864, #2900 ) ;
#1182 = VERTEX_POINT ( 'NONE', #3469 ) ;
#1183 = ORIENTED_EDGE ( 'NONE', *, *, #3987, .F. ) ;
#1184 = ORIENTED_EDGE ( 'NONE', *, *, #2748, .F. ) ;
#1185 =( NAMED_UNIT ( * ) SI_UNIT ( $, .STERADIAN. ) SOLID_ANGLE_UNIT ( ) );
#1186 = VERTEX_POINT ( 'NONE', #1362 ) ;
#1187 = LINE ( 'NONE', #4251, #647 ) ;
#1188 = DIRECTION ( 'NONE',  ( -1.000000000000000000, 0.000000000000000000, 0.000000000000000000 ) ) ;
#1189 = ORIENTED_EDGE ( 'NONE', *, *, #1405, .F. ) ;
#1190 = CARTESIAN_POINT ( 'NONE',  ( 2.310926942123234351, 0.7949999999999989297, -1.700000000000000178 ) ) ;
#1191 = CARTESIAN_POINT ( 'NONE',  ( -2.530926942123233658, 0.7949999999999989297, -0.4300000000000002709 ) ) ;
#1192 = LINE ( 'NONE', #894, #1416 ) ;
#1193 = CYLINDRICAL_SURFACE ( 'NONE', #1292, 0.2500000000000002220 ) ;
#1194 = CARTESIAN_POINT ( 'NONE',  ( -1.130415582602296354, 1.719999999999999751, -1.664089754143847300 ) ) ;
#1195 = EDGE_LOOP ( 'NONE', ( #2258, #375, #3203, #2163 ) ) ;
#1196 = ADVANCED_FACE ( 'NONE', ( #2736 ), #1381, .F. ) ;
#1197 = DIRECTION ( 'NONE',  ( 0.000000000000000000, 0.000000000000000000, 1.000000000000000000 ) ) ;
#1198 = DIRECTION ( 'NONE',  ( -0.000000000000000000, 1.000000000000000000, -0.000000000000000000 ) ) ;
#1199 = DIRECTION ( 'NONE',  ( 1.000000000000000000, 0.000000000000000000, -2.217182356821074443E-16 ) ) ;
#1201 = EDGE_CURVE ( 'NONE', #149, #1865, #2464, .T. ) ;
#1200 = EDGE_CURVE ( 'NONE', #3602, #2058, #1057, .T. ) ;
#1202 = ORIENTED_EDGE ( 'NONE', *, *, #1825, .F. ) ;
#1203 = DIRECTION ( 'NONE',  ( -0.000000000000000000, 0.000000000000000000, -1.000000000000000000 ) ) ;
#1204 = ORIENTED_EDGE ( 'NONE', *, *, #721, .F. ) ;
#1205 = ORIENTED_EDGE ( 'NONE', *, *, #3638, .T. ) ;
#1206 = ORIENTED_EDGE ( 'NONE', *, *, #453, .T. ) ;
#1207 = EDGE_LOOP ( 'NONE', ( #4106, #482, #2847, #2083 ) ) ;
#1208 = CARTESIAN_POINT ( 'NONE',  ( -2.984653575776294421, 4.814824860968089633E-32, 0.8399999999999998579 ) ) ;
#1209 = CYLINDRICAL_SURFACE ( 'NONE', #1555, 0.2500000000000002220 ) ;
#1210 = EDGE_CURVE ( 'NONE', #4315, #2605, #1040, .T. ) ;
#1211 = EDGE_LOOP ( 'NONE', ( #532, #3201, #2779, #3400 ) ) ;
#1212 = CARTESIAN_POINT ( 'NONE',  ( -2.590000000000001190, 0.02759686637614006469, -1.700000000000000178 ) ) ;
#1213 = DIRECTION ( 'NONE',  ( -1.000000000000000000, -0.000000000000000000, 8.673617379884026597E-16 ) ) ;
#1214 = VECTOR ( 'NONE', #3922, 1000.000000000000000 ) ;
#1215 = FACE_OUTER_BOUND ( 'NONE', #1722, .T. ) ;
#1216 = CIRCLE ( 'NONE', #656, 0.3118944375622300091 ) ;
#1217 = VECTOR ( 'NONE', #3060, 1000.000000000000000 ) ;
#1218 = CARTESIAN_POINT ( 'NONE',  ( -2.230926942123233836, 0.7949999999999989297, 0.8399999999999998579 ) ) ;
#1219 = ORIENTED_EDGE ( 'NONE', *, *, #4012, .F. ) ;
#1220 = ORIENTED_EDGE ( 'NONE', *, *, #1433, .T. ) ;
#1221 = ORIENTED_EDGE ( 'NONE', *, *, #1068, .T. ) ;
#1222 = VECTOR ( 'NONE', #2270, 1000.000000000000000 ) ;
#1223 = LINE ( 'NONE', #2026, #4304 ) ;
#1224 = CYLINDRICAL_SURFACE ( 'NONE', #3461, 0.08000000000000194456 ) ;
#1225 = CARTESIAN_POINT ( 'NONE',  ( 2.589999999999999414, 0.02759686637614006469, -1.700000000000000178 ) ) ;
#1226 = AXIS2_PLACEMENT_3D ( 'NONE', #1662, #3385, #2304 ) ;
#1227 = EDGE_LOOP ( 'NONE', ( #2560, #1333, #2505, #4198 ) ) ;
#1228 = EDGE_CURVE ( 'NONE', #2251, #2017, #2055, .T. ) ;
#1229 = CARTESIAN_POINT ( 'NONE',  ( 2.230926942123233392, 0.7949999999999989297, 2.109999999999999876 ) ) ;
#1230 = ADVANCED_FACE ( 'NONE', ( #1766 ), #711, .F. ) ;
#1231 = VECTOR ( 'NONE', #417, 1000.000000000000000 ) ;
#1232 = EDGE_CURVE ( 'NONE', #910, #3990, #4062, .T. ) ;
#1233 = ORIENTED_EDGE ( 'NONE', *, *, #4109, .F. ) ;
#1234 = SURFACE_STYLE_FILL_AREA ( #548 ) ;
#1235 = ORIENTED_EDGE ( 'NONE', *, *, #1201, .T. ) ;
#1236 = AXIS2_PLACEMENT_3D ( 'NONE', #1666, #1687, #3747 ) ;
#1237 = FACE_OUTER_BOUND ( 'NONE', #3296, .T. ) ;
#1238 = CARTESIAN_POINT ( 'NONE',  ( 1.700000000000001066, 1.719999999999999751, 2.194999999999996732 ) ) ;
#1239 = ORIENTED_EDGE ( 'NONE', *, *, #3964, .T. ) ;
#1240 = DIRECTION ( 'NONE',  ( 0.000000000000000000, 0.000000000000000000, 1.000000000000000000 ) ) ;
#1241 = CARTESIAN_POINT ( 'NONE',  ( 2.230926942123233392, 0.7949999999999989297, 2.109999999999999876 ) ) ;
#1242 = CARTESIAN_POINT ( 'NONE',  ( -1.950000000000001510, 0.8750000000000008882, -0.8400000000000000799 ) ) ;
#1243 = CARTESIAN_POINT ( 'NONE',  ( -1.950000000000001510, 0.8750000000000008882, -0.4300000000000002709 ) ) ;
#1244 = ORIENTED_EDGE ( 'NONE', *, *, #236, .T. ) ;
#1245 = ORIENTED_EDGE ( 'NONE', *, *, #313, .T. ) ;
#1246 = CARTESIAN_POINT ( 'NONE',  ( -2.610926942123235506, 0.3268660814540874093, 1.700000000000000178 ) ) ;
#1247 = DIRECTION ( 'NONE',  ( -1.000000000000000000, 0.000000000000000000, 0.000000000000000000 ) ) ;
#1248 = EDGE_LOOP ( 'NONE', ( #1167, #1438, #190, #2975 ) ) ;
#1249 = DIRECTION ( 'NONE',  ( 1.000000000000000000, 9.264034324649497259E-16, -0.000000000000000000 ) ) ;
#1250 = ORIENTED_EDGE ( 'NONE', *, *, #3237, .F. ) ;
#1251 = EDGE_LOOP ( 'NONE', ( #3952, #602, #134, #3369, #504, #3200, #2733, #3379, #147, #631, #846, #2537 ) ) ;
#1252 = EDGE_CURVE ( 'NONE', #3326, #2381, #4107, .T. ) ;
#1253 = ADVANCED_FACE ( 'NONE', ( #3089 ), #4042, .F. ) ;
#1254 = LINE ( 'NONE', #1593, #1146 ) ;
#1255 = DIRECTION ( 'NONE',  ( 7.718748257402128161E-16, 1.000000000000000000, -0.000000000000000000 ) ) ;
#1256 = VERTEX_POINT ( 'NONE', #2387 ) ;
#1257 = FACE_OUTER_BOUND ( 'NONE', #2572, .T. ) ;
#1258 = DIRECTION ( 'NONE',  ( -0.000000000000000000, -0.000000000000000000, -1.000000000000000000 ) ) ;
#1259 = ADVANCED_FACE ( 'NONE', ( #1724 ), #3072, .F. ) ;
#1260 = FACE_OUTER_BOUND ( 'NONE', #798, .T. ) ;
#1261 = LINE ( 'NONE', #1864, #1427 ) ;
#1262 = DIRECTION ( 'NONE',  ( -0.000000000000000000, -0.000000000000000000, -1.000000000000000000 ) ) ;
#1263 = EDGE_LOOP ( 'NONE', ( #2321, #837, #2141, #193 ) ) ;
#1264 = FACE_OUTER_BOUND ( 'NONE', #2629, .T. ) ;
#1265 = ADVANCED_FACE ( 'NONE', ( #3761 ), #2073, .F. ) ;
#1266 = DIRECTION ( 'NONE',  ( 1.000000000000000000, 0.000000000000000000, -1.445602896647339311E-15 ) ) ;
#1267 = ORIENTED_EDGE ( 'NONE', *, *, #2856, .F. ) ;
#1268 = DIRECTION ( 'NONE',  ( -0.9975640502598247528, 0.06975647374411921009, -0.000000000000000000 ) ) ;
#1269 = CIRCLE ( 'NONE', #1957, 0.2999999999999999334 ) ;
#1270 = VERTEX_POINT ( 'NONE', #2433 ) ;
#1271 = ORIENTED_EDGE ( 'NONE', *, *, #4212, .F. ) ;
#1272 = CARTESIAN_POINT ( 'NONE',  ( -2.530926942123234102, 0.3268660814540850779, 0.8399999999999998579 ) ) ;
#1273 = DIRECTION ( 'NONE',  ( 1.000000000000000000, 0.000000000000000000, -2.224004456380521903E-16 ) ) ;
#1274 = VERTEX_POINT ( 'NONE', #782 ) ;
#1275 = DIRECTION ( 'NONE',  ( -1.000000000000000000, 0.000000000000000000, 0.000000000000000000 ) ) ;
#1276 = CARTESIAN_POINT ( 'NONE',  ( 2.999999999999999556, 0.2194640910571611647, 0.8399999999999998579 ) ) ;
#1277 = EDGE_CURVE ( 'NONE', #2844, #412, #3445, .T. ) ;
#1278 = SPHERICAL_SURFACE ( 'NONE', #159, 0.2500000000000000000 ) ;
#1279 = CIRCLE ( 'NONE', #223, 0.3118944375622300091 ) ;
#1280 = STYLED_ITEM ( 'NONE', ( #3026 ), #682 ) ;
#1281 = EDGE_CURVE ( 'NONE', #4274, #3113, #3115, .T. ) ;
#1282 = EDGE_CURVE ( 'NONE', #3085, #172, #4130, .T. ) ;
#1283 = DIRECTION ( 'NONE',  ( 1.773745885456857385E-16, 0.000000000000000000, 1.000000000000000000 ) ) ;
#1284 = LINE ( 'NONE', #1304, #4120 ) ;
#1285 = AXIS2_PLACEMENT_3D ( 'NONE', #738, #1400, #3712 ) ;
#1286 = AXIS2_PLACEMENT_3D ( 'NONE', #1, #619, #638 ) ;
#1287 = FACE_OUTER_BOUND ( 'NONE', #3600, .T. ) ;
#1288 = DIRECTION ( 'NONE',  ( -2.217182356821073703E-16, 0.000000000000000000, -1.000000000000000000 ) ) ;
#1289 = ORIENTED_EDGE ( 'NONE', *, *, #479, .F. ) ;
#1290 = AXIS2_PLACEMENT_3D ( 'NONE', #3679, #1493, #2421 ) ;
#1291 = CARTESIAN_POINT ( 'NONE',  ( 2.605346424223705881, 0.2470609574333015312, -1.700000000000000178 ) ) ;
#1292 = AXIS2_PLACEMENT_3D ( 'NONE', #252, #2523, #1582 ) ;
#1293 = ORIENTED_EDGE ( 'NONE', *, *, #2798, .T. ) ;
#1294 = ORIENTED_EDGE ( 'NONE', *, *, #17, .F. ) ;
#1295 = VECTOR ( 'NONE', #2215, 1000.000000000000000 ) ;
#1296 = CYLINDRICAL_SURFACE ( 'NONE', #1286, 0.08000000000000194456 ) ;
#1297 = ORIENTED_EDGE ( 'NONE', *, *, #110, .F. ) ;
#1298 = AXIS2_PLACEMENT_3D ( 'NONE', #677, #1346, #3653 ) ;
#1299 = CARTESIAN_POINT ( 'NONE',  ( -2.610926942123235506, 0.3268660814540874093, 2.109999999999999876 ) ) ;
#1300 = DIRECTION ( 'NONE',  ( -0.000000000000000000, 0.000000000000000000, -1.000000000000000000 ) ) ;
#1301 = ORIENTED_EDGE ( 'NONE', *, *, #3854, .T. ) ;
#1302 = LINE ( 'NONE', #31, #585 ) ;
#1303 = DIRECTION ( 'NONE',  ( -2.224004456380523875E-16, 0.000000000000000000, -1.000000000000000000 ) ) ;
#1304 = CARTESIAN_POINT ( 'NONE',  ( -1.130415582602296354, 1.619999999999999662, -1.975984191706077198 ) ) ;
#1305 = ADVANCED_FACE ( 'NONE', ( #4152 ), #1857, .F. ) ;
#1306 = CARTESIAN_POINT ( 'NONE',  ( 2.230926942123232948, 0.7949999999999989297, -0.8400000000000000799 ) ) ;
#1307 = PLANE ( 'NONE',  #1298 ) ;
#1308 = ORIENTED_EDGE ( 'NONE', *, *, #1091, .T. ) ;
#1309 = PLANE ( 'NONE',  #4004 ) ;
#1310 = LINE ( 'NONE', #322, #1076 ) ;
#1311 = ORIENTED_EDGE ( 'NONE', *, *, #1611, .T. ) ;
#1312 = ORIENTED_EDGE ( 'NONE', *, *, #1351, .T. ) ;
#1313 = LINE ( 'NONE', #991, #1408 ) ;
#1314 = ORIENTED_EDGE ( 'NONE', *, *, #1013, .T. ) ;
#1315 = CARTESIAN_POINT ( 'NONE',  ( 2.999999999999999112, 0.2194640910571611647, -2.109999999999999876 ) ) ;
#1316 = DIRECTION ( 'NONE',  ( 1.000000000000000000, 0.000000000000000000, 0.000000000000000000 ) ) ;
#1317 = ORIENTED_EDGE ( 'NONE', *, *, #1029, .F. ) ;
#1318 = LINE ( 'NONE', #2349, #2892 ) ;
#1319 = CARTESIAN_POINT ( 'NONE',  ( -2.230926942123233392, 0.7949999999999989297, 2.109999999999999876 ) ) ;
#1320 = FACE_OUTER_BOUND ( 'NONE', #2072, .T. ) ;
#1321 = SPHERICAL_SURFACE ( 'NONE', #2783, 0.2500000000000000000 ) ;
#1322 = ADVANCED_FACE ( 'NONE', ( #888 ), #194, .F. ) ;
#1323 = CARTESIAN_POINT ( 'NONE',  ( -2.984653575776294421, 4.814824860968089633E-32, 0.8399999999999998579 ) ) ;
#1324 = CARTESIAN_POINT ( 'NONE',  ( 2.230926942123233392, 0.8750000000000009992, 2.109999999999999876 ) ) ;
#1325 = VERTEX_POINT ( 'NONE', #2475 ) ;
#1326 = CARTESIAN_POINT ( 'NONE',  ( 2.310926942123234795, 0.7949999999999989297, -0.8400000000000000799 ) ) ;
#1328 = EDGE_CURVE ( 'NONE', #1811, #2189, #3184, .T. ) ;
#1327 = ADVANCED_FACE ( 'NONE', ( #1142 ), #3204, .F. ) ;
#1329 = DIRECTION ( 'NONE',  ( 0.000000000000000000, 0.000000000000000000, 1.000000000000000000 ) ) ;
#1330 = ORIENTED_EDGE ( 'NONE', *, *, #3263, .T. ) ;
#1331 = ORIENTED_EDGE ( 'NONE', *, *, #1458, .T. ) ;
#1332 = DIRECTION ( 'NONE',  ( 2.701561890090745152E-15, 1.000000000000000000, -0.000000000000000000 ) ) ;
#1333 = ORIENTED_EDGE ( 'NONE', *, *, #1773, .F. ) ;
#1334 = DIRECTION ( 'NONE',  ( -1.000000000000000000, 0.000000000000000000, 0.000000000000000000 ) ) ;
#1335 = FILL_AREA_STYLE_COLOUR ( '', #439 ) ;
#1336 = VERTEX_POINT ( 'NONE', #2186 ) ;
#1337 = CARTESIAN_POINT ( 'NONE',  ( -3.000000000000000444, 0.2194640910571590831, 0.8399999999999998579 ) ) ;
#1338 = DIRECTION ( 'NONE',  ( 0.000000000000000000, 0.000000000000000000, 1.000000000000000000 ) ) ;
#1339 = EDGE_CURVE ( 'NONE', #4165, #2889, #217, .T. ) ;
#1340 = ORIENTED_EDGE ( 'NONE', *, *, #4317, .T. ) ;
#1341 = CARTESIAN_POINT ( 'NONE',  ( -1.699999999999999067, 0.5000000000000005551, 2.195000000000001172 ) ) ;
#1342 = CARTESIAN_POINT ( 'NONE',  ( 2.530926942123235435, 0.3268660814540850224, -1.700000000000000178 ) ) ;
#1343 = AXIS2_PLACEMENT_3D ( 'NONE', #2709, #723, #2041 ) ;
#1344 = DIRECTION ( 'NONE',  ( 1.000000000000000000, -7.718748257402128161E-16, -0.000000000000000000 ) ) ;
#1345 = VECTOR ( 'NONE', #1748, 1000.000000000000000 ) ;
#1346 = DIRECTION ( 'NONE',  ( 1.000000000000000000, 9.264034324649497259E-16, -0.000000000000000000 ) ) ;
#1347 = VECTOR ( 'NONE', #1995, 1000.000000000000000 ) ;
#1348 = CARTESIAN_POINT ( 'NONE',  ( 1.700000000000001066, 1.469999999999999751, 2.194999999999996287 ) ) ;
#1349 = DIRECTION ( 'NONE',  ( -0.000000000000000000, -0.000000000000000000, -1.000000000000000000 ) ) ;
#1350 = VERTEX_POINT ( 'NONE', #2230 ) ;
#1351 = EDGE_CURVE ( 'NONE', #817, #3890, #859, .T. ) ;
#1352 = AXIS2_PLACEMENT_3D ( 'NONE', #2991, #11, #2644 ) ;
#1353 = EDGE_LOOP ( 'NONE', ( #1179, #4348, #3900, #985 ) ) ;
#1354 = EDGE_CURVE ( 'NONE', #3374, #1083, #4298, .T. ) ;
#1355 = DIRECTION ( 'NONE',  ( -1.000000000000000000, 0.000000000000000000, 0.000000000000000000 ) ) ;
#1356 = AXIS2_PLACEMENT_3D ( 'NONE', #2352, #3764, #3490 ) ;
#1357 = ORIENTED_EDGE ( 'NONE', *, *, #756, .F. ) ;
#1358 = CARTESIAN_POINT ( 'NONE',  ( 2.589999999999999858, 0.02759686637614006469, -0.4300000000000002709 ) ) ;
#1359 =( NAMED_UNIT ( * ) PLANE_ANGLE_UNIT ( ) SI_UNIT ( $, .RADIAN. ) );
#1360 = EDGE_LOOP ( 'NONE', ( #1537, #4196, #3725, #1499 ) ) ;
#1361 = AXIS2_PLACEMENT_3D ( 'NONE', #155, #2964, #3 ) ;
#1362 = CARTESIAN_POINT ( 'NONE',  ( -3.000000000000000888, 0.2194640910571590831, -1.700000000000000178 ) ) ;
#1363 = DIRECTION ( 'NONE',  ( -1.000000000000000000, 0.000000000000000000, 0.000000000000000000 ) ) ;
#1364 = AXIS2_PLACEMENT_3D ( 'NONE', #3058, #1994, #3013 ) ;
#1365 = ORIENTED_EDGE ( 'NONE', *, *, #102, .T. ) ;
#1366 =( LENGTH_UNIT ( ) NAMED_UNIT ( * ) SI_UNIT ( .MILLI., .METRE. ) );
#1367 = DIRECTION ( 'NONE',  ( -0.000000000000000000, -0.000000000000000000, -1.000000000000000000 ) ) ;
#1368 = DIRECTION ( 'NONE',  ( -0.000000000000000000, -0.000000000000000000, -1.000000000000000000 ) ) ;
#1369 = LINE ( 'NONE', #4343, #1920 ) ;
#1370 = CARTESIAN_POINT ( 'NONE',  ( -2.610926942123235950, 0.3268660814540874093, 0.4300000000000000488 ) ) ;
#1371 = CARTESIAN_POINT ( 'NONE',  ( 1.949999999999999956, 0.5000000000000005551, -2.445000000000001172 ) ) ;
#1372 = ORIENTED_EDGE ( 'NONE', *, *, #750, .F. ) ;
#1373 = ORIENTED_EDGE ( 'NONE', *, *, #2011, .T. ) ;
#1374 = LINE ( 'NONE', #1417, #3726 ) ;
#1375 = ORIENTED_EDGE ( 'NONE', *, *, #1801, .T. ) ;
#1376 = EDGE_CURVE ( 'NONE', #3775, #2605, #570, .T. ) ;
#1377 = DIRECTION ( 'NONE',  ( -1.000000000000000000, 0.000000000000000000, 0.000000000000000000 ) ) ;
#1378 = EDGE_CURVE ( 'NONE', #643, #891, #1899, .T. ) ;
#1379 = DIRECTION ( 'NONE',  ( -1.000000000000000000, 2.315624477220638251E-15, -0.000000000000000000 ) ) ;
#1380 = ORIENTED_EDGE ( 'NONE', *, *, #2798, .F. ) ;
#1381 = PLANE ( 'NONE',  #2468 ) ;
#1382 = LINE ( 'NONE', #3780, #22 ) ;
#1383 = EDGE_CURVE ( 'NONE', #927, #2473, #3531, .T. ) ;
#1384 = ORIENTED_EDGE ( 'NONE', *, *, #3206, .T. ) ;
#1385 = DIRECTION ( 'NONE',  ( -0.000000000000000000, -0.000000000000000000, -1.000000000000000000 ) ) ;
#1386 = FACE_OUTER_BOUND ( 'NONE', #3914, .T. ) ;
#1387 = CIRCLE ( 'NONE', #409, 0.07999999999999977962 ) ;
#1388 = VECTOR ( 'NONE', #2236, 1000.000000000000000 ) ;
#1389 = LINE ( 'NONE', #676, #377 ) ;
#1390 = CARTESIAN_POINT ( 'NONE',  ( 3.000000000000000000, 0.2194640910571611647, 1.700000000000000178 ) ) ;
#1391 = FILL_AREA_STYLE_COLOUR ( '', #2532 ) ;
#1392 = EDGE_CURVE ( 'NONE', #3419, #285, #3036, .T. ) ;
#1393 = DIRECTION ( 'NONE',  ( -0.000000000000000000, 0.000000000000000000, -1.000000000000000000 ) ) ;
#1394 = ORIENTED_EDGE ( 'NONE', *, *, #3733, .F. ) ;
#1395 = ORIENTED_EDGE ( 'NONE', *, *, #432, .F. ) ;
#1396 = CARTESIAN_POINT ( 'NONE',  ( 2.605346424223706769, 0.2470609574333015312, 2.109999999999999876 ) ) ;
#1397 = ORIENTED_EDGE ( 'NONE', *, *, #4180, .T. ) ;
#1398 = DIRECTION ( 'NONE',  ( -0.9975640502598247528, -0.06975647374411823864, 0.000000000000000000 ) ) ;
#1399 = EDGE_LOOP ( 'NONE', ( #2003, #1606, #1756, #261, #4308, #1056, #549, #1567, #3946, #1220, #815, #3111 ) ) ;
#1400 = DIRECTION ( 'NONE',  ( -1.000000000000000000, 0.000000000000000000, 1.734723475976808672E-15 ) ) ;
#1401 = DIRECTION ( 'NONE',  ( 0.9975640502598247528, -0.06975647374411921009, 0.000000000000000000 ) ) ;
#1402 = ORIENTED_EDGE ( 'NONE', *, *, #4010, .F. ) ;
#1403 = CARTESIAN_POINT ( 'NONE',  ( 1.700000000000000622, 0.5000000000000005551, -3.769210006595826627E-16 ) ) ;
#1404 = PLANE ( 'NONE',  #3562 ) ;
#1405 = EDGE_CURVE ( 'NONE', #3108, #2197, #485, .T. ) ;
#1406 = DIRECTION ( 'NONE',  ( -0.000000000000000000, -0.000000000000000000, -1.000000000000000000 ) ) ;
#1407 = EDGE_CURVE ( 'NONE', #488, #1419, #4199, .T. ) ;
#1408 = VECTOR ( 'NONE', #1652, 1000.000000000000227 ) ;
#1409 = VECTOR ( 'NONE', #267, 1000.000000000000000 ) ;
#1410 = DIRECTION ( 'NONE',  ( 0.000000000000000000, 1.000000000000000000, 0.000000000000000000 ) ) ;
#1411 = CIRCLE ( 'NONE', #4299, 0.2500000000000000000 ) ;
#1412 = DIRECTION ( 'NONE',  ( 0.000000000000000000, -1.000000000000000000, 0.000000000000000000 ) ) ;
#1413 = EDGE_LOOP ( 'NONE', ( #3685, #1050, #2639, #4267 ) ) ;
#1414 = VERTEX_POINT ( 'NONE', #3891 ) ;
#1415 = AXIS2_PLACEMENT_3D ( 'NONE', #1679, #3338, #1889 ) ;
#1416 = VECTOR ( 'NONE', #2217, 1000.000000000000000 ) ;
#1417 = CARTESIAN_POINT ( 'NONE',  ( -2.605346424223706325, 0.2470609574332993108, 2.109999999999999876 ) ) ;
#1418 = VECTOR ( 'NONE', #3170, 1000.000000000000000 ) ;
#1419 = VERTEX_POINT ( 'NONE', #2803 ) ;
#1420 = DIRECTION ( 'NONE',  ( 1.000000000000000000, 0.000000000000000000, 0.000000000000000000 ) ) ;
#1421 = CARTESIAN_POINT ( 'NONE',  ( -1.950000000000001732, 1.094999999999999307, -1.700000000000000178 ) ) ;
#1422 = ORIENTED_EDGE ( 'NONE', *, *, #4344, .F. ) ;
#1423 = AXIS2_PLACEMENT_3D ( 'NONE', #1913, #521, #2929 ) ;
#1424 = DIRECTION ( 'NONE',  ( 9.264034324649497259E-16, -1.000000000000000000, 0.000000000000000000 ) ) ;
#1425 = DIRECTION ( 'NONE',  ( -0.000000000000000000, -0.000000000000000000, -1.000000000000000000 ) ) ;
#1426 = EDGE_LOOP ( 'NONE', ( #4064, #4218, #4221, #3370 ) ) ;
#1427 = VECTOR ( 'NONE', #516, 1000.000000000000000 ) ;
#1428 = LINE ( 'NONE', #1770, #2336 ) ;
#1429 = LINE ( 'NONE', #2097, #2860 ) ;
#1430 = CARTESIAN_POINT ( 'NONE',  ( 2.310926942123235683, 0.3268660814540851889, 2.109999999999999876 ) ) ;
#1431 = DIRECTION ( 'NONE',  ( -0.000000000000000000, -0.000000000000000000, -1.000000000000000000 ) ) ;
#1432 = FACE_OUTER_BOUND ( 'NONE', #1887, .T. ) ;
#1433 = EDGE_CURVE ( 'NONE', #2998, #488, #3303, .T. ) ;
#1434 =( GEOMETRIC_REPRESENTATION_CONTEXT ( 3 ) GLOBAL_UNCERTAINTY_ASSIGNED_CONTEXT ( ( #1653 ) ) GLOBAL_UNIT_ASSIGNED_CONTEXT ( ( #101, #2840, #538 ) ) REPRESENTATION_CONTEXT ( 'NONE', 'WORKASPACE' ) );
#1435 = EDGE_CURVE ( 'NONE', #1865, #4274, #722, .T. ) ;
#1436 = CARTESIAN_POINT ( 'NONE',  ( -4.881689781755246566E-16, 0.5000000000000005551, -2.195000000000000284 ) ) ;
#1437 = DIRECTION ( 'NONE',  ( -6.484824027254647687E-15, 1.000000000000000000, -0.000000000000000000 ) ) ;
#1438 = ORIENTED_EDGE ( 'NONE', *, *, #1200, .F. ) ;
#1439 = DIRECTION ( 'NONE',  ( -1.000000000000000000, 0.000000000000000000, 0.000000000000000000 ) ) ;
#1440 = EDGE_LOOP ( 'NONE', ( #1267, #3110, #62, #2894 ) ) ;
#1441 = DIRECTION ( 'NONE',  ( -0.000000000000000000, -1.000000000000000000, -0.000000000000000000 ) ) ;
#1442 = ORIENTED_EDGE ( 'NONE', *, *, #3827, .T. ) ;
#1443 = DIRECTION ( 'NONE',  ( -0.000000000000000000, -0.000000000000000000, -1.000000000000000000 ) ) ;
#1444 = CARTESIAN_POINT ( 'NONE',  ( -2.230926942123233836, 0.7949999999999989297, -0.8400000000000000799 ) ) ;
#1445 = EDGE_CURVE ( 'NONE', #3709, #4061, #928, .T. ) ;
#1446 = ORIENTED_EDGE ( 'NONE', *, *, #2039, .T. ) ;
#1447 = DIRECTION ( 'NONE',  ( -1.000000000000000000, 0.000000000000000000, 0.000000000000000000 ) ) ;
#1448 = CARTESIAN_POINT ( 'NONE',  ( 1.950000000000000622, 0.8750000000000018874, -0.4300000000000002709 ) ) ;
#1449 = EDGE_CURVE ( 'NONE', #1325, #2479, #1187, .T. ) ;
#1450 = FACE_OUTER_BOUND ( 'NONE', #663, .T. ) ;
#1451 = LINE ( 'NONE', #3144, #3046 ) ;
#1452 = DIRECTION ( 'NONE',  ( -1.000000000000000000, 9.264034324649497259E-16, 0.000000000000000000 ) ) ;
#1453 = ADVANCED_FACE ( 'NONE', ( #1237 ), #2570, .F. ) ;
#1454 = DIRECTION ( 'NONE',  ( 0.000000000000000000, 0.000000000000000000, -1.000000000000000000 ) ) ;
#1455 = VERTEX_POINT ( 'NONE', #2609 ) ;
#1456 = EDGE_CURVE ( 'NONE', #2776, #2251, #2042, .T. ) ;
#1457 = CARTESIAN_POINT ( 'NONE',  ( 1.699999999999999956, 1.469999999999999751, -2.195000000000000728 ) ) ;
#1458 = EDGE_CURVE ( 'NONE', #285, #2490, #2960, .T. ) ;
#1459 = VERTEX_POINT ( 'NONE', #972 ) ;
#1460 = ORIENTED_EDGE ( 'NONE', *, *, #4241, .T. ) ;
#1461 = DIRECTION ( 'NONE',  ( 0.000000000000000000, 0.000000000000000000, 1.000000000000000000 ) ) ;
#1462 = CARTESIAN_POINT ( 'NONE',  ( 2.310926942123234795, 0.7949999999999989297, -0.8400000000000000799 ) ) ;
#1463 = ORIENTED_EDGE ( 'NONE', *, *, #3809, .F. ) ;
#1464 = LINE ( 'NONE', #3094, #4250 ) ;
#1465 = LINE ( 'NONE', #156, #4340 ) ;
#1466 = DIRECTION ( 'NONE',  ( 0.9975640502598247528, 0.06975647374411832191, -0.000000000000000000 ) ) ;
#1467 = CYLINDRICAL_SURFACE ( 'NONE', #3525, 0.08000000000000194456 ) ;
#1468 =( LENGTH_UNIT ( ) NAMED_UNIT ( * ) SI_UNIT ( .MILLI., .METRE. ) );
#1469 =( LENGTH_UNIT ( ) NAMED_UNIT ( * ) SI_UNIT ( .MILLI., .METRE. ) );
#1470 = ADVANCED_FACE ( 'NONE', ( #3625 ), #952, .F. ) ;
#1471 = VECTOR ( 'NONE', #2382, 1000.000000000000000 ) ;
#1472 = DIRECTION ( 'NONE',  ( -0.06975647374411858559, 0.9975640502598246417, 0.000000000000000000 ) ) ;
#1473 = ORIENTED_EDGE ( 'NONE', *, *, #392, .F. ) ;
#1474 = AXIS2_PLACEMENT_3D ( 'NONE', #3948, #615, #1568 ) ;
#1475 = DIRECTION ( 'NONE',  ( 0.000000000000000000, 1.000000000000000000, 0.000000000000000000 ) ) ;
#1476 =( GEOMETRIC_REPRESENTATION_CONTEXT ( 3 ) GLOBAL_UNCERTAINTY_ASSIGNED_CONTEXT ( ( #3604 ) ) GLOBAL_UNIT_ASSIGNED_CONTEXT ( ( #2158, #1786, #1185 ) ) REPRESENTATION_CONTEXT ( 'NONE', 'WORKASPACE' ) );
#1477 = EDGE_CURVE ( 'NONE', #2839, #2047, #2255, .T. ) ;
#1478 = VERTEX_POINT ( 'NONE', #4330 ) ;
#1479 = AXIS2_PLACEMENT_3D ( 'NONE', #2861, #1197, #2814 ) ;
#1480 = AXIS2_PLACEMENT_3D ( 'NONE', #3648, #1659, #3936 ) ;
#1481 = EDGE_LOOP ( 'NONE', ( #2167, #3354, #324, #1293 ) ) ;
#1482 = EDGE_CURVE ( 'NONE', #855, #4054, #1313, .T. ) ;
#1483 = DIRECTION ( 'NONE',  ( -1.000000000000000000, 0.000000000000000000, 0.000000000000000000 ) ) ;
#1484 = UNCERTAINTY_MEASURE_WITH_UNIT (LENGTH_MEASURE( 1.000000000000000082E-05 ), #3732, 'distance_accuracy_value', 'NONE');
#1485 = DIRECTION ( 'NONE',  ( -0.000000000000000000, -0.000000000000000000, -1.000000000000000000 ) ) ;
#1486 = AXIS2_PLACEMENT_3D ( 'NONE', #889, #1485, #2851 ) ;
#1487 = AXIS2_PLACEMENT_3D ( 'NONE', #2407, #109, #1355 ) ;
#1488 = ORIENTED_EDGE ( 'NONE', *, *, #487, .T. ) ;
#1489 = LINE ( 'NONE', #490, #1871 ) ;
#1490 = CIRCLE ( 'NONE', #1152, 0.2500000000000000000 ) ;
#1491 = CARTESIAN_POINT ( 'NONE',  ( -2.984653575776294421, 4.814824860968089633E-32, -0.4300000000000002709 ) ) ;
#1492 = VECTOR ( 'NONE', #3898, 1000.000000000000000 ) ;
#1493 = DIRECTION ( 'NONE',  ( 0.000000000000000000, 0.000000000000000000, 1.000000000000000000 ) ) ;
#1494 = ORIENTED_EDGE ( 'NONE', *, *, #3395, .T. ) ;
#1495 = AXIS2_PLACEMENT_3D ( 'NONE', #306, #2319, #993 ) ;
#1496 = VECTOR ( 'NONE', #2459, 1000.000000000000000 ) ;
#1497 = DIRECTION ( 'NONE',  ( 0.000000000000000000, 0.000000000000000000, 1.000000000000000000 ) ) ;
#1498 = LINE ( 'NONE', #3171, #385 ) ;
#1499 = ORIENTED_EDGE ( 'NONE', *, *, #1825, .T. ) ;
#1500 = CARTESIAN_POINT ( 'NONE',  ( -2.230926942123233392, 0.7949999999999989297, 1.700000000000000178 ) ) ;
#1501 = VERTEX_POINT ( 'NONE', #2999 ) ;
#1502 = EDGE_LOOP ( 'NONE', ( #3352, #3753, #3763, #1681 ) ) ;
#1503 = DIRECTION ( 'NONE',  ( -1.000000000000000000, 0.000000000000000000, 0.000000000000000000 ) ) ;
#1504 = ORIENTED_EDGE ( 'NONE', *, *, #3011, .T. ) ;
#1505 = DIRECTION ( 'NONE',  ( 1.000000000000000000, 0.000000000000000000, 0.000000000000000000 ) ) ;
#1506 = CARTESIAN_POINT ( 'NONE',  ( -1.950000000000001066, 1.094999999999999307, 2.109999999999999876 ) ) ;
#1507 = ADVANCED_FACE ( 'NONE', ( #3290 ), #1296, .F. ) ;
#1508 = EDGE_LOOP ( 'NONE', ( #2680, #3000, #3270, #623 ) ) ;
#1509 = CARTESIAN_POINT ( 'NONE',  ( -1.950000000000001066, 1.094999999999999307, 1.700000000000000178 ) ) ;
#1510 = DIRECTION ( 'NONE',  ( -9.264034324649497259E-16, -1.000000000000000000, 0.000000000000000000 ) ) ;
#1511 = DIRECTION ( 'NONE',  ( 0.9975640502598247528, 0.06975647374411823864, 0.000000000000000000 ) ) ;
#1512 = CARTESIAN_POINT ( 'NONE',  ( 1.700000000000001510, 1.469999999999999751, 2.444999999999996732 ) ) ;
#1513 = EDGE_CURVE ( 'NONE', #3709, #1545, #2315, .T. ) ;
#1514 = ORIENTED_EDGE ( 'NONE', *, *, #932, .F. ) ;
#1515 = ORIENTED_EDGE ( 'NONE', *, *, #4240, .F. ) ;
#1516 = PLANE ( 'NONE',  #3875 ) ;
#1517 = LINE ( 'NONE', #2862, #520 ) ;
#1518 = DIRECTION ( 'NONE',  ( -0.000000000000000000, 0.000000000000000000, -1.000000000000000000 ) ) ;
#1519 = EDGE_CURVE ( 'NONE', #2519, #54, #1129, .T. ) ;
#1520 = AXIS2_PLACEMENT_3D ( 'NONE', #4134, #74, #1106 ) ;
#1521 = ORIENTED_EDGE ( 'NONE', *, *, #1990, .T. ) ;
#1522 = DIRECTION ( 'NONE',  ( -0.000000000000000000, -0.000000000000000000, -1.000000000000000000 ) ) ;
#1523 = AXIS2_PLACEMENT_3D ( 'NONE', #1578, #2320, #1316 ) ;
#1524 = ORIENTED_EDGE ( 'NONE', *, *, #478, .F. ) ;
#1525 = VERTEX_POINT ( 'NONE', #2938 ) ;
#1526 = CYLINDRICAL_SURFACE ( 'NONE', #1618, 0.2999999999999999334 ) ;
#1527 = VERTEX_POINT ( 'NONE', #3972 ) ;
#1528 = CARTESIAN_POINT ( 'NONE',  ( 2.589999999999999414, 0.02759686637614006469, -1.700000000000000178 ) ) ;
#1529 = DIRECTION ( 'NONE',  ( -0.000000000000000000, -0.000000000000000000, -1.000000000000000000 ) ) ;
#1530 = ORIENTED_EDGE ( 'NONE', *, *, #4292, .F. ) ;
#1531 = DIRECTION ( 'NONE',  ( -0.000000000000000000, 1.000000000000000000, -0.000000000000000000 ) ) ;
#1532 = DIRECTION ( 'NONE',  ( -0.000000000000000000, -0.000000000000000000, -1.000000000000000000 ) ) ;
#1533 = CARTESIAN_POINT ( 'NONE',  ( -1.950000000000001732, 1.094999999999999307, -2.109999999999999876 ) ) ;
#1534 = EDGE_CURVE ( 'NONE', #3274, #4147, #684, .T. ) ;
#1535 = CARTESIAN_POINT ( 'NONE',  ( -2.310926942123235683, 0.3268660814540851889, 2.109999999999999876 ) ) ;
#1536 = ORIENTED_EDGE ( 'NONE', *, *, #2095, .F. ) ;
#1537 = ORIENTED_EDGE ( 'NONE', *, *, #2239, .T. ) ;
#1538 = EDGE_CURVE ( 'NONE', #2473, #3921, #4271, .T. ) ;
#1539 = DIRECTION ( 'NONE',  ( -1.000000000000000000, -2.315624477220642195E-15, 0.000000000000000000 ) ) ;
#1540 = CARTESIAN_POINT ( 'NONE',  ( -2.230926942123233836, 0.8750000000000011102, -0.4300000000000002709 ) ) ;
#1541 = DIRECTION ( 'NONE',  ( 2.315624477220642195E-15, -1.000000000000000000, 0.000000000000000000 ) ) ;
#1542 = ORIENTED_EDGE ( 'NONE', *, *, #4044, .F. ) ;
#1543 = DIRECTION ( 'NONE',  ( 0.000000000000000000, 1.000000000000000000, 0.000000000000000000 ) ) ;
#1544 = ORIENTED_EDGE ( 'NONE', *, *, #1990, .F. ) ;
#1545 = VERTEX_POINT ( 'NONE', #1938 ) ;
#1546 = ORIENTED_EDGE ( 'NONE', *, *, #103, .T. ) ;
#1547 = CIRCLE ( 'NONE', #3872, 0.2999999999999999334 ) ;
#1548 = AXIS2_PLACEMENT_3D ( 'NONE', #930, #307, #2984 ) ;
#1549 = DIRECTION ( 'NONE',  ( -0.000000000000000000, -0.000000000000000000, -1.000000000000000000 ) ) ;
#1550 = CARTESIAN_POINT ( 'NONE',  ( -2.310926942123235683, 0.7949999999999989297, 0.4300000000000000488 ) ) ;
#1551 = AXIS2_PLACEMENT_3D ( 'NONE', #1436, #3874, #2462 ) ;
#1552 = VERTEX_POINT ( 'NONE', #661 ) ;
#1553 = LINE ( 'NONE', #1577, #4029 ) ;
#1554 = LINE ( 'NONE', #2122, #698 ) ;
#1555 = AXIS2_PLACEMENT_3D ( 'NONE', #551, #3252, #4289 ) ;
#1556 = CYLINDRICAL_SURFACE ( 'NONE', #4306, 0.3118944375622300091 ) ;
#1557 = VECTOR ( 'NONE', #378, 1000.000000000000000 ) ;
#1558 = AXIS2_PLACEMENT_3D ( 'NONE', #1246, #273, #3617 ) ;
#1559 = PLANE ( 'NONE',  #3322 ) ;
#1560 = EDGE_LOOP ( 'NONE', ( #3623, #1607, #391, #4309 ) ) ;
#1561 = VECTOR ( 'NONE', #1992, 1000.000000000000227 ) ;
#1562 = DIRECTION ( 'NONE',  ( 0.000000000000000000, 0.000000000000000000, 1.000000000000000000 ) ) ;
#1563 = EDGE_CURVE ( 'NONE', #3152, #2443, #1254, .T. ) ;
#1564 = EDGE_CURVE ( 'NONE', #2075, #1274, #3662, .T. ) ;
#1565 = CARTESIAN_POINT ( 'NONE',  ( 2.530926942123233214, 0.7949999999999989297, 1.700000000000000178 ) ) ;
#1566 = LINE ( 'NONE', #1225, #2631 ) ;
#1567 = ORIENTED_EDGE ( 'NONE', *, *, #1354, .T. ) ;
#1568 = DIRECTION ( 'NONE',  ( -9.264034324649497259E-16, -1.000000000000000000, 0.000000000000000000 ) ) ;
#1569 = AXIS2_PLACEMENT_3D ( 'NONE', #3535, #2873, #3577 ) ;
#1570 = EDGE_CURVE ( 'NONE', #441, #1072, #925, .T. ) ;
#1571 = VERTEX_POINT ( 'NONE', #1953 ) ;
#1572 = VERTEX_POINT ( 'NONE', #263 ) ;
#1573 = DIRECTION ( 'NONE',  ( -6.484824027254647687E-15, 1.000000000000000000, -0.000000000000000000 ) ) ;
#1574 = UNCERTAINTY_MEASURE_WITH_UNIT (LENGTH_MEASURE( 1.000000000000000082E-05 ), #1469, 'distance_accuracy_value', 'NONE');
#1575 = CARTESIAN_POINT ( 'NONE',  ( -1.950000000000001510, 0.8750000000000008882, -0.4300000000000002709 ) ) ;
#1576 = ORIENTED_EDGE ( 'NONE', *, *, #810, .F. ) ;
#1577 = CARTESIAN_POINT ( 'NONE',  ( -2.530926942123233658, 0.7949999999999989297, 0.8399999999999998579 ) ) ;
#1578 = CARTESIAN_POINT ( 'NONE',  ( -1.699999999999999956, 1.469999999999999751, -2.194999999999999840 ) ) ;
#1579 = ORIENTED_EDGE ( 'NONE', *, *, #1513, .T. ) ;
#1580 = PLANE ( 'NONE',  #3517 ) ;
#1581 = EDGE_CURVE ( 'NONE', #3330, #1455, #3641, .T. ) ;
#1582 = DIRECTION ( 'NONE',  ( 1.445602896647337339E-15, 0.000000000000000000, 1.000000000000000000 ) ) ;
#1583 = DIRECTION ( 'NONE',  ( 1.000000000000000000, 0.000000000000000000, 0.000000000000000000 ) ) ;
#1584 = DIRECTION ( 'NONE',  ( -0.9975640502598247528, -0.06975647374411823864, 0.000000000000000000 ) ) ;
#1585 = CARTESIAN_POINT ( 'NONE',  ( 2.605346424223705881, 0.2470609574333018088, -1.700000000000000178 ) ) ;
#1586 = EDGE_LOOP ( 'NONE', ( #1655, #3548, #1514, #3207 ) ) ;
#1587 = FACE_OUTER_BOUND ( 'NONE', #3569, .T. ) ;
#1588 = ORIENTED_EDGE ( 'NONE', *, *, #4212, .T. ) ;
#1589 = CIRCLE ( 'NONE', #1108, 0.2999999999999999334 ) ;
#1590 = ADVANCED_FACE ( 'NONE', ( #3308 ), #303, .F. ) ;
#1591 = ORIENTED_EDGE ( 'NONE', *, *, #3139, .T. ) ;
#1592 = ADVANCED_FACE ( 'NONE', ( #2444 ), #1696, .F. ) ;
#1593 = CARTESIAN_POINT ( 'NONE',  ( 2.999999999999999556, 0.2194640910571611647, -0.8400000000000000799 ) ) ;
#1594 = CARTESIAN_POINT ( 'NONE',  ( -2.310926942123236127, 0.3268660814540851889, -0.4300000000000002709 ) ) ;
#1595 = ORIENTED_EDGE ( 'NONE', *, *, #1378, .T. ) ;
#1596 = DIRECTION ( 'NONE',  ( -1.000000000000000000, 0.000000000000000000, 0.000000000000000000 ) ) ;
#1597 = DIRECTION ( 'NONE',  ( 0.000000000000000000, 0.000000000000000000, 1.000000000000000000 ) ) ;
#1598 = DIRECTION ( 'NONE',  ( 0.000000000000000000, 1.000000000000000000, 0.000000000000000000 ) ) ;
#1599 = ADVANCED_FACE ( 'NONE', ( #3084 ), #2084, .T. ) ;
#1600 = FACE_OUTER_BOUND ( 'NONE', #2890, .T. ) ;
#1601 = LINE ( 'NONE', #3076, #2362 ) ;
#1602 = DIRECTION ( 'NONE',  ( -0.9975640502598247528, 0.06975647374411832191, 0.000000000000000000 ) ) ;
#1603 = CARTESIAN_POINT ( 'NONE',  ( 2.230926942123232948, 0.7949999999999989297, -0.4300000000000002709 ) ) ;
#1604 = ORIENTED_EDGE ( 'NONE', *, *, #887, .F. ) ;
#1605 = LINE ( 'NONE', #1949, #3589 ) ;
#1606 = ORIENTED_EDGE ( 'NONE', *, *, #2178, .T. ) ;
#1607 = ORIENTED_EDGE ( 'NONE', *, *, #847, .F. ) ;
#1608 = DIRECTION ( 'NONE',  ( 0.000000000000000000, -1.000000000000000000, 0.000000000000000000 ) ) ;
#1609 = ADVANCED_FACE ( 'NONE', ( #2048 ), #3047, .T. ) ;
#1610 = ORIENTED_EDGE ( 'NONE', *, *, #3395, .F. ) ;
#1611 = EDGE_CURVE ( 'NONE', #3767, #2225, #3756, .T. ) ;
#1612 = AXIS2_PLACEMENT_3D ( 'NONE', #395, #1115, #3109 ) ;
#1613 = DIRECTION ( 'NONE',  ( -0.000000000000000000, -0.000000000000000000, -1.000000000000000000 ) ) ;
#1614 = PLANE ( 'NONE',  #2297 ) ;
#1615 = ORIENTED_EDGE ( 'NONE', *, *, #3792, .F. ) ;
#1616 = DIRECTION ( 'NONE',  ( -0.000000000000000000, -0.000000000000000000, -1.000000000000000000 ) ) ;
#1617 = VECTOR ( 'NONE', #3985, 1000.000000000000000 ) ;
#1618 = AXIS2_PLACEMENT_3D ( 'NONE', #2824, #2848, #4197 ) ;
#1619 = CARTESIAN_POINT ( 'NONE',  ( 2.230926942123232504, 0.8750000000000009992, -1.700000000000000178 ) ) ;
#1620 = CARTESIAN_POINT ( 'NONE',  ( 2.530926942123232770, 0.7949999999999989297, 0.8399999999999998579 ) ) ;
#1621 =( GEOMETRIC_REPRESENTATION_CONTEXT ( 3 ) GLOBAL_UNCERTAINTY_ASSIGNED_CONTEXT ( ( #1574 ) ) GLOBAL_UNIT_ASSIGNED_CONTEXT ( ( #1469, #3811, #457 ) ) REPRESENTATION_CONTEXT ( 'NONE', 'WORKASPACE' ) );
#1622 = VECTOR ( 'NONE', #1794, 999.9999999999998863 ) ;
#1623 = VECTOR ( 'NONE', #2232, 999.9999999999998863 ) ;
#1624 = LINE ( 'NONE', #2332, #662 ) ;
#1625 = DIRECTION ( 'NONE',  ( -0.000000000000000000, -0.000000000000000000, -1.000000000000000000 ) ) ;
#1626 = ORIENTED_EDGE ( 'NONE', *, *, #1156, .T. ) ;
#1627 = AXIS2_PLACEMENT_3D ( 'NONE', #536, #3215, #1842 ) ;
#1628 = DIRECTION ( 'NONE',  ( 0.000000000000000000, 0.000000000000000000, 1.000000000000000000 ) ) ;
#1629 = EDGE_CURVE ( 'NONE', #3709, #1141, #3371, .T. ) ;
#1630 = VECTOR ( 'NONE', #1642, 1000.000000000000000 ) ;
#1631 = ORIENTED_EDGE ( 'NONE', *, *, #1822, .T. ) ;
#1632 = ORIENTED_EDGE ( 'NONE', *, *, #2685, .T. ) ;
#1633 = PRESENTATION_LAYER_ASSIGNMENT (  '', '', ( #4170 ) ) ;
#1634 = CARTESIAN_POINT ( 'NONE',  ( 3.000000000000000000, 0.2194640910571611647, 2.109999999999999876 ) ) ;
#1635 = ORIENTED_EDGE ( 'NONE', *, *, #2286, .T. ) ;
#1636 = DIRECTION ( 'NONE',  ( 1.000000000000000000, 0.000000000000000000, 0.000000000000000000 ) ) ;
#1637 = DIRECTION ( 'NONE',  ( -0.9975640502598247528, -0.06975647374411823864, 0.000000000000000000 ) ) ;
#1638 = ORIENTED_EDGE ( 'NONE', *, *, #3556, .F. ) ;
#1639 = DIRECTION ( 'NONE',  ( 0.000000000000000000, 1.000000000000000000, 0.000000000000000000 ) ) ;
#1640 = CARTESIAN_POINT ( 'NONE',  ( 2.310926942123234795, 0.3268660814540851889, -1.700000000000000178 ) ) ;
#1641 = EDGE_CURVE ( 'NONE', #653, #953, #80, .T. ) ;
#1642 = DIRECTION ( 'NONE',  ( -1.000000000000000000, -2.315624477220642195E-15, 0.000000000000000000 ) ) ;
#1644 = ADVANCED_FACE ( 'NONE', ( #4078 ), #1075, .T. ) ;
#1643 = ADVANCED_FACE ( 'NONE', ( #755 ), #3789, .F. ) ;
#1645 = DIRECTION ( 'NONE',  ( 0.06975647374411794721, 0.9975640502598247528, -0.000000000000000000 ) ) ;
#1646 = DIRECTION ( 'NONE',  ( 1.000000000000000000, 0.000000000000000000, 0.000000000000000000 ) ) ;
#1647 = ORIENTED_EDGE ( 'NONE', *, *, #3581, .F. ) ;
#1648 = PLANE ( 'NONE',  #1474 ) ;
#1649 = FACE_OUTER_BOUND ( 'NONE', #2673, .T. ) ;
#1650 = ORIENTED_EDGE ( 'NONE', *, *, #2438, .F. ) ;
#1651 = VERTEX_POINT ( 'NONE', #1052 ) ;
#1652 = DIRECTION ( 'NONE',  ( 0.06975647374411858559, -0.9975640502598246417, 0.000000000000000000 ) ) ;
#1653 = UNCERTAINTY_MEASURE_WITH_UNIT (LENGTH_MEASURE( 1.000000000000000082E-05 ), #101, 'distance_accuracy_value', 'NONE');
#1654 = CLOSED_SHELL ( 'NONE', ( #3182, #202, #4181, #3449, #3365, #1253, #500, #1664, #2010, #2449, #4279, #1453, #529, #3883 ) ) ;
#1655 = ORIENTED_EDGE ( 'NONE', *, *, #4272, .T. ) ;
#1656 = DIRECTION ( 'NONE',  ( -1.000000000000000000, 0.000000000000000000, 0.000000000000000000 ) ) ;
#1657 = ORIENTED_EDGE ( 'NONE', *, *, #3581, .T. ) ;
#1658 = AXIS2_PLACEMENT_3D ( 'NONE', #765, #2706, #786 ) ;
#1659 = DIRECTION ( 'NONE',  ( 0.000000000000000000, 0.000000000000000000, 1.000000000000000000 ) ) ;
#1660 = DIRECTION ( 'NONE',  ( 9.264034324649497259E-16, -1.000000000000000000, 0.000000000000000000 ) ) ;
#1661 = EDGE_LOOP ( 'NONE', ( #2934, #4079, #2181, #3955 ) ) ;
#1662 = CARTESIAN_POINT ( 'NONE',  ( -1.949999999999999956, 1.095000000000000639, -2.445000000000000284 ) ) ;
#1663 = DIRECTION ( 'NONE',  ( -0.000000000000000000, 1.000000000000000000, -0.000000000000000000 ) ) ;
#1664 = ADVANCED_FACE ( 'NONE', ( #435 ), #1673, .F. ) ;
#1665 = DIRECTION ( 'NONE',  ( -0.06975647374411832191, 0.9975640502598247528, 0.000000000000000000 ) ) ;
#1666 = CARTESIAN_POINT ( 'NONE',  ( 2.610926942123235506, 0.3268660814540874093, 0.4300000000000000488 ) ) ;
#1667 = ADVANCED_FACE ( 'NONE', ( #3708 ), #775, .F. ) ;
#1668 = EDGE_CURVE ( 'NONE', #3760, #897, #415, .T. ) ;
#1669 = PLANE ( 'NONE',  #2463 ) ;
#1670 = CARTESIAN_POINT ( 'NONE',  ( 2.230926942123232504, 0.7949999999999989297, -1.700000000000000178 ) ) ;
#1671 = ORIENTED_EDGE ( 'NONE', *, *, #1000, .T. ) ;
#1672 = ORIENTED_EDGE ( 'NONE', *, *, #2314, .T. ) ;
#1673 = CYLINDRICAL_SURFACE ( 'NONE', #3585, 0.07999999999999977962 ) ;
#1674 = ORIENTED_EDGE ( 'NONE', *, *, #2428, .T. ) ;
#1675 = DIRECTION ( 'NONE',  ( 0.000000000000000000, -1.000000000000000000, 0.000000000000000000 ) ) ;
#1676 = PLANE ( 'NONE',  #3944 ) ;
#1677 = ORIENTED_EDGE ( 'NONE', *, *, #1383, .F. ) ;
#1678 = DIRECTION ( 'NONE',  ( 1.000000000000000000, -7.718748257402128161E-16, -0.000000000000000000 ) ) ;
#1679 = CARTESIAN_POINT ( 'NONE',  ( -1.950000000000001732, 1.094999999999999307, -1.700000000000000178 ) ) ;
#1680 = VECTOR ( 'NONE', #3486, 1000.000000000000000 ) ;
#1681 = ORIENTED_EDGE ( 'NONE', *, *, #713, .T. ) ;
#1682 = FILL_AREA_STYLE_COLOUR ( '', #2117 ) ;
#1683 = DIRECTION ( 'NONE',  ( -1.000000000000000000, -0.000000000000000000, -0.000000000000000000 ) ) ;
#1684 = VECTOR ( 'NONE', #2933, 1000.000000000000000 ) ;
#1685 = MECHANICAL_DESIGN_GEOMETRIC_PRESENTATION_REPRESENTATION (  '', ( #725 ), #2104 ) ;
#1686 = VECTOR ( 'NONE', #3744, 1000.000000000000000 ) ;
#1687 = DIRECTION ( 'NONE',  ( -0.000000000000000000, -0.000000000000000000, -1.000000000000000000 ) ) ;
#1688 = VECTOR ( 'NONE', #2919, 1000.000000000000000 ) ;
#1689 = DIRECTION ( 'NONE',  ( -0.000000000000000000, -0.000000000000000000, -1.000000000000000000 ) ) ;
#1690 = ADVANCED_FACE ( 'NONE', ( #1737 ), #3353, .T. ) ;
#1691 = EDGE_CURVE ( 'NONE', #54, #2363, #1374, .T. ) ;
#1692 = LINE ( 'NONE', #2669, #301 ) ;
#1693 = ORIENTED_EDGE ( 'NONE', *, *, #2565, .F. ) ;
#1694 = VECTOR ( 'NONE', #1869, 1000.000000000000000 ) ;
#1695 = ORIENTED_EDGE ( 'NONE', *, *, #3498, .T. ) ;
#1696 = PLANE ( 'NONE',  #942 ) ;
#1697 = EDGE_CURVE ( 'NONE', #2446, #2018, #731, .T. ) ;
#1698 = AXIS2_PLACEMENT_3D ( 'NONE', #3825, #3075, #2899 ) ;
#1699 = ORIENTED_EDGE ( 'NONE', *, *, #3287, .F. ) ;
#1700 = DIRECTION ( 'NONE',  ( 2.217182356821073703E-16, -0.000000000000000000, 1.000000000000000000 ) ) ;
#1701 = SURFACE_STYLE_FILL_AREA ( #3690 ) ;
#1702 = ORIENTED_EDGE ( 'NONE', *, *, #310, .F. ) ;
#1703 = CARTESIAN_POINT ( 'NONE',  ( 3.000000000000000000, 0.2194640910571611647, 2.109999999999999876 ) ) ;
#1704 = DIRECTION ( 'NONE',  ( 1.000000000000000000, 0.000000000000000000, 0.000000000000000000 ) ) ;
#1705 = VECTOR ( 'NONE', #3701, 1000.000000000000000 ) ;
#1706 = ORIENTED_EDGE ( 'NONE', *, *, #2210, .F. ) ;
#1707 = CYLINDRICAL_SURFACE ( 'NONE', #1084, 0.08000000000000194456 ) ;
#1708 = DIRECTION ( 'NONE',  ( 0.9975640502598247528, 0.06975647374411832191, -0.000000000000000000 ) ) ;
#1709 = ORIENTED_EDGE ( 'NONE', *, *, #3498, .F. ) ;
#1710 = LINE ( 'NONE', #4113, #2033 ) ;
#1711 = CARTESIAN_POINT ( 'NONE',  ( 1.950000000000000844, 0.8750000000000018874, 0.8399999999999998579 ) ) ;
#1712 = CARTESIAN_POINT ( 'NONE',  ( 1.950000000000000622, 1.094999999999999307, -0.4300000000000002709 ) ) ;
#1713 = CARTESIAN_POINT ( 'NONE',  ( -2.310926942123236127, 0.7949999999999989297, -1.700000000000000178 ) ) ;
#1714 = PLANE ( 'NONE',  #2040 ) ;
#1715 = VERTEX_POINT ( 'NONE', #4102 ) ;
#1716 = EDGE_LOOP ( 'NONE', ( #2966, #213, #1604, #4026 ) ) ;
#1717 = CARTESIAN_POINT ( 'NONE',  ( 1.699999999999999956, 1.469999999999999751, -2.195000000000000728 ) ) ;
#1718 = ADVANCED_FACE ( 'NONE', ( #1096 ), #3021, .T. ) ;
#1719 = ORIENTED_EDGE ( 'NONE', *, *, #2268, .F. ) ;
#1720 = CARTESIAN_POINT ( 'NONE',  ( 1.950000000000001066, 1.094999999999999307, 2.109999999999999876 ) ) ;
#1721 = CARTESIAN_POINT ( 'NONE',  ( 2.310926942123235239, 0.7949999999999989297, 2.109999999999999876 ) ) ;
#1722 = EDGE_LOOP ( 'NONE', ( #660, #1289, #1821, #423 ) ) ;
#1723 = EDGE_CURVE ( 'NONE', #2666, #953, #344, .T. ) ;
#1724 = FACE_OUTER_BOUND ( 'NONE', #2979, .T. ) ;
#1725 = CARTESIAN_POINT ( 'NONE',  ( 1.699999999999999956, 0.2500000000000005551, -2.195000000000000728 ) ) ;
#1726 = ORIENTED_EDGE ( 'NONE', *, *, #932, .T. ) ;
#1727 = CARTESIAN_POINT ( 'NONE',  ( 2.589999999999999858, 0.02759686637614006469, 0.8399999999999998579 ) ) ;
#1728 = DIRECTION ( 'NONE',  ( -0.000000000000000000, -0.000000000000000000, -1.000000000000000000 ) ) ;
#1729 = CLOSED_SHELL ( 'NONE', ( #216, #15, #637, #3125 ) ) ;
#1730 = LINE ( 'NONE', #56, #2254 ) ;
#1731 = VECTOR ( 'NONE', #249, 1000.000000000000000 ) ;
#1732 = CARTESIAN_POINT ( 'NONE',  ( -2.230926942123233836, 0.7949999999999989297, -0.4300000000000002709 ) ) ;
#1733 = DIRECTION ( 'NONE',  ( -0.000000000000000000, -0.000000000000000000, -1.000000000000000000 ) ) ;
#1734 = CARTESIAN_POINT ( 'NONE',  ( -1.699999999999999067, 1.095000000000000639, 2.195000000000001172 ) ) ;
#1735 = ORIENTED_EDGE ( 'NONE', *, *, #4037, .T. ) ;
#1736 = ORIENTED_EDGE ( 'NONE', *, *, #3529, .T. ) ;
#1737 = FACE_OUTER_BOUND ( 'NONE', #3054, .T. ) ;
#1738 = ORIENTED_EDGE ( 'NONE', *, *, #475, .F. ) ;
#1739 = DIRECTION ( 'NONE',  ( -0.000000000000000000, -0.000000000000000000, -1.000000000000000000 ) ) ;
#1740 = CARTESIAN_POINT ( 'NONE',  ( -1.699999999999998623, 0.5000000000000005551, 2.445000000000001616 ) ) ;
#1741 = EDGE_LOOP ( 'NONE', ( #957, #992, #3887, #2466 ) ) ;
#1742 = DIRECTION ( 'NONE',  ( 7.718748257402128161E-16, 1.000000000000000000, -0.000000000000000000 ) ) ;
#1743 = CARTESIAN_POINT ( 'NONE',  ( -1.699999999999999956, 1.095000000000000639, -2.445000000000000284 ) ) ;
#1744 = EDGE_CURVE ( 'NONE', #3359, #1552, #170, .T. ) ;
#1745 = VERTEX_POINT ( 'NONE', #2204 ) ;
#1746 = CYLINDRICAL_SURFACE ( 'NONE', #3039, 0.2500000000000000000 ) ;
#1747 = DIRECTION ( 'NONE',  ( -0.000000000000000000, -0.000000000000000000, -1.000000000000000000 ) ) ;
#1748 = DIRECTION ( 'NONE',  ( 1.000000000000000000, -2.701561890090745152E-15, 0.000000000000000000 ) ) ;
#1749 = DIRECTION ( 'NONE',  ( 1.000000000000000000, 0.000000000000000000, 0.000000000000000000 ) ) ;
#1750 = STYLED_ITEM ( 'NONE', ( #2015 ), #2112 ) ;
#1751 = CIRCLE ( 'NONE', #648, 0.08000000000000194456 ) ;
#1752 = FILL_AREA_STYLE ('',( #1391 ) ) ;
#1753 = AXIS2_PLACEMENT_3D ( 'NONE', #2274, #4346, #632 ) ;
#1754 = CIRCLE ( 'NONE', #2608, 0.2500000000000000000 ) ;
#1755 = DIRECTION ( 'NONE',  ( -1.000000000000000000, 0.000000000000000000, 0.000000000000000000 ) ) ;
#1756 = ORIENTED_EDGE ( 'NONE', *, *, #635, .T. ) ;
#1757 = MECHANICAL_DESIGN_GEOMETRIC_PRESENTATION_REPRESENTATION (  '', ( #2257 ), #1621 ) ;
#1758 = VECTOR ( 'NONE', #3674, 1000.000000000000000 ) ;
#1759 = CARTESIAN_POINT ( 'NONE',  ( 1.950000000000000400, 1.094999999999999307, -1.700000000000000178 ) ) ;
#1760 = ADVANCED_FACE ( 'NONE', ( #2845 ), #2821, .T. ) ;
#1761 = VECTOR ( 'NONE', #2106, 1000.000000000000000 ) ;
#1762 = EDGE_LOOP ( 'NONE', ( #2209, #1959, #296, #2 ) ) ;
#1763 =( LENGTH_UNIT ( ) NAMED_UNIT ( * ) SI_UNIT ( .MILLI., .METRE. ) );
#1764 = ORIENTED_EDGE ( 'NONE', *, *, #3343, .T. ) ;
#1765 = VECTOR ( 'NONE', #3435, 1000.000000000000000 ) ;
#1766 = FACE_OUTER_BOUND ( 'NONE', #1263, .T. ) ;
#1767 = DIRECTION ( 'NONE',  ( 9.264034324649497259E-16, 1.000000000000000000, -0.000000000000000000 ) ) ;
#1768 = VERTEX_POINT ( 'NONE', #1783 ) ;
#1769 = PRESENTATION_LAYER_ASSIGNMENT (  '', '', ( #1841 ) ) ;
#1770 = CARTESIAN_POINT ( 'NONE',  ( 1.950000000000001066, 0.5000000000000005551, 2.444999999999996287 ) ) ;
#1771 = DIRECTION ( 'NONE',  ( 0.000000000000000000, -1.000000000000000000, 0.000000000000000000 ) ) ;
#1772 = DIRECTION ( 'NONE',  ( -0.000000000000000000, 1.000000000000000000, -0.000000000000000000 ) ) ;
#1773 = EDGE_CURVE ( 'NONE', #1571, #910, #3131, .T. ) ;
#1774 = VECTOR ( 'NONE', #2511, 1000.000000000000000 ) ;
#1775 = ADVANCED_FACE ( 'NONE', ( #4172 ), #834, .F. ) ;
#1776 = CARTESIAN_POINT ( 'NONE',  ( -2.310926942123236127, 0.7949999999999989297, -2.109999999999999876 ) ) ;
#1777 = PRESENTATION_STYLE_ASSIGNMENT (( #3478 ) ) ;
#1779 = EDGE_CURVE ( 'NONE', #1877, #250, #2865, .T. ) ;
#1778 = EDGE_CURVE ( 'NONE', #1525, #3247, #189, .T. ) ;
#1780 = DIRECTION ( 'NONE',  ( 0.000000000000000000, -1.000000000000000000, 0.000000000000000000 ) ) ;
#1781 = CARTESIAN_POINT ( 'NONE',  ( -2.310926942123235683, 0.3268660814540851889, 2.109999999999999876 ) ) ;
#1782 = ORIENTED_EDGE ( 'NONE', *, *, #3017, .F. ) ;
#1783 = CARTESIAN_POINT ( 'NONE',  ( 2.310926942123235239, 0.3268660814540851889, -0.4300000000000002709 ) ) ;
#1784 = ORIENTED_EDGE ( 'NONE', *, *, #337, .T. ) ;
#1785 = ORIENTED_EDGE ( 'NONE', *, *, #1281, .T. ) ;
#1786 =( NAMED_UNIT ( * ) PLANE_ANGLE_UNIT ( ) SI_UNIT ( $, .RADIAN. ) );
#1787 = EDGE_CURVE ( 'NONE', #3083, #4100, #2958, .T. ) ;
#1788 = EDGE_LOOP ( 'NONE', ( #883, #332, #2633, #2247 ) ) ;
#1789 = CARTESIAN_POINT ( 'NONE',  ( 2.310926942123234351, 0.7949999999999989297, -2.109999999999999876 ) ) ;
#1790 = CARTESIAN_POINT ( 'NONE',  ( -2.530926942123234102, 0.3268660814540850779, -0.4300000000000002709 ) ) ;
#1791 = ORIENTED_EDGE ( 'NONE', *, *, #145, .T. ) ;
#1792 = CARTESIAN_POINT ( 'NONE',  ( -2.230926942123233836, 1.094999999999998863, -2.109999999999999876 ) ) ;
#1793 = DIRECTION ( 'NONE',  ( 0.000000000000000000, 1.000000000000000000, 0.000000000000000000 ) ) ;
#1794 = DIRECTION ( 'NONE',  ( -0.9975640502598247528, 0.06975647374411921009, -0.000000000000000000 ) ) ;
#1795 = FACE_OUTER_BOUND ( 'NONE', #1892, .T. ) ;
#1796 = DIRECTION ( 'NONE',  ( 1.000000000000000000, 2.315624477220642195E-15, 0.000000000000000000 ) ) ;
#1797 = CIRCLE ( 'NONE', #979, 0.08000000000000194456 ) ;
#1798 = EDGE_CURVE ( 'NONE', #1256, #4008, #2460, .T. ) ;
#1799 = FILL_AREA_STYLE ('',( #2526 ) ) ;
#1800 = ADVANCED_FACE ( 'NONE', ( #2561 ), #127, .F. ) ;
#1801 = EDGE_CURVE ( 'NONE', #4233, #3860, #3835, .T. ) ;
#1802 = DIRECTION ( 'NONE',  ( 0.000000000000000000, -1.000000000000000000, 0.000000000000000000 ) ) ;
#1803 = EDGE_LOOP ( 'NONE', ( #2133, #3920, #774, #704 ) ) ;
#1804 = CARTESIAN_POINT ( 'NONE',  ( 1.700000000000001066, 0.2500000000000005551, 2.194999999999996732 ) ) ;
#1805 = EDGE_LOOP ( 'NONE', ( #2380, #2590, #2229 ) ) ;
#1806 = EDGE_LOOP ( 'NONE', ( #1852, #3688, #1808, #1071 ) ) ;
#1807 = FACE_OUTER_BOUND ( 'NONE', #1360, .T. ) ;
#1808 = ORIENTED_EDGE ( 'NONE', *, *, #3096, .F. ) ;
#1809 = DIRECTION ( 'NONE',  ( -0.000000000000000000, -0.000000000000000000, -1.000000000000000000 ) ) ;
#1810 = CARTESIAN_POINT ( 'NONE',  ( 2.605346424223706325, 0.2470609574333015312, -0.4300000000000002709 ) ) ;
#1811 = VERTEX_POINT ( 'NONE', #2110 ) ;
#1812 = CARTESIAN_POINT ( 'NONE',  ( 2.610926942123235506, 0.3268660814540874093, 2.109999999999999876 ) ) ;
#1813 = DIRECTION ( 'NONE',  ( 0.000000000000000000, 0.000000000000000000, 1.000000000000000000 ) ) ;
#1814 = CARTESIAN_POINT ( 'NONE',  ( 1.700000000000001066, 0.5000000000000005551, 2.194999999999996287 ) ) ;
#1815 = EDGE_LOOP ( 'NONE', ( #1937, #3639, #2651, #329, #3004, #3465, #1271, #1204, #1104, #1709, #1183, #3607 ) ) ;
#1816 = SURFACE_STYLE_FILL_AREA ( #4116 ) ;
#1817 =( LENGTH_UNIT ( ) NAMED_UNIT ( * ) SI_UNIT ( .MILLI., .METRE. ) );
#1818 = AXIS2_PLACEMENT_3D ( 'NONE', #3912, #151, #1483 ) ;
#1819 = DIRECTION ( 'NONE',  ( -0.000000000000000000, -0.000000000000000000, -1.000000000000000000 ) ) ;
#1820 = LINE ( 'NONE', #2843, #3681 ) ;
#1821 = ORIENTED_EDGE ( 'NONE', *, *, #3176, .F. ) ;
#1822 = EDGE_CURVE ( 'NONE', #3926, #1876, #2156, .T. ) ;
#1823 = CIRCLE ( 'NONE', #1343, 0.08000000000000194456 ) ;
#1824 = CARTESIAN_POINT ( 'NONE',  ( -2.590000000000000302, 0.02759686637614006469, 2.109999999999999876 ) ) ;
#1825 = EDGE_CURVE ( 'NONE', #4329, #4284, #3502, .T. ) ;
#1826 = AXIS2_PLACEMENT_3D ( 'NONE', #2456, #1406, #2032 ) ;
#1827 = ORIENTED_EDGE ( 'NONE', *, *, #1960, .T. ) ;
#1828 = VECTOR ( 'NONE', #2434, 1000.000000000000000 ) ;
#1829 = CARTESIAN_POINT ( 'NONE',  ( -2.530926942123234102, 0.7949999999999989297, -2.109999999999999876 ) ) ;
#1830 = EDGE_LOOP ( 'NONE', ( #3286, #1997 ) ) ;
#1831 = EDGE_CURVE ( 'NONE', #1768, #3814, #1069, .T. ) ;
#1832 = ADVANCED_FACE ( 'NONE', ( #1134 ), #3815, .F. ) ;
#1833 = DIRECTION ( 'NONE',  ( -1.000000000000000000, 8.673617379884034486E-16, -0.000000000000000000 ) ) ;
#1834 = CARTESIAN_POINT ( 'NONE',  ( 2.230926942123232948, 1.094999999999998863, -0.8400000000000000799 ) ) ;
#1835 = AXIS2_PLACEMENT_3D ( 'NONE', #2337, #1032, #726 ) ;
#1836 = ORIENTED_EDGE ( 'NONE', *, *, #2667, .T. ) ;
#1837 = CARTESIAN_POINT ( 'NONE',  ( 1.950000000000001066, 1.094999999999999307, 2.109999999999999876 ) ) ;
#1838 = DIRECTION ( 'NONE',  ( 1.000000000000000000, 0.000000000000000000, 0.000000000000000000 ) ) ;
#1839 = AXIS2_PLACEMENT_3D ( 'NONE', #3544, #2949, #1602 ) ;
#1840 = CARTESIAN_POINT ( 'NONE',  ( -2.605346424223706769, 0.2470609574332990888, -0.4300000000000002709 ) ) ;
#1841 = STYLED_ITEM ( 'NONE', ( #1944 ), #3575 ) ;
#1842 = DIRECTION ( 'NONE',  ( 0.000000000000000000, 0.000000000000000000, 1.000000000000000000 ) ) ;
#1843 = VERTEX_POINT ( 'NONE', #1804 ) ;
#1844 = LINE ( 'NONE', #2147, #2416 ) ;
#1845 = ADVANCED_FACE ( 'NONE', ( #4194 ), #1180, .F. ) ;
#1846 = ORIENTED_EDGE ( 'NONE', *, *, #2668, .F. ) ;
#1847 = AXIS2_PLACEMENT_3D ( 'NONE', #398, #3376, #4081 ) ;
#1848 =( NAMED_UNIT ( * ) SI_UNIT ( $, .STERADIAN. ) SOLID_ANGLE_UNIT ( ) );
#1849 = VECTOR ( 'NONE', #966, 1000.000000000000000 ) ;
#1850 = CARTESIAN_POINT ( 'NONE',  ( -2.610926942123236394, 0.3268660814540874093, -1.700000000000000178 ) ) ;
#1851 = CARTESIAN_POINT ( 'NONE',  ( 2.230926942123232504, 0.7949999999999989297, -1.700000000000000178 ) ) ;
#1852 = ORIENTED_EDGE ( 'NONE', *, *, #2576, .T. ) ;
#1853 = DIRECTION ( 'NONE',  ( -1.000000000000000000, 0.000000000000000000, 0.000000000000000000 ) ) ;
#1854 = EDGE_LOOP ( 'NONE', ( #2812, #3250, #2757, #2957 ) ) ;
#1855 = DIRECTION ( 'NONE',  ( 0.000000000000000000, 0.000000000000000000, 1.000000000000000000 ) ) ;
#1856 = ORIENTED_EDGE ( 'NONE', *, *, #2593, .F. ) ;
#1857 = PLANE ( 'NONE',  #1955 ) ;
#1858 = LINE ( 'NONE', #3553, #2683 ) ;
#1859 = EDGE_CURVE ( 'NONE', #973, #1080, #3906, .T. ) ;
#1860 = ORIENTED_EDGE ( 'NONE', *, *, #2428, .F. ) ;
#1861 = ADVANCED_FACE ( 'NONE', ( #1587 ), #1648, .F. ) ;
#1862 = DIRECTION ( 'NONE',  ( -0.000000000000000000, -0.000000000000000000, -1.000000000000000000 ) ) ;
#1863 = DIRECTION ( 'NONE',  ( 0.000000000000000000, 0.000000000000000000, 1.000000000000000000 ) ) ;
#1864 = CARTESIAN_POINT ( 'NONE',  ( 2.530926942123232770, 0.7949999999999989297, -0.8400000000000000799 ) ) ;
#1865 = VERTEX_POINT ( 'NONE', #3655 ) ;
#1866 = ORIENTED_EDGE ( 'NONE', *, *, #2569, .T. ) ;
#1867 = DIRECTION ( 'NONE',  ( 0.000000000000000000, 1.000000000000000000, 0.000000000000000000 ) ) ;
#1868 = AXIS2_PLACEMENT_3D ( 'NONE', #1194, #561, #871 ) ;
#1869 = DIRECTION ( 'NONE',  ( 1.000000000000000000, -7.718748257402128161E-16, -0.000000000000000000 ) ) ;
#1870 = FACE_OUTER_BOUND ( 'NONE', #169, .T. ) ;
#1871 = VECTOR ( 'NONE', #2455, 1000.000000000000000 ) ;
#1872 = EDGE_LOOP ( 'NONE', ( #1233, #3027, #275, #1250, #2730, #4145, #3178, #727, #2636, #821, #3504, #1100 ) ) ;
#1873 = DIRECTION ( 'NONE',  ( -0.000000000000000000, -0.000000000000000000, -1.000000000000000000 ) ) ;
#1874 = VECTOR ( 'NONE', #1747, 1000.000000000000000 ) ;
#1875 = ORIENTED_EDGE ( 'NONE', *, *, #556, .T. ) ;
#1876 = VERTEX_POINT ( 'NONE', #1975 ) ;
#1877 = VERTEX_POINT ( 'NONE', #3570 ) ;
#1878 = DIRECTION ( 'NONE',  ( 8.673617379884035472E-16, 1.000000000000000000, 0.000000000000000000 ) ) ;
#1879 = CARTESIAN_POINT ( 'NONE',  ( -1.130415582602296354, 1.719999999999999751, -1.352195316581617401 ) ) ;
#1880 = EDGE_LOOP ( 'NONE', ( #569, #3879, #2601, #3905 ) ) ;
#1881 = SURFACE_STYLE_USAGE ( .BOTH. , #842 ) ;
#1882 = CARTESIAN_POINT ( 'NONE',  ( 2.589999999999999414, 0.02759686637614006469, -2.109999999999999876 ) ) ;
#1883 = LINE ( 'NONE', #3233, #445 ) ;
#1884 = EDGE_CURVE ( 'NONE', #3438, #2311, #986, .T. ) ;
#1885 = EDGE_CURVE ( 'NONE', #2955, #20, #922, .T. ) ;
#1886 = FACE_OUTER_BOUND ( 'NONE', #3267, .T. ) ;
#1887 = EDGE_LOOP ( 'NONE', ( #131, #2659, #3626, #863, #61, #3572, #1615, #2586, #3714, #3410, #241, #3132 ) ) ;
#1888 = VERTEX_POINT ( 'NONE', #3969 ) ;
#1889 = DIRECTION ( 'NONE',  ( 1.000000000000000000, 2.315624477220642195E-15, 0.000000000000000000 ) ) ;
#1890 = CARTESIAN_POINT ( 'NONE',  ( -2.230926942123233392, 0.7949999999999989297, 2.109999999999999876 ) ) ;
#1891 = CARTESIAN_POINT ( 'NONE',  ( 1.699999999999999734, 1.469999999999999751, -2.445000000000001172 ) ) ;
#1892 = EDGE_LOOP ( 'NONE', ( #1036, #4219, #2545, #3481, #3157, #1397, #4334, #4083, #827, #3133, #836, #300 ) ) ;
#1893 = FACE_OUTER_BOUND ( 'NONE', #1508, .T. ) ;
#1894 = AXIS2_PLACEMENT_3D ( 'NONE', #4035, #1035, #2713 ) ;
#1895 = ORIENTED_EDGE ( 'NONE', *, *, #1534, .F. ) ;
#1896 = ORIENTED_EDGE ( 'NONE', *, *, #2023, .F. ) ;
#1897 = AXIS2_PLACEMENT_3D ( 'NONE', #1229, #2177, #2887 ) ;
#1898 = VECTOR ( 'NONE', #2137, 1000.000000000000000 ) ;
#1899 = LINE ( 'NONE', #2517, #858 ) ;
#1900 = CARTESIAN_POINT ( 'NONE',  ( 2.530926942123235879, 0.3268660814540850224, -0.4300000000000002709 ) ) ;
#1901 = VECTOR ( 'NONE', #53, 1000.000000000000000 ) ;
#1902 = ORIENTED_EDGE ( 'NONE', *, *, #498, .T. ) ;
#1903 = DIRECTION ( 'NONE',  ( -0.000000000000000000, -0.000000000000000000, -1.000000000000000000 ) ) ;
#1904 = ORIENTED_EDGE ( 'NONE', *, *, #2424, .T. ) ;
#1905 = AXIS2_PLACEMENT_3D ( 'NONE', #2171, #2152, #3460 ) ;
#1906 = CARTESIAN_POINT ( 'NONE',  ( -2.605346424223706325, 0.2470609574332990888, 2.109999999999999876 ) ) ;
#1907 = VECTOR ( 'NONE', #3803, 1000.000000000000000 ) ;
#1908 = AXIS2_PLACEMENT_3D ( 'NONE', #1732, #120, #492 ) ;
#1909 = DIRECTION ( 'NONE',  ( -1.000000000000000000, 0.000000000000000000, 0.000000000000000000 ) ) ;
#1910 = DIRECTION ( 'NONE',  ( 1.000000000000000000, 0.000000000000000000, 0.000000000000000000 ) ) ;
#1911 = ORIENTED_EDGE ( 'NONE', *, *, #586, .F. ) ;
#1912 = ADVANCED_FACE ( 'NONE', ( #3245 ), #902, .F. ) ;
#1913 = CARTESIAN_POINT ( 'NONE',  ( -1.699999999999999956, 0.5000000000000005551, -2.194999999999999840 ) ) ;
#1914 = CARTESIAN_POINT ( 'NONE',  ( -2.310926942123236127, 0.7949999999999989297, -1.700000000000000178 ) ) ;
#1915 = ADVANCED_FACE ( 'NONE', ( #947 ), #1309, .T. ) ;
#1916 = AXIS2_PLACEMENT_3D ( 'NONE', #604, #621, #1420 ) ;
#1917 = EDGE_CURVE ( 'NONE', #130, #1811, #1605, .T. ) ;
#1918 = ORIENTED_EDGE ( 'NONE', *, *, #4109, .T. ) ;
#1919 = CARTESIAN_POINT ( 'NONE',  ( -2.610926942123235950, 0.3268660814540874093, 0.8399999999999998579 ) ) ;
#1920 = VECTOR ( 'NONE', #1030, 1000.000000000000000 ) ;
#1921 = ORIENTED_EDGE ( 'NONE', *, *, #950, .T. ) ;
#1922 = EDGE_LOOP ( 'NONE', ( #204, #2301, #2317, #685, #2114, #1782, #365, #945, #3666, #3705, #2963, #916 ) ) ;
#1923 = DIRECTION ( 'NONE',  ( 0.9975640502598247528, -0.06975647374411832191, 0.000000000000000000 ) ) ;
#1924 = CARTESIAN_POINT ( 'NONE',  ( 1.950000000000000400, 0.8750000000000018874, -1.700000000000000178 ) ) ;
#1925 = ORIENTED_EDGE ( 'NONE', *, *, #2039, .F. ) ;
#1926 = DIRECTION ( 'NONE',  ( 0.000000000000000000, 0.000000000000000000, 1.000000000000000000 ) ) ;
#1927 = SPHERICAL_SURFACE ( 'NONE', #1523, 0.2500000000000000000 ) ;
#1928 = DIRECTION ( 'NONE',  ( 1.000000000000000000, 0.000000000000000000, 0.000000000000000000 ) ) ;
#1929 = DIRECTION ( 'NONE',  ( 0.000000000000000000, 1.000000000000000000, 0.000000000000000000 ) ) ;
#1930 = DIRECTION ( 'NONE',  ( -6.484824027254647687E-15, 1.000000000000000000, -0.000000000000000000 ) ) ;
#1931 = DIRECTION ( 'NONE',  ( -0.9975640502598247528, -0.06975647374411832191, 0.000000000000000000 ) ) ;
#1932 = ORIENTED_EDGE ( 'NONE', *, *, #1252, .T. ) ;
#1933 = EDGE_CURVE ( 'NONE', #2519, #2781, #2914, .T. ) ;
#1934 = CARTESIAN_POINT ( 'NONE',  ( -1.699999999999999067, 0.5000000000000005551, 2.195000000000001172 ) ) ;
#1935 = ADVANCED_FACE ( 'NONE', ( #1893 ), #2630, .F. ) ;
#1936 = ORIENTED_EDGE ( 'NONE', *, *, #4039, .F. ) ;
#1937 = ORIENTED_EDGE ( 'NONE', *, *, #46, .F. ) ;
#1938 = CARTESIAN_POINT ( 'NONE',  ( -1.699999999999999956, 1.719999999999999751, -2.194999999999999840 ) ) ;
#1939 = ORIENTED_EDGE ( 'NONE', *, *, #71, .T. ) ;
#1940 = CARTESIAN_POINT ( 'NONE',  ( 2.310926942123234795, 0.7949999999999989297, 0.4300000000000000488 ) ) ;
#1941 = DIRECTION ( 'NONE',  ( 1.000000000000000000, 0.000000000000000000, 0.000000000000000000 ) ) ;
#1942 = ORIENTED_EDGE ( 'NONE', *, *, #3750, .T. ) ;
#1943 = FACE_OUTER_BOUND ( 'NONE', #83, .T. ) ;
#1944 = PRESENTATION_STYLE_ASSIGNMENT (( #627 ) ) ;
#1945 = FACE_OUTER_BOUND ( 'NONE', #1803, .T. ) ;
#1946 = CARTESIAN_POINT ( 'NONE',  ( -2.605346424223706769, 0.2470609574332990888, 0.8399999999999998579 ) ) ;
#1947 = DIRECTION ( 'NONE',  ( -0.000000000000000000, -0.000000000000000000, -1.000000000000000000 ) ) ;
#1948 = ORIENTED_EDGE ( 'NONE', *, *, #279, .T. ) ;
#1949 = CARTESIAN_POINT ( 'NONE',  ( -1.950000000000001288, 1.094999999999999307, 0.8399999999999998579 ) ) ;
#1950 = ORIENTED_EDGE ( 'NONE', *, *, #3043, .T. ) ;
#1951 = EDGE_LOOP ( 'NONE', ( #1206, #308, #4033, #4036 ) ) ;
#1952 = EDGE_CURVE ( 'NONE', #2448, #1888, #4326, .T. ) ;
#1953 = CARTESIAN_POINT ( 'NONE',  ( 2.310926942123235239, 0.7949999999999989297, 2.109999999999999876 ) ) ;
#1954 = ORIENTED_EDGE ( 'NONE', *, *, #3529, .F. ) ;
#1955 = AXIS2_PLACEMENT_3D ( 'NONE', #3506, #2497, #3552 ) ;
#1956 = DIRECTION ( 'NONE',  ( -0.000000000000000000, -0.000000000000000000, -1.000000000000000000 ) ) ;
#1957 = AXIS2_PLACEMENT_3D ( 'NONE', #605, #1597, #2281 ) ;
#1958 = LINE ( 'NONE', #2300, #413 ) ;
#1959 = ORIENTED_EDGE ( 'NONE', *, *, #498, .F. ) ;
#1961 = EDGE_CURVE ( 'NONE', #4253, #2846, #321, .T. ) ;
#1960 = EDGE_CURVE ( 'NONE', #3926, #130, #3927, .T. ) ;
#1962 = CARTESIAN_POINT ( 'NONE',  ( -2.984653575776294865, 4.814824860968089633E-32, -1.700000000000000178 ) ) ;
#1963 = DIRECTION ( 'NONE',  ( -9.264034324649497259E-16, -1.000000000000000000, 0.000000000000000000 ) ) ;
#1964 = CIRCLE ( 'NONE', #3798, 0.2500000000000002220 ) ;
#1965 = CARTESIAN_POINT ( 'NONE',  ( -1.699999999999999512, 0.5000000000000005551, 3.015368005276656568E-16 ) ) ;
#1966 = DIRECTION ( 'NONE',  ( -0.000000000000000000, -0.000000000000000000, -1.000000000000000000 ) ) ;
#1967 = AXIS2_PLACEMENT_3D ( 'NONE', #3318, #2006, #1041 ) ;
#1968 = VECTOR ( 'NONE', #1678, 1000.000000000000000 ) ;
#1969 = VECTOR ( 'NONE', #2187, 1000.000000000000000 ) ;
#1970 = CARTESIAN_POINT ( 'NONE',  ( -2.310926942123235239, 0.7949999999999989297, 1.700000000000000178 ) ) ;
#1971 = EDGE_CURVE ( 'NONE', #1552, #3186, #595, .T. ) ;
#1972 = CARTESIAN_POINT ( 'NONE',  ( 2.999999999999999556, 0.2194640910571611647, 0.4300000000000000488 ) ) ;
#1973 = EDGE_LOOP ( 'NONE', ( #2778, #1939, #1034, #3992 ) ) ;
#1974 = AXIS2_PLACEMENT_3D ( 'NONE', #3812, #814, #1755 ) ;
#1975 = CARTESIAN_POINT ( 'NONE',  ( -2.230926942123233836, 0.8750000000000011102, 0.4300000000000000488 ) ) ;
#1976 = AXIS2_PLACEMENT_3D ( 'NONE', #2577, #3919, #2925 ) ;
#1977 = LINE ( 'NONE', #3368, #1217 ) ;
#1978 = ORIENTED_EDGE ( 'NONE', *, *, #4182, .T. ) ;
#1979 = ORIENTED_EDGE ( 'NONE', *, *, #610, .T. ) ;
#1980 = VECTOR ( 'NONE', #912, 1000.000000000000000 ) ;
#1981 = DIRECTION ( 'NONE',  ( -0.06975647374411794721, -0.9975640502598247528, 0.000000000000000000 ) ) ;
#1982 = ORIENTED_EDGE ( 'NONE', *, *, #3851, .F. ) ;
#1983 = PRODUCT_DEFINITION_FORMATION_WITH_SPECIFIED_SOURCE ( 'ANY', '', #4207, .NOT_KNOWN. ) ;
#1984 = CARTESIAN_POINT ( 'NONE',  ( 2.230926942123232948, 0.8750000000000009992, -0.4300000000000002709 ) ) ;
#1985 = CARTESIAN_POINT ( 'NONE',  ( 2.605346424223706325, 0.2470609574333015312, 0.8399999999999998579 ) ) ;
#1986 = ORIENTED_EDGE ( 'NONE', *, *, #1449, .T. ) ;
#1987 = EDGE_CURVE ( 'NONE', #4165, #3836, #1547, .T. ) ;
#1988 = PLANE ( 'NONE',  #1006 ) ;
#1989 = CARTESIAN_POINT ( 'NONE',  ( 2.605346424223706325, 0.2470609574333015312, -0.8400000000000000799 ) ) ;
#1990 = EDGE_CURVE ( 'NONE', #4233, #4129, #2649, .T. ) ;
#1991 = EDGE_CURVE ( 'NONE', #2136, #953, #292, .T. ) ;
#1992 = DIRECTION ( 'NONE',  ( 0.06975647374411858559, -0.9975640502598246417, 0.000000000000000000 ) ) ;
#1993 = CARTESIAN_POINT ( 'NONE',  ( -1.949999999999999956, 1.469999999999999751, -2.194999999999999840 ) ) ;
#1994 = DIRECTION ( 'NONE',  ( 0.9975640502598247528, 0.06975647374411859947, -0.000000000000000000 ) ) ;
#1995 = DIRECTION ( 'NONE',  ( 1.773745885456857385E-16, -0.000000000000000000, 1.000000000000000000 ) ) ;
#1996 = EDGE_LOOP ( 'NONE', ( #211, #3871, #3508, #995 ) ) ;
#1997 = ORIENTED_EDGE ( 'NONE', *, *, #1392, .T. ) ;
#1998 = DIRECTION ( 'NONE',  ( -0.000000000000000000, -0.000000000000000000, -1.000000000000000000 ) ) ;
#1999 = AXIS2_PLACEMENT_3D ( 'NONE', #2946, #3631, #1583 ) ;
#2000 = EDGE_LOOP ( 'NONE', ( #509, #2872, #3859, #434 ) ) ;
#2001 = CARTESIAN_POINT ( 'NONE',  ( 2.230926942123232948, 0.8750000000000009992, 0.4300000000000000488 ) ) ;
#2002 = SURFACE_STYLE_USAGE ( .BOTH. , #687 ) ;
#2003 = ORIENTED_EDGE ( 'NONE', *, *, #3427, .T. ) ;
#2004 = AXIS2_PLACEMENT_3D ( 'NONE', #353, #1683, #3782 ) ;
#2005 = CARTESIAN_POINT ( 'NONE',  ( 2.530926942123232326, 0.7949999999999989297, -1.700000000000000178 ) ) ;
#2006 = DIRECTION ( 'NONE',  ( -1.445602896647339311E-15, 0.000000000000000000, -1.000000000000000000 ) ) ;
#2007 = ORIENTED_EDGE ( 'NONE', *, *, #3066, .F. ) ;
#2008 = FACE_OUTER_BOUND ( 'NONE', #3333, .T. ) ;
#2009 = DIRECTION ( 'NONE',  ( -1.000000000000000000, 0.000000000000000000, 0.000000000000000000 ) ) ;
#2010 = ADVANCED_FACE ( 'NONE', ( #2953 ), #4305, .F. ) ;
#2011 = EDGE_CURVE ( 'NONE', #963, #4054, #431, .T. ) ;
#2012 = CARTESIAN_POINT ( 'NONE',  ( 1.699999999999999734, 0.5000000000000005551, -2.195000000000000728 ) ) ;
#2013 = CARTESIAN_POINT ( 'NONE',  ( -2.590000000000001190, 0.02759686637614006469, -1.700000000000000178 ) ) ;
#2014 = ADVANCED_FACE ( 'NONE', ( #678 ), #40, .F. ) ;
#2015 = PRESENTATION_STYLE_ASSIGNMENT (( #2728 ) ) ;
#2016 = DIRECTION ( 'NONE',  ( 1.000000000000000000, 0.000000000000000000, 0.000000000000000000 ) ) ;
#2017 = VERTEX_POINT ( 'NONE', #3348 ) ;
#2018 = VERTEX_POINT ( 'NONE', #3682 ) ;
#2019 = DIRECTION ( 'NONE',  ( -0.000000000000000000, -0.000000000000000000, -1.000000000000000000 ) ) ;
#2020 = ORIENTED_EDGE ( 'NONE', *, *, #3396, .T. ) ;
#2021 = LINE ( 'NONE', #48, #1774 ) ;
#2022 =( NAMED_UNIT ( * ) SI_UNIT ( $, .STERADIAN. ) SOLID_ANGLE_UNIT ( ) );
#2023 = EDGE_CURVE ( 'NONE', #3767, #736, #3722, .T. ) ;
#2024 = ORIENTED_EDGE ( 'NONE', *, *, #2562, .F. ) ;
#2025 = CARTESIAN_POINT ( 'NONE',  ( -2.530926942123234102, 0.7949999999999989297, -1.700000000000000178 ) ) ;
#2026 = CARTESIAN_POINT ( 'NONE',  ( -2.530926942123233658, 0.7949999999999989297, -0.8400000000000000799 ) ) ;
#2027 = AXIS2_PLACEMENT_3D ( 'NONE', #3603, #1332, #325 ) ;
#2028 = ORIENTED_EDGE ( 'NONE', *, *, #1042, .T. ) ;
#2029 = DIRECTION ( 'NONE',  ( -1.000000000000000000, 0.000000000000000000, 0.000000000000000000 ) ) ;
#2030 = PLANE ( 'NONE',  #1658 ) ;
#2031 = AXIS2_PLACEMENT_3D ( 'NONE', #771, #2063, #3040 ) ;
#2032 = DIRECTION ( 'NONE',  ( 1.000000000000000000, 0.000000000000000000, 0.000000000000000000 ) ) ;
#2033 = VECTOR ( 'NONE', #3098, 1000.000000000000000 ) ;
#2034 = ORIENTED_EDGE ( 'NONE', *, *, #2312, .F. ) ;
#2035 = COLOUR_RGB ( '',1.000000000000000000, 1.000000000000000000, 1.000000000000000000 ) ;
#2036 = DIRECTION ( 'NONE',  ( -0.9975640502598247528, -0.06975647374411823864, 0.000000000000000000 ) ) ;
#2037 = CIRCLE ( 'NONE', #3249, 0.08000000000000194456 ) ;
#2038 = CARTESIAN_POINT ( 'NONE',  ( 2.589999999999999858, 0.02759686637614006469, -0.4300000000000002709 ) ) ;
#2039 = EDGE_CURVE ( 'NONE', #1455, #2567, #724, .T. ) ;
#2040 = AXIS2_PLACEMENT_3D ( 'NONE', #411, #1393, #4073 ) ;
#2041 = DIRECTION ( 'NONE',  ( -1.000000000000000000, 0.000000000000000000, 0.000000000000000000 ) ) ;
#2042 = CIRCLE ( 'NONE', #2263, 0.08000000000000194456 ) ;
#2043 = EDGE_CURVE ( 'NONE', #1888, #2585, #2607, .T. ) ;
#2044 = DIRECTION ( 'NONE',  ( 0.06975647374411858559, -0.9975640502598246417, 0.000000000000000000 ) ) ;
#2045 = ORIENTED_EDGE ( 'NONE', *, *, #4068, .T. ) ;
#2046 = VECTOR ( 'NONE', #2882, 1000.000000000000000 ) ;
#2047 = VERTEX_POINT ( 'NONE', #3417 ) ;
#2048 = FACE_OUTER_BOUND ( 'NONE', #2830, .T. ) ;
#2049 = UNCERTAINTY_MEASURE_WITH_UNIT (LENGTH_MEASURE( 1.000000000000000082E-05 ), #1366, 'distance_accuracy_value', 'NONE');
#2050 = AXIS2_PLACEMENT_3D ( 'NONE', #4209, #2166, #582 ) ;
#2051 = ORIENTED_EDGE ( 'NONE', *, *, #2550, .F. ) ;
#2052 = LINE ( 'NONE', #3776, #1087 ) ;
#2053 = ORIENTED_EDGE ( 'NONE', *, *, #4143, .F. ) ;
#2054 = MECHANICAL_DESIGN_GEOMETRIC_PRESENTATION_REPRESENTATION (  '', ( #4170 ), #3259 ) ;
#2055 = LINE ( 'NONE', #1789, #3169 ) ;
#2056 = CARTESIAN_POINT ( 'NONE',  ( -1.699999999999999956, 0.5000000000000005551, -2.194999999999999840 ) ) ;
#2057 = VECTOR ( 'NONE', #1733, 1000.000000000000000 ) ;
#2058 = VERTEX_POINT ( 'NONE', #2423 ) ;
#2059 = CARTESIAN_POINT ( 'NONE',  ( 2.230926942123232948, 0.7949999999999989297, 0.8399999999999998579 ) ) ;
#2060 = CARTESIAN_POINT ( 'NONE',  ( -1.950000000000001510, 1.094999999999999307, -0.4300000000000002709 ) ) ;
#2061 = SPHERICAL_SURFACE ( 'NONE', #3676, 0.2500000000000000000 ) ;
#2062 = CARTESIAN_POINT ( 'NONE',  ( 1.950000000000000844, 1.094999999999999307, 0.8399999999999998579 ) ) ;
#2063 = DIRECTION ( 'NONE',  ( 0.000000000000000000, 0.000000000000000000, 1.000000000000000000 ) ) ;
#2064 = CARTESIAN_POINT ( 'NONE',  ( 1.950000000000000844, 0.8750000000000018874, 0.4300000000000000488 ) ) ;
#2065 = ORIENTED_EDGE ( 'NONE', *, *, #336, .F. ) ;
#2066 = EDGE_LOOP ( 'NONE', ( #1918, #1954, #4171, #3724 ) ) ;
#2067 = EDGE_CURVE ( 'NONE', #2490, #1350, #1279, .T. ) ;
#2068 = CARTESIAN_POINT ( 'NONE',  ( -3.000000000000000444, 0.2194640910571590831, 0.8399999999999998579 ) ) ;
#2069 = ORIENTED_EDGE ( 'NONE', *, *, #1445, .T. ) ;
#2070 = DIRECTION ( 'NONE',  ( -1.000000000000000000, 0.000000000000000000, 0.000000000000000000 ) ) ;
#2071 = LINE ( 'NONE', #419, #3804 ) ;
#2072 = EDGE_LOOP ( 'NONE', ( #1095, #2418, #1950, #2295 ) ) ;
#2073 = PLANE ( 'NONE',  #3030 ) ;
#2074 = LINE ( 'NONE', #3470, #2750 ) ;
#2075 = VERTEX_POINT ( 'NONE', #14 ) ;
#2076 = LINE ( 'NONE', #743, #4126 ) ;
#2077 = DIRECTION ( 'NONE',  ( -9.264034324649497259E-16, -1.000000000000000000, 0.000000000000000000 ) ) ;
#2078 = VECTOR ( 'NONE', #2164, 1000.000000000000000 ) ;
#2079 = DIRECTION ( 'NONE',  ( -1.000000000000000000, 0.000000000000000000, 0.000000000000000000 ) ) ;
#2080 = CARTESIAN_POINT ( 'NONE',  ( -2.230926942123233836, 0.7949999999999989297, -0.8400000000000000799 ) ) ;
#2081 =( NAMED_UNIT ( * ) SI_UNIT ( $, .STERADIAN. ) SOLID_ANGLE_UNIT ( ) );
#2082 = DIRECTION ( 'NONE',  ( 0.000000000000000000, 0.000000000000000000, 1.000000000000000000 ) ) ;
#2083 = ORIENTED_EDGE ( 'NONE', *, *, #2831, .T. ) ;
#2084 = CYLINDRICAL_SURFACE ( 'NONE', #3868, 0.2999999999999999334 ) ;
#2085 = UNCERTAINTY_MEASURE_WITH_UNIT (LENGTH_MEASURE( 1.000000000000000082E-05 ), #2228, 'distance_accuracy_value', 'NONE');
#2086 = ORIENTED_EDGE ( 'NONE', *, *, #3580, .T. ) ;
#2087 = LINE ( 'NONE', #3442, #2761 ) ;
#2088 = EDGE_CURVE ( 'NONE', #817, #4174, #1823, .T. ) ;
#2089 = FACE_OUTER_BOUND ( 'NONE', #1830, .T. ) ;
#2090 = ORIENTED_EDGE ( 'NONE', *, *, #2718, .T. ) ;
#2091 = DIRECTION ( 'NONE',  ( -0.06975647374411921009, -0.9975640502598247528, 0.000000000000000000 ) ) ;
#2092 = CARTESIAN_POINT ( 'NONE',  ( -1.699999999999999956, 0.5000000000000005551, -2.445000000000000284 ) ) ;
#2093 = ORIENTED_EDGE ( 'NONE', *, *, #1987, .F. ) ;
#2095 = EDGE_CURVE ( 'NONE', #285, #3419, #2392, .T. ) ;
#2094 = EDGE_CURVE ( 'NONE', #1572, #2453, #1411, .T. ) ;
#2096 = SURFACE_SIDE_STYLE ('',( #806 ) ) ;
#2097 = CARTESIAN_POINT ( 'NONE',  ( -2.590000000000000746, 0.02759686637614006469, -0.8400000000000000799 ) ) ;
#2098 = LINE ( 'NONE', #1430, #1686 ) ;
#2099 = CYLINDRICAL_SURFACE ( 'NONE', #3390, 0.2999999999999999334 ) ;
#2100 = AXIS2_PLACEMENT_3D ( 'NONE', #3523, #144, #1161 ) ;
#2101 = CIRCLE ( 'NONE', #576, 0.2500000000000000000 ) ;
#2102 = CYLINDRICAL_SURFACE ( 'NONE', #1551, 0.2500000000000000000 ) ;
#2103 = AXIS2_PLACEMENT_3D ( 'NONE', #1319, #2350, #712 ) ;
#2104 =( GEOMETRIC_REPRESENTATION_CONTEXT ( 3 ) GLOBAL_UNCERTAINTY_ASSIGNED_CONTEXT ( ( #2085 ) ) GLOBAL_UNIT_ASSIGNED_CONTEXT ( ( #2228, #2893, #1153 ) ) REPRESENTATION_CONTEXT ( 'NONE', 'WORKASPACE' ) );
#2105 = EDGE_CURVE ( 'NONE', #3739, #3420, #1964, .T. ) ;
#2106 = DIRECTION ( 'NONE',  ( -0.000000000000000000, -0.000000000000000000, -1.000000000000000000 ) ) ;
#2107 = ORIENTED_EDGE ( 'NONE', *, *, #3263, .F. ) ;
#2108 = VECTOR ( 'NONE', #2871, 1000.000000000000000 ) ;
#2109 = VECTOR ( 'NONE', #2703, 1000.000000000000000 ) ;
#2110 = CARTESIAN_POINT ( 'NONE',  ( -1.950000000000001288, 1.094999999999999307, 0.8399999999999998579 ) ) ;
#2111 = AXIS2_PLACEMENT_3D ( 'NONE', #3391, #2354, #2707 ) ;
#2112 = MANIFOLD_SOLID_BREP ( 'LPattern1[5]', #2928 ) ;
#2113 = ORIENTED_EDGE ( 'NONE', *, *, #2562, .T. ) ;
#2114 = ORIENTED_EDGE ( 'NONE', *, *, #3554, .F. ) ;
#2115 = SURFACE_STYLE_FILL_AREA ( #2540 ) ;
#2116 = EDGE_LOOP ( 'NONE', ( #3140, #3315, #1294, #463 ) ) ;
#2117 = COLOUR_RGB ( '',0.7921568627450980005, 0.8196078431372548767, 0.9333333333333333481 ) ;
#2118 = CARTESIAN_POINT ( 'NONE',  ( -2.230926942123233836, 0.7949999999999989297, -0.4300000000000002709 ) ) ;
#2119 = DIRECTION ( 'NONE',  ( -9.264034324649497259E-16, -1.000000000000000000, 0.000000000000000000 ) ) ;
#2120 = VERTEX_POINT ( 'NONE', #1005 ) ;
#2121 = LINE ( 'NONE', #1727, #104 ) ;
#2122 = CARTESIAN_POINT ( 'NONE',  ( 2.530926942123232326, 0.7949999999999989297, -1.700000000000000178 ) ) ;
#2123 = ADVANCED_FACE ( 'NONE', ( #340 ), #1669, .F. ) ;
#2124 = DIRECTION ( 'NONE',  ( 0.000000000000000000, -1.000000000000000000, -1.734723475976807094E-15 ) ) ;
#2125 = EDGE_CURVE ( 'NONE', #4193, #3247, #701, .T. ) ;
#2126 = VECTOR ( 'NONE', #4225, 1000.000000000000000 ) ;
#2127 = EDGE_CURVE ( 'NONE', #2844, #1122, #3101, .T. ) ;
#2128 = DIRECTION ( 'NONE',  ( -0.000000000000000000, -0.000000000000000000, -1.000000000000000000 ) ) ;
#2129 = CARTESIAN_POINT ( 'NONE',  ( -2.310926942123236127, 0.3268660814540851889, 0.8399999999999998579 ) ) ;
#2130 = VECTOR ( 'NONE', #3983, 1000.000000000000000 ) ;
#2131 = CARTESIAN_POINT ( 'NONE',  ( -2.230926942123233836, 0.8750000000000011102, -0.4300000000000002709 ) ) ;
#2132 = LINE ( 'NONE', #1159, #1761 ) ;
#2133 = ORIENTED_EDGE ( 'NONE', *, *, #1435, .F. ) ;
#2134 = DIRECTION ( 'NONE',  ( 1.000000000000000000, 0.000000000000000000, -0.000000000000000000 ) ) ;
#2135 = ORIENTED_EDGE ( 'NONE', *, *, #4037, .F. ) ;
#2136 = VERTEX_POINT ( 'NONE', #140 ) ;
#2137 = DIRECTION ( 'NONE',  ( -9.264034324649497259E-16, -1.000000000000000000, 0.000000000000000000 ) ) ;
#2138 = ORIENTED_EDGE ( 'NONE', *, *, #3620, .T. ) ;
#2139 = DIRECTION ( 'NONE',  ( 0.06975647374411832191, 0.9975640502598247528, -0.000000000000000000 ) ) ;
#2140 = PLANE ( 'NONE',  #232 ) ;
#2141 = ORIENTED_EDGE ( 'NONE', *, *, #3580, .F. ) ;
#2142 = PLANE ( 'NONE',  #2551 ) ;
#2143 = DIRECTION ( 'NONE',  ( -0.000000000000000000, -0.000000000000000000, -1.000000000000000000 ) ) ;
#2144 = DIRECTION ( 'NONE',  ( 0.06975647374411858559, -0.9975640502598246417, 0.000000000000000000 ) ) ;
#2145 = CARTESIAN_POINT ( 'NONE',  ( 2.230926942123232504, 1.094999999999998863, -1.700000000000000178 ) ) ;
#2146 = ORIENTED_EDGE ( 'NONE', *, *, #424, .T. ) ;
#2147 = CARTESIAN_POINT ( 'NONE',  ( -1.949999999999999512, 0.2500000000000005551, 2.195000000000002061 ) ) ;
#2148 = ADVANCED_FACE ( 'NONE', ( #2488 ), #1516, .F. ) ;
#2149 = ADVANCED_FACE ( 'NONE', ( #2841 ), #2102, .T. ) ;
#2150 = AXIS2_PLACEMENT_3D ( 'NONE', #2874, #4226, #2547 ) ;
#2151 = MANIFOLD_SOLID_BREP ( 'Boss-Extrude5', #1729 ) ;
#2152 = DIRECTION ( 'NONE',  ( 0.000000000000000000, 0.000000000000000000, 1.000000000000000000 ) ) ;
#2153 = EDGE_CURVE ( 'NONE', #1350, #2490, #4086, .T. ) ;
#2154 = ORIENTED_EDGE ( 'NONE', *, *, #573, .T. ) ;
#2155 = ORIENTED_EDGE ( 'NONE', *, *, #2508, .F. ) ;
#2156 = LINE ( 'NONE', #4142, #3023 ) ;
#2157 = EDGE_LOOP ( 'NONE', ( #67, #3658, #2409, #400 ) ) ;
#2158 =( LENGTH_UNIT ( ) NAMED_UNIT ( * ) SI_UNIT ( .MILLI., .METRE. ) );
#2159 = ORIENTED_EDGE ( 'NONE', *, *, #1987, .T. ) ;
#2160 = CARTESIAN_POINT ( 'NONE',  ( 2.230926942123232948, 0.8750000000000009992, 0.8399999999999998579 ) ) ;
#2161 = EDGE_CURVE ( 'NONE', #130, #4236, #2792, .T. ) ;
#2162 = LINE ( 'NONE', #152, #1688 ) ;
#2163 = ORIENTED_EDGE ( 'NONE', *, *, #1933, .T. ) ;
#2164 = DIRECTION ( 'NONE',  ( -1.000000000000000000, -0.000000000000000000, 1.445602896647339311E-15 ) ) ;
#2165 = DIRECTION ( 'NONE',  ( 9.264034324649497259E-16, 1.000000000000000000, -0.000000000000000000 ) ) ;
#2166 = DIRECTION ( 'NONE',  ( 0.06975647374411832191, 0.9975640502598247528, -0.000000000000000000 ) ) ;
#2167 = ORIENTED_EDGE ( 'NONE', *, *, #2773, .T. ) ;
#2168 = DIRECTION ( 'NONE',  ( -1.000000000000000000, 0.000000000000000000, 1.445602896647339311E-15 ) ) ;
#2169 = SURFACE_SIDE_STYLE ('',( #848 ) ) ;
#2170 = VECTOR ( 'NONE', #2296, 1000.000000000000000 ) ;
#2171 = CARTESIAN_POINT ( 'NONE',  ( -2.610926942123236394, 0.3268660814540874093, -1.700000000000000178 ) ) ;
#2172 = CARTESIAN_POINT ( 'NONE',  ( -2.230926942123233392, 1.094999999999998863, 0.4300000000000000488 ) ) ;
#2173 = EDGE_LOOP ( 'NONE', ( #348, #1174, #2818, #2698 ) ) ;
#2174 = ORIENTED_EDGE ( 'NONE', *, *, #98, .T. ) ;
#2175 = EDGE_CURVE ( 'NONE', #3820, #2694, #4117, .T. ) ;
#2176 = VECTOR ( 'NONE', #1873, 1000.000000000000000 ) ;
#2177 = DIRECTION ( 'NONE',  ( -0.000000000000000000, -0.000000000000000000, -1.000000000000000000 ) ) ;
#2178 = EDGE_CURVE ( 'NONE', #2717, #1571, #157, .T. ) ;
#2179 = VERTEX_POINT ( 'NONE', #2131 ) ;
#2180 = ORIENTED_EDGE ( 'NONE', *, *, #1991, .F. ) ;
#2181 = ORIENTED_EDGE ( 'NONE', *, *, #1172, .F. ) ;
#2182 = CIRCLE ( 'NONE', #297, 0.2999999999999999334 ) ;
#2183 = CIRCLE ( 'NONE', #368, 0.2999999999999999334 ) ;
#2184 = DIRECTION ( 'NONE',  ( -0.000000000000000000, -0.000000000000000000, -1.000000000000000000 ) ) ;
#2185 = EDGE_LOOP ( 'NONE', ( #2888, #343, #1473, #1340 ) ) ;
#2186 = CARTESIAN_POINT ( 'NONE',  ( -3.000000000000000000, 0.2194640910571590831, 1.700000000000000178 ) ) ;
#2187 = DIRECTION ( 'NONE',  ( -0.000000000000000000, 1.000000000000000000, -0.000000000000000000 ) ) ;
#2188 = VECTOR ( 'NONE', #2044, 1000.000000000000227 ) ;
#2189 = VERTEX_POINT ( 'NONE', #1111 ) ;
#2190 = PLANE ( 'NONE',  #1569 ) ;
#2191 = CYLINDRICAL_SURFACE ( 'NONE', #1181, 0.2999999999999999334 ) ;
#2192 = VECTOR ( 'NONE', #3590, 1000.000000000000000 ) ;
#2193 = DIRECTION ( 'NONE',  ( 0.000000000000000000, 0.000000000000000000, 1.000000000000000000 ) ) ;
#2194 = STYLED_ITEM ( 'NONE', ( #469 ), #3596 ) ;
#2195 = DIRECTION ( 'NONE',  ( -0.000000000000000000, 0.000000000000000000, -1.000000000000000000 ) ) ;
#2196 = DIRECTION ( 'NONE',  ( -0.9975640502598247528, 0.06975647374411921009, -0.000000000000000000 ) ) ;
#2197 = VERTEX_POINT ( 'NONE', #4139 ) ;
#2198 = CIRCLE ( 'NONE', #2272, 0.08000000000000194456 ) ;
#2199 = CARTESIAN_POINT ( 'NONE',  ( -1.130415582602296354, 1.719999999999999751, -1.664089754143847300 ) ) ;
#2200 = VECTOR ( 'NONE', #652, 1000.000000000000000 ) ;
#2201 = LINE ( 'NONE', #1565, #2621 ) ;
#2202 = FACE_OUTER_BOUND ( 'NONE', #1155, .T. ) ;
#2203 = EDGE_LOOP ( 'NONE', ( #1314, #3834, #1530, #1764 ) ) ;
#2204 = CARTESIAN_POINT ( 'NONE',  ( -1.130415582602296354, 1.719999999999999751, -1.975984191706077198 ) ) ;
#2205 = MANIFOLD_SOLID_BREP ( 'LPattern1[6]', #3487 ) ;
#2206 = EDGE_LOOP ( 'NONE', ( #3130, #2765, #1911, #614 ) ) ;
#2207 = ORIENTED_EDGE ( 'NONE', *, *, #150, .F. ) ;
#2208 =( NAMED_UNIT ( * ) PLANE_ANGLE_UNIT ( ) SI_UNIT ( $, .RADIAN. ) );
#2209 = ORIENTED_EDGE ( 'NONE', *, *, #315, .T. ) ;
#2210 = EDGE_CURVE ( 'NONE', #2443, #976, #4168, .T. ) ;
#2211 = EDGE_CURVE ( 'NONE', #4100, #1527, #4021, .T. ) ;
#2212 = CARTESIAN_POINT ( 'NONE',  ( -1.699999999999999067, 1.469999999999999751, 2.195000000000001616 ) ) ;
#2213 = CARTESIAN_POINT ( 'NONE',  ( -1.950000000000001288, 0.8750000000000008882, 0.8399999999999998579 ) ) ;
#2214 = ORIENTED_EDGE ( 'NONE', *, *, #2400, .F. ) ;
#2215 = DIRECTION ( 'NONE',  ( -0.000000000000000000, -0.000000000000000000, -1.000000000000000000 ) ) ;
#2216 = CARTESIAN_POINT ( 'NONE',  ( -1.699999999999999067, 0.5000000000000005551, 2.195000000000001616 ) ) ;
#2217 = DIRECTION ( 'NONE',  ( -0.000000000000000000, 1.000000000000000000, -0.000000000000000000 ) ) ;
#2218 = LINE ( 'NONE', #3513, #2756 ) ;
#2219 = CARTESIAN_POINT ( 'NONE',  ( 2.984653575776293088, 4.814824860968089633E-32, -1.700000000000000178 ) ) ;
#2220 = ORIENTED_EDGE ( 'NONE', *, *, #4270, .F. ) ;
#2221 = CARTESIAN_POINT ( 'NONE',  ( -2.610926942123235506, 0.3268660814540874093, 1.700000000000000178 ) ) ;
#2222 = FACE_OUTER_BOUND ( 'NONE', #1211, .T. ) ;
#2223 = ADVANCED_FACE ( 'NONE', ( #3902 ), #1022, .F. ) ;
#2224 = DIRECTION ( 'NONE',  ( 0.000000000000000000, 0.000000000000000000, 1.000000000000000000 ) ) ;
#2225 = VERTEX_POINT ( 'NONE', #2368 ) ;
#2226 = DIRECTION ( 'NONE',  ( -0.000000000000000000, 1.000000000000000000, -0.000000000000000000 ) ) ;
#2227 = VERTEX_POINT ( 'NONE', #690 ) ;
#2228 =( LENGTH_UNIT ( ) NAMED_UNIT ( * ) SI_UNIT ( .MILLI., .METRE. ) );
#2229 = ORIENTED_EDGE ( 'NONE', *, *, #3043, .F. ) ;
#2230 = CARTESIAN_POINT ( 'NONE',  ( -1.130415582602296354, 1.719999999999999751, -1.975984191706077198 ) ) ;
#2231 = UNCERTAINTY_MEASURE_WITH_UNIT (LENGTH_MEASURE( 1.000000000000000082E-05 ), #4072, 'distance_accuracy_value', 'NONE');
#2232 = DIRECTION ( 'NONE',  ( -0.9975640502598247528, 0.06975647374411921009, -0.000000000000000000 ) ) ;
#2233 = ADVANCED_FACE ( 'NONE', ( #3029 ), #350, .T. ) ;
#2234 = EDGE_LOOP ( 'NONE', ( #2494, #278, #2604, #1784 ) ) ;
#2235 = DIRECTION ( 'NONE',  ( 1.000000000000000000, 0.000000000000000000, 0.000000000000000000 ) ) ;
#2236 = DIRECTION ( 'NONE',  ( -0.000000000000000000, -0.000000000000000000, -1.000000000000000000 ) ) ;
#2237 = EDGE_CURVE ( 'NONE', #2677, #855, #898, .T. ) ;
#2238 = CARTESIAN_POINT ( 'NONE',  ( 2.605346424223706325, 0.2470609574333018088, -0.8400000000000000799 ) ) ;
#2239 = EDGE_CURVE ( 'NONE', #4284, #3973, #2611, .T. ) ;
#2240 = ADVANCED_FACE ( 'NONE', ( #2704 ), #3694, .F. ) ;
#2241 = DIRECTION ( 'NONE',  ( -0.9975640502598247528, -0.06975647374411823864, 0.000000000000000000 ) ) ;
#2242 = ORIENTED_EDGE ( 'NONE', *, *, #1445, .F. ) ;
#2243 = CARTESIAN_POINT ( 'NONE',  ( 2.530926942123235879, 0.3268660814540850224, -0.4300000000000002709 ) ) ;
#2244 = CARTESIAN_POINT ( 'NONE',  ( -2.605346424223706769, 0.2470609574332993108, 0.8399999999999998579 ) ) ;
#2245 = PLANE ( 'NONE',  #603 ) ;
#2246 = AXIS2_PLACEMENT_3D ( 'NONE', #3994, #1903, #3276 ) ;
#2247 = ORIENTED_EDGE ( 'NONE', *, *, #3234, .T. ) ;
#2248 = CARTESIAN_POINT ( 'NONE',  ( -1.950000000000001288, 0.8750000000000008882, 0.8399999999999998579 ) ) ;
#2249 = EDGE_CURVE ( 'NONE', #1270, #4076, #3588, .T. ) ;
#2250 = AXIS2_PLACEMENT_3D ( 'NONE', #1165, #1833, #1878 ) ;
#2251 = VERTEX_POINT ( 'NONE', #4336 ) ;
#2252 = ORIENTED_EDGE ( 'NONE', *, *, #178, .F. ) ;
#2253 = AXIS2_PLACEMENT_3D ( 'NONE', #410, #105, #2356 ) ;
#2254 = VECTOR ( 'NONE', #1466, 1000.000000000000000 ) ;
#2255 = LINE ( 'NONE', #281, #1067 ) ;
#2256 = CARTESIAN_POINT ( 'NONE',  ( 1.949999999999999956, 0.2500000000000005551, -2.195000000000000728 ) ) ;
#2257 = STYLED_ITEM ( 'NONE', ( #476 ), #2151 ) ;
#2258 = ORIENTED_EDGE ( 'NONE', *, *, #2936, .T. ) ;
#2259 = SURFACE_STYLE_FILL_AREA ( #3844 ) ;
#2260 = DIRECTION ( 'NONE',  ( -0.06975647374411921009, -0.9975640502598247528, 0.000000000000000000 ) ) ;
#2261 = AXIS2_PLACEMENT_3D ( 'NONE', #3073, #2804, #402 ) ;
#2262 = DIRECTION ( 'NONE',  ( -1.000000000000000000, 2.315624477220638251E-15, -0.000000000000000000 ) ) ;
#2263 = AXIS2_PLACEMENT_3D ( 'NONE', #2654, #2672, #2341 ) ;
#2264 = EDGE_CURVE ( 'NONE', #2499, #3217, #997, .T. ) ;
#2265 = VECTOR ( 'NONE', #255, 1000.000000000000000 ) ;
#2266 = DIRECTION ( 'NONE',  ( 1.000000000000000000, -2.701561890090745152E-15, 0.000000000000000000 ) ) ;
#2267 = CYLINDRICAL_SURFACE ( 'NONE', #904, 0.2500000000000000000 ) ;
#2268 = EDGE_CURVE ( 'NONE', #3659, #1768, #588, .T. ) ;
#2269 = AXIS2_PLACEMENT_3D ( 'NONE', #1965, #1283, #2641 ) ;
#2270 = DIRECTION ( 'NONE',  ( -0.000000000000000000, -0.000000000000000000, -1.000000000000000000 ) ) ;
#2271 = DIRECTION ( 'NONE',  ( -1.445602896647338719E-15, 0.000000000000000000, -1.000000000000000000 ) ) ;
#2272 = AXIS2_PLACEMENT_3D ( 'NONE', #3049, #373, #2070 ) ;
#2273 = VERTEX_POINT ( 'NONE', #918 ) ;
#2274 = CARTESIAN_POINT ( 'NONE',  ( -2.230926942123234280, 0.7949999999999989297, -2.109999999999999876 ) ) ;
#2275 = VERTEX_POINT ( 'NONE', #3713 ) ;
#2276 = ORIENTED_EDGE ( 'NONE', *, *, #150, .T. ) ;
#2277 = DIRECTION ( 'NONE',  ( -0.000000000000000000, 0.000000000000000000, -1.000000000000000000 ) ) ;
#2278 = UNCERTAINTY_MEASURE_WITH_UNIT (LENGTH_MEASURE( 1.000000000000000082E-05 ), #3557, 'distance_accuracy_value', 'NONE');
#2279 = ORIENTED_EDGE ( 'NONE', *, *, #1933, .F. ) ;
#2280 = DIRECTION ( 'NONE',  ( -9.264034324649497259E-16, 1.000000000000000000, 0.000000000000000000 ) ) ;
#2281 = DIRECTION ( 'NONE',  ( 1.000000000000000000, 0.000000000000000000, 0.000000000000000000 ) ) ;
#2282 = ORIENTED_EDGE ( 'NONE', *, *, #717, .T. ) ;
#2283 = CYLINDRICAL_SURFACE ( 'NONE', #3949, 0.2999999999999999334 ) ;
#2284 = LINE ( 'NONE', #382, #1630 ) ;
#2285 = LINE ( 'NONE', #2682, #335 ) ;
#2286 = EDGE_CURVE ( 'NONE', #3909, #2656, #1223, .T. ) ;
#2287 = ADVANCED_FACE ( 'NONE', ( #2324 ), #3675, .F. ) ;
#2288 = DIRECTION ( 'NONE',  ( 1.000000000000000000, -9.264034324649497259E-16, 0.000000000000000000 ) ) ;
#2289 = FACE_OUTER_BOUND ( 'NONE', #1951, .T. ) ;
#2290 = VERTEX_POINT ( 'NONE', #1640 ) ;
#2291 = CARTESIAN_POINT ( 'NONE',  ( 2.530926942123232770, 0.7949999999999989297, 0.8399999999999998579 ) ) ;
#2292 = ORIENTED_EDGE ( 'NONE', *, *, #1339, .T. ) ;
#2293 = ORIENTED_EDGE ( 'NONE', *, *, #625, .F. ) ;
#2294 = AXIS2_PLACEMENT_3D ( 'NONE', #2305, #272, #4338 ) ;
#2295 = ORIENTED_EDGE ( 'NONE', *, *, #2589, .F. ) ;
#2296 = DIRECTION ( 'NONE',  ( -1.000000000000000000, 0.000000000000000000, 2.224004456380521903E-16 ) ) ;
#2297 = AXIS2_PLACEMENT_3D ( 'NONE', #1985, #2260, #3578 ) ;
#2298 = ORIENTED_EDGE ( 'NONE', *, *, #1116, .T. ) ;
#2299 = DIRECTION ( 'NONE',  ( -0.000000000000000000, -0.000000000000000000, -1.000000000000000000 ) ) ;
#2300 = CARTESIAN_POINT ( 'NONE',  ( -2.605346424223707213, 0.2470609574332990888, -2.109999999999999876 ) ) ;
#2301 = ORIENTED_EDGE ( 'NONE', *, *, #2316, .F. ) ;
#2302 = DIRECTION ( 'NONE',  ( 6.484824027254647687E-15, -1.000000000000000000, 0.000000000000000000 ) ) ;
#2303 = EDGE_CURVE ( 'NONE', #2225, #33, #2987, .T. ) ;
#2304 = DIRECTION ( 'NONE',  ( -1.773745885456857385E-16, 0.000000000000000000, -1.000000000000000000 ) ) ;
#2305 = CARTESIAN_POINT ( 'NONE',  ( 0.000000000000000000, 1.719999999999999751, 0.000000000000000000 ) ) ;
#2306 = LINE ( 'NONE', #1946, #2548 ) ;
#2307 = LINE ( 'NONE', #3364, #1705 ) ;
#2308 = EDGE_LOOP ( 'NONE', ( #2404, #831, #757, #1488 ) ) ;
#2309 = CARTESIAN_POINT ( 'NONE',  ( -2.530926942123233658, 0.3268660814540850779, 2.109999999999999876 ) ) ;
#2310 = CARTESIAN_POINT ( 'NONE',  ( -1.699999999999999067, 1.719999999999999751, 2.445000000000002061 ) ) ;
#2311 = VERTEX_POINT ( 'NONE', #2908 ) ;
#2312 = EDGE_CURVE ( 'NONE', #643, #2866, #4262, .T. ) ;
#2313 = EDGE_LOOP ( 'NONE', ( #3164, #3022, #1317, #565 ) ) ;
#2314 = EDGE_CURVE ( 'NONE', #149, #4274, #2396, .T. ) ;
#2315 = LINE ( 'NONE', #4011, #2170 ) ;
#2316 = EDGE_CURVE ( 'NONE', #3973, #3186, #4237, .T. ) ;
#2317 = ORIENTED_EDGE ( 'NONE', *, *, #2239, .F. ) ;
#2318 = PRESENTATION_LAYER_ASSIGNMENT (  '', '', ( #1750 ) ) ;
#2319 = DIRECTION ( 'NONE',  ( 0.000000000000000000, 0.000000000000000000, 1.000000000000000000 ) ) ;
#2320 = DIRECTION ( 'NONE',  ( 0.000000000000000000, 1.000000000000000000, 0.000000000000000000 ) ) ;
#2321 = ORIENTED_EDGE ( 'NONE', *, *, #178, .T. ) ;
#2322 = ORIENTED_EDGE ( 'NONE', *, *, #1477, .F. ) ;
#2323 = DIRECTION ( 'NONE',  ( -0.9975640502598247528, 0.06975647374411794721, 0.000000000000000000 ) ) ;
#2324 = FACE_OUTER_BOUND ( 'NONE', #668, .T. ) ;
#2325 = VECTOR ( 'NONE', #2556, 1000.000000000000000 ) ;
#2326 = AXIS2_PLACEMENT_3D ( 'NONE', #2431, #1079, #759 ) ;
#2327 = DIRECTION ( 'NONE',  ( -1.000000000000000000, -2.315624477220642195E-15, 0.000000000000000000 ) ) ;
#2328 = CARTESIAN_POINT ( 'NONE',  ( -2.530926942123233658, 0.7949999999999989297, -0.4300000000000002709 ) ) ;
#2329 =( GEOMETRIC_REPRESENTATION_CONTEXT ( 3 ) GLOBAL_UNCERTAINTY_ASSIGNED_CONTEXT ( ( #45 ) ) GLOBAL_UNIT_ASSIGNED_CONTEXT ( ( #1817, #1175, #1848 ) ) REPRESENTATION_CONTEXT ( 'NONE', 'WORKASPACE' ) );
#2330 = AXIS2_PLACEMENT_3D ( 'NONE', #2855, #4227, #251 ) ;
#2331 = CIRCLE ( 'NONE', #2891, 0.3118944375622300091 ) ;
#2332 = CARTESIAN_POINT ( 'NONE',  ( -3.000000000000000444, 0.2194640910571590831, -0.4300000000000002709 ) ) ;
#2333 = CARTESIAN_POINT ( 'NONE',  ( -1.130415582602296354, 1.719999999999999751, -1.352195316581617401 ) ) ;
#2334 = AXIS2_PLACEMENT_3D ( 'NONE', #2486, #3494, #2079 ) ;
#2335 = DIRECTION ( 'NONE',  ( -1.000000000000000000, 2.701561890090745152E-15, 0.000000000000000000 ) ) ;
#2336 = VECTOR ( 'NONE', #3801, 1000.000000000000000 ) ;
#2337 = CARTESIAN_POINT ( 'NONE',  ( 1.950000000000000400, 0.8750000000000018874, -1.700000000000000178 ) ) ;
#2338 = ORIENTED_EDGE ( 'NONE', *, *, #291, .F. ) ;
#2339 = ORIENTED_EDGE ( 'NONE', *, *, #3797, .T. ) ;
#2340 = AXIS2_PLACEMENT_3D ( 'NONE', #1851, #187, #1377 ) ;
#2341 = DIRECTION ( 'NONE',  ( -1.000000000000000000, 0.000000000000000000, 0.000000000000000000 ) ) ;
#2342 = VERTEX_POINT ( 'NONE', #4131 ) ;
#2343 = EDGE_CURVE ( 'NONE', #3048, #3152, #3446, .T. ) ;
#2344 = CIRCLE ( 'NONE', #3471, 0.08000000000000194456 ) ;
#2345 = CYLINDRICAL_SURFACE ( 'NONE', #2628, 0.08000000000000194456 ) ;
#2346 = ADVANCED_FACE ( 'NONE', ( #3053 ), #3090, .F. ) ;
#2347 = CARTESIAN_POINT ( 'NONE',  ( -2.230926942123233392, 1.094999999999998863, 0.8399999999999998579 ) ) ;
#2348 = ORIENTED_EDGE ( 'NONE', *, *, #3880, .T. ) ;
#2349 = CARTESIAN_POINT ( 'NONE',  ( -2.984653575776293977, 4.814824860968089633E-32, 2.109999999999999876 ) ) ;
#2350 = DIRECTION ( 'NONE',  ( 0.000000000000000000, 0.000000000000000000, 1.000000000000000000 ) ) ;
#2351 = ORIENTED_EDGE ( 'NONE', *, *, #2774, .T. ) ;
#2352 = CARTESIAN_POINT ( 'NONE',  ( 2.610926942123235506, 0.3268660814540874093, -0.4300000000000002709 ) ) ;
#2353 = CARTESIAN_POINT ( 'NONE',  ( 2.230926942123233392, 0.7949999999999989297, 1.700000000000000178 ) ) ;
#2354 = DIRECTION ( 'NONE',  ( 1.000000000000000000, 9.264034324649497259E-16, -0.000000000000000000 ) ) ;
#2355 = LINE ( 'NONE', #1324, #3401 ) ;
#2356 = DIRECTION ( 'NONE',  ( 0.000000000000000000, 0.000000000000000000, 1.000000000000000000 ) ) ;
#2357 = ADVANCED_FACE ( 'NONE', ( #3736 ), #1103, .F. ) ;
#2358 = CARTESIAN_POINT ( 'NONE',  ( 2.230926942123232948, 0.7949999999999989297, -0.8400000000000000799 ) ) ;
#2359 = VERTEX_POINT ( 'NONE', #739 ) ;
#2360 = ORIENTED_EDGE ( 'NONE', *, *, #3031, .T. ) ;
#2361 = DIRECTION ( 'NONE',  ( -0.06975647374411921009, -0.9975640502598247528, 0.000000000000000000 ) ) ;
#2362 = VECTOR ( 'NONE', #3034, 1000.000000000000000 ) ;
#2363 = VERTEX_POINT ( 'NONE', #379 ) ;
#2364 = LINE ( 'NONE', #3355, #3751 ) ;
#2365 = CARTESIAN_POINT ( 'NONE',  ( -1.950000000000001510, 1.094999999999999307, -0.4300000000000002709 ) ) ;
#2366 = ORIENTED_EDGE ( 'NONE', *, *, #4270, .T. ) ;
#2367 = CARTESIAN_POINT ( 'NONE',  ( 2.610926942123235506, 0.3268660814540874093, -0.4300000000000002709 ) ) ;
#2368 = CARTESIAN_POINT ( 'NONE',  ( 1.950000000000000400, 0.8750000000000018874, -1.700000000000000178 ) ) ;
#2369 = ORIENTED_EDGE ( 'NONE', *, *, #1405, .T. ) ;
#2370 = CARTESIAN_POINT ( 'NONE',  ( 2.530926942123236323, 0.3268660814540850224, 1.700000000000000178 ) ) ;
#2371 = CARTESIAN_POINT ( 'NONE',  ( -1.130415582602296354, 1.619999999999999662, -1.352195316581617401 ) ) ;
#2372 = EDGE_CURVE ( 'NONE', #2386, #1414, #3116, .T. ) ;
#2373 = ORIENTED_EDGE ( 'NONE', *, *, #1456, .T. ) ;
#2374 = EDGE_CURVE ( 'NONE', #4349, #2047, #443, .T. ) ;
#2375 = EDGE_CURVE ( 'NONE', #27, #3546, #1382, .T. ) ;
#2376 = DIRECTION ( 'NONE',  ( -1.000000000000000000, 0.000000000000000000, 0.000000000000000000 ) ) ;
#2377 = DIRECTION ( 'NONE',  ( -6.484824027254647687E-15, 1.000000000000000000, -0.000000000000000000 ) ) ;
#2378 = CARTESIAN_POINT ( 'NONE',  ( 1.950000000000001066, 0.8750000000000018874, 2.109999999999999876 ) ) ;
#2379 = CARTESIAN_POINT ( 'NONE',  ( 2.589999999999999858, 0.02759686637614006469, 0.4300000000000000488 ) ) ;
#2380 = ORIENTED_EDGE ( 'NONE', *, *, #2395, .T. ) ;
#2381 = VERTEX_POINT ( 'NONE', #1082 ) ;
#2382 = DIRECTION ( 'NONE',  ( 1.000000000000000000, -7.718748257402128161E-16, -0.000000000000000000 ) ) ;
#2383 = ORIENTED_EDGE ( 'NONE', *, *, #145, .F. ) ;
#2384 = LINE ( 'NONE', #3730, #458 ) ;
#2385 = CARTESIAN_POINT ( 'NONE',  ( 1.950000000000000622, 1.094999999999999307, -0.4300000000000002709 ) ) ;
#2386 = VERTEX_POINT ( 'NONE', #2092 ) ;
#2387 = CARTESIAN_POINT ( 'NONE',  ( -1.130415582602296354, 1.619999999999999662, -1.352195316581617401 ) ) ;
#2388 = DIRECTION ( 'NONE',  ( 0.000000000000000000, 0.000000000000000000, -1.000000000000000000 ) ) ;
#2389 = VECTOR ( 'NONE', #1809, 1000.000000000000000 ) ;
#2390 = ORIENTED_EDGE ( 'NONE', *, *, #376, .T. ) ;
#2391 = CYLINDRICAL_SURFACE ( 'NONE', #1520, 0.3118944375622300091 ) ;
#2392 = CIRCLE ( 'NONE', #2253, 0.3118944375622300091 ) ;
#2393 = CARTESIAN_POINT ( 'NONE',  ( 2.530926942123236323, 0.3268660814540850224, 2.109999999999999876 ) ) ;
#2394 = CIRCLE ( 'NONE', #2461, 0.07999999999999977962 ) ;
#2395 = EDGE_CURVE ( 'NONE', #2666, #2386, #938, .T. ) ;
#2396 = CIRCLE ( 'NONE', #2815, 0.2499999999999997780 ) ;
#2397 = DIRECTION ( 'NONE',  ( -1.000000000000000000, 0.000000000000000000, 0.000000000000000000 ) ) ;
#2398 = AXIS2_PLACEMENT_3D ( 'NONE', #3190, #824, #3160 ) ;
#2399 = FACE_OUTER_BOUND ( 'NONE', #537, .T. ) ;
#2400 = EDGE_CURVE ( 'NONE', #791, #2677, #2415, .T. ) ;
#2401 = VECTOR ( 'NONE', #3409, 1000.000000000000000 ) ;
#2402 =( NAMED_UNIT ( * ) PLANE_ANGLE_UNIT ( ) SI_UNIT ( $, .RADIAN. ) );
#2403 = DIRECTION ( 'NONE',  ( -2.217182356821073703E-16, 0.000000000000000000, -1.000000000000000000 ) ) ;
#2404 = ORIENTED_EDGE ( 'NONE', *, *, #478, .T. ) ;
#2405 = AXIS2_PLACEMENT_3D ( 'NONE', #161, #4188, #3102 ) ;
#2406 = ORIENTED_EDGE ( 'NONE', *, *, #3277, .T. ) ;
#2407 = CARTESIAN_POINT ( 'NONE',  ( 2.610926942123235062, 0.3268660814540874093, -1.700000000000000178 ) ) ;
#2408 = AXIS2_PLACEMENT_3D ( 'NONE', #746, #3415, #3078 ) ;
#2409 = ORIENTED_EDGE ( 'NONE', *, *, #2721, .T. ) ;
#2410 = PLANE ( 'NONE',  #2480 ) ;
#2411 = DIRECTION ( 'NONE',  ( 9.264034324649497259E-16, -1.000000000000000000, 0.000000000000000000 ) ) ;
#2412 = VERTEX_POINT ( 'NONE', #90 ) ;
#2413 = AXIS2_PLACEMENT_3D ( 'NONE', #1837, #3933, #3188 ) ;
#2414 = DIRECTION ( 'NONE',  ( -1.000000000000000000, 0.000000000000000000, 0.000000000000000000 ) ) ;
#2415 = LINE ( 'NONE', #762, #2961 ) ;
#2416 = VECTOR ( 'NONE', #2168, 1000.000000000000000 ) ;
#2417 = EDGE_CURVE ( 'NONE', #3546, #3909, #2182, .T. ) ;
#2418 = ORIENTED_EDGE ( 'NONE', *, *, #1723, .F. ) ;
#2419 = DIRECTION ( 'NONE',  ( 0.9975640502598247528, 0.06975647374411832191, -0.000000000000000000 ) ) ;
#2420 = CARTESIAN_POINT ( 'NONE',  ( 1.950000000000001066, 1.095000000000000639, 2.194999999999996287 ) ) ;
#2421 = DIRECTION ( 'NONE',  ( -1.000000000000000000, 0.000000000000000000, 0.000000000000000000 ) ) ;
#2422 = LINE ( 'NONE', #2506, #1158 ) ;
#2423 = CARTESIAN_POINT ( 'NONE',  ( -2.530926942123234102, 0.7949999999999989297, -2.109999999999999876 ) ) ;
#2424 = EDGE_CURVE ( 'NONE', #669, #3085, #2745, .T. ) ;
#2425 = PLANE ( 'NONE',  #3522 ) ;
#2426 = VERTEX_POINT ( 'NONE', #2452 ) ;
#2428 = EDGE_CURVE ( 'NONE', #3659, #2448, #2074, .T. ) ;
#2427 = EDGE_CURVE ( 'NONE', #3227, #2519, #70, .T. ) ;
#2429 = ORIENTED_EDGE ( 'NONE', *, *, #2620, .F. ) ;
#2430 = CARTESIAN_POINT ( 'NONE',  ( 2.310926942123235683, 0.3268660814540851889, 1.700000000000000178 ) ) ;
#2431 = CARTESIAN_POINT ( 'NONE',  ( 2.230926942123232948, 0.7949999999999989297, 0.4300000000000000488 ) ) ;
#2432 = ORIENTED_EDGE ( 'NONE', *, *, #1629, .F. ) ;
#2433 = CARTESIAN_POINT ( 'NONE',  ( -2.230926942123232948, 1.094999999999998863, 2.109999999999999876 ) ) ;
#2434 = DIRECTION ( 'NONE',  ( 0.000000000000000000, -1.000000000000000000, 0.000000000000000000 ) ) ;
#2435 = ORIENTED_EDGE ( 'NONE', *, *, #1723, .T. ) ;
#2436 = DIRECTION ( 'NONE',  ( -0.000000000000000000, 1.000000000000000000, -0.000000000000000000 ) ) ;
#2437 = DIRECTION ( 'NONE',  ( 0.000000000000000000, 0.000000000000000000, 1.000000000000000000 ) ) ;
#2438 = EDGE_CURVE ( 'NONE', #4307, #2656, #467, .T. ) ;
#2439 = CARTESIAN_POINT ( 'NONE',  ( 2.984653575776293533, 4.814824860968089633E-32, 0.8399999999999998579 ) ) ;
#2440 = CARTESIAN_POINT ( 'NONE',  ( -2.310926942123235683, 0.7949999999999989297, 0.4300000000000000488 ) ) ;
#2441 = SURFACE_STYLE_FILL_AREA ( #1799 ) ;
#2442 = CARTESIAN_POINT ( 'NONE',  ( 2.530926942123232770, 0.7949999999999989297, 0.4300000000000000488 ) ) ;
#2443 = VERTEX_POINT ( 'NONE', #3138 ) ;
#2444 = FACE_OUTER_BOUND ( 'NONE', #2116, .T. ) ;
#2445 = EDGE_CURVE ( 'NONE', #64, #4121, #4063, .T. ) ;
#2446 = VERTEX_POINT ( 'NONE', #133 ) ;
#2447 =( NAMED_UNIT ( * ) SI_UNIT ( $, .STERADIAN. ) SOLID_ANGLE_UNIT ( ) );
#2448 = VERTEX_POINT ( 'NONE', #1462 ) ;
#2449 = ADVANCED_FACE ( 'NONE', ( #1058 ), #2763, .T. ) ;
#2450 = PRODUCT_DEFINITION ( 'UNKNOWN', '', #1983, #3642 ) ;
#2451 = DIRECTION ( 'NONE',  ( -0.000000000000000000, -0.000000000000000000, -1.000000000000000000 ) ) ;
#2452 = CARTESIAN_POINT ( 'NONE',  ( -2.310926942123236127, 0.3268660814540851889, 0.4300000000000000488 ) ) ;
#2453 = VERTEX_POINT ( 'NONE', #1725 ) ;
#2454 =( LENGTH_UNIT ( ) NAMED_UNIT ( * ) SI_UNIT ( .MILLI., .METRE. ) );
#2455 = DIRECTION ( 'NONE',  ( 0.06975647374411794721, 0.9975640502598247528, -0.000000000000000000 ) ) ;
#2456 = CARTESIAN_POINT ( 'NONE',  ( 2.610926942123235506, 0.3268660814540874093, 1.700000000000000178 ) ) ;
#2457 = VECTOR ( 'NONE', #2451, 1000.000000000000000 ) ;
#2458 = FACE_OUTER_BOUND ( 'NONE', #1413, .T. ) ;
#2459 = DIRECTION ( 'NONE',  ( -0.000000000000000000, -0.000000000000000000, -1.000000000000000000 ) ) ;
#2460 = CIRCLE ( 'NONE', #579, 0.3118944375622300091 ) ;
#2461 = AXIS2_PLACEMENT_3D ( 'NONE', #2780, #2184, #527 ) ;
#2462 = DIRECTION ( 'NONE',  ( 2.224004456380521903E-16, 0.000000000000000000, 1.000000000000000000 ) ) ;
#2463 = AXIS2_PLACEMENT_3D ( 'NONE', #2690, #4030, #1031 ) ;
#2464 = CIRCLE ( 'NONE', #1285, 0.2500000000000002220 ) ;
#2465 = FACE_OUTER_BOUND ( 'NONE', #3426, .T. ) ;
#2466 = ORIENTED_EDGE ( 'NONE', *, *, #2343, .T. ) ;
#2467 = VECTOR ( 'NONE', #3229, 1000.000000000000000 ) ;
#2468 = AXIS2_PLACEMENT_3D ( 'NONE', #3779, #2091, #3429 ) ;
#2469 = CARTESIAN_POINT ( 'NONE',  ( -2.310926942123235239, 0.7949999999999989297, 2.109999999999999876 ) ) ;
#2470 = VECTOR ( 'NONE', #4093, 1000.000000000000000 ) ;
#2471 = ORIENTED_EDGE ( 'NONE', *, *, #695, .F. ) ;
#2472 = ORIENTED_EDGE ( 'NONE', *, *, #717, .F. ) ;
#2473 = VERTEX_POINT ( 'NONE', #4108 ) ;
#2474 = VECTOR ( 'NONE', #2786, 1000.000000000000000 ) ;
#2475 = CARTESIAN_POINT ( 'NONE',  ( -2.310926942123235683, 0.7949999999999989297, 0.8399999999999998579 ) ) ;
#2476 = DIRECTION ( 'NONE',  ( -0.000000000000000000, -0.000000000000000000, -1.000000000000000000 ) ) ;
#2477 = EDGE_CURVE ( 'NONE', #953, #4274, #2518, .T. ) ;
#2478 = EDGE_CURVE ( 'NONE', #736, #33, #177, .T. ) ;
#2479 = VERTEX_POINT ( 'NONE', #1550 ) ;
#2480 = AXIS2_PLACEMENT_3D ( 'NONE', #1720, #3519, #1518 ) ;
#2481 = LINE ( 'NONE', #3740, #596 ) ;
#2482 = PLANE ( 'NONE',  #907 ) ;
#2483 = CARTESIAN_POINT ( 'NONE',  ( 2.590000000000000302, 0.02759686637614006469, 1.700000000000000178 ) ) ;
#2484 = VECTOR ( 'NONE', #2377, 1000.000000000000000 ) ;
#2485 = ADVANCED_FACE ( 'NONE', ( #3574 ), #2896, .F. ) ;
#2486 = CARTESIAN_POINT ( 'NONE',  ( -2.610926942123235506, 0.3268660814540874093, 2.109999999999999876 ) ) ;
#2487 = ORIENTED_EDGE ( 'NONE', *, *, #3558, .F. ) ;
#2488 = FACE_OUTER_BOUND ( 'NONE', #1207, .T. ) ;
#2489 = FACE_OUTER_BOUND ( 'NONE', #1160, .T. ) ;
#2490 = VERTEX_POINT ( 'NONE', #1879 ) ;
#2491 = DIRECTION ( 'NONE',  ( 0.000000000000000000, 0.000000000000000000, 1.000000000000000000 ) ) ;
#2492 = EDGE_CURVE ( 'NONE', #2453, #1843, #3913, .T. ) ;
#2493 = EDGE_LOOP ( 'NONE', ( #2242, #1024, #2705 ) ) ;
#2494 = ORIENTED_EDGE ( 'NONE', *, *, #4187, .F. ) ;
#2495 = SURFACE_SIDE_STYLE ('',( #1118 ) ) ;
#2496 = EDGE_LOOP ( 'NONE', ( #3839, #1202, #4244, #1626 ) ) ;
#2497 = DIRECTION ( 'NONE',  ( -0.000000000000000000, 0.000000000000000000, -1.000000000000000000 ) ) ;
#2498 = CARTESIAN_POINT ( 'NONE',  ( -2.530926942123233658, 0.3268660814540850779, 2.109999999999999876 ) ) ;
#2499 = VERTEX_POINT ( 'NONE', #1900 ) ;
#2500 = FILL_AREA_STYLE_COLOUR ( '', #3610 ) ;
#2501 = CARTESIAN_POINT ( 'NONE',  ( 2.590000000000000302, 0.02759686637614006469, 2.109999999999999876 ) ) ;
#2502 = CARTESIAN_POINT ( 'NONE',  ( 2.230926942123232504, 1.094999999999998863, -1.700000000000000178 ) ) ;
#2503 = ADVANCED_FACE ( 'NONE', ( #245 ), #4252, .T. ) ;
#2504 = PLANE ( 'NONE',  #2050 ) ;
#2505 = ORIENTED_EDGE ( 'NONE', *, *, #2178, .F. ) ;
#2506 = CARTESIAN_POINT ( 'NONE',  ( -2.230926942123234280, 0.8750000000000011102, -1.700000000000000178 ) ) ;
#2507 = EDGE_CURVE ( 'NONE', #1572, #1141, #3863, .T. ) ;
#2508 = EDGE_CURVE ( 'NONE', #54, #3984, #3931, .T. ) ;
#2509 = VECTOR ( 'NONE', #716, 1000.000000000000000 ) ;
#2510 = LINE ( 'NONE', #1540, #1222 ) ;
#2511 = DIRECTION ( 'NONE',  ( -1.000000000000000000, 2.315624477220638251E-15, -0.000000000000000000 ) ) ;
#2512 = ORIENTED_EDGE ( 'NONE', *, *, #501, .T. ) ;
#2513 = DIRECTION ( 'NONE',  ( 1.000000000000000000, 0.000000000000000000, 0.000000000000000000 ) ) ;
#2514 = ORIENTED_EDGE ( 'NONE', *, *, #2478, .T. ) ;
#2515 = PRESENTATION_STYLE_ASSIGNMENT (( #3819 ) ) ;
#2516 = ORIENTED_EDGE ( 'NONE', *, *, #2424, .F. ) ;
#2517 = CARTESIAN_POINT ( 'NONE',  ( -1.950000000000001732, 1.094999999999999307, -1.700000000000000178 ) ) ;
#2518 = LINE ( 'NONE', #3185, #1969 ) ;
#2519 = VERTEX_POINT ( 'NONE', #2498 ) ;
#2520 = PRESENTATION_STYLE_ASSIGNMENT (( #1881 ) ) ;
#2521 = DIRECTION ( 'NONE',  ( 9.264034324649497259E-16, 1.000000000000000000, 0.000000000000000000 ) ) ;
#2522 = LINE ( 'NONE', #2575, #730 ) ;
#2523 = DIRECTION ( 'NONE',  ( -1.000000000000000000, 0.000000000000000000, 1.445602896647339311E-15 ) ) ;
#2524 = LINE ( 'NONE', #3870, #4050 ) ;
#2525 = EDGE_LOOP ( 'NONE', ( #4287, #3995, #3950, #1043 ) ) ;
#2526 = FILL_AREA_STYLE_COLOUR ( '', #2035 ) ;
#2527 = ADVANCED_FACE ( 'NONE', ( #908 ), #2140, .F. ) ;
#2528 = VECTOR ( 'NONE', #1573, 1000.000000000000000 ) ;
#2529 = DIRECTION ( 'NONE',  ( -0.000000000000000000, -0.000000000000000000, -1.000000000000000000 ) ) ;
#2530 = CARTESIAN_POINT ( 'NONE',  ( -2.530926942123233658, 0.7949999999999989297, 0.8399999999999998579 ) ) ;
#2531 = VERTEX_POINT ( 'NONE', #1238 ) ;
#2532 = COLOUR_RGB ( '',0.7921568627450980005, 0.8196078431372548767, 0.9333333333333333481 ) ;
#2533 = DIRECTION ( 'NONE',  ( 9.264034324649497259E-16, 1.000000000000000000, -0.000000000000000000 ) ) ;
#2534 = VECTOR ( 'NONE', #3434, 1000.000000000000000 ) ;
#2535 = ORIENTED_EDGE ( 'NONE', *, *, #3556, .T. ) ;
#2536 = EDGE_LOOP ( 'NONE', ( #1785, #2648, #2435, #3970 ) ) ;
#2537 = ORIENTED_EDGE ( 'NONE', *, *, #224, .F. ) ;
#2538 = AXIS2_PLACEMENT_3D ( 'NONE', #783, #1143, #1401 ) ;
#2539 = CIRCLE ( 'NONE', #4087, 0.2999999999999999334 ) ;
#2540 = FILL_AREA_STYLE ('',( #3484 ) ) ;
#2541 = VERTEX_POINT ( 'NONE', #3892 ) ;
#2542 = CARTESIAN_POINT ( 'NONE',  ( 1.950000000000000844, 1.094999999999999307, 0.8399999999999998579 ) ) ;
#2543 = CARTESIAN_POINT ( 'NONE',  ( -2.230926942123233836, 0.7949999999999989297, 0.8399999999999998579 ) ) ;
#2544 = AXIS2_PLACEMENT_3D ( 'NONE', #2828, #3205, #4179 ) ;
#2545 = ORIENTED_EDGE ( 'NONE', *, *, #4292, .T. ) ;
#2546 = DIRECTION ( 'NONE',  ( 0.9975640502598247528, 0.06975647374411832191, -0.000000000000000000 ) ) ;
#2547 = DIRECTION ( 'NONE',  ( 1.000000000000000000, 2.315624477220642195E-15, 0.000000000000000000 ) ) ;
#2548 = VECTOR ( 'NONE', #3299, 1000.000000000000000 ) ;
#2549 = CARTESIAN_POINT ( 'NONE',  ( -2.610926942123235950, 0.3268660814540874093, 0.4300000000000000488 ) ) ;
#2550 = EDGE_CURVE ( 'NONE', #3042, #636, #3842, .T. ) ;
#2551 = AXIS2_PLACEMENT_3D ( 'NONE', #404, #1085, #2724 ) ;
#2552 = FACE_OUTER_BOUND ( 'NONE', #901, .T. ) ;
#2553 = VERTEX_POINT ( 'NONE', #1834 ) ;
#2554 = ORIENTED_EDGE ( 'NONE', *, *, #2438, .T. ) ;
#2555 = AXIS2_PLACEMENT_3D ( 'NONE', #346, #1037, #1015 ) ;
#2556 = DIRECTION ( 'NONE',  ( -0.000000000000000000, -0.000000000000000000, -1.000000000000000000 ) ) ;
#2557 = CIRCLE ( 'NONE', #3117, 0.2999999999999999334 ) ;
#2558 = LINE ( 'NONE', #2599, #1694 ) ;
#2559 = DIRECTION ( 'NONE',  ( 1.000000000000000000, 0.000000000000000000, 0.000000000000000000 ) ) ;
#2560 = ORIENTED_EDGE ( 'NONE', *, *, #224, .T. ) ;
#2561 = FACE_OUTER_BOUND ( 'NONE', #3304, .T. ) ;
#2562 = EDGE_CURVE ( 'NONE', #3326, #1270, #840, .T. ) ;
#2563 = ORIENTED_EDGE ( 'NONE', *, *, #847, .T. ) ;
#2564 = ORIENTED_EDGE ( 'NONE', *, *, #679, .T. ) ;
#2565 = EDGE_CURVE ( 'NONE', #963, #351, #2162, .T. ) ;
#2566 = PRESENTATION_STYLE_ASSIGNMENT (( #3226 ) ) ;
#2567 = VERTEX_POINT ( 'NONE', #3156 ) ;
#2569 = EDGE_CURVE ( 'NONE', #669, #4015, #1858, .T. ) ;
#2568 = EDGE_CURVE ( 'NONE', #4129, #2075, #4162, .T. ) ;
#2570 = PLANE ( 'NONE',  #505 ) ;
#2571 = CARTESIAN_POINT ( 'NONE',  ( 1.949999999999999956, 1.095000000000000639, -2.195000000000000728 ) ) ;
#2572 = EDGE_LOOP ( 'NONE', ( #414, #1008, #3621, #146 ) ) ;
#2573 = CARTESIAN_POINT ( 'NONE',  ( 3.000000000000000000, 0.2194640910571611647, 1.700000000000000178 ) ) ;
#2574 = LINE ( 'NONE', #622, #1731 ) ;
#2575 = CARTESIAN_POINT ( 'NONE',  ( 2.589999999999999414, 0.02759686637614006469, -1.700000000000000178 ) ) ;
#2576 = EDGE_CURVE ( 'NONE', #4061, #1141, #3455, .T. ) ;
#2577 = CARTESIAN_POINT ( 'NONE',  ( 2.589999999999999858, 0.02759686637614006469, -0.4300000000000002709 ) ) ;
#2578 = ORIENTED_EDGE ( 'NONE', *, *, #2372, .T. ) ;
#2579 = DIRECTION ( 'NONE',  ( -0.000000000000000000, -0.000000000000000000, -1.000000000000000000 ) ) ;
#2580 = DIRECTION ( 'NONE',  ( 0.000000000000000000, -0.000000000000000000, -1.000000000000000000 ) ) ;
#2581 = CARTESIAN_POINT ( 'NONE',  ( -1.950000000000001510, 1.094999999999999307, -0.4300000000000002709 ) ) ;
#2582 = VECTOR ( 'NONE', #1532, 1000.000000000000000 ) ;
#2583 = ORIENTED_EDGE ( 'NONE', *, *, #3670, .T. ) ;
#2584 = DIRECTION ( 'NONE',  ( 9.264034324649497259E-16, -1.000000000000000000, 0.000000000000000000 ) ) ;
#2585 = VERTEX_POINT ( 'NONE', #1166 ) ;
#2586 = ORIENTED_EDGE ( 'NONE', *, *, #2286, .F. ) ;
#2587 = DIRECTION ( 'NONE',  ( 0.06975647374411794721, 0.9975640502598247528, -0.000000000000000000 ) ) ;
#2588 = DIRECTION ( 'NONE',  ( -0.000000000000000000, 1.000000000000000000, -0.000000000000000000 ) ) ;
#2589 = EDGE_CURVE ( 'NONE', #2136, #760, #196, .T. ) ;
#2590 = ORIENTED_EDGE ( 'NONE', *, *, #231, .T. ) ;
#2591 = ADVANCED_FACE ( 'NONE', ( #4223 ), #1209, .T. ) ;
#2593 = EDGE_CURVE ( 'NONE', #760, #2453, #601, .T. ) ;
#2592 = CARTESIAN_POINT ( 'NONE',  ( -1.949999999999999956, 1.095000000000000639, -2.194999999999999840 ) ) ;
#2594 = FACE_OUTER_BOUND ( 'NONE', #1227, .T. ) ;
#2595 = ORIENTED_EDGE ( 'NONE', *, *, #1971, .T. ) ;
#2596 = CARTESIAN_POINT ( 'NONE',  ( -1.950000000000001732, 0.8750000000000008882, -2.109999999999999876 ) ) ;
#2597 = DIRECTION ( 'NONE',  ( 1.000000000000000000, -0.000000000000000000, -2.224004456380521903E-16 ) ) ;
#2598 = FACE_OUTER_BOUND ( 'NONE', #3669, .T. ) ;
#2599 = CARTESIAN_POINT ( 'NONE',  ( -1.950000000000001288, 0.8750000000000008882, 0.4300000000000000488 ) ) ;
#2600 = CARTESIAN_POINT ( 'NONE',  ( 3.173098358140908197E-15, 0.5000000000000005551, 2.194999999999998952 ) ) ;
#2601 = ORIENTED_EDGE ( 'NONE', *, *, #1831, .F. ) ;
#2602 = CARTESIAN_POINT ( 'NONE',  ( -1.950000000000001732, 0.8750000000000008882, -2.109999999999999876 ) ) ;
#2603 = VECTOR ( 'NONE', #3573, 1000.000000000000000 ) ;
#2604 = ORIENTED_EDGE ( 'NONE', *, *, #964, .T. ) ;
#2605 = VERTEX_POINT ( 'NONE', #3605 ) ;
#2606 = EDGE_LOOP ( 'NONE', ( #4006, #3505 ) ) ;
#2607 = CIRCLE ( 'NONE', #2031, 0.2999999999999999334 ) ;
#2608 = AXIS2_PLACEMENT_3D ( 'NONE', #4128, #1441, #1855 ) ;
#2609 = CARTESIAN_POINT ( 'NONE',  ( -2.530926942123234102, 0.3268660814540850779, 0.4300000000000000488 ) ) ;
#2610 = LINE ( 'NONE', #1594, #370 ) ;
#2611 = CIRCLE ( 'NONE', #3168, 0.2999999999999999334 ) ;
#2612 = VECTOR ( 'NONE', #2719, 1000.000000000000000 ) ;
#2613 = ORIENTED_EDGE ( 'NONE', *, *, #376, .F. ) ;
#2614 = FACE_OUTER_BOUND ( 'NONE', #1248, .T. ) ;
#2615 = CYLINDRICAL_SURFACE ( 'NONE', #3162, 0.08000000000000194456 ) ;
#2616 = VECTOR ( 'NONE', #2939, 1000.000000000000000 ) ;
#2617 = LINE ( 'NONE', #3959, #92 ) ;
#2618 = AXIS2_PLACEMENT_3D ( 'NONE', #2212, #2827, #4178 ) ;
#2619 = EDGE_CURVE ( 'NONE', #2225, #2342, #264, .T. ) ;
#2620 = EDGE_CURVE ( 'NONE', #1877, #3595, #2610, .T. ) ;
#2621 = VECTOR ( 'NONE', #1930, 1000.000000000000000 ) ;
#2622 = CARTESIAN_POINT ( 'NONE',  ( 1.950000000000000622, 1.094999999999999307, -0.8400000000000000799 ) ) ;
#2623 = DIRECTION ( 'NONE',  ( -1.000000000000000000, -2.315624477220642195E-15, 0.000000000000000000 ) ) ;
#2624 = ADVANCED_FACE ( 'NONE', ( #3273 ), #2868, .F. ) ;
#2625 = VECTOR ( 'NONE', #3320, 1000.000000000000000 ) ;
#2626 = LINE ( 'NONE', #612, #2046 ) ;
#2627 = CARTESIAN_POINT ( 'NONE',  ( -2.230926942123233392, 0.7949999999999989297, 1.700000000000000178 ) ) ;
#2628 = AXIS2_PLACEMENT_3D ( 'NONE', #1299, #283, #1656 ) ;
#2629 = EDGE_LOOP ( 'NONE', ( #2045, #546, #2053, #3495 ) ) ;
#2630 = PLANE ( 'NONE',  #3240 ) ;
#2631 = VECTOR ( 'NONE', #3568, 1000.000000000000000 ) ;
#2632 = ORIENTED_EDGE ( 'NONE', *, *, #3068, .T. ) ;
#2633 = ORIENTED_EDGE ( 'NONE', *, *, #1171, .F. ) ;
#2634 = EDGE_CURVE ( 'NONE', #1545, #1865, #2978, .T. ) ;
#2635 = DIRECTION ( 'NONE',  ( -1.000000000000000000, 0.000000000000000000, 0.000000000000000000 ) ) ;
#2636 = ORIENTED_EDGE ( 'NONE', *, *, #558, .F. ) ;
#2637 = CARTESIAN_POINT ( 'NONE',  ( -2.610926942123235950, 0.3268660814540874093, -0.8400000000000000799 ) ) ;
#2638 = DIRECTION ( 'NONE',  ( -1.000000000000000000, 0.000000000000000000, 0.000000000000000000 ) ) ;
#2639 = ORIENTED_EDGE ( 'NONE', *, *, #2718, .F. ) ;
#2640 = DIRECTION ( 'NONE',  ( 1.000000000000000000, 0.000000000000000000, 0.000000000000000000 ) ) ;
#2641 = DIRECTION ( 'NONE',  ( 1.000000000000000000, 0.000000000000000000, -1.773745885456857878E-16 ) ) ;
#2642 = DIRECTION ( 'NONE',  ( -0.000000000000000000, -0.000000000000000000, -1.000000000000000000 ) ) ;
#2643 = EDGE_CURVE ( 'NONE', #3330, #205, #2819, .T. ) ;
#2644 = DIRECTION ( 'NONE',  ( 1.000000000000000000, 0.000000000000000000, 0.000000000000000000 ) ) ;
#2645 = FACE_OUTER_BOUND ( 'NONE', #597, .T. ) ;
#2646 = EDGE_CURVE ( 'NONE', #250, #2541, #1692, .T. ) ;
#2647 = ADVANCED_FACE ( 'NONE', ( #4053 ), #3988, .F. ) ;
#2648 = ORIENTED_EDGE ( 'NONE', *, *, #3692, .T. ) ;
#2649 = LINE ( 'NONE', #1291, #2742 ) ;
#2650 = CARTESIAN_POINT ( 'NONE',  ( 2.310926942123234351, 0.7949999999999989297, -1.700000000000000178 ) ) ;
#2651 = ORIENTED_EDGE ( 'NONE', *, *, #315, .F. ) ;
#2652 = AXIS2_PLACEMENT_3D ( 'NONE', #2059, #4089, #1447 ) ;
#2653 = VERTEX_POINT ( 'NONE', #3041 ) ;
#2654 = CARTESIAN_POINT ( 'NONE',  ( 2.230926942123232504, 0.7949999999999989297, -2.109999999999999876 ) ) ;
#2655 = VECTOR ( 'NONE', #1708, 1000.000000000000000 ) ;
#2656 = VERTEX_POINT ( 'NONE', #3657 ) ;
#2657 = CARTESIAN_POINT ( 'NONE',  ( 1.950000000000000844, 1.094999999999999307, 0.4300000000000000488 ) ) ;
#2658 = PLANE ( 'NONE',  #3428 ) ;
#2659 = ORIENTED_EDGE ( 'NONE', *, *, #3854, .F. ) ;
#2660 = LINE ( 'NONE', #3297, #1968 ) ;
#2661 = DIRECTION ( 'NONE',  ( 0.000000000000000000, 0.000000000000000000, 1.000000000000000000 ) ) ;
#2662 = CYLINDRICAL_SURFACE ( 'NONE', #2269, 0.2500000000000000000 ) ;
#2663 = CARTESIAN_POINT ( 'NONE',  ( 1.700000000000001066, 1.469999999999999751, 2.194999999999996287 ) ) ;
#2664 = LINE ( 'NONE', #983, #3885 ) ;
#2665 = CARTESIAN_POINT ( 'NONE',  ( -2.310926942123236127, 0.7949999999999989297, -1.700000000000000178 ) ) ;
#2666 = VERTEX_POINT ( 'NONE', #364 ) ;
#2667 = EDGE_CURVE ( 'NONE', #4075, #3108, #19, .T. ) ;
#2668 = EDGE_CURVE ( 'NONE', #852, #2251, #3398, .T. ) ;
#2669 = CARTESIAN_POINT ( 'NONE',  ( -2.310926942123235683, 0.7949999999999989297, -0.4300000000000002709 ) ) ;
#2670 = ORIENTED_EDGE ( 'NONE', *, *, #3717, .T. ) ;
#2671 = ORIENTED_EDGE ( 'NONE', *, *, #1407, .F. ) ;
#2672 = DIRECTION ( 'NONE',  ( -0.000000000000000000, -0.000000000000000000, -1.000000000000000000 ) ) ;
#2673 = EDGE_LOOP ( 'NONE', ( #3791, #2107, #277, #1791 ) ) ;
#2674 = VECTOR ( 'NONE', #3482, 1000.000000000000000 ) ;
#2675 = CARTESIAN_POINT ( 'NONE',  ( -2.230926942123234280, 0.7949999999999989297, -1.700000000000000178 ) ) ;
#2676 = PLANE ( 'NONE',  #2810 ) ;
#2677 = VERTEX_POINT ( 'NONE', #3018 ) ;
#2678 = FACE_OUTER_BOUND ( 'NONE', #497, .T. ) ;
#2679 = AXIS2_PLACEMENT_3D ( 'NONE', #1063, #4160, #2124 ) ;
#2680 = ORIENTED_EDGE ( 'NONE', *, *, #1232, .T. ) ;
#2681 = CARTESIAN_POINT ( 'NONE',  ( -3.000000000000000000, 0.2194640910571590831, 1.700000000000000178 ) ) ;
#2682 = CARTESIAN_POINT ( 'NONE',  ( -1.950000000000001288, 1.094999999999999307, 0.8399999999999998579 ) ) ;
#2683 = VECTOR ( 'NONE', #1529, 1000.000000000000000 ) ;
#2684 = VECTOR ( 'NONE', #2836, 1000.000000000000000 ) ;
#2685 = EDGE_CURVE ( 'NONE', #2917, #3274, #988, .T. ) ;
#2686 = VECTOR ( 'NONE', #1645, 1000.000000000000000 ) ;
#2687 = PLANE ( 'NONE',  #3810 ) ;
#2688 = CARTESIAN_POINT ( 'NONE',  ( -2.530926942123233658, 0.7949999999999989297, -0.4300000000000002709 ) ) ;
#2689 = VECTOR ( 'NONE', #3979, 1000.000000000000000 ) ;
#2690 = CARTESIAN_POINT ( 'NONE',  ( 2.530926942123233214, 0.7949999999999989297, 2.109999999999999876 ) ) ;
#2691 = CIRCLE ( 'NONE', #745, 0.08000000000000194456 ) ;
#2692 = DIRECTION ( 'NONE',  ( -1.000000000000000000, 0.000000000000000000, 0.000000000000000000 ) ) ;
#2693 = VERTEX_POINT ( 'NONE', #657 ) ;
#2694 = VERTEX_POINT ( 'NONE', #2064 ) ;
#2695 = AXIS2_PLACEMENT_3D ( 'NONE', #3220, #2883, #1931 ) ;
#2696 = DIRECTION ( 'NONE',  ( -1.000000000000000000, 0.000000000000000000, 0.000000000000000000 ) ) ;
#2697 = EDGE_CURVE ( 'NONE', #3814, #3048, #1977, .T. ) ;
#2698 = ORIENTED_EDGE ( 'NONE', *, *, #3403, .T. ) ;
#2699 = DIRECTION ( 'NONE',  ( 0.000000000000000000, 0.000000000000000000, 1.000000000000000000 ) ) ;
#2700 = LINE ( 'NONE', #3406, #3373 ) ;
#2701 = ORIENTED_EDGE ( 'NONE', *, *, #586, .T. ) ;
#2702 = EDGE_CURVE ( 'NONE', #3990, #4265, #3881, .T. ) ;
#2703 = DIRECTION ( 'NONE',  ( 0.000000000000000000, -1.000000000000000000, 0.000000000000000000 ) ) ;
#2704 = FACE_OUTER_BOUND ( 'NONE', #1854, .T. ) ;
#2705 = ORIENTED_EDGE ( 'NONE', *, *, #2576, .F. ) ;
#2706 = DIRECTION ( 'NONE',  ( -0.000000000000000000, 0.000000000000000000, -1.000000000000000000 ) ) ;
#2707 = DIRECTION ( 'NONE',  ( -9.264034324649497259E-16, 1.000000000000000000, 0.000000000000000000 ) ) ;
#2708 = DIRECTION ( 'NONE',  ( -0.9975640502598247528, -0.06975647374411832191, 0.000000000000000000 ) ) ;
#2709 = CARTESIAN_POINT ( 'NONE',  ( 2.230926942123232948, 0.7949999999999989297, 0.8399999999999998579 ) ) ;
#2710 = FACE_OUTER_BOUND ( 'NONE', #1872, .T. ) ;
#2711 = ORIENTED_EDGE ( 'NONE', *, *, #3223, .T. ) ;
#2712 = ORIENTED_EDGE ( 'NONE', *, *, #1210, .T. ) ;
#2713 = DIRECTION ( 'NONE',  ( -1.000000000000000000, 0.000000000000000000, 0.000000000000000000 ) ) ;
#2714 = CLOSED_SHELL ( 'NONE', ( #2647, #2744, #3884, #1609, #1327, #228, #1196, #2357, #1144, #1690, #1832, #1800, #3616, #2749 ) ) ;
#2715 = EDGE_LOOP ( 'NONE', ( #924, #1827, #2867, #1546, #1904, #1942, #302, #345, #1836, #1460, #2159, #209 ) ) ;
#2716 = CYLINDRICAL_SURFACE ( 'NONE', #1847, 0.2999999999999999334 ) ;
#2717 = VERTEX_POINT ( 'NONE', #3329 ) ;
#2718 = EDGE_CURVE ( 'NONE', #3602, #2120, #1310, .T. ) ;
#2719 = DIRECTION ( 'NONE',  ( -0.000000000000000000, -0.000000000000000000, -1.000000000000000000 ) ) ;
#2720 = CARTESIAN_POINT ( 'NONE',  ( -2.230926942123233836, 0.7949999999999989297, 0.8399999999999998579 ) ) ;
#2721 = EDGE_CURVE ( 'NONE', #2275, #1572, #3349, .T. ) ;
#2722 = ADVANCED_FACE ( 'NONE', ( #1649 ), #341, .F. ) ;
#2723 = ORIENTED_EDGE ( 'NONE', *, *, #1611, .F. ) ;
#2724 = DIRECTION ( 'NONE',  ( -1.000000000000000000, 0.000000000000000000, 0.000000000000000000 ) ) ;
#2725 = DIRECTION ( 'NONE',  ( -1.000000000000000000, 2.315624477220638251E-15, -0.000000000000000000 ) ) ;
#2726 = CARTESIAN_POINT ( 'NONE',  ( 2.310926942123234795, 0.7949999999999989297, 0.8399999999999998579 ) ) ;
#2727 = CARTESIAN_POINT ( 'NONE',  ( 2.590000000000000302, 0.02759686637614006469, 1.700000000000000178 ) ) ;
#2728 = SURFACE_STYLE_USAGE ( .BOTH. , #2751 ) ;
#2729 = DIRECTION ( 'NONE',  ( -1.000000000000000000, 0.000000000000000000, 0.000000000000000000 ) ) ;
#2730 = ORIENTED_EDGE ( 'NONE', *, *, #2211, .F. ) ;
#2731 = ORIENTED_EDGE ( 'NONE', *, *, #2094, .T. ) ;
#2732 = DIRECTION ( 'NONE',  ( -0.000000000000000000, 0.000000000000000000, -1.000000000000000000 ) ) ;
#2733 = ORIENTED_EDGE ( 'NONE', *, *, #1961, .F. ) ;
#2734 = DIRECTION ( 'NONE',  ( 0.9975640502598247528, -0.06975647374411832191, 0.000000000000000000 ) ) ;
#2735 = ORIENTED_EDGE ( 'NONE', *, *, #4148, .F. ) ;
#2736 = FACE_OUTER_BOUND ( 'NONE', #3423, .T. ) ;
#2737 = DIRECTION ( 'NONE',  ( -1.000000000000000000, 0.000000000000000000, 0.000000000000000000 ) ) ;
#2738 = VECTOR ( 'NONE', #442, 1000.000000000000000 ) ;
#2739 = VERTEX_POINT ( 'NONE', #4032 ) ;
#2740 = DIRECTION ( 'NONE',  ( -0.000000000000000000, -0.000000000000000000, -1.000000000000000000 ) ) ;
#2741 = CARTESIAN_POINT ( 'NONE',  ( 1.700000000000001510, 1.095000000000000639, 2.444999999999996732 ) ) ;
#2742 = VECTOR ( 'NONE', #1268, 999.9999999999998863 ) ;
#2743 = LINE ( 'NONE', #2768, #4155 ) ;
#2744 = ADVANCED_FACE ( 'NONE', ( #2996 ), #3752, .F. ) ;
#2745 = CIRCLE ( 'NONE', #865, 0.2999999999999999334 ) ;
#2746 = FACE_OUTER_BOUND ( 'NONE', #2525, .T. ) ;
#2747 =( NAMED_UNIT ( * ) PLANE_ANGLE_UNIT ( ) SI_UNIT ( $, .RADIAN. ) );
#2749 = ADVANCED_FACE ( 'NONE', ( #2710 ), #1714, .T. ) ;
#2748 = EDGE_CURVE ( 'NONE', #215, #2448, #732, .T. ) ;
#2750 = VECTOR ( 'NONE', #3430, 1000.000000000000000 ) ;
#2751 = SURFACE_SIDE_STYLE ('',( #3059 ) ) ;
#2752 = CARTESIAN_POINT ( 'NONE',  ( 2.310926942123235239, 0.3268660814540851889, 0.8399999999999998579 ) ) ;
#2753 = CIRCLE ( 'NONE', #3319, 0.2500000000000000000 ) ;
#2754 = ORIENTED_EDGE ( 'NONE', *, *, #3066, .T. ) ;
#2755 = DIRECTION ( 'NONE',  ( 1.000000000000000000, -7.718748257402128161E-16, -0.000000000000000000 ) ) ;
#2756 = VECTOR ( 'NONE', #2241, 1000.000000000000000 ) ;
#2757 = ORIENTED_EDGE ( 'NONE', *, *, #2937, .F. ) ;
#2758 = LINE ( 'NONE', #4104, #4318 ) ;
#2759 = DIRECTION ( 'NONE',  ( 1.000000000000000000, 0.000000000000000000, 0.000000000000000000 ) ) ;
#2760 = EDGE_LOOP ( 'NONE', ( #219, #896, #3549 ) ) ;
#2761 = VECTOR ( 'NONE', #496, 1000.000000000000000 ) ;
#2762 = CARTESIAN_POINT ( 'NONE',  ( 2.310926942123235239, 0.7949999999999989297, 1.700000000000000178 ) ) ;
#2763 = CYLINDRICAL_SURFACE ( 'NONE', #2261, 0.2999999999999999334 ) ;
#2764 = MECHANICAL_DESIGN_GEOMETRIC_PRESENTATION_REPRESENTATION (  '', ( #2909 ), #1434 ) ;
#2765 = ORIENTED_EDGE ( 'NONE', *, *, #2721, .F. ) ;
#2766 =( NAMED_UNIT ( * ) PLANE_ANGLE_UNIT ( ) SI_UNIT ( $, .RADIAN. ) );
#2767 = DIRECTION ( 'NONE',  ( 1.000000000000000000, 0.000000000000000000, 0.000000000000000000 ) ) ;
#2768 = CARTESIAN_POINT ( 'NONE',  ( 1.950000000000001066, 1.094999999999999307, 2.109999999999999876 ) ) ;
#2769 = CARTESIAN_POINT ( 'NONE',  ( -1.699999999999999956, 0.5000000000000005551, -2.194999999999999840 ) ) ;
#2770 = PLANE ( 'NONE',  #3538 ) ;
#2771 = ADVANCED_FACE ( 'NONE', ( #4099 ), #4119, .F. ) ;
#2772 = DIRECTION ( 'NONE',  ( -0.000000000000000000, -0.000000000000000000, -1.000000000000000000 ) ) ;
#2773 = EDGE_CURVE ( 'NONE', #2693, #4121, #3499, .T. ) ;
#2774 = EDGE_CURVE ( 'NONE', #2381, #4076, #2817, .T. ) ;
#2775 = CARTESIAN_POINT ( 'NONE',  ( 1.950000000000001066, 1.094999999999999307, 1.700000000000000178 ) ) ;
#2776 = VERTEX_POINT ( 'NONE', #790 ) ;
#2777 = CARTESIAN_POINT ( 'NONE',  ( -1.950000000000001510, 0.8750000000000008882, -0.8400000000000000799 ) ) ;
#2778 = ORIENTED_EDGE ( 'NONE', *, *, #1392, .F. ) ;
#2779 = ORIENTED_EDGE ( 'NONE', *, *, #1570, .F. ) ;
#2780 = CARTESIAN_POINT ( 'NONE',  ( 2.610926942123235506, 0.3268660814540874093, 0.8399999999999998579 ) ) ;
#2781 = VERTEX_POINT ( 'NONE', #3853 ) ;
#2782 = DIRECTION ( 'NONE',  ( -1.773745885456857385E-16, -0.000000000000000000, -1.000000000000000000 ) ) ;
#2783 = AXIS2_PLACEMENT_3D ( 'NONE', #1026, #3321, #1910 ) ;
#2784 = DIRECTION ( 'NONE',  ( 0.000000000000000000, 0.000000000000000000, 1.000000000000000000 ) ) ;
#2785 = ORIENTED_EDGE ( 'NONE', *, *, #363, .F. ) ;
#2786 = DIRECTION ( 'NONE',  ( 0.000000000000000000, -1.000000000000000000, 0.000000000000000000 ) ) ;
#2787 = CARTESIAN_POINT ( 'NONE',  ( -2.530926942123233658, 0.7949999999999989297, 0.4300000000000000488 ) ) ;
#2788 = AXIS2_PLACEMENT_3D ( 'NONE', #4065, #1061, #405 ) ;
#2789 = DIRECTION ( 'NONE',  ( 1.000000000000000000, -2.701561890090745152E-15, 0.000000000000000000 ) ) ;
#2790 = DIRECTION ( 'NONE',  ( -1.000000000000000000, 0.000000000000000000, 0.000000000000000000 ) ) ;
#2791 = PLANE ( 'NONE',  #388 ) ;
#2792 = LINE ( 'NONE', #3218, #3597 ) ;
#2793 = CARTESIAN_POINT ( 'NONE',  ( -1.699999999999999956, 1.469999999999999751, -2.194999999999999840 ) ) ;
#2794 = ORIENTED_EDGE ( 'NONE', *, *, #1019, .T. ) ;
#2795 = EDGE_CURVE ( 'NONE', #3225, #4349, #1094, .T. ) ;
#2796 = ADVANCED_FACE ( 'NONE', ( #2489 ), #2425, .F. ) ;
#2797 = CARTESIAN_POINT ( 'NONE',  ( 1.950000000000000400, 1.094999999999999307, -1.700000000000000178 ) ) ;
#2798 = EDGE_CURVE ( 'NONE', #3989, #2693, #2132, .T. ) ;
#2799 = ORIENTED_EDGE ( 'NONE', *, *, #2646, .F. ) ;
#2800 = ORIENTED_EDGE ( 'NONE', *, *, #2915, .F. ) ;
#2801 = EDGE_LOOP ( 'NONE', ( #3483, #1010, #2852, #1631 ) ) ;
#2802 = EDGE_CURVE ( 'NONE', #1419, #2839, #433, .T. ) ;
#2803 = CARTESIAN_POINT ( 'NONE',  ( 1.950000000000001066, 1.094999999999999307, 2.109999999999999876 ) ) ;
#2804 = DIRECTION ( 'NONE',  ( -0.000000000000000000, -0.000000000000000000, -1.000000000000000000 ) ) ;
#2805 = ORIENTED_EDGE ( 'NONE', *, *, #231, .F. ) ;
#2806 = CARTESIAN_POINT ( 'NONE',  ( 1.950000000000000622, 1.094999999999999307, -0.4300000000000002709 ) ) ;
#2807 = DIRECTION ( 'NONE',  ( -9.264034324649497259E-16, -1.000000000000000000, 0.000000000000000000 ) ) ;
#2808 = LINE ( 'NONE', #2420, #2534 ) ;
#2809 = VECTOR ( 'NONE', #3155, 1000.000000000000000 ) ;
#2810 = AXIS2_PLACEMENT_3D ( 'NONE', #3050, #3443, #3425 ) ;
#2811 = FACE_OUTER_BOUND ( 'NONE', #1353, .T. ) ;
#2812 = ORIENTED_EDGE ( 'NONE', *, *, #3987, .T. ) ;
#2813 = VECTOR ( 'NONE', #655, 1000.000000000000000 ) ;
#2814 = DIRECTION ( 'NONE',  ( 1.000000000000000000, 0.000000000000000000, 0.000000000000000000 ) ) ;
#2815 = AXIS2_PLACEMENT_3D ( 'NONE', #2880, #3006, #1338 ) ;
#2816 = VECTOR ( 'NONE', #2165, 1000.000000000000000 ) ;
#2817 = LINE ( 'NONE', #4169, #444 ) ;
#2818 = ORIENTED_EDGE ( 'NONE', *, *, #1433, .F. ) ;
#2819 = CIRCLE ( 'NONE', #941, 0.08000000000000194456 ) ;
#2820 = VECTOR ( 'NONE', #3862, 1000.000000000000000 ) ;
#2821 = CYLINDRICAL_SURFACE ( 'NONE', #1897, 0.2999999999999999334 ) ;
#2822 = AXIS2_PLACEMENT_3D ( 'NONE', #1154, #4115, #2790 ) ;
#2823 = ORIENTED_EDGE ( 'NONE', *, *, #1093, .F. ) ;
#2824 = CARTESIAN_POINT ( 'NONE',  ( -2.610926942123235506, 0.3268660814540874093, 2.109999999999999876 ) ) ;
#2825 = ORIENTED_EDGE ( 'NONE', *, *, #3339, .T. ) ;
#2826 = AXIS2_PLACEMENT_3D ( 'NONE', #693, #960, #1303 ) ;
#2827 = DIRECTION ( 'NONE',  ( -1.734723475976807094E-15, 0.000000000000000000, 1.000000000000000000 ) ) ;
#2828 = CARTESIAN_POINT ( 'NONE',  ( 1.699999999999999956, 1.469999999999999751, -2.195000000000000728 ) ) ;
#2829 = EDGE_CURVE ( 'NONE', #1147, #3831, #869, .T. ) ;
#2830 = EDGE_LOOP ( 'NONE', ( #3770, #2927, #3118, #833 ) ) ;
#2831 = EDGE_CURVE ( 'NONE', #3359, #3973, #3128, .T. ) ;
#2832 = CIRCLE ( 'NONE', #2340, 0.08000000000000194456 ) ;
#2834 = EDGE_CURVE ( 'NONE', #441, #4265, #3769, .T. ) ;
#2833 = LINE ( 'NONE', #1509, #881 ) ;
#2835 = DIRECTION ( 'NONE',  ( -1.000000000000000000, 0.000000000000000000, 0.000000000000000000 ) ) ;
#2836 = DIRECTION ( 'NONE',  ( -0.000000000000000000, -1.000000000000000000, -0.000000000000000000 ) ) ;
#2837 = COLOUR_RGB ( '',0.7921568627450980005, 0.8196078431372548767, 0.9333333333333333481 ) ;
#2838 = PLANE ( 'NONE',  #30 ) ;
#2839 = VERTEX_POINT ( 'NONE', #850 ) ;
#2840 =( NAMED_UNIT ( * ) PLANE_ANGLE_UNIT ( ) SI_UNIT ( $, .RADIAN. ) );
#2841 = FACE_OUTER_BOUND ( 'NONE', #3707, .T. ) ;
#2842 = CYLINDRICAL_SURFACE ( 'NONE', #873, 0.2500000000000000000 ) ;
#2843 = CARTESIAN_POINT ( 'NONE',  ( -2.590000000000000746, 0.02759686637614006469, -0.4300000000000002709 ) ) ;
#2844 = VERTEX_POINT ( 'NONE', #2752 ) ;
#2845 = FACE_OUTER_BOUND ( 'NONE', #2173, .T. ) ;
#2846 = VERTEX_POINT ( 'NONE', #166 ) ;
#2847 = ORIENTED_EDGE ( 'NONE', *, *, #1744, .F. ) ;
#2848 = DIRECTION ( 'NONE',  ( -0.000000000000000000, -0.000000000000000000, -1.000000000000000000 ) ) ;
#2849 = ORIENTED_EDGE ( 'NONE', *, *, #2697, .T. ) ;
#2850 = DIRECTION ( 'NONE',  ( 0.000000000000000000, 1.000000000000000000, 0.000000000000000000 ) ) ;
#2851 = DIRECTION ( 'NONE',  ( 1.000000000000000000, 0.000000000000000000, 0.000000000000000000 ) ) ;
#2852 = ORIENTED_EDGE ( 'NONE', *, *, #1960, .F. ) ;
#2853 = CARTESIAN_POINT ( 'NONE',  ( -1.950000000000001510, 1.094999999999999307, -0.8400000000000000799 ) ) ;
#2854 = DIRECTION ( 'NONE',  ( -0.000000000000000000, -0.000000000000000000, -1.000000000000000000 ) ) ;
#2855 = CARTESIAN_POINT ( 'NONE',  ( 2.610926942123235506, 0.3268660814540874093, 2.109999999999999876 ) ) ;
#2856 = EDGE_CURVE ( 'NONE', #1182, #1745, #2331, .T. ) ;
#2857 = CARTESIAN_POINT ( 'NONE',  ( -2.530926942123234102, 0.3268660814540850779, 0.8399999999999998579 ) ) ;
#2858 = EDGE_LOOP ( 'NONE', ( #3489, #2613, #3331, #4127 ) ) ;
#2859 = EDGE_LOOP ( 'NONE', ( #3734, #2214, #3466, #2554 ) ) ;
#2860 = VECTOR ( 'NONE', #2419, 1000.000000000000000 ) ;
#2861 = CARTESIAN_POINT ( 'NONE',  ( 2.610926942123235506, 0.3268660814540874093, 0.8399999999999998579 ) ) ;
#2862 = CARTESIAN_POINT ( 'NONE',  ( -1.950000000000001066, 0.8750000000000008882, 2.109999999999999876 ) ) ;
#2863 = CARTESIAN_POINT ( 'NONE',  ( -2.230926942123233836, 0.8750000000000011102, 0.8399999999999998579 ) ) ;
#2864 = EDGE_LOOP ( 'NONE', ( #3691, #1735, #3790, #1979, #3293, #1384, #1521, #3901, #4041, #79, #3044, #1311 ) ) ;
#2865 = LINE ( 'NONE', #4217, #2674 ) ;
#2866 = VERTEX_POINT ( 'NONE', #3518 ) ;
#2867 = ORIENTED_EDGE ( 'NONE', *, *, #1917, .T. ) ;
#2868 = CYLINDRICAL_SURFACE ( 'NONE', #589, 0.3118944375622300091 ) ;
#2869 = EDGE_LOOP ( 'NONE', ( #2794, #1896, #1402, #2711 ) ) ;
#2870 = DIRECTION ( 'NONE',  ( -0.000000000000000000, -0.000000000000000000, -1.000000000000000000 ) ) ;
#2871 = DIRECTION ( 'NONE',  ( -1.773745885456857385E-16, 0.000000000000000000, -1.000000000000000000 ) ) ;
#2872 = ORIENTED_EDGE ( 'NONE', *, *, #98, .F. ) ;
#2873 = DIRECTION ( 'NONE',  ( -1.000000000000000000, 0.000000000000000000, 2.217182356821073703E-16 ) ) ;
#2874 = CARTESIAN_POINT ( 'NONE',  ( -1.950000000000001510, 1.094999999999999307, -0.4300000000000002709 ) ) ;
#2875 = DIRECTION ( 'NONE',  ( -0.000000000000000000, -0.000000000000000000, -1.000000000000000000 ) ) ;
#2876 = CARTESIAN_POINT ( 'NONE',  ( 1.949999999999999956, 1.469999999999999751, -2.445000000000001172 ) ) ;
#2877 = ORIENTED_EDGE ( 'NONE', *, *, #394, .T. ) ;
#2878 = ORIENTED_EDGE ( 'NONE', *, *, #1519, .T. ) ;
#2879 = ADVANCED_FACE ( 'NONE', ( #2465 ), #2842, .T. ) ;
#2880 = CARTESIAN_POINT ( 'NONE',  ( -1.699999999999999067, 1.469999999999999751, 2.195000000000001172 ) ) ;
#2881 = VECTOR ( 'NONE', #3105, 1000.000000000000000 ) ;
#2882 = DIRECTION ( 'NONE',  ( -0.000000000000000000, -0.000000000000000000, -1.000000000000000000 ) ) ;
#2883 = DIRECTION ( 'NONE',  ( -0.06975647374411832191, 0.9975640502598247528, 0.000000000000000000 ) ) ;
#2885 = ADVANCED_FACE ( 'NONE', ( #4191 ), #1130, .T. ) ;
#2884 = EDGE_CURVE ( 'NONE', #1545, #1414, #2753, .T. ) ;
#2886 = ORIENTED_EDGE ( 'NONE', *, *, #3031, .F. ) ;
#2887 = DIRECTION ( 'NONE',  ( -1.000000000000000000, 0.000000000000000000, 0.000000000000000000 ) ) ;
#2888 = ORIENTED_EDGE ( 'NONE', *, *, #4341, .T. ) ;
#2889 = VERTEX_POINT ( 'NONE', #1176 ) ;
#2890 = EDGE_LOOP ( 'NONE', ( #3527, #3501, #752, #1986 ) ) ;
#2891 = AXIS2_PLACEMENT_3D ( 'NONE', #772, #3437, #1497 ) ;
#2892 = VECTOR ( 'NONE', #3693, 1000.000000000000000 ) ;
#2893 =( NAMED_UNIT ( * ) PLANE_ANGLE_UNIT ( ) SI_UNIT ( $, .RADIAN. ) );
#2894 = ORIENTED_EDGE ( 'NONE', *, *, #964, .F. ) ;
#2895 = CARTESIAN_POINT ( 'NONE',  ( 1.950000000000001066, 1.094999999999999307, 2.109999999999999876 ) ) ;
#2896 = PLANE ( 'NONE',  #3035 ) ;
#2897 = VECTOR ( 'NONE', #218, 1000.000000000000000 ) ;
#2898 = ORIENTED_EDGE ( 'NONE', *, *, #1435, .T. ) ;
#2899 = DIRECTION ( 'NONE',  ( -1.000000000000000000, 0.000000000000000000, 0.000000000000000000 ) ) ;
#2900 = DIRECTION ( 'NONE',  ( -1.000000000000000000, 0.000000000000000000, 0.000000000000000000 ) ) ;
#2901 = AXIS2_PLACEMENT_3D ( 'NONE', #3146, #141, #1472 ) ;
#2902 = CARTESIAN_POINT ( 'NONE',  ( 2.230926942123233392, 1.094999999999998863, 2.109999999999999876 ) ) ;
#2903 = CIRCLE ( 'NONE', #1356, 0.07999999999999977962 ) ;
#2904 = CARTESIAN_POINT ( 'NONE',  ( -2.984653575776293977, 4.814824860968089633E-32, 2.109999999999999876 ) ) ;
#2905 = VERTEX_POINT ( 'NONE', #3480 ) ;
#2906 = PRODUCT_CONTEXT ( 'NONE', #3593, 'mechanical' ) ;
#2907 = CIRCLE ( 'NONE', #3468, 0.08000000000000194456 ) ;
#2908 = CARTESIAN_POINT ( 'NONE',  ( -1.950000000000001066, 0.8750000000000008882, 1.700000000000000178 ) ) ;
#2909 = STYLED_ITEM ( 'NONE', ( #1777 ), #3594 ) ;
#2910 = CARTESIAN_POINT ( 'NONE',  ( 2.589999999999999858, 0.02759686637614006469, 0.4300000000000000488 ) ) ;
#2911 = DIRECTION ( 'NONE',  ( 1.000000000000000000, -2.701561890090745152E-15, 0.000000000000000000 ) ) ;
#2912 = ORIENTED_EDGE ( 'NONE', *, *, #2427, .T. ) ;
#2913 = ADVANCED_FACE ( 'NONE', ( #3106 ), #477, .F. ) ;
#2914 = LINE ( 'NONE', #2309, #2813 ) ;
#2915 = EDGE_CURVE ( 'NONE', #2179, #3760, #2510, .T. ) ;
#2916 = EDGE_LOOP ( 'NONE', ( #3431, #289, #4141, #3643 ) ) ;
#2917 = VERTEX_POINT ( 'NONE', #2910 ) ;
#2918 = DIRECTION ( 'NONE',  ( -0.000000000000000000, -0.000000000000000000, -1.000000000000000000 ) ) ;
#2919 = DIRECTION ( 'NONE',  ( 0.9975640502598247528, 0.06975647374411832191, -0.000000000000000000 ) ) ;
#2920 = ORIENTED_EDGE ( 'NONE', *, *, #3126, .F. ) ;
#2921 = CARTESIAN_POINT ( 'NONE',  ( -2.230926942123233836, 0.8750000000000011102, -0.8400000000000000799 ) ) ;
#2922 = LINE ( 'NONE', #994, #4229 ) ;
#2923 = ORIENTED_EDGE ( 'NONE', *, *, #3717, .F. ) ;
#2924 = PLANE ( 'NONE',  #4161 ) ;
#2925 = DIRECTION ( 'NONE',  ( -0.9975640502598247528, 0.06975647374411832191, 0.000000000000000000 ) ) ;
#2926 = DIRECTION ( 'NONE',  ( -0.000000000000000000, -0.000000000000000000, -1.000000000000000000 ) ) ;
#2927 = ORIENTED_EDGE ( 'NONE', *, *, #967, .F. ) ;
#2928 = CLOSED_SHELL ( 'NONE', ( #3524, #2485, #611, #474, #552, #362, #1845, #911, #4195, #3100, #1644, #1861, #3238, #4290 ) ) ;
#2929 = DIRECTION ( 'NONE',  ( -1.000000000000000000, 0.000000000000000000, 0.000000000000000000 ) ) ;
#2930 = CARTESIAN_POINT ( 'NONE',  ( 2.530926942123232770, 0.7949999999999989297, 0.8399999999999998579 ) ) ;
#2931 = VECTOR ( 'NONE', #2725, 1000.000000000000000 ) ;
#2932 = EDGE_LOOP ( 'NONE', ( #1053, #878, #705, #3541 ) ) ;
#2933 = DIRECTION ( 'NONE',  ( 1.000000000000000000, -7.718748257402128161E-16, -0.000000000000000000 ) ) ;
#2934 = ORIENTED_EDGE ( 'NONE', *, *, #2417, .T. ) ;
#2935 = ORIENTED_EDGE ( 'NONE', *, *, #1376, .F. ) ;
#2936 = EDGE_CURVE ( 'NONE', #2781, #2363, #3954, .T. ) ;
#2937 = EDGE_CURVE ( 'NONE', #2018, #643, #3877, .T. ) ;
#2938 = CARTESIAN_POINT ( 'NONE',  ( -2.310926942123236572, 0.3268660814540851889, -2.109999999999999876 ) ) ;
#2939 = DIRECTION ( 'NONE',  ( 1.000000000000000000, -2.701561890090745152E-15, 0.000000000000000000 ) ) ;
#2940 = ORIENTED_EDGE ( 'NONE', *, *, #3797, .F. ) ;
#2941 = LINE ( 'NONE', #3024, #3816 ) ;
#2942 = LINE ( 'NONE', #1276, #1131 ) ;
#2943 = EDGE_CURVE ( 'NONE', #1876, #4236, #2558, .T. ) ;
#2944 = CARTESIAN_POINT ( 'NONE',  ( 2.230926942123232948, 0.8750000000000009992, -0.4300000000000002709 ) ) ;
#2945 = DIRECTION ( 'NONE',  ( -0.000000000000000000, -0.000000000000000000, -1.000000000000000000 ) ) ;
#2946 = CARTESIAN_POINT ( 'NONE',  ( -2.230926942123233836, 0.7949999999999989297, 0.4300000000000000488 ) ) ;
#2947 = DIRECTION ( 'NONE',  ( 0.000000000000000000, 0.000000000000000000, 1.000000000000000000 ) ) ;
#2948 = ORIENTED_EDGE ( 'NONE', *, *, #2773, .F. ) ;
#2949 = DIRECTION ( 'NONE',  ( 0.06975647374411832191, 0.9975640502598247528, -0.000000000000000000 ) ) ;
#2950 = EDGE_CURVE ( 'NONE', #3450, #3216, #2201, .T. ) ;
#2951 = CARTESIAN_POINT ( 'NONE',  ( -2.230926942123233392, 0.7949999999999989297, 2.109999999999999876 ) ) ;
#2952 = VERTEX_POINT ( 'NONE', #540 ) ;
#2953 = FACE_OUTER_BOUND ( 'NONE', #1481, .T. ) ;
#2954 = VECTOR ( 'NONE', #3991, 1000.000000000000000 ) ;
#2955 = VERTEX_POINT ( 'NONE', #4300 ) ;
#2956 = EDGE_LOOP ( 'NONE', ( #989, #729, #320, #1638, #3711, #3444, #1925, #1051, #4132, #3908, #3441, #3647 ) ) ;
#2957 = ORIENTED_EDGE ( 'NONE', *, *, #432, .T. ) ;
#2958 = CIRCLE ( 'NONE', #2100, 0.07999999999999977962 ) ;
#2959 = CIRCLE ( 'NONE', #1003, 0.08000000000000194456 ) ;
#2960 = LINE ( 'NONE', #3332, #2954 ) ;
#2961 = VECTOR ( 'NONE', #4153, 1000.000000000000000 ) ;
#2962 = AXIS2_PLACEMENT_3D ( 'NONE', #1102, #69, #1081 ) ;
#2963 = ORIENTED_EDGE ( 'NONE', *, *, #3695, .F. ) ;
#2964 = DIRECTION ( 'NONE',  ( 0.000000000000000000, -1.000000000000000000, 0.000000000000000000 ) ) ;
#2965 = CARTESIAN_POINT ( 'NONE',  ( 1.950000000000000844, 0.8750000000000018874, 0.4300000000000000488 ) ) ;
#2966 = ORIENTED_EDGE ( 'NONE', *, *, #3016, .T. ) ;
#2967 = ADVANCED_FACE ( 'NONE', ( #1264 ), #3281, .T. ) ;
#2968 = AXIS2_PLACEMENT_3D ( 'NONE', #680, #702, #2016 ) ;
#2969 = CARTESIAN_POINT ( 'NONE',  ( 1.699999999999999956, 0.5000000000000005551, -2.195000000000000728 ) ) ;
#2970 = ADVANCED_FACE ( 'NONE', ( #965 ), #3194, .T. ) ;
#2971 =( NAMED_UNIT ( * ) PLANE_ANGLE_UNIT ( ) SI_UNIT ( $, .RADIAN. ) );
#2972 = CARTESIAN_POINT ( 'NONE',  ( -2.610926942123235950, 0.3268660814540874093, -0.4300000000000002709 ) ) ;
#2973 = DIRECTION ( 'NONE',  ( 0.000000000000000000, -1.000000000000000000, 0.000000000000000000 ) ) ;
#2974 = DIRECTION ( 'NONE',  ( 0.000000000000000000, 0.000000000000000000, 1.000000000000000000 ) ) ;
#2975 = ORIENTED_EDGE ( 'NONE', *, *, #4012, .T. ) ;
#2976 = DIRECTION ( 'NONE',  ( 1.000000000000000000, 0.000000000000000000, -0.000000000000000000 ) ) ;
#2977 = AXIS2_PLACEMENT_3D ( 'NONE', #2013, #1004, #2708 ) ;
#2978 = LINE ( 'NONE', #2310, #1347 ) ;
#2979 = EDGE_LOOP ( 'NONE', ( #1494, #2007, #2220, #4103 ) ) ;
#2980 = EDGE_LOOP ( 'NONE', ( #1635, #1650, #681, #1504 ) ) ;
#2981 = DIRECTION ( 'NONE',  ( -0.9975640502598247528, 0.06975647374411794721, 0.000000000000000000 ) ) ;
#2982 = EDGE_LOOP ( 'NONE', ( #1446, #2886, #618, #3861 ) ) ;
#2983 = DIRECTION ( 'NONE',  ( 9.264034324649497259E-16, 1.000000000000000000, -0.000000000000000000 ) ) ;
#2984 = DIRECTION ( 'NONE',  ( -1.734723475976807094E-15, 0.000000000000000000, -1.000000000000000000 ) ) ;
#2985 = ORIENTED_EDGE ( 'NONE', *, *, #2374, .T. ) ;
#2986 = CARTESIAN_POINT ( 'NONE',  ( 2.984653575776293977, 4.814824860968089633E-32, 2.109999999999999876 ) ) ;
#2987 = LINE ( 'NONE', #331, #2325 ) ;
#2988 = CYLINDRICAL_SURFACE ( 'NONE', #3256, 0.2999999999999999334 ) ;
#2989 = SPHERICAL_SURFACE ( 'NONE', #3347, 0.2500000000000000000 ) ;
#2990 = ADVANCED_FACE ( 'NONE', ( #3903 ), #1224, .F. ) ;
#2991 = CARTESIAN_POINT ( 'NONE',  ( -1.699999999999999067, 1.469999999999999751, 2.195000000000001172 ) ) ;
#2992 = CARTESIAN_POINT ( 'NONE',  ( 2.310926942123234795, 0.7949999999999989297, 0.8399999999999998579 ) ) ;
#2993 = ORIENTED_EDGE ( 'NONE', *, *, #2088, .T. ) ;
#2994 = AXIS2_PLACEMENT_3D ( 'NONE', #10, #4000, #4281 ) ;
#2995 = DIRECTION ( 'NONE',  ( 0.000000000000000000, 0.000000000000000000, 1.000000000000000000 ) ) ;
#2996 = FACE_OUTER_BOUND ( 'NONE', #683, .T. ) ;
#2997 = ORIENTED_EDGE ( 'NONE', *, *, #3558, .T. ) ;
#2998 = VERTEX_POINT ( 'NONE', #186 ) ;
#2999 = CARTESIAN_POINT ( 'NONE',  ( 2.230926942123232948, 1.094999999999998863, 0.4300000000000000488 ) ) ;
#3000 = ORIENTED_EDGE ( 'NONE', *, *, #849, .F. ) ;
#3001 = CYLINDRICAL_SURFACE ( 'NONE', #3325, 0.2999999999999999334 ) ;
#3002 = PLANE ( 'NONE',  #580 ) ;
#3003 = EDGE_CURVE ( 'NONE', #3521, #4253, #899, .T. ) ;
#3004 = ORIENTED_EDGE ( 'NONE', *, *, #4272, .F. ) ;
#3005 = DIRECTION ( 'NONE',  ( 0.9975640502598247528, -0.06975647374411832191, 0.000000000000000000 ) ) ;
#3006 = DIRECTION ( 'NONE',  ( -0.000000000000000000, -1.000000000000000000, 0.000000000000000000 ) ) ;
#3007 = EDGE_LOOP ( 'NONE', ( #1235, #2898, #568 ) ) ;
#3008 = CARTESIAN_POINT ( 'NONE',  ( -2.590000000000000746, 0.02759686637614006469, 0.4300000000000000488 ) ) ;
#3009 = LINE ( 'NONE', #288, #832 ) ;
#3010 = ADVANCED_FACE ( 'NONE', ( #2222 ), #3567, .F. ) ;
#3011 = EDGE_CURVE ( 'NONE', #142, #3909, #2626, .T. ) ;
#3012 = DIRECTION ( 'NONE',  ( -0.000000000000000000, -0.000000000000000000, -1.000000000000000000 ) ) ;
#3013 = DIRECTION ( 'NONE',  ( -0.06975647374411858559, 0.9975640502598246417, 0.000000000000000000 ) ) ;
#3014 = ADVANCED_FACE ( 'NONE', ( #1287 ), #4282, .F. ) ;
#3015 = CARTESIAN_POINT ( 'NONE',  ( -1.130415582602296354, 1.719999999999999751, -1.664089754143847300 ) ) ;
#3016 = EDGE_CURVE ( 'NONE', #2605, #215, #3265, .T. ) ;
#3017 = EDGE_CURVE ( 'NONE', #2363, #1336, #919, .T. ) ;
#3018 = CARTESIAN_POINT ( 'NONE',  ( -2.605346424223706769, 0.2470609574332993108, -0.8400000000000000799 ) ) ;
#3019 = ORIENTED_EDGE ( 'NONE', *, *, #1787, .T. ) ;
#3020 = ORIENTED_EDGE ( 'NONE', *, *, #3620, .F. ) ;
#3021 = SPHERICAL_SURFACE ( 'NONE', #3660, 0.2500000000000000000 ) ;
#3022 = ORIENTED_EDGE ( 'NONE', *, *, #3343, .F. ) ;
#3023 = VECTOR ( 'NONE', #3547, 1000.000000000000000 ) ;
#3024 = CARTESIAN_POINT ( 'NONE',  ( -2.310926942123235683, 0.7949999999999989297, -0.8400000000000000799 ) ) ;
#3025 = STYLED_ITEM ( 'NONE', ( #2515 ), #718 ) ;
#3026 = PRESENTATION_STYLE_ASSIGNMENT (( #2002 ) ) ;
#3027 = ORIENTED_EDGE ( 'NONE', *, *, #2478, .F. ) ;
#3028 = DIRECTION ( 'NONE',  ( 0.06975647374411794721, 0.9975640502598247528, -0.000000000000000000 ) ) ;
#3029 = FACE_OUTER_BOUND ( 'NONE', #3555, .T. ) ;
#3030 = AXIS2_PLACEMENT_3D ( 'NONE', #421, #1742, #89 ) ;
#3031 = EDGE_CURVE ( 'NONE', #205, #2567, #234, .T. ) ;
#3032 = ORIENTED_EDGE ( 'NONE', *, *, #756, .T. ) ;
#3033 = LINE ( 'NONE', #9, #3393 ) ;
#3034 = DIRECTION ( 'NONE',  ( 9.264034324649497259E-16, -1.000000000000000000, 0.000000000000000000 ) ) ;
#3035 = AXIS2_PLACEMENT_3D ( 'NONE', #1575, #1255, #4201 ) ;
#3036 = CIRCLE ( 'NONE', #371, 0.3118944375622300091 ) ;
#3037 = CARTESIAN_POINT ( 'NONE',  ( -2.984653575776293977, 4.814824860968089633E-32, 1.700000000000000178 ) ) ;
#3038 = DIRECTION ( 'NONE',  ( -0.000000000000000000, -0.000000000000000000, -1.000000000000000000 ) ) ;
#3039 = AXIS2_PLACEMENT_3D ( 'NONE', #1403, #1060, #4133 ) ;
#3040 = DIRECTION ( 'NONE',  ( 1.000000000000000000, 0.000000000000000000, 0.000000000000000000 ) ) ;
#3041 = CARTESIAN_POINT ( 'NONE',  ( -2.530926942123233214, 0.7949999999999989297, 1.700000000000000178 ) ) ;
#3042 = VERTEX_POINT ( 'NONE', #591 ) ;
#3043 = EDGE_CURVE ( 'NONE', #2666, #760, #304, .T. ) ;
#3044 = ORIENTED_EDGE ( 'NONE', *, *, #4010, .T. ) ;
#3045 = EDGE_CURVE ( 'NONE', #420, #2273, #1517, .T. ) ;
#3046 = VECTOR ( 'NONE', #828, 1000.000000000000000 ) ;
#3047 = CYLINDRICAL_SURFACE ( 'NONE', #1487, 0.2999999999999999334 ) ;
#3048 = VERTEX_POINT ( 'NONE', #3719 ) ;
#3049 = CARTESIAN_POINT ( 'NONE',  ( -2.610926942123235950, 0.3268660814540874093, -0.4300000000000002709 ) ) ;
#3050 = CARTESIAN_POINT ( 'NONE',  ( -1.130415582602296354, 1.619999999999999662, -1.664089754143847300 ) ) ;
#3051 = ORIENTED_EDGE ( 'NONE', *, *, #1778, .T. ) ;
#3052 = LINE ( 'NONE', #1703, #1557 ) ;
#3053 = FACE_OUTER_BOUND ( 'NONE', #3757, .T. ) ;
#3054 = EDGE_LOOP ( 'NONE', ( #519, #4328, #246, #2390 ) ) ;
#3055 = LINE ( 'NONE', #3120, #2931 ) ;
#3056 = CARTESIAN_POINT ( 'NONE',  ( -2.310926942123235683, 0.7949999999999989297, 0.8399999999999998579 ) ) ;
#3057 = DIRECTION ( 'NONE',  ( 2.701561890090745152E-15, 1.000000000000000000, -0.000000000000000000 ) ) ;
#3058 = CARTESIAN_POINT ( 'NONE',  ( -3.000000000000000444, 0.2194640910571590831, -0.4300000000000002709 ) ) ;
#3059 = SURFACE_STYLE_FILL_AREA ( #1752 ) ;
#3060 = DIRECTION ( 'NONE',  ( 0.9975640502598247528, -0.06975647374411832191, 0.000000000000000000 ) ) ;
#3061 = ORIENTED_EDGE ( 'NONE', *, *, #2175, .T. ) ;
#3062 = ORIENTED_EDGE ( 'NONE', *, *, #68, .F. ) ;
#3063 = DIRECTION ( 'NONE',  ( 0.000000000000000000, 0.000000000000000000, -1.000000000000000000 ) ) ;
#3064 = UNCERTAINTY_MEASURE_WITH_UNIT (LENGTH_MEASURE( 1.000000000000000082E-05 ), #2454, 'distance_accuracy_value', 'NONE');
#3065 = EDGE_LOOP ( 'NONE', ( #2154, #971, #3514, #2785 ) ) ;
#3066 = EDGE_CURVE ( 'NONE', #50, #3646, #1389, .T. ) ;
#3067 = CYLINDRICAL_SURFACE ( 'NONE', #314, 0.2500000000000000000 ) ;
#3068 = EDGE_CURVE ( 'NONE', #3984, #3404, #2664, .T. ) ;
#3069 = CARTESIAN_POINT ( 'NONE',  ( -3.000000000000000888, 0.2194640910571590831, -2.109999999999999876 ) ) ;
#3070 = ORIENTED_EDGE ( 'NONE', *, *, #2668, .T. ) ;
#3071 = VECTOR ( 'NONE', #3957, 1000.000000000000000 ) ;
#3072 = PLANE ( 'NONE',  #2962 ) ;
#3073 = CARTESIAN_POINT ( 'NONE',  ( 2.230926942123232948, 0.7949999999999989297, 0.8399999999999998579 ) ) ;
#3074 = ORIENTED_EDGE ( 'NONE', *, *, #337, .F. ) ;
#3075 = DIRECTION ( 'NONE',  ( -0.000000000000000000, -0.000000000000000000, -1.000000000000000000 ) ) ;
#3076 = CARTESIAN_POINT ( 'NONE',  ( 2.310926942123234795, 0.7949999999999989297, 0.4300000000000000488 ) ) ;
#3077 = CARTESIAN_POINT ( 'NONE',  ( -2.230926942123234280, 0.7949999999999989297, -1.700000000000000178 ) ) ;
#3078 = DIRECTION ( 'NONE',  ( 0.000000000000000000, 0.000000000000000000, -1.000000000000000000 ) ) ;
#3079 = LINE ( 'NONE', #2038, #4320 ) ;
#3080 = DIRECTION ( 'NONE',  ( 2.701561890090745152E-15, 1.000000000000000000, -0.000000000000000000 ) ) ;
#3081 = DIRECTION ( 'NONE',  ( 0.000000000000000000, 0.000000000000000000, 1.000000000000000000 ) ) ;
#3082 = VERTEX_POINT ( 'NONE', #3037 ) ;
#3083 = VERTEX_POINT ( 'NONE', #629 ) ;
#3084 = FACE_OUTER_BOUND ( 'NONE', #1762, .T. ) ;
#3085 = VERTEX_POINT ( 'NONE', #37 ) ;
#3086 = CARTESIAN_POINT ( 'NONE',  ( -1.950000000000001732, 1.094999999999999307, -2.109999999999999876 ) ) ;
#3087 = CARTESIAN_POINT ( 'NONE',  ( -1.130415582602296354, 1.719999999999999751, -1.664089754143847300 ) ) ;
#3088 = ORIENTED_EDGE ( 'NONE', *, *, #810, .T. ) ;
#3089 = FACE_OUTER_BOUND ( 'NONE', #1502, .T. ) ;
#3090 = PLANE ( 'NONE',  #2538 ) ;
#3091 = VECTOR ( 'NONE', #1608, 1000.000000000000000 ) ;
#3092 = CIRCLE ( 'NONE', #1548, 0.2500000000000000000 ) ;
#3093 = EDGE_LOOP ( 'NONE', ( #982, #1189, #480, #3305 ) ) ;
#3094 = CARTESIAN_POINT ( 'NONE',  ( 2.230926942123232948, 1.094999999999998863, -0.4300000000000002709 ) ) ;
#3095 = LINE ( 'NONE', #694, #2655 ) ;
#3096 = EDGE_CURVE ( 'NONE', #416, #1572, #4019, .T. ) ;
#3097 = VECTOR ( 'NONE', #2533, 1000.000000000000000 ) ;
#3098 = DIRECTION ( 'NONE',  ( -0.000000000000000000, 1.000000000000000000, -0.000000000000000000 ) ) ;
#3099 = VECTOR ( 'NONE', #1379, 1000.000000000000000 ) ;
#3100 = ADVANCED_FACE ( 'NONE', ( #338 ), #2687, .F. ) ;
#3101 = CIRCLE ( 'NONE', #1479, 0.2999999999999999334 ) ;
#3102 = DIRECTION ( 'NONE',  ( 0.000000000000000000, 0.000000000000000000, -1.000000000000000000 ) ) ;
#3103 = CIRCLE ( 'NONE', #3665, 0.2999999999999999334 ) ;
#3104 = VECTOR ( 'NONE', #495, 1000.000000000000000 ) ;
#3105 = DIRECTION ( 'NONE',  ( -0.000000000000000000, -0.000000000000000000, -1.000000000000000000 ) ) ;
#3106 = FACE_OUTER_BOUND ( 'NONE', #949, .T. ) ;
#3107 = CIRCLE ( 'NONE', #1290, 0.2999999999999999334 ) ;
#3108 = VERTEX_POINT ( 'NONE', #1323 ) ;
#3109 = DIRECTION ( 'NONE',  ( 0.000000000000000000, 0.000000000000000000, -1.000000000000000000 ) ) ;
#3110 = ORIENTED_EDGE ( 'NONE', *, *, #4187, .T. ) ;
#3111 = ORIENTED_EDGE ( 'NONE', *, *, #2802, .T. ) ;
#3112 = SURFACE_STYLE_USAGE ( .BOTH. , #192 ) ;
#3113 = VERTEX_POINT ( 'NONE', #1993 ) ;
#3114 = AXIS2_PLACEMENT_3D ( 'NONE', #974, #2299, #1275 ) ;
#3115 = LINE ( 'NONE', #114, #3951 ) ;
#3116 = LINE ( 'NONE', #1743, #1901 ) ;
#3117 = AXIS2_PLACEMENT_3D ( 'NONE', #3878, #2974, #235 ) ;
#3118 = ORIENTED_EDGE ( 'NONE', *, *, #610, .F. ) ;
#3119 = DIRECTION ( 'NONE',  ( -2.315624477220638251E-15, -1.000000000000000000, 0.000000000000000000 ) ) ;
#3120 = CARTESIAN_POINT ( 'NONE',  ( 1.950000000000000844, 1.094999999999999307, 0.4300000000000000488 ) ) ;
#3121 = CARTESIAN_POINT ( 'NONE',  ( 2.230926942123232948, 0.8750000000000009992, 0.8399999999999998579 ) ) ;
#3122 = ORIENTED_EDGE ( 'NONE', *, *, #487, .F. ) ;
#3123 = CARTESIAN_POINT ( 'NONE',  ( -2.610926942123235950, 0.3268660814540874093, 0.8399999999999998579 ) ) ;
#3124 = CARTESIAN_POINT ( 'NONE',  ( -2.590000000000000302, 0.02759686637614006469, 2.109999999999999876 ) ) ;
#3125 = ADVANCED_FACE ( 'NONE', ( #3632 ), #699, .F. ) ;
#3126 = EDGE_CURVE ( 'NONE', #4174, #3781, #4342, .T. ) ;
#3127 = PRODUCT_DEFINITION_SHAPE ( 'NONE', 'NONE',  #2450 ) ;
#3128 = LINE ( 'NONE', #1781, #3316 ) ;
#3129 = VERTEX_POINT ( 'NONE', #719 ) ;
#3130 = ORIENTED_EDGE ( 'NONE', *, *, #2094, .F. ) ;
#3131 = LINE ( 'NONE', #793, #84 ) ;
#3132 = ORIENTED_EDGE ( 'NONE', *, *, #1668, .F. ) ;
#3133 = ORIENTED_EDGE ( 'NONE', *, *, #2565, .T. ) ;
#3134 = CARTESIAN_POINT ( 'NONE',  ( 2.984653575776293533, 4.814824860968089633E-32, 0.8399999999999998579 ) ) ;
#3135 = ORIENTED_EDGE ( 'NONE', *, *, #449, .T. ) ;
#3136 = DIRECTION ( 'NONE',  ( -0.000000000000000000, -0.000000000000000000, -1.000000000000000000 ) ) ;
#3137 = VECTOR ( 'NONE', #1262, 1000.000000000000000 ) ;
#3138 = CARTESIAN_POINT ( 'NONE',  ( 2.999999999999999556, 0.2194640910571611647, -0.8400000000000000799 ) ) ;
#3139 = EDGE_CURVE ( 'NONE', #3646, #2553, #3177, .T. ) ;
#3140 = ORIENTED_EDGE ( 'NONE', *, *, #1961, .T. ) ;
#3141 = CARTESIAN_POINT ( 'NONE',  ( -1.130415582602296354, 1.619999999999999662, -1.664089754143847300 ) ) ;
#3142 = DIRECTION ( 'NONE',  ( -0.000000000000000000, -0.000000000000000000, -1.000000000000000000 ) ) ;
#3143 = CARTESIAN_POINT ( 'NONE',  ( -2.610926942123235950, 0.3268660814540874093, 0.8399999999999998579 ) ) ;
#3144 = CARTESIAN_POINT ( 'NONE',  ( -1.950000000000001510, 1.094999999999999307, -0.4300000000000002709 ) ) ;
#3145 = DIRECTION ( 'NONE',  ( 0.000000000000000000, 0.000000000000000000, 1.000000000000000000 ) ) ;
#3146 = CARTESIAN_POINT ( 'NONE',  ( -3.000000000000000000, 0.2194640910571590831, 2.109999999999999876 ) ) ;
#3147 = EDGE_LOOP ( 'NONE', ( #1244, #4211, #1693, #1373 ) ) ;
#3148 = ADVANCED_FACE ( 'NONE', ( #1002 ), #3700, .T. ) ;
#3149 = CARTESIAN_POINT ( 'NONE',  ( 2.999999999999999112, 0.2194640910571611647, -1.700000000000000178 ) ) ;
#3150 = ADVANCED_FACE ( 'NONE', ( #4070 ), #4027, .F. ) ;
#3151 = ORIENTED_EDGE ( 'NONE', *, *, #1744, .T. ) ;
#3152 = VERTEX_POINT ( 'NONE', #4048 ) ;
#3153 = DIRECTION ( 'NONE',  ( -0.000000000000000000, -0.000000000000000000, -1.000000000000000000 ) ) ;
#3154 = ORIENTED_EDGE ( 'NONE', *, *, #2105, .F. ) ;
#3155 = DIRECTION ( 'NONE',  ( -1.000000000000000000, 2.315624477220638251E-15, -0.000000000000000000 ) ) ;
#3156 = CARTESIAN_POINT ( 'NONE',  ( -2.605346424223706769, 0.2470609574332993108, 0.4300000000000000488 ) ) ;
#3157 = ORIENTED_EDGE ( 'NONE', *, *, #1172, .T. ) ;
#3158 = CYLINDRICAL_SURFACE ( 'NONE', #1361, 0.2500000000000000000 ) ;
#3159 = CARTESIAN_POINT ( 'NONE',  ( -1.699999999999999956, 1.469999999999999751, -2.194999999999999840 ) ) ;
#3160 = DIRECTION ( 'NONE',  ( -0.9975640502598247528, -0.06975647374411832191, 0.000000000000000000 ) ) ;
#3161 = AXIS2_PLACEMENT_3D ( 'NONE', #3372, #63, #2732 ) ;
#3162 = AXIS2_PLACEMENT_3D ( 'NONE', #1241, #4276, #3295 ) ;
#3163 = DIRECTION ( 'NONE',  ( 9.264034324649497259E-16, 1.000000000000000000, 0.000000000000000000 ) ) ;
#3164 = ORIENTED_EDGE ( 'NONE', *, *, #1668, .T. ) ;
#3165 = VECTOR ( 'NONE', #3327, 1000.000000000000000 ) ;
#3166 = PRESENTATION_LAYER_ASSIGNMENT (  '', '', ( #1280 ) ) ;
#3167 = SURFACE_SIDE_STYLE ('',( #2441 ) ) ;
#3168 = AXIS2_PLACEMENT_3D ( 'NONE', #2221, #1562, #1363 ) ;
#3169 = VECTOR ( 'NONE', #1424, 1000.000000000000000 ) ;
#3170 = DIRECTION ( 'NONE',  ( -0.000000000000000000, -0.000000000000000000, -1.000000000000000000 ) ) ;
#3171 = CARTESIAN_POINT ( 'NONE',  ( -3.000000000000000000, 0.2194640910571590831, 2.109999999999999876 ) ) ;
#3172 = EDGE_LOOP ( 'NONE', ( #2276, #403, #1515, #42 ) ) ;
#3173 = VECTOR ( 'NONE', #1437, 1000.000000000000000 ) ;
#3174 = VECTOR ( 'NONE', #2870, 1000.000000000000000 ) ;
#3175 = DIRECTION ( 'NONE',  ( -2.315624477220638251E-15, -1.000000000000000000, 0.000000000000000000 ) ) ;
#3176 = EDGE_CURVE ( 'NONE', #791, #3968, #318, .T. ) ;
#3177 = CIRCLE ( 'NONE', #4311, 0.2999999999999999334 ) ;
#3178 = ORIENTED_EDGE ( 'NONE', *, *, #3638, .F. ) ;
#3179 = EDGE_LOOP ( 'NONE', ( #593, #464 ) ) ;
#3180 = LINE ( 'NONE', #1829, #1898 ) ;
#3181 = ORIENTED_EDGE ( 'NONE', *, *, #1091, .F. ) ;
#3182 = ADVANCED_FACE ( 'NONE', ( #386 ), #3982, .F. ) ;
#3183 = AXIS2_PLACEMENT_3D ( 'NONE', #1218, #3563, #3192 ) ;
#3184 = LINE ( 'NONE', #839, #3174 ) ;
#3185 = CARTESIAN_POINT ( 'NONE',  ( -1.949999999999999067, 1.095000000000000639, 2.195000000000001616 ) ) ;
#3186 = VERTEX_POINT ( 'NONE', #1970 ) ;
#3187 = CIRCLE ( 'NONE', #1495, 0.2999999999999999334 ) ;
#3188 = DIRECTION ( 'NONE',  ( 1.000000000000000000, -2.315624477220638251E-15, 0.000000000000000000 ) ) ;
#3189 = LINE ( 'NONE', #182, #3492 ) ;
#3190 = CARTESIAN_POINT ( 'NONE',  ( -2.590000000000000302, 0.02759686637614006469, 2.109999999999999876 ) ) ;
#3191 = VECTOR ( 'NONE', #3392, 1000.000000000000000 ) ;
#3192 = DIRECTION ( 'NONE',  ( 1.000000000000000000, 0.000000000000000000, 0.000000000000000000 ) ) ;
#3193 = ORIENTED_EDGE ( 'NONE', *, *, #4095, .T. ) ;
#3194 = PLANE ( 'NONE',  #3745 ) ;
#3195 = EDGE_CURVE ( 'NONE', #205, #4075, #2306, .T. ) ;
#3196 = FACE_OUTER_BOUND ( 'NONE', #885, .T. ) ;
#3197 = ORIENTED_EDGE ( 'NONE', *, *, #1277, .T. ) ;
#3198 = DIRECTION ( 'NONE',  ( 9.264034324649497259E-16, 1.000000000000000000, -0.000000000000000000 ) ) ;
#3199 = EDGE_CURVE ( 'NONE', #3968, #963, #1624, .T. ) ;
#3200 = ORIENTED_EDGE ( 'NONE', *, *, #804, .F. ) ;
#3201 = ORIENTED_EDGE ( 'NONE', *, *, #3234, .F. ) ;
#3202 = FILL_AREA_STYLE ('',( #4220 ) ) ;
#3203 = ORIENTED_EDGE ( 'NONE', *, *, #1519, .F. ) ;
#3204 = PLANE ( 'NONE',  #162 ) ;
#3205 = DIRECTION ( 'NONE',  ( 0.000000000000000000, -1.000000000000000000, -0.000000000000000000 ) ) ;
#3206 = EDGE_CURVE ( 'NONE', #3526, #4233, #3652, .T. ) ;
#3207 = ORIENTED_EDGE ( 'NONE', *, *, #4148, .T. ) ;
#3208 = LINE ( 'NONE', #2853, #1980 ) ;
#3209 = CARTESIAN_POINT ( 'NONE',  ( -2.230926942123233392, 0.8750000000000011102, 2.109999999999999876 ) ) ;
#3210 = VECTOR ( 'NONE', #3564, 1000.000000000000000 ) ;
#3211 = CARTESIAN_POINT ( 'NONE',  ( -2.610926942123235950, 0.3268660814540874093, -0.8400000000000000799 ) ) ;
#3213 = ADVANCED_FACE ( 'NONE', ( #3830 ), #2061, .T. ) ;
#3212 = EDGE_CURVE ( 'NONE', #1274, #903, #3107, .T. ) ;
#3214 = AXIS2_PLACEMENT_3D ( 'NONE', #2353, #3452, #2009 ) ;
#3215 = DIRECTION ( 'NONE',  ( -1.000000000000000000, 0.000000000000000000, 0.000000000000000000 ) ) ;
#3216 = VERTEX_POINT ( 'NONE', #3456 ) ;
#3217 = VERTEX_POINT ( 'NONE', #100 ) ;
#3218 = CARTESIAN_POINT ( 'NONE',  ( -1.950000000000001288, 0.8750000000000008882, 0.8399999999999998579 ) ) ;
#3219 = DIRECTION ( 'NONE',  ( -0.000000000000000000, -0.000000000000000000, -1.000000000000000000 ) ) ;
#3220 = CARTESIAN_POINT ( 'NONE',  ( -2.590000000000000746, 0.02759686637614006469, 0.8399999999999998579 ) ) ;
#3221 = ORIENTED_EDGE ( 'NONE', *, *, #123, .T. ) ;
#3222 = CARTESIAN_POINT ( 'NONE',  ( 2.610926942123235506, 0.3268660814540874093, -0.4300000000000002709 ) ) ;
#3223 = EDGE_CURVE ( 'NONE', #903, #2227, #826, .T. ) ;
#3224 = ORIENTED_EDGE ( 'NONE', *, *, #1383, .T. ) ;
#3225 = VERTEX_POINT ( 'NONE', #788 ) ;
#3226 = SURFACE_STYLE_USAGE ( .BOTH. , #214 ) ;
#3227 = VERTEX_POINT ( 'NONE', #811 ) ;
#3228 = DIRECTION ( 'NONE',  ( -0.000000000000000000, -0.000000000000000000, -1.000000000000000000 ) ) ;
#3229 = DIRECTION ( 'NONE',  ( -1.000000000000000000, -2.315624477220642195E-15, 0.000000000000000000 ) ) ;
#3230 = ORIENTED_EDGE ( 'NONE', *, *, #258, .T. ) ;
#3231 = LINE ( 'NONE', #1212, #525 ) ;
#3232 = DIRECTION ( 'NONE',  ( 0.000000000000000000, 0.000000000000000000, -1.000000000000000000 ) ) ;
#3233 = CARTESIAN_POINT ( 'NONE',  ( 1.950000000000000400, 1.094999999999999307, -2.109999999999999876 ) ) ;
#3234 = EDGE_CURVE ( 'NONE', #1072, #1715, #1126, .T. ) ;
#3235 = CARTESIAN_POINT ( 'NONE',  ( -2.230926942123233836, 0.7949999999999989297, 0.8399999999999998579 ) ) ;
#3236 = EDGE_LOOP ( 'NONE', ( #3384, #1136, #2471, #2563 ) ) ;
#3237 = EDGE_CURVE ( 'NONE', #1527, #2227, #3253, .T. ) ;
#3238 = ADVANCED_FACE ( 'NONE', ( #1795 ), #3746, .T. ) ;
#3239 = CARTESIAN_POINT ( 'NONE',  ( -2.230926942123232948, 1.094999999999998863, 2.109999999999999876 ) ) ;
#3240 = AXIS2_PLACEMENT_3D ( 'NONE', #969, #1249, #239 ) ;
#3241 = CARTESIAN_POINT ( 'NONE',  ( 1.950000000000000622, 0.8750000000000018874, -0.8400000000000000799 ) ) ;
#3242 = CARTESIAN_POINT ( 'NONE',  ( 2.530926942123235435, 0.3268660814540850224, -2.109999999999999876 ) ) ;
#3243 = ORIENTED_EDGE ( 'NONE', *, *, #1477, .T. ) ;
#3244 = VECTOR ( 'NONE', #1539, 1000.000000000000000 ) ;
#3245 = FACE_OUTER_BOUND ( 'NONE', #1815, .T. ) ;
#3246 = AXIS2_PLACEMENT_3D ( 'NONE', #3056, #1125, #2077 ) ;
#3247 = VERTEX_POINT ( 'NONE', #1776 ) ;
#3248 = AXIS2_PLACEMENT_3D ( 'NONE', #1049, #390, #60 ) ;
#3249 = AXIS2_PLACEMENT_3D ( 'NONE', #330, #606, #1928 ) ;
#3250 = ORIENTED_EDGE ( 'NONE', *, *, #1378, .F. ) ;
#3251 = CARTESIAN_POINT ( 'NONE',  ( 1.950000000000000844, 1.094999999999999307, 0.8399999999999998579 ) ) ;
#3252 = DIRECTION ( 'NONE',  ( 0.000000000000000000, -1.000000000000000000, 0.000000000000000000 ) ) ;
#3253 = CIRCLE ( 'NONE', #2822, 0.2999999999999999334 ) ;
#3254 = VERTEX_POINT ( 'NONE', #2439 ) ;
#3255 = CARTESIAN_POINT ( 'NONE',  ( -2.230926942123233392, 0.7949999999999989297, 1.700000000000000178 ) ) ;
#3256 = AXIS2_PLACEMENT_3D ( 'NONE', #980, #4046, #2029 ) ;
#3257 = ORIENTED_EDGE ( 'NONE', *, *, #3427, .F. ) ;
#3258 = CYLINDRICAL_SURFACE ( 'NONE', #2330, 0.07999999999999977962 ) ;
#3259 =( GEOMETRIC_REPRESENTATION_CONTEXT ( 3 ) GLOBAL_UNCERTAINTY_ASSIGNED_CONTEXT ( ( #2278 ) ) GLOBAL_UNIT_ASSIGNED_CONTEXT ( ( #3557, #510, #554 ) ) REPRESENTATION_CONTEXT ( 'NONE', 'WORKASPACE' ) );
#3260 = FACE_OUTER_BOUND ( 'NONE', #3065, .T. ) ;
#3261 = DIRECTION ( 'NONE',  ( -1.773745885456857385E-16, 0.000000000000000000, -1.000000000000000000 ) ) ;
#3262 = AXIS2_PLACEMENT_3D ( 'NONE', #208, #1541, #256 ) ;
#3263 = EDGE_CURVE ( 'NONE', #2273, #2311, #4137, .T. ) ;
#3264 = ADVANCED_FACE ( 'NONE', ( #2458 ), #2838, .F. ) ;
#3265 = LINE ( 'NONE', #3241, #2265 ) ;
#3266 = DIRECTION ( 'NONE',  ( 0.06975647374411823864, -0.9975640502598247528, 0.000000000000000000 ) ) ;
#3267 = EDGE_LOOP ( 'NONE', ( #872, #1132, #2487, #3635, #1610, #2252, #1706, #465, #707, #4144, #113, #1184 ) ) ;
#3268 = CARTESIAN_POINT ( 'NONE',  ( 2.605346424223706769, 0.2470609574333015312, 1.700000000000000178 ) ) ;
#3269 = ADVANCED_FACE ( 'NONE', ( #1450 ), #2099, .T. ) ;
#3270 = ORIENTED_EDGE ( 'NONE', *, *, #635, .F. ) ;
#3271 = ORIENTED_EDGE ( 'NONE', *, *, #2067, .T. ) ;
#3272 = DIRECTION ( 'NONE',  ( -0.000000000000000000, -0.000000000000000000, -1.000000000000000000 ) ) ;
#3273 = FACE_OUTER_BOUND ( 'NONE', #1973, .T. ) ;
#3274 = VERTEX_POINT ( 'NONE', #407 ) ;
#3275 = CARTESIAN_POINT ( 'NONE',  ( 1.950000000000000622, 0.8750000000000018874, -0.4300000000000002709 ) ) ;
#3276 = DIRECTION ( 'NONE',  ( -1.000000000000000000, 0.000000000000000000, 0.000000000000000000 ) ) ;
#3277 = EDGE_CURVE ( 'NONE', #4329, #3359, #4246, .T. ) ;
#3278 = FACE_OUTER_BOUND ( 'NONE', #3899, .T. ) ;
#3279 = CARTESIAN_POINT ( 'NONE',  ( -1.699999999999998623, 1.469999999999999751, 2.445000000000001616 ) ) ;
#3280 = VECTOR ( 'NONE', #1966, 1000.000000000000000 ) ;
#3281 = CYLINDRICAL_SURFACE ( 'NONE', #3606, 0.2999999999999999334 ) ;
#3282 = CARTESIAN_POINT ( 'NONE',  ( -2.984653575776294421, 4.814824860968089633E-32, -0.8400000000000000799 ) ) ;
#3283 = AXIS2_PLACEMENT_3D ( 'NONE', #2216, #555, #913 ) ;
#3284 = ORIENTED_EDGE ( 'NONE', *, *, #3937, .F. ) ;
#3285 = DIRECTION ( 'NONE',  ( -0.000000000000000000, -1.734723475976807094E-15, -1.000000000000000000 ) ) ;
#3286 = ORIENTED_EDGE ( 'NONE', *, *, #2095, .T. ) ;
#3287 = EDGE_CURVE ( 'NONE', #1843, #2952, #1490, .T. ) ;
#3288 = ORIENTED_EDGE ( 'NONE', *, *, #1831, .T. ) ;
#3289 = EDGE_CURVE ( 'NONE', #2275, #2952, #4092, .T. ) ;
#3290 = FACE_OUTER_BOUND ( 'NONE', #4224, .T. ) ;
#3291 = ADVANCED_FACE ( 'NONE', ( #3806 ), #1467, .F. ) ;
#3292 = UNCERTAINTY_MEASURE_WITH_UNIT (LENGTH_MEASURE( 1.000000000000000082E-05 ), #1468, 'distance_accuracy_value', 'NONE');
#3293 = ORIENTED_EDGE ( 'NONE', *, *, #4069, .T. ) ;
#3294 = CARTESIAN_POINT ( 'NONE',  ( 2.605346424223706325, 0.2470609574333015312, 0.4300000000000000488 ) ) ;
#3295 = DIRECTION ( 'NONE',  ( -1.000000000000000000, 0.000000000000000000, 0.000000000000000000 ) ) ;
#3296 = EDGE_LOOP ( 'NONE', ( #3061, #3122, #754, #3230 ) ) ;
#3297 = CARTESIAN_POINT ( 'NONE',  ( -1.950000000000001510, 0.8750000000000008882, -0.4300000000000002709 ) ) ;
#3298 = DIRECTION ( 'NONE',  ( -1.000000000000000000, 0.000000000000000000, 1.773745885456857878E-16 ) ) ;
#3299 = DIRECTION ( 'NONE',  ( -0.9975640502598247528, -0.06975647374411823864, 0.000000000000000000 ) ) ;
#3300 = FACE_OUTER_BOUND ( 'NONE', #163, .T. ) ;
#3301 = EDGE_LOOP ( 'NONE', ( #3074, #763 ) ) ;
#3302 = CARTESIAN_POINT ( 'NONE',  ( -2.310926942123235239, 0.7949999999999989297, 2.109999999999999876 ) ) ;
#3303 = CIRCLE ( 'NONE', #1818, 0.2999999999999999334 ) ;
#3304 = EDGE_LOOP ( 'NONE', ( #2514, #734, #2723, #3778 ) ) ;
#3305 = ORIENTED_EDGE ( 'NONE', *, *, #1093, .T. ) ;
#3306 = AXIS2_PLACEMENT_3D ( 'NONE', #1370, #1689, #59 ) ;
#3307 = VECTOR ( 'NONE', #2411, 1000.000000000000000 ) ;
#3308 = FACE_OUTER_BOUND ( 'NONE', #1788, .T. ) ;
#3309 = VECTOR ( 'NONE', #1767, 1000.000000000000000 ) ;
#3310 = VECTOR ( 'NONE', #2144, 1000.000000000000227 ) ;
#3311 = EDGE_LOOP ( 'NONE', ( #1119, #3929, #197, #3971 ) ) ;
#3312 = ADVANCED_FACE ( 'NONE', ( #2811 ), #472, .T. ) ;
#3313 = CARTESIAN_POINT ( 'NONE',  ( -3.000000000000000444, 0.2194640910571590831, 0.4300000000000000488 ) ) ;
#3314 = FACE_OUTER_BOUND ( 'NONE', #2760, .T. ) ;
#3315 = ORIENTED_EDGE ( 'NONE', *, *, #666, .F. ) ;
#3316 = VECTOR ( 'NONE', #1819, 1000.000000000000000 ) ;
#3317 = CARTESIAN_POINT ( 'NONE',  ( 1.949999999999999956, 1.469999999999999751, -2.195000000000000728 ) ) ;
#3318 = CARTESIAN_POINT ( 'NONE',  ( -1.949999999999999067, 1.095000000000000639, 2.445000000000002061 ) ) ;
#3319 = AXIS2_PLACEMENT_3D ( 'NONE', #2793, #4140, #3081 ) ;
#3320 = DIRECTION ( 'NONE',  ( 0.9975640502598247528, 0.06975647374411832191, -0.000000000000000000 ) ) ;
#3321 = DIRECTION ( 'NONE',  ( 0.000000000000000000, 1.000000000000000000, 0.000000000000000000 ) ) ;
#3322 = AXIS2_PLACEMENT_3D ( 'NONE', #895, #2195, #1909 ) ;
#3323 = CARTESIAN_POINT ( 'NONE',  ( 2.999999999999999112, 0.2194640910571611647, -1.700000000000000178 ) ) ;
#3324 = CARTESIAN_POINT ( 'NONE',  ( 2.999999999999999112, 0.2194640910571611647, -1.700000000000000178 ) ) ;
#3325 = AXIS2_PLACEMENT_3D ( 'NONE', #2675, #3993, #1596 ) ;
#3326 = VERTEX_POINT ( 'NONE', #75 ) ;
#3327 = DIRECTION ( 'NONE',  ( 1.000000000000000000, -7.718748257402128161E-16, -0.000000000000000000 ) ) ;
#3328 = ADVANCED_FACE ( 'NONE', ( #2746 ), #1088, .F. ) ;
#3329 = CARTESIAN_POINT ( 'NONE',  ( 2.230926942123233392, 0.8750000000000009992, 2.109999999999999876 ) ) ;
#3330 = VERTEX_POINT ( 'NONE', #2857 ) ;
#3331 = ORIENTED_EDGE ( 'NONE', *, *, #1564, .F. ) ;
#3332 = CARTESIAN_POINT ( 'NONE',  ( -1.130415582602296354, 1.619999999999999662, -1.352195316581617401 ) ) ;
#3333 = EDGE_LOOP ( 'NONE', ( #3818, #2800, #1542, #1014 ) ) ;
#3334 = CARTESIAN_POINT ( 'NONE',  ( -2.230926942123233836, 0.7949999999999989297, 0.4300000000000000488 ) ) ;
#3335 = FACE_OUTER_BOUND ( 'NONE', #1137, .T. ) ;
#3336 = ORIENTED_EDGE ( 'NONE', *, *, #3287, .T. ) ;
#3337 = LINE ( 'NONE', #3612, #4239 ) ;
#3338 = DIRECTION ( 'NONE',  ( 2.315624477220642195E-15, -1.000000000000000000, 0.000000000000000000 ) ) ;
#3339 = EDGE_CURVE ( 'NONE', #2567, #3817, #2218, .T. ) ;
#3340 = LINE ( 'NONE', #3008, #2625 ) ;
#3341 = DIRECTION ( 'NONE',  ( -0.000000000000000000, -0.000000000000000000, -1.000000000000000000 ) ) ;
#3342 = EDGE_CURVE ( 'NONE', #1325, #3926, #1020, .T. ) ;
#3344 = ADVANCED_FACE ( 'NONE', ( #1886 ), #1559, .T. ) ;
#3343 = EDGE_CURVE ( 'NONE', #1651, #897, #560, .T. ) ;
#3345 = DIRECTION ( 'NONE',  ( 0.06975647374411858559, -0.9975640502598246417, 0.000000000000000000 ) ) ;
#3346 = LINE ( 'NONE', #1712, #2057 ) ;
#3347 = AXIS2_PLACEMENT_3D ( 'NONE', #2663, #1929, #937 ) ;
#3348 = CARTESIAN_POINT ( 'NONE',  ( 2.310926942123234795, 0.3268660814540851889, -2.109999999999999876 ) ) ;
#3349 = LINE ( 'NONE', #1371, #801 ) ;
#3350 = EDGE_LOOP ( 'NONE', ( #2712, #2935, #3020, #4176 ) ) ;
#3351 = VECTOR ( 'NONE', #3559, 1000.000000000000000 ) ;
#3352 = ORIENTED_EDGE ( 'NONE', *, *, #1534, .T. ) ;
#3353 = CYLINDRICAL_SURFACE ( 'NONE', #4077, 0.2999999999999999334 ) ;
#3354 = ORIENTED_EDGE ( 'NONE', *, *, #2445, .F. ) ;
#3355 = CARTESIAN_POINT ( 'NONE',  ( 1.699999999999999734, 1.095000000000000639, -2.445000000000001172 ) ) ;
#3356 = DIRECTION ( 'NONE',  ( 0.000000000000000000, -0.000000000000000000, 1.000000000000000000 ) ) ;
#3357 = EDGE_LOOP ( 'NONE', ( #1588, #126, #2472, #1948 ) ) ;
#3358 = PLANE ( 'NONE',  #3457 ) ;
#3359 = VERTEX_POINT ( 'NONE', #1535 ) ;
#3360 = LINE ( 'NONE', #2681, #1561 ) ;
#3361 = CYLINDRICAL_SURFACE ( 'NONE', #2652, 0.08000000000000194456 ) ;
#3362 = ADVANCED_FACE ( 'NONE', ( #1600 ), #1173, .F. ) ;
#3363 = DIRECTION ( 'NONE',  ( 0.000000000000000000, 0.000000000000000000, -1.000000000000000000 ) ) ;
#3364 = CARTESIAN_POINT ( 'NONE',  ( -3.000000000000000888, 0.2194640910571590831, -1.700000000000000178 ) ) ;
#3365 = ADVANCED_FACE ( 'NONE', ( #2552 ), #2504, .F. ) ;
#3366 = ADVANCED_FACE ( 'NONE', ( #225 ), #3847, .F. ) ;
#3367 = CARTESIAN_POINT ( 'NONE',  ( 1.699999999999999956, 0.5000000000000005551, -2.195000000000000728 ) ) ;
#3368 = CARTESIAN_POINT ( 'NONE',  ( 2.589999999999999858, 0.02759686637614006469, -0.4300000000000002709 ) ) ;
#3369 = ORIENTED_EDGE ( 'NONE', *, *, #1018, .F. ) ;
#3370 = ORIENTED_EDGE ( 'NONE', *, *, #2492, .T. ) ;
#3371 = CIRCLE ( 'NONE', #3512, 0.2500000000000000000 ) ;
#3372 = CARTESIAN_POINT ( 'NONE',  ( 1.950000000000000622, 1.094999999999999307, -0.4300000000000002709 ) ) ;
#3373 = VECTOR ( 'NONE', #399, 1000.000000000000000 ) ;
#3374 = VERTEX_POINT ( 'NONE', #845 ) ;
#3375 = AXIS2_PLACEMENT_3D ( 'NONE', #3857, #853, #1853 ) ;
#3376 = DIRECTION ( 'NONE',  ( -0.000000000000000000, -0.000000000000000000, -1.000000000000000000 ) ) ;
#3377 = COLOUR_RGB ( '',0.7921568627450980005, 0.8196078431372548767, 0.9333333333333333481 ) ;
#3378 = CARTESIAN_POINT ( 'NONE',  ( 2.605346424223706325, 0.2470609574333018088, -0.4300000000000002709 ) ) ;
#3379 = ORIENTED_EDGE ( 'NONE', *, *, #3696, .F. ) ;
#3380 = DIRECTION ( 'NONE',  ( -0.9975640502598247528, 0.06975647374411794721, 0.000000000000000000 ) ) ;
#3381 = DIRECTION ( 'NONE',  ( -0.000000000000000000, -0.000000000000000000, -1.000000000000000000 ) ) ;
#3382 = AXIS2_PLACEMENT_3D ( 'NONE', #122, #2772, #4190 ) ;
#3383 = AXIS2_PLACEMENT_3D ( 'NONE', #3579, #3561, #557 ) ;
#3384 = ORIENTED_EDGE ( 'NONE', *, *, #2950, .T. ) ;
#3385 = DIRECTION ( 'NONE',  ( 1.000000000000000000, 0.000000000000000000, -1.773745885456857385E-16 ) ) ;
#3386 = FACE_OUTER_BOUND ( 'NONE', #1440, .T. ) ;
#3387 = VECTOR ( 'NONE', #4327, 1000.000000000000000 ) ;
#3388 = AXIS2_PLACEMENT_3D ( 'NONE', #3840, #906, #550 ) ;
#3389 = LINE ( 'NONE', #428, #1345 ) ;
#3390 = AXIS2_PLACEMENT_3D ( 'NONE', #3143, #138, #2397 ) ;
#3391 = CARTESIAN_POINT ( 'NONE',  ( 2.310926942123234795, 0.7949999999999989297, -0.4300000000000002709 ) ) ;
#3392 = DIRECTION ( 'NONE',  ( -9.264034324649497259E-16, -1.000000000000000000, 0.000000000000000000 ) ) ;
#3393 = VECTOR ( 'NONE', #2327, 1000.000000000000000 ) ;
#3394 = DIRECTION ( 'NONE',  ( -1.000000000000000000, 0.000000000000000000, 0.000000000000000000 ) ) ;
#3395 = EDGE_CURVE ( 'NONE', #3217, #3646, #1261, .T. ) ;
#3396 = EDGE_CURVE ( 'NONE', #1414, #4061, #3869, .T. ) ;
#3397 = CIRCLE ( 'NONE', #3960, 0.2999999999999999334 ) ;
#3398 = LINE ( 'NONE', #2650, #3387 ) ;
#3399 = ORIENTED_EDGE ( 'NONE', *, *, #2569, .F. ) ;
#3400 = ORIENTED_EDGE ( 'NONE', *, *, #2834, .T. ) ;
#3401 = VECTOR ( 'NONE', #700, 1000.000000000000000 ) ;
#3402 = CARTESIAN_POINT ( 'NONE',  ( -1.950000000000001732, 0.8750000000000008882, -1.700000000000000178 ) ) ;
#3403 = EDGE_CURVE ( 'NONE', #2998, #3216, #184, .T. ) ;
#3404 = VERTEX_POINT ( 'NONE', #2904 ) ;
#3405 = LINE ( 'NONE', #3424, #1231 ) ;
#3406 = CARTESIAN_POINT ( 'NONE',  ( 2.310926942123235239, 0.3268660814540851889, -0.4300000000000002709 ) ) ;
#3407 = ORIENTED_EDGE ( 'NONE', *, *, #1482, .T. ) ;
#3408 = DIRECTION ( 'NONE',  ( 1.000000000000000000, 0.000000000000000000, 0.000000000000000000 ) ) ;
#3409 = DIRECTION ( 'NONE',  ( -0.000000000000000000, -0.000000000000000000, -1.000000000000000000 ) ) ;
#3410 = ORIENTED_EDGE ( 'NONE', *, *, #3670, .F. ) ;
#3411 = CARTESIAN_POINT ( 'NONE',  ( -2.530926942123234102, 0.7949999999999989297, -1.700000000000000178 ) ) ;
#3412 = CARTESIAN_POINT ( 'NONE',  ( -1.699999999999998623, 1.095000000000000639, 2.445000000000001616 ) ) ;
#3413 = LINE ( 'NONE', #2483, #797 ) ;
#3414 = ADVANCED_FACE ( 'NONE', ( #4260 ), #936, .F. ) ;
#3415 = DIRECTION ( 'NONE',  ( 0.000000000000000000, -1.000000000000000000, 0.000000000000000000 ) ) ;
#3416 = LINE ( 'NONE', #2688, #3191 ) ;
#3417 = CARTESIAN_POINT ( 'NONE',  ( 1.950000000000001066, 0.8750000000000018874, 1.700000000000000178 ) ) ;
#3418 = CARTESIAN_POINT ( 'NONE',  ( -1.130415582602296354, 1.619999999999999662, -1.664089754143847300 ) ) ;
#3419 = VERTEX_POINT ( 'NONE', #915 ) ;
#3420 = VERTEX_POINT ( 'NONE', #1512 ) ;
#3421 = DIRECTION ( 'NONE',  ( 0.9975640502598247528, 0.06975647374411859947, -0.000000000000000000 ) ) ;
#3422 = ADVANCED_FACE ( 'NONE', ( #3260 ), #1193, .T. ) ;
#3423 = EDGE_LOOP ( 'NONE', ( #1205, #3774, #1544, #1375 ) ) ;
#3424 = CARTESIAN_POINT ( 'NONE',  ( 2.999999999999999556, 0.2194640910571611647, 0.8399999999999998579 ) ) ;
#3425 = DIRECTION ( 'NONE',  ( 0.000000000000000000, -0.000000000000000000, 1.000000000000000000 ) ) ;
#3426 = EDGE_LOOP ( 'NONE', ( #1672, #805, #4286, #1702 ) ) ;
#3427 = EDGE_CURVE ( 'NONE', #2839, #2717, #4280, .T. ) ;
#3428 = AXIS2_PLACEMENT_3D ( 'NONE', #642, #1300, #2638 ) ;
#3429 = DIRECTION ( 'NONE',  ( 0.9975640502598247528, -0.06975647374411921009, 0.000000000000000000 ) ) ;
#3430 = DIRECTION ( 'NONE',  ( -0.000000000000000000, -0.000000000000000000, -1.000000000000000000 ) ) ;
#3431 = ORIENTED_EDGE ( 'NONE', *, *, #46, .T. ) ;
#3432 = LINE ( 'NONE', #489, #2474 ) ;
#3433 = LINE ( 'NONE', #2741, #3841 ) ;
#3434 = DIRECTION ( 'NONE',  ( 0.000000000000000000, -1.000000000000000000, 0.000000000000000000 ) ) ;
#3435 = DIRECTION ( 'NONE',  ( -0.000000000000000000, -0.000000000000000000, -1.000000000000000000 ) ) ;
#3436 = CARTESIAN_POINT ( 'NONE',  ( 1.950000000000000622, 1.094999999999999307, -0.8400000000000000799 ) ) ;
#3437 = DIRECTION ( 'NONE',  ( 0.000000000000000000, 1.000000000000000000, 0.000000000000000000 ) ) ;
#3438 = VERTEX_POINT ( 'NONE', #3614 ) ;
#3439 = CARTESIAN_POINT ( 'NONE',  ( -2.610926942123236394, 0.3268660814540874093, -1.700000000000000178 ) ) ;
#3440 = ORIENTED_EDGE ( 'NONE', *, *, #3981, .T. ) ;
#3441 = ORIENTED_EDGE ( 'NONE', *, *, #886, .F. ) ;
#3442 = CARTESIAN_POINT ( 'NONE',  ( 2.605346424223705881, 0.2470609574333018088, -1.700000000000000178 ) ) ;
#3443 = DIRECTION ( 'NONE',  ( 0.000000000000000000, 1.000000000000000000, 0.000000000000000000 ) ) ;
#3444 = ORIENTED_EDGE ( 'NONE', *, *, #3339, .F. ) ;
#3445 = LINE ( 'NONE', #799, #2738 ) ;
#3446 = LINE ( 'NONE', #4085, #3737 ) ;
#3447 = ADVANCED_FACE ( 'NONE', ( #607 ), #3649, .T. ) ;
#3448 = AXIS2_PLACEMENT_3D ( 'NONE', #2797, #2134, #1203 ) ;
#3449 = ADVANCED_FACE ( 'NONE', ( #3278 ), #2988, .T. ) ;
#3450 = VERTEX_POINT ( 'NONE', #2370 ) ;
#3451 = SURFACE_STYLE_USAGE ( .BOTH. , #2096 ) ;
#3452 = DIRECTION ( 'NONE',  ( -0.000000000000000000, -0.000000000000000000, -1.000000000000000000 ) ) ;
#3453 = CARTESIAN_POINT ( 'NONE',  ( -1.950000000000001288, 1.094999999999999307, 0.4300000000000000488 ) ) ;
#3454 = PRESENTATION_LAYER_ASSIGNMENT (  '', '', ( #725 ) ) ;
#3455 = CIRCLE ( 'NONE', #2544, 0.2500000000000000000 ) ;
#3456 = CARTESIAN_POINT ( 'NONE',  ( 2.530926942123233214, 0.7949999999999989297, 1.700000000000000178 ) ) ;
#3457 = AXIS2_PLACEMENT_3D ( 'NONE', #996, #2323, #3795 ) ;
#3458 = VECTOR ( 'NONE', #2036, 1000.000000000000000 ) ;
#3459 = DIRECTION ( 'NONE',  ( -0.000000000000000000, -0.000000000000000000, -1.000000000000000000 ) ) ;
#3460 = DIRECTION ( 'NONE',  ( -1.000000000000000000, 0.000000000000000000, 0.000000000000000000 ) ) ;
#3461 = AXIS2_PLACEMENT_3D ( 'NONE', #1850, #4214, #3923 ) ;
#3462 = ORIENTED_EDGE ( 'NONE', *, *, #313, .F. ) ;
#3463 = DIRECTION ( 'NONE',  ( 1.000000000000000000, 0.000000000000000000, 0.000000000000000000 ) ) ;
#3464 = AXIS2_PLACEMENT_3D ( 'NONE', #3235, #2945, #3582 ) ;
#3465 = ORIENTED_EDGE ( 'NONE', *, *, #501, .F. ) ;
#3466 = ORIENTED_EDGE ( 'NONE', *, *, #3976, .F. ) ;
#3467 = ORIENTED_EDGE ( 'NONE', *, *, #987, .T. ) ;
#3468 = AXIS2_PLACEMENT_3D ( 'NONE', #4283, #1625, #2559 ) ;
#3469 = CARTESIAN_POINT ( 'NONE',  ( -1.130415582602296354, 1.719999999999999751, -1.352195316581617401 ) ) ;
#3470 = CARTESIAN_POINT ( 'NONE',  ( 2.310926942123234795, 0.7949999999999989297, -0.4300000000000002709 ) ) ;
#3471 = AXIS2_PLACEMENT_3D ( 'NONE', #12, #3038, #58 ) ;
#3472 = EDGE_LOOP ( 'NONE', ( #3654, #517, #3257, #3243 ) ) ;
#3473 = DIRECTION ( 'NONE',  ( -0.9975640502598247528, 0.06975647374411921009, -0.000000000000000000 ) ) ;
#3474 = CARTESIAN_POINT ( 'NONE',  ( -2.310926942123235683, 0.7949999999999989297, 0.8399999999999998579 ) ) ;
#3475 = DIRECTION ( 'NONE',  ( 0.9975640502598247528, -0.06975647374411832191, 0.000000000000000000 ) ) ;
#3476 = ADVANCED_FACE ( 'NONE', ( #316 ), #333, .T. ) ;
#3477 = DIRECTION ( 'NONE',  ( -1.000000000000000000, 0.000000000000000000, 0.000000000000000000 ) ) ;
#3478 = SURFACE_STYLE_USAGE ( .BOTH. , #455 ) ;
#3479 = EDGE_CURVE ( 'NONE', #2189, #4015, #3033, .T. ) ;
#3480 = CARTESIAN_POINT ( 'NONE',  ( 2.999999999999999556, 0.2194640910571611647, 0.8399999999999998579 ) ) ;
#3481 = ORIENTED_EDGE ( 'NONE', *, *, #868, .T. ) ;
#3482 = DIRECTION ( 'NONE',  ( 9.264034324649497259E-16, 1.000000000000000000, -0.000000000000000000 ) ) ;
#3483 = ORIENTED_EDGE ( 'NONE', *, *, #2943, .T. ) ;
#3484 = FILL_AREA_STYLE_COLOUR ( '', #3377 ) ;
#3485 = ORIENTED_EDGE ( 'NONE', *, *, #479, .T. ) ;
#3486 = DIRECTION ( 'NONE',  ( -0.000000000000000000, -0.000000000000000000, -1.000000000000000000 ) ) ;
#3487 = CLOSED_SHELL ( 'NONE', ( #697, #1265, #2240, #2223, #3829, #3264, #2990, #4124, #3366, #4268, #1599, #4114, #1915, #1912 ) ) ;
#3488 = DIRECTION ( 'NONE',  ( 7.718748257402128161E-16, 1.000000000000000000, -0.000000000000000000 ) ) ;
#3489 = ORIENTED_EDGE ( 'NONE', *, *, #2211, .T. ) ;
#3490 = DIRECTION ( 'NONE',  ( 1.000000000000000000, 0.000000000000000000, 0.000000000000000000 ) ) ;
#3491 = LINE ( 'NONE', #3474, #3351 ) ;
#3492 = VECTOR ( 'NONE', #1510, 1000.000000000000000 ) ;
#3493 = DIRECTION ( 'NONE',  ( 0.06975647374411823864, -0.9975640502598247528, 0.000000000000000000 ) ) ;
#3494 = DIRECTION ( 'NONE',  ( 0.000000000000000000, 0.000000000000000000, 1.000000000000000000 ) ) ;
#3495 = ORIENTED_EDGE ( 'NONE', *, *, #2249, .T. ) ;
#3496 = ADVANCED_FACE ( 'NONE', ( #3962 ), #3999, .F. ) ;
#3497 = CARTESIAN_POINT ( 'NONE',  ( 1.950000000000000844, 1.094999999999999307, 0.4300000000000000488 ) ) ;
#3498 = EDGE_CURVE ( 'NONE', #891, #3640, #2284, .T. ) ;
#3499 = LINE ( 'NONE', #2442, #3173 ) ;
#3500 = EDGE_LOOP ( 'NONE', ( #1164, #1357, #2671, #3467 ) ) ;
#3501 = ORIENTED_EDGE ( 'NONE', *, *, #1822, .F. ) ;
#3502 = LINE ( 'NONE', #1824, #2176 ) ;
#3503 = ORIENTED_EDGE ( 'NONE', *, *, #394, .F. ) ;
#3504 = ORIENTED_EDGE ( 'NONE', *, *, #1228, .F. ) ;
#3505 = ORIENTED_EDGE ( 'NONE', *, *, #2856, .T. ) ;
#3506 = CARTESIAN_POINT ( 'NONE',  ( 2.230926942123232948, 0.7949999999999989297, -0.4300000000000002709 ) ) ;
#3507 = CARTESIAN_POINT ( 'NONE',  ( 1.950000000000000400, 1.094999999999999307, -2.109999999999999876 ) ) ;
#3508 = ORIENTED_EDGE ( 'NONE', *, *, #4069, .F. ) ;
#3509 = PLANE ( 'NONE',  #2413 ) ;
#3510 = DIRECTION ( 'NONE',  ( -8.673617379884027583E-16, 0.000000000000000000, -1.000000000000000000 ) ) ;
#3511 = FACE_OUTER_BOUND ( 'NONE', #2496, .T. ) ;
#3512 = AXIS2_PLACEMENT_3D ( 'NONE', #1717, #3063, #2696 ) ;
#3513 = CARTESIAN_POINT ( 'NONE',  ( -2.605346424223706769, 0.2470609574332990888, 0.4300000000000000488 ) ) ;
#3514 = ORIENTED_EDGE ( 'NONE', *, *, #1201, .F. ) ;
#3515 = VECTOR ( 'NONE', #298, 1000.000000000000000 ) ;
#3516 = VECTOR ( 'NONE', #4105, 1000.000000000000000 ) ;
#3517 = AXIS2_PLACEMENT_3D ( 'NONE', #1840, #158, #866 ) ;
#3518 = CARTESIAN_POINT ( 'NONE',  ( -2.230926942123233836, 1.094999999999998863, -1.700000000000000178 ) ) ;
#3519 = DIRECTION ( 'NONE',  ( 1.000000000000000000, 0.000000000000000000, -0.000000000000000000 ) ) ;
#3520 = ORIENTED_EDGE ( 'NONE', *, *, #3619, .T. ) ;
#3521 = VERTEX_POINT ( 'NONE', #3677 ) ;
#3522 = AXIS2_PLACEMENT_3D ( 'NONE', #77, #830, #2082 ) ;
#3523 = CARTESIAN_POINT ( 'NONE',  ( 2.610926942123235062, 0.3268660814540874093, -2.109999999999999876 ) ) ;
#3524 = ADVANCED_FACE ( 'NONE', ( #2008 ), #1707, .F. ) ;
#3525 = AXIS2_PLACEMENT_3D ( 'NONE', #3123, #2128, #3477 ) ;
#3526 = VERTEX_POINT ( 'NONE', #4337 ) ;
#3527 = ORIENTED_EDGE ( 'NONE', *, *, #35, .T. ) ;
#3529 = EDGE_CURVE ( 'NONE', #2342, #2776, #998, .T. ) ;
#3528 = ADVANCED_FACE ( 'NONE', ( #1320 ), #2662, .T. ) ;
#3530 =( GEOMETRIC_REPRESENTATION_CONTEXT ( 3 ) GLOBAL_UNCERTAINTY_ASSIGNED_CONTEXT ( ( #2049 ) ) GLOBAL_UNIT_ASSIGNED_CONTEXT ( ( #1366, #2971, #94 ) ) REPRESENTATION_CONTEXT ( 'NONE', 'WORKASPACE' ) );
#3531 = LINE ( 'NONE', #2542, #3941 ) ;
#3532 = DIRECTION ( 'NONE',  ( 0.000000000000000000, -1.000000000000000000, 0.000000000000000000 ) ) ;
#3533 = ORIENTED_EDGE ( 'NONE', *, *, #1062, .F. ) ;
#3534 = VECTOR ( 'NONE', #4215, 1000.000000000000000 ) ;
#3535 = CARTESIAN_POINT ( 'NONE',  ( 1.949999999999999956, 1.095000000000000639, -2.445000000000001172 ) ) ;
#3536 = DIRECTION ( 'NONE',  ( 1.000000000000000000, -9.264034324649497259E-16, 0.000000000000000000 ) ) ;
#3537 = LINE ( 'NONE', #914, #2684 ) ;
#3538 = AXIS2_PLACEMENT_3D ( 'NONE', #1110, #164, #1796 ) ;
#3539 = DIRECTION ( 'NONE',  ( -0.06975647374411858559, 0.9975640502598246417, 0.000000000000000000 ) ) ;
#3540 = CARTESIAN_POINT ( 'NONE',  ( 2.605346424223706325, 0.2470609574333018088, 0.4300000000000000488 ) ) ;
#3541 = ORIENTED_EDGE ( 'NONE', *, *, #849, .T. ) ;
#3542 = ORIENTED_EDGE ( 'NONE', *, *, #1885, .F. ) ;
#3543 = DIRECTION ( 'NONE',  ( -0.000000000000000000, -0.000000000000000000, -1.000000000000000000 ) ) ;
#3544 = CARTESIAN_POINT ( 'NONE',  ( 2.590000000000000302, 0.02759686637614006469, 2.109999999999999876 ) ) ;
#3545 = DIRECTION ( 'NONE',  ( 9.264034324649497259E-16, 1.000000000000000000, 0.000000000000000000 ) ) ;
#3546 = VERTEX_POINT ( 'NONE', #673 ) ;
#3547 = DIRECTION ( 'NONE',  ( -0.000000000000000000, -0.000000000000000000, -1.000000000000000000 ) ) ;
#3548 = ORIENTED_EDGE ( 'NONE', *, *, #1068, .F. ) ;
#3549 = ORIENTED_EDGE ( 'NONE', *, *, #703, .F. ) ;
#3550 = PRESENTATION_STYLE_ASSIGNMENT (( #3112 ) ) ;
#3551 = ORIENTED_EDGE ( 'NONE', *, *, #3986, .F. ) ;
#3552 = DIRECTION ( 'NONE',  ( -1.000000000000000000, 0.000000000000000000, 0.000000000000000000 ) ) ;
#3553 = CARTESIAN_POINT ( 'NONE',  ( -2.230926942123233392, 1.094999999999998863, 0.8399999999999998579 ) ) ;
#3554 = EDGE_CURVE ( 'NONE', #1336, #3082, #3360, .T. ) ;
#3555 = EDGE_LOOP ( 'NONE', ( #572, #598, #446, #2113, #3888, #2912, #2878, #539, #2632, #3135, #2406, #3151 ) ) ;
#3556 = EDGE_CURVE ( 'NONE', #2197, #2889, #3340, .T. ) ;
#3558 = EDGE_CURVE ( 'NONE', #2553, #4315, #4024, .T. ) ;
#3557 =( LENGTH_UNIT ( ) NAMED_UNIT ( * ) SI_UNIT ( .MILLI., .METRE. ) );
#3559 = DIRECTION ( 'NONE',  ( 9.264034324649497259E-16, 1.000000000000000000, -0.000000000000000000 ) ) ;
#3560 = VECTOR ( 'NONE', #2926, 1000.000000000000000 ) ;
#3561 = DIRECTION ( 'NONE',  ( 0.000000000000000000, 0.000000000000000000, 1.000000000000000000 ) ) ;
#3562 = AXIS2_PLACEMENT_3D ( 'NONE', #1044, #1086, #34 ) ;
#3563 = DIRECTION ( 'NONE',  ( -0.000000000000000000, -0.000000000000000000, -1.000000000000000000 ) ) ;
#3564 = DIRECTION ( 'NONE',  ( -0.000000000000000000, -0.000000000000000000, -1.000000000000000000 ) ) ;
#3565 = ORIENTED_EDGE ( 'NONE', *, *, #2550, .T. ) ;
#3566 = DIRECTION ( 'NONE',  ( -1.000000000000000000, 0.000000000000000000, 0.000000000000000000 ) ) ;
#3567 = PLANE ( 'NONE',  #1839 ) ;
#3568 = DIRECTION ( 'NONE',  ( 0.9975640502598247528, -0.06975647374411832191, 0.000000000000000000 ) ) ;
#3569 = EDGE_LOOP ( 'NONE', ( #1301, #2799, #970, #237 ) ) ;
#3570 = CARTESIAN_POINT ( 'NONE',  ( -2.310926942123236127, 0.3268660814540851889, -0.4300000000000002709 ) ) ;
#3571 = ORIENTED_EDGE ( 'NONE', *, *, #750, .T. ) ;
#3572 = ORIENTED_EDGE ( 'NONE', *, *, #2237, .F. ) ;
#3573 = DIRECTION ( 'NONE',  ( -0.000000000000000000, -0.000000000000000000, -1.000000000000000000 ) ) ;
#3574 = FACE_OUTER_BOUND ( 'NONE', #2313, .T. ) ;
#3575 = MANIFOLD_SOLID_BREP ( 'LPattern1[3]', #2714 ) ;
#3576 = ORIENTED_EDGE ( 'NONE', *, *, #1697, .F. ) ;
#3577 = DIRECTION ( 'NONE',  ( 2.217182356821073703E-16, 0.000000000000000000, 1.000000000000000000 ) ) ;
#3578 = DIRECTION ( 'NONE',  ( 0.9975640502598247528, -0.06975647374411921009, 0.000000000000000000 ) ) ;
#3579 = CARTESIAN_POINT ( 'NONE',  ( 2.230926942123233392, 0.7949999999999989297, 1.700000000000000178 ) ) ;
#3580 = EDGE_CURVE ( 'NONE', #636, #2499, #2903, .T. ) ;
#3581 = EDGE_CURVE ( 'NONE', #653, #2952, #1428, .T. ) ;
#3582 = DIRECTION ( 'NONE',  ( -1.000000000000000000, 0.000000000000000000, 0.000000000000000000 ) ) ;
#3583 = CARTESIAN_POINT ( 'NONE',  ( 2.999999999999999556, 0.2194640910571611647, -0.4300000000000002709 ) ) ;
#3584 = APPLICATION_PROTOCOL_DEFINITION ( 'draft international standard', 'automotive_design', 1998, #1101 ) ;
#3585 = AXIS2_PLACEMENT_3D ( 'NONE', #4057, #1998, #1439 ) ;
#3586 = AXIS2_PLACEMENT_3D ( 'NONE', #1099, #87, #2759 ) ;
#3587 = ADVANCED_FACE ( 'NONE', ( #73 ), #4111, .F. ) ;
#3588 = LINE ( 'NONE', #3239, #4159 ) ;
#3589 = VECTOR ( 'NONE', #2226, 1000.000000000000000 ) ;
#3590 = DIRECTION ( 'NONE',  ( -0.000000000000000000, -0.000000000000000000, -1.000000000000000000 ) ) ;
#3591 = COLOUR_RGB ( '',0.7921568627450980005, 0.8196078431372548767, 0.9333333333333333481 ) ;
#3592 = CARTESIAN_POINT ( 'NONE',  ( -2.230926942123232948, 1.094999999999998863, 1.700000000000000178 ) ) ;
#3593 = APPLICATION_CONTEXT ( 'automotive_design' ) ;
#3594 = ADVANCED_BREP_SHAPE_REPRESENTATION ( 'MLX90378GDC-ABJ-300-RE', ( #3663, #718, #3596, #3575, #753, #728, #2112, #2205, #682, #2151, #4258 ), #4177 ) ;
#3595 = VERTEX_POINT ( 'NONE', #785 ) ;
#3596 = MANIFOLD_SOLID_BREP ( 'LPattern1[2]', #195 ) ;
#3597 = VECTOR ( 'NONE', #3459, 1000.000000000000000 ) ;
#3598 = DIRECTION ( 'NONE',  ( -0.9975640502598247528, 0.06975647374411921009, -0.000000000000000000 ) ) ;
#3599 = VECTOR ( 'NONE', #406, 1000.000000000000000 ) ;
#3600 = EDGE_LOOP ( 'NONE', ( #2146, #2279, #174, #1365 ) ) ;
#3601 = VECTOR ( 'NONE', #2588, 1000.000000000000000 ) ;
#3602 = VERTEX_POINT ( 'NONE', #3411 ) ;
#3603 = CARTESIAN_POINT ( 'NONE',  ( 1.950000000000000622, 0.8750000000000018874, -0.4300000000000002709 ) ) ;
#3604 = UNCERTAINTY_MEASURE_WITH_UNIT (LENGTH_MEASURE( 1.000000000000000082E-05 ), #2158, 'distance_accuracy_value', 'NONE');
#3605 = CARTESIAN_POINT ( 'NONE',  ( 1.950000000000000622, 0.8750000000000018874, -0.8400000000000000799 ) ) ;
#3606 = AXIS2_PLACEMENT_3D ( 'NONE', #1890, #3219, #3943 ) ;
#3607 = ORIENTED_EDGE ( 'NONE', *, *, #1859, .F. ) ;
#3608 = DIRECTION ( 'NONE',  ( 0.000000000000000000, -1.000000000000000000, 0.000000000000000000 ) ) ;
#3609 = DIRECTION ( 'NONE',  ( 1.000000000000000000, 0.000000000000000000, -1.734723475976807094E-15 ) ) ;
#3610 = COLOUR_RGB ( '',0.7921568627450980005, 0.8196078431372548767, 0.9333333333333333481 ) ;
#3611 = ORIENTED_EDGE ( 'NONE', *, *, #4317, .F. ) ;
#3612 = CARTESIAN_POINT ( 'NONE',  ( 2.999999999999999556, 0.2194640910571611647, -0.4300000000000002709 ) ) ;
#3613 = AXIS2_PLACEMENT_3D ( 'NONE', #686, #955, #2280 ) ;
#3614 = CARTESIAN_POINT ( 'NONE',  ( -2.230926942123233392, 0.8750000000000011102, 1.700000000000000178 ) ) ;
#3615 = DIRECTION ( 'NONE',  ( -0.000000000000000000, -0.000000000000000000, -1.000000000000000000 ) ) ;
#3616 = ADVANCED_FACE ( 'NONE', ( #447 ), #2142, .F. ) ;
#3617 = DIRECTION ( 'NONE',  ( -1.000000000000000000, 0.000000000000000000, 0.000000000000000000 ) ) ;
#3618 = LINE ( 'NONE', #2930, #1849 ) ;
#3619 = EDGE_CURVE ( 'NONE', #1122, #2917, #2121, .T. ) ;
#3620 = EDGE_CURVE ( 'NONE', #1459, #3775, #3432, .T. ) ;
#3621 = ORIENTED_EDGE ( 'NONE', *, *, #3289, .F. ) ;
#3622 = CARTESIAN_POINT ( 'NONE',  ( -2.230926942123234280, 0.7949999999999989297, -1.700000000000000178 ) ) ;
#3623 = ORIENTED_EDGE ( 'NONE', *, *, #804, .T. ) ;
#3624 = ORIENTED_EDGE ( 'NONE', *, *, #4208, .F. ) ;
#3625 = FACE_OUTER_BOUND ( 'NONE', #1716, .T. ) ;
#3626 = ORIENTED_EDGE ( 'NONE', *, *, #950, .F. ) ;
#3627 = CARTESIAN_POINT ( 'NONE',  ( -2.530926942123233658, 0.7949999999999989297, -0.8400000000000000799 ) ) ;
#3628 = CARTESIAN_POINT ( 'NONE',  ( 2.589999999999999414, 0.02759686637614006469, -1.700000000000000178 ) ) ;
#3629 = CARTESIAN_POINT ( 'NONE',  ( -2.590000000000001190, 0.02759686637614006469, -1.700000000000000178 ) ) ;
#3630 = DIRECTION ( 'NONE',  ( -1.000000000000000000, 2.315624477220638251E-15, -0.000000000000000000 ) ) ;
#3631 = DIRECTION ( 'NONE',  ( -0.000000000000000000, -0.000000000000000000, -1.000000000000000000 ) ) ;
#3632 = FACE_OUTER_BOUND ( 'NONE', #3301, .T. ) ;
#3633 = PLANE ( 'NONE',  #2695 ) ;
#3634 = CIRCLE ( 'NONE', #2004, 0.2500000000000000000 ) ;
#3635 = ORIENTED_EDGE ( 'NONE', *, *, #3139, .F. ) ;
#3636 = ADVANCED_FACE ( 'NONE', ( #426 ), #1746, .T. ) ;
#3637 = DIRECTION ( 'NONE',  ( -1.000000000000000000, -6.484824027254647687E-15, 0.000000000000000000 ) ) ;
#3638 = EDGE_CURVE ( 'NONE', #3860, #3083, #2481, .T. ) ;
#3639 = ORIENTED_EDGE ( 'NONE', *, *, #1778, .F. ) ;
#3640 = VERTEX_POINT ( 'NONE', #1792 ) ;
#3641 = LINE ( 'NONE', #1272, #733 ) ;
#3642 = PRODUCT_DEFINITION_CONTEXT ( 'detailed design', #1101, 'design' ) ;
#3643 = ORIENTED_EDGE ( 'NONE', *, *, #2125, .T. ) ;
#3644 = CARTESIAN_POINT ( 'NONE',  ( -2.310926942123236572, 0.3268660814540851889, -1.700000000000000178 ) ) ;
#3645 = CARTESIAN_POINT ( 'NONE',  ( -2.310926942123236572, 0.3268660814540851889, -1.700000000000000178 ) ) ;
#3646 = VERTEX_POINT ( 'NONE', #135 ) ;
#3647 = ORIENTED_EDGE ( 'NONE', *, *, #2943, .F. ) ;
#3648 = CARTESIAN_POINT ( 'NONE',  ( 2.610926942123235062, 0.3268660814540874093, -2.109999999999999876 ) ) ;
#3649 = SPHERICAL_SURFACE ( 'NONE', #381, 0.2500000000000000000 ) ;
#3650 = CARTESIAN_POINT ( 'NONE',  ( -2.530926942123233214, 0.7949999999999989297, 2.109999999999999876 ) ) ;
#3651 = EDGE_CURVE ( 'NONE', #2412, #2553, #1464, .T. ) ;
#3652 = LINE ( 'NONE', #3323, #2686 ) ;
#3653 = DIRECTION ( 'NONE',  ( -9.264034324649497259E-16, 1.000000000000000000, 0.000000000000000000 ) ) ;
#3654 = ORIENTED_EDGE ( 'NONE', *, *, #829, .T. ) ;
#3655 = CARTESIAN_POINT ( 'NONE',  ( -1.699999999999999067, 1.719999999999999751, 2.195000000000001616 ) ) ;
#3656 = AXIS2_PLACEMENT_3D ( 'NONE', #2378, #3080, #2335 ) ;
#3657 = CARTESIAN_POINT ( 'NONE',  ( -2.530926942123234102, 0.3268660814540850779, -0.8400000000000000799 ) ) ;
#3658 = ORIENTED_EDGE ( 'NONE', *, *, #767, .T. ) ;
#3659 = VERTEX_POINT ( 'NONE', #4157 ) ;
#3660 = AXIS2_PLACEMENT_3D ( 'NONE', #1457, #1475, #2513 ) ;
#3661 = ADVANCED_FACE ( 'NONE', ( #742 ), #1149, .F. ) ;
#3662 = LINE ( 'NONE', #4288, #2528 ) ;
#3663 = MANIFOLD_SOLID_BREP ( 'Boss-Extrude4[1]', #3916 ) ;
#3664 =( GEOMETRIC_REPRESENTATION_CONTEXT ( 3 ) GLOBAL_UNCERTAINTY_ASSIGNED_CONTEXT ( ( #2231 ) ) GLOBAL_UNIT_ASSIGNED_CONTEXT ( ( #4072, #2402, #2081 ) ) REPRESENTATION_CONTEXT ( 'NONE', 'WORKASPACE' ) );
#3665 = AXIS2_PLACEMENT_3D ( 'NONE', #2118, #52, #3408 ) ;
#3666 = ORIENTED_EDGE ( 'NONE', *, *, #4068, .F. ) ;
#3667 = LINE ( 'NONE', #3294, #106 ) ;
#3668 = CARTESIAN_POINT ( 'NONE',  ( -3.000000000000000444, 0.2194640910571590831, -0.4300000000000002709 ) ) ;
#3669 = EDGE_LOOP ( 'NONE', ( #2298, #129, #1579, #3907 ) ) ;
#3671 = ADVANCED_FACE ( 'NONE', ( #4255 ), #3509, .F. ) ;
#3670 = EDGE_CURVE ( 'NONE', #326, #3546, #3208, .T. ) ;
#3672 = VERTEX_POINT ( 'NONE', #181 ) ;
#3673 = VECTOR ( 'NONE', #751, 1000.000000000000000 ) ;
#3674 = DIRECTION ( 'NONE',  ( -0.000000000000000000, -0.000000000000000000, -1.000000000000000000 ) ) ;
#3675 = PLANE ( 'NONE',  #1967 ) ;
#3676 = AXIS2_PLACEMENT_3D ( 'NONE', #2769, #1109, #1749 ) ;
#3677 = CARTESIAN_POINT ( 'NONE',  ( 3.000000000000000000, 0.2194640910571611647, 2.109999999999999876 ) ) ;
#3678 = CARTESIAN_POINT ( 'NONE',  ( 2.530926942123232770, 0.7949999999999989297, -0.4300000000000002709 ) ) ;
#3679 = CARTESIAN_POINT ( 'NONE',  ( 2.230926942123232504, 0.7949999999999989297, -1.700000000000000178 ) ) ;
#3680 = PLANE ( 'NONE',  #1364 ) ;
#3681 = VECTOR ( 'NONE', #1177, 1000.000000000000000 ) ;
#3682 = CARTESIAN_POINT ( 'NONE',  ( -1.950000000000001732, 0.8750000000000008882, -1.700000000000000178 ) ) ;
#3683 = PRESENTATION_LAYER_ASSIGNMENT (  '', '', ( #2909 ) ) ;
#3684 = DIRECTION ( 'NONE',  ( -1.000000000000000000, 0.000000000000000000, 0.000000000000000000 ) ) ;
#3685 = ORIENTED_EDGE ( 'NONE', *, *, #721, .T. ) ;
#3686 = ORIENTED_EDGE ( 'NONE', *, *, #4241, .F. ) ;
#3687 = CARTESIAN_POINT ( 'NONE',  ( -2.610926942123235506, 0.3268660814540874093, 2.109999999999999876 ) ) ;
#3688 = ORIENTED_EDGE ( 'NONE', *, *, #2507, .F. ) ;
#3689 = PLANE ( 'NONE',  #3613 ) ;
#3690 = FILL_AREA_STYLE ('',( #1335 ) ) ;
#3691 = ORIENTED_EDGE ( 'NONE', *, *, #2619, .T. ) ;
#3692 = EDGE_CURVE ( 'NONE', #3113, #2666, #198, .T. ) ;
#3693 = DIRECTION ( 'NONE',  ( -0.000000000000000000, -0.000000000000000000, -1.000000000000000000 ) ) ;
#3694 = PLANE ( 'NONE',  #4234 ) ;
#3695 = EDGE_CURVE ( 'NONE', #2311, #2381, #2833, .T. ) ;
#3696 = EDGE_CURVE ( 'NONE', #1715, #4253, #3865, .T. ) ;
#3697 = ORIENTED_EDGE ( 'NONE', *, *, #1885, .T. ) ;
#3698 = SURFACE_STYLE_FILL_AREA ( #1025 ) ;
#3699 = FACE_OUTER_BOUND ( 'NONE', #1399, .T. ) ;
#3700 = SPHERICAL_SURFACE ( 'NONE', #1352, 0.2500000000000000000 ) ;
#3701 = DIRECTION ( 'NONE',  ( -0.000000000000000000, -0.000000000000000000, -1.000000000000000000 ) ) ;
#3702 = VECTOR ( 'NONE', #3615, 1000.000000000000000 ) ;
#3703 = DIRECTION ( 'NONE',  ( -0.000000000000000000, -0.000000000000000000, -1.000000000000000000 ) ) ;
#3704 = DIRECTION ( 'NONE',  ( -0.000000000000000000, -0.000000000000000000, -1.000000000000000000 ) ) ;
#3705 = ORIENTED_EDGE ( 'NONE', *, *, #2774, .F. ) ;
#3706 = VECTOR ( 'NONE', #199, 1000.000000000000000 ) ;
#3707 = EDGE_LOOP ( 'NONE', ( #2877, #1856, #2805, #3533 ) ) ;
#3708 = FACE_OUTER_BOUND ( 'NONE', #3093, .T. ) ;
#3709 = VERTEX_POINT ( 'NONE', #575 ) ;
#3710 = CARTESIAN_POINT ( 'NONE',  ( -3.000000000000000000, 0.2194640910571590831, 2.109999999999999876 ) ) ;
#3711 = ORIENTED_EDGE ( 'NONE', *, *, #581, .F. ) ;
#3712 = DIRECTION ( 'NONE',  ( 1.734723475976805517E-15, 0.000000000000000000, 1.000000000000000000 ) ) ;
#3713 = CARTESIAN_POINT ( 'NONE',  ( 1.950000000000001066, 0.5000000000000005551, 2.194999999999996287 ) ) ;
#3714 = ORIENTED_EDGE ( 'NONE', *, *, #2417, .F. ) ;
#3715 = DIRECTION ( 'NONE',  ( 1.000000000000000000, 0.000000000000000000, 0.000000000000000000 ) ) ;
#3716 = CARTESIAN_POINT ( 'NONE',  ( 1.950000000000001066, 1.469999999999999751, 2.444999999999996287 ) ) ;
#3717 = EDGE_CURVE ( 'NONE', #412, #2917, #3397, .T. ) ;
#3718 = ADVANCED_FACE ( 'NONE', ( #929 ), #2190, .F. ) ;
#3719 = CARTESIAN_POINT ( 'NONE',  ( 2.984653575776293533, 4.814824860968089633E-32, -0.4300000000000002709 ) ) ;
#3720 = LINE ( 'NONE', #720, #4101 ) ;
#3721 = EDGE_CURVE ( 'NONE', #852, #2290, #248, .T. ) ;
#3722 = LINE ( 'NONE', #359, #2881 ) ;
#3723 = DIRECTION ( 'NONE',  ( -0.000000000000000000, -0.000000000000000000, -1.000000000000000000 ) ) ;
#3724 = ORIENTED_EDGE ( 'NONE', *, *, #2303, .T. ) ;
#3725 = ORIENTED_EDGE ( 'NONE', *, *, #3277, .F. ) ;
#3726 = VECTOR ( 'NONE', #4123, 1000.000000000000000 ) ;
#3727 = DIRECTION ( 'NONE',  ( -0.000000000000000000, -0.000000000000000000, -1.000000000000000000 ) ) ;
#3728 = EDGE_LOOP ( 'NONE', ( #1921, #2429, #108, #484 ) ) ;
#3729 = VECTOR ( 'NONE', #2584, 1000.000000000000000 ) ;
#3730 = CARTESIAN_POINT ( 'NONE',  ( 1.699999999999999956, 1.719999999999999751, -2.445000000000001172 ) ) ;
#3731 = CIRCLE ( 'NONE', #1826, 0.07999999999999977962 ) ;
#3732 =( LENGTH_UNIT ( ) NAMED_UNIT ( * ) SI_UNIT ( .MILLI., .METRE. ) );
#3733 = EDGE_CURVE ( 'NONE', #917, #1147, #3231, .T. ) ;
#3734 = ORIENTED_EDGE ( 'NONE', *, *, #3792, .T. ) ;
#3735 = CARTESIAN_POINT ( 'NONE',  ( 2.999999999999999556, 0.2194640910571611647, 0.8399999999999998579 ) ) ;
#3736 = FACE_OUTER_BOUND ( 'NONE', #4247, .T. ) ;
#3737 = VECTOR ( 'NONE', #2476, 1000.000000000000000 ) ;
#3738 = VECTOR ( 'NONE', #6, 1000.000000000000000 ) ;
#3739 = VERTEX_POINT ( 'NONE', #220 ) ;
#3740 = CARTESIAN_POINT ( 'NONE',  ( 2.605346424223705881, 0.2470609574333015312, -2.109999999999999876 ) ) ;
#3741 = CARTESIAN_POINT ( 'NONE',  ( 1.950000000000000844, 1.094999999999999307, 0.8399999999999998579 ) ) ;
#3742 = AXIS2_PLACEMENT_3D ( 'NONE', #2543, #860, #1188 ) ;
#3743 = AXIS2_PLACEMENT_3D ( 'NONE', #1634, #2981, #1981 ) ;
#3744 = DIRECTION ( 'NONE',  ( -0.000000000000000000, -0.000000000000000000, -1.000000000000000000 ) ) ;
#3745 = AXIS2_PLACEMENT_3D ( 'NONE', #943, #875, #2580 ) ;
#3746 = PLANE ( 'NONE',  #1908 ) ;
#3747 = DIRECTION ( 'NONE',  ( 1.000000000000000000, 0.000000000000000000, 0.000000000000000000 ) ) ;
#3748 = VECTOR ( 'NONE', #2266, 1000.000000000000000 ) ;
#3749 = EDGE_CURVE ( 'NONE', #636, #976, #3894, .T. ) ;
#3750 = EDGE_CURVE ( 'NONE', #3085, #3330, #1553, .T. ) ;
#3751 = VECTOR ( 'NONE', #1675, 1000.000000000000000 ) ;
#3752 = CYLINDRICAL_SURFACE ( 'NONE', #659, 0.08000000000000194456 ) ;
#3753 = ORIENTED_EDGE ( 'NONE', *, *, #3981, .F. ) ;
#3754 = EDGE_LOOP ( 'NONE', ( #784, #1442, #4058, #3288, #2849, #2028, #3565, #2086, #2366, #468, #2564, #2138 ) ) ;
#3755 = AXIS2_PLACEMENT_3D ( 'NONE', #2627, #613, #4324 ) ;
#3756 = LINE ( 'NONE', #1759, #4149 ) ;
#3757 = EDGE_LOOP ( 'NONE', ( #1033, #990, #2051, #3221 ) ) ;
#3758 = CARTESIAN_POINT ( 'NONE',  ( 1.700000000000000622, 1.469999999999999751, -3.769210006595826627E-16 ) ) ;
#3759 = FACE_OUTER_BOUND ( 'NONE', #2203, .T. ) ;
#3760 = VERTEX_POINT ( 'NONE', #2921 ) ;
#3761 = FACE_OUTER_BOUND ( 'NONE', #4291, .T. ) ;
#3762 = CARTESIAN_POINT ( 'NONE',  ( 1.950000000000001066, 1.094999999999999307, 1.700000000000000178 ) ) ;
#3763 = ORIENTED_EDGE ( 'NONE', *, *, #587, .F. ) ;
#3764 = DIRECTION ( 'NONE',  ( -0.000000000000000000, -0.000000000000000000, -1.000000000000000000 ) ) ;
#3765 = LINE ( 'NONE', #3741, #1874 ) ;
#3766 = FACE_OUTER_BOUND ( 'NONE', #2185, .T. ) ;
#3767 = VERTEX_POINT ( 'NONE', #4275 ) ;
#3768 = CARTESIAN_POINT ( 'NONE',  ( 2.984653575776293977, 4.814824860968089633E-32, 2.109999999999999876 ) ) ;
#3769 = LINE ( 'NONE', #125, #1418 ) ;
#3770 = ORIENTED_EDGE ( 'NONE', *, *, #1092, .T. ) ;
#3771 = ADVANCED_FACE ( 'NONE', ( #1257 ), #3158, .T. ) ;
#3772 = DIRECTION ( 'NONE',  ( 0.9975640502598247528, -0.06975647374411921009, 0.000000000000000000 ) ) ;
#3773 = VECTOR ( 'NONE', #1771, 1000.000000000000000 ) ;
#3774 = ORIENTED_EDGE ( 'NONE', *, *, #3998, .F. ) ;
#3775 = VERTEX_POINT ( 'NONE', #3275 ) ;
#3776 = CARTESIAN_POINT ( 'NONE',  ( -2.605346424223707213, 0.2470609574332993108, -1.700000000000000178 ) ) ;
#3777 = DIRECTION ( 'NONE',  ( 0.06975647374411794721, 0.9975640502598247528, -0.000000000000000000 ) ) ;
#3778 = ORIENTED_EDGE ( 'NONE', *, *, #2023, .T. ) ;
#3779 = CARTESIAN_POINT ( 'NONE',  ( 2.605346424223705881, 0.2470609574333015312, -1.700000000000000178 ) ) ;
#3780 = CARTESIAN_POINT ( 'NONE',  ( -2.230926942123233392, 1.094999999999998863, -0.4300000000000002709 ) ) ;
#3781 = VERTEX_POINT ( 'NONE', #1940 ) ;
#3782 = DIRECTION ( 'NONE',  ( 0.000000000000000000, 0.000000000000000000, 1.000000000000000000 ) ) ;
#3783 = DIRECTION ( 'NONE',  ( 1.000000000000000000, 0.000000000000000000, 0.000000000000000000 ) ) ;
#3784 = DIRECTION ( 'NONE',  ( 1.000000000000000000, -9.264034324649497259E-16, 0.000000000000000000 ) ) ;
#3785 = CARTESIAN_POINT ( 'NONE',  ( 1.950000000000001066, 1.094999999999999307, 1.700000000000000178 ) ) ;
#3786 = DIRECTION ( 'NONE',  ( -9.264034324649497259E-16, -1.000000000000000000, 0.000000000000000000 ) ) ;
#3787 = DIRECTION ( 'NONE',  ( -1.000000000000000000, -2.315624477220642195E-15, 0.000000000000000000 ) ) ;
#3788 = VERTEX_POINT ( 'NONE', #1984 ) ;
#3789 = PLANE ( 'NONE',  #3161 ) ;
#3790 = ORIENTED_EDGE ( 'NONE', *, *, #3721, .T. ) ;
#3791 = ORIENTED_EDGE ( 'NONE', *, *, #1884, .T. ) ;
#3792 = EDGE_CURVE ( 'NONE', #2656, #2677, #247, .T. ) ;
#3793 = DIRECTION ( 'NONE',  ( -0.000000000000000000, -0.000000000000000000, -1.000000000000000000 ) ) ;
#3794 = ORIENTED_EDGE ( 'NONE', *, *, #880, .T. ) ;
#3795 = DIRECTION ( 'NONE',  ( -0.06975647374411794721, -0.9975640502598247528, 0.000000000000000000 ) ) ;
#3796 = CARTESIAN_POINT ( 'NONE',  ( -2.530926942123233214, 0.7949999999999989297, 2.109999999999999876 ) ) ;
#3797 = EDGE_CURVE ( 'NONE', #4147, #20, #3667, .T. ) ;
#3798 = AXIS2_PLACEMENT_3D ( 'NONE', #1348, #749, #389 ) ;
#3799 = ORIENTED_EDGE ( 'NONE', *, *, #4118, .T. ) ;
#3800 = ADVANCED_FACE ( 'NONE', ( #266 ), #2345, .F. ) ;
#3801 = DIRECTION ( 'NONE',  ( 1.000000000000000000, -0.000000000000000000, -1.445602896647339311E-15 ) ) ;
#3802 = DIRECTION ( 'NONE',  ( 0.000000000000000000, 0.000000000000000000, 1.000000000000000000 ) ) ;
#3803 = DIRECTION ( 'NONE',  ( -0.000000000000000000, -0.000000000000000000, -1.000000000000000000 ) ) ;
#3804 = VECTOR ( 'NONE', #148, 1000.000000000000000 ) ;
#3805 = AXIS2_PLACEMENT_3D ( 'NONE', #2358, #3704, #2729 ) ;
#3806 = FACE_OUTER_BOUND ( 'NONE', #2982, .T. ) ;
#3807 = CIRCLE ( 'NONE', #3383, 0.2999999999999999334 ) ;
#3808 = APPLICATION_PROTOCOL_DEFINITION ( 'draft international standard', 'automotive_design', 1998, #3593 ) ;
#3809 = EDGE_CURVE ( 'NONE', #4121, #1501, #672, .T. ) ;
#3810 = AXIS2_PLACEMENT_3D ( 'NONE', #293, #1665, #1028 ) ;
#3811 =( NAMED_UNIT ( * ) PLANE_ANGLE_UNIT ( ) SI_UNIT ( $, .RADIAN. ) );
#3812 = CARTESIAN_POINT ( 'NONE',  ( 2.230926942123233392, 0.7949999999999989297, 1.700000000000000178 ) ) ;
#3813 = AXIS2_PLACEMENT_3D ( 'NONE', #2806, #3119, #117 ) ;
#3814 = VERTEX_POINT ( 'NONE', #1358 ) ;
#3815 = PLANE ( 'NONE',  #861 ) ;
#3816 = VECTOR ( 'NONE', #2983, 1000.000000000000000 ) ;
#3817 = VERTEX_POINT ( 'NONE', #3313 ) ;
#3818 = ORIENTED_EDGE ( 'NONE', *, *, #452, .T. ) ;
#3819 = SURFACE_STYLE_USAGE ( .BOTH. , #2495 ) ;
#3820 = VERTEX_POINT ( 'NONE', #2657 ) ;
#3821 = VECTOR ( 'NONE', #1947, 1000.000000000000000 ) ;
#3822 = CARTESIAN_POINT ( 'NONE',  ( 1.950000000000000622, 0.8750000000000018874, -0.4300000000000002709 ) ) ;
#3823 = DIRECTION ( 'NONE',  ( -0.000000000000000000, -0.000000000000000000, -1.000000000000000000 ) ) ;
#3824 = ORIENTED_EDGE ( 'NONE', *, *, #103, .F. ) ;
#3825 = CARTESIAN_POINT ( 'NONE',  ( -2.230926942123233392, 0.7949999999999989297, 2.109999999999999876 ) ) ;
#3826 = CARTESIAN_POINT ( 'NONE',  ( -2.590000000000000746, 0.02759686637614006469, -0.4300000000000002709 ) ) ;
#3827 = EDGE_CURVE ( 'NONE', #3788, #3659, #4173, .T. ) ;
#3828 = FACE_OUTER_BOUND ( 'NONE', #1560, .T. ) ;
#3829 = ADVANCED_FACE ( 'NONE', ( #2614 ), #3001, .T. ) ;
#3830 = FACE_OUTER_BOUND ( 'NONE', #1805, .T. ) ;
#3831 = VERTEX_POINT ( 'NONE', #3644 ) ;
#3832 =( NAMED_UNIT ( * ) SI_UNIT ( $, .STERADIAN. ) SOLID_ANGLE_UNIT ( ) );
#3833 = CARTESIAN_POINT ( 'NONE',  ( -2.605346424223706769, 0.2470609574332990888, 0.8399999999999998579 ) ) ;
#3834 = ORIENTED_EDGE ( 'NONE', *, *, #4095, .F. ) ;
#3835 = LINE ( 'NONE', #3149, #4080 ) ;
#3836 = VERTEX_POINT ( 'NONE', #4332 ) ;
#3837 = ORIENTED_EDGE ( 'NONE', *, *, #3651, .T. ) ;
#3838 = LINE ( 'NONE', #3134, #4082 ) ;
#3839 = ORIENTED_EDGE ( 'NONE', *, *, #781, .T. ) ;
#3840 = CARTESIAN_POINT ( 'NONE',  ( -1.949999999999999956, 1.095000000000000639, -2.445000000000000284 ) ) ;
#3841 = VECTOR ( 'NONE', #2436, 1000.000000000000000 ) ;
#3842 = LINE ( 'NONE', #1810, #1623 ) ;
#3843 = ORIENTED_EDGE ( 'NONE', *, *, #1062, .T. ) ;
#3844 = FILL_AREA_STYLE ('',( #2500 ) ) ;
#3845 = CARTESIAN_POINT ( 'NONE',  ( -2.230926942123233836, 0.7949999999999989297, -0.8400000000000000799 ) ) ;
#3846 = CARTESIAN_POINT ( 'NONE',  ( -1.130415582602296354, 1.619999999999999662, -1.664089754143847300 ) ) ;
#3847 = PLANE ( 'NONE',  #456 ) ;
#3848 = ORIENTED_EDGE ( 'NONE', *, *, #3986, .T. ) ;
#3849 = LINE ( 'NONE', #2440, #461 ) ;
#3850 = ADVANCED_FACE ( 'NONE', ( #4016 ), #641, .F. ) ;
#3851 = EDGE_CURVE ( 'NONE', #1552, #420, #2691, .T. ) ;
#3852 = FILL_AREA_STYLE ('',( #1128 ) ) ;
#3853 = CARTESIAN_POINT ( 'NONE',  ( -2.530926942123233658, 0.3268660814540850779, 1.700000000000000178 ) ) ;
#3854 = EDGE_CURVE ( 'NONE', #3595, #2541, #2941, .T. ) ;
#3855 = LINE ( 'NONE', #851, #4254 ) ;
#3856 = ORIENTED_EDGE ( 'NONE', *, *, #587, .T. ) ;
#3857 = CARTESIAN_POINT ( 'NONE',  ( -2.610926942123235950, 0.3268660814540874093, -0.4300000000000002709 ) ) ;
#3858 = EDGE_LOOP ( 'NONE', ( #1524, #47, #3462, #1463, #2948, #3624, #2940, #1895, #794, #2923, #2207, #4261 ) ) ;
#3859 = ORIENTED_EDGE ( 'NONE', *, *, #3880, .F. ) ;
#3860 = VERTEX_POINT ( 'NONE', #1315 ) ;
#3861 = ORIENTED_EDGE ( 'NONE', *, *, #1581, .T. ) ;
#3862 = DIRECTION ( 'NONE',  ( -0.000000000000000000, -0.000000000000000000, -1.000000000000000000 ) ) ;
#3863 = LINE ( 'NONE', #2571, #3601 ) ;
#3864 = ORIENTED_EDGE ( 'NONE', *, *, #258, .F. ) ;
#3865 = LINE ( 'NONE', #2573, #2126 ) ;
#3866 = CARTESIAN_POINT ( 'NONE',  ( -1.949999999999999067, 1.469999999999999751, 2.445000000000002061 ) ) ;
#3867 = CARTESIAN_POINT ( 'NONE',  ( 2.310926942123235239, 0.7949999999999989297, 1.700000000000000178 ) ) ;
#3868 = AXIS2_PLACEMENT_3D ( 'NONE', #3439, #2019, #24 ) ;
#3869 = LINE ( 'NONE', #2876, #240 ) ;
#3870 = CARTESIAN_POINT ( 'NONE',  ( 2.605346424223706769, 0.2470609574333015312, 2.109999999999999876 ) ) ;
#3871 = ORIENTED_EDGE ( 'NONE', *, *, #25, .F. ) ;
#3872 = AXIS2_PLACEMENT_3D ( 'NONE', #1919, #2995, #259 ) ;
#3873 = COLOUR_RGB ( '',0.7921568627450980005, 0.8196078431372548767, 0.9333333333333333481 ) ;
#3874 = DIRECTION ( 'NONE',  ( -1.000000000000000000, 0.000000000000000000, 2.224004456380521903E-16 ) ) ;
#3875 = AXIS2_PLACEMENT_3D ( 'NONE', #4213, #1452, #3786 ) ;
#3876 = VECTOR ( 'NONE', #3005, 1000.000000000000000 ) ;
#3877 = LINE ( 'NONE', #4242, #165 ) ;
#3878 = CARTESIAN_POINT ( 'NONE',  ( 2.610926942123235506, 0.3268660814540874093, 2.109999999999999876 ) ) ;
#3879 = ORIENTED_EDGE ( 'NONE', *, *, #4182, .F. ) ;
#3880 = EDGE_CURVE ( 'NONE', #64, #927, #3187, .T. ) ;
#3881 = CIRCLE ( 'NONE', #2968, 0.2999999999999999334 ) ;
#3882 = DIRECTION ( 'NONE',  ( 1.000000000000000000, 0.000000000000000000, -0.000000000000000000 ) ) ;
#3883 = ADVANCED_FACE ( 'NONE', ( #665 ), #327, .T. ) ;
#3884 = ADVANCED_FACE ( 'NONE', ( #3956 ), #3689, .F. ) ;
#3885 = VECTOR ( 'NONE', #3345, 1000.000000000000227 ) ;
#3886 = ORIENTED_EDGE ( 'NONE', *, *, #1859, .T. ) ;
#3887 = ORIENTED_EDGE ( 'NONE', *, *, #1042, .F. ) ;
#3888 = ORIENTED_EDGE ( 'NONE', *, *, #4143, .T. ) ;
#3889 = CYLINDRICAL_SURFACE ( 'NONE', #4301, 0.08000000000000194456 ) ;
#3890 = VERTEX_POINT ( 'NONE', #2001 ) ;
#3891 = CARTESIAN_POINT ( 'NONE',  ( -1.699999999999999956, 1.469999999999999751, -2.445000000000000284 ) ) ;
#3892 = CARTESIAN_POINT ( 'NONE',  ( -2.310926942123235683, 0.7949999999999989297, -0.8400000000000000799 ) ) ;
#3893 = ORIENTED_EDGE ( 'NONE', *, *, #573, .F. ) ;
#3894 = LINE ( 'NONE', #892, #1295 ) ;
#3895 = FACE_OUTER_BOUND ( 'NONE', #1097, .T. ) ;
#3896 = DIRECTION ( 'NONE',  ( -1.000000000000000000, 0.000000000000000000, 0.000000000000000000 ) ) ;
#3897 = CIRCLE ( 'NONE', #3755, 0.2999999999999999334 ) ;
#3898 = DIRECTION ( 'NONE',  ( -0.000000000000000000, -0.000000000000000000, -1.000000000000000000 ) ) ;
#3899 = EDGE_LOOP ( 'NONE', ( #2670, #21, #620, #3197 ) ) ;
#3900 = ORIENTED_EDGE ( 'NONE', *, *, #2395, .F. ) ;
#3901 = ORIENTED_EDGE ( 'NONE', *, *, #2568, .T. ) ;
#3902 = FACE_OUTER_BOUND ( 'NONE', #4189, .T. ) ;
#3903 = FACE_OUTER_BOUND ( 'NONE', #3357, .T. ) ;
#3904 = CYLINDRICAL_SURFACE ( 'NONE', #1090, 0.2500000000000000000 ) ;
#3905 = ORIENTED_EDGE ( 'NONE', *, *, #625, .T. ) ;
#3906 = LINE ( 'NONE', #2602, #1133 ) ;
#3907 = ORIENTED_EDGE ( 'NONE', *, *, #2634, .T. ) ;
#3908 = ORIENTED_EDGE ( 'NONE', *, *, #3479, .F. ) ;
#3909 = VERTEX_POINT ( 'NONE', #3627 ) ;
#3910 = EDGE_CURVE ( 'NONE', #4061, #416, #2364, .T. ) ;
#3911 = EDGE_CURVE ( 'NONE', #3640, #2058, #599, .T. ) ;
#3912 = CARTESIAN_POINT ( 'NONE',  ( 2.230926942123233392, 0.7949999999999989297, 2.109999999999999876 ) ) ;
#3913 = LINE ( 'NONE', #4273, #1145 ) ;
#3914 = EDGE_LOOP ( 'NONE', ( #710, #2920, #88, #1312 ) ) ;
#3915 = LINE ( 'NONE', #3668, #1388 ) ;
#3916 = CLOSED_SHELL ( 'NONE', ( #3661, #2722, #2796, #4125, #2967, #3014, #3800, #934, #2913, #909, #696, #2148, #2233, #1775 ) ) ;
#3917 = CARTESIAN_POINT ( 'NONE',  ( -1.949999999999999067, 0.5000000000000005551, 2.195000000000001172 ) ) ;
#3918 = CIRCLE ( 'NONE', #835, 0.2500000000000002220 ) ;
#3919 = DIRECTION ( 'NONE',  ( 0.06975647374411832191, 0.9975640502598247528, -0.000000000000000000 ) ) ;
#3920 = ORIENTED_EDGE ( 'NONE', *, *, #2634, .F. ) ;
#3921 = VERTEX_POINT ( 'NONE', #758 ) ;
#3922 = DIRECTION ( 'NONE',  ( -6.484824027254647687E-15, 1.000000000000000000, -0.000000000000000000 ) ) ;
#3923 = DIRECTION ( 'NONE',  ( -1.000000000000000000, 0.000000000000000000, 0.000000000000000000 ) ) ;
#3924 = ADVANCED_FACE ( 'NONE', ( #167 ), #3067, .T. ) ;
#3925 = PLANE ( 'NONE',  #813 ) ;
#3926 = VERTEX_POINT ( 'NONE', #2863 ) ;
#3927 = LINE ( 'NONE', #2248, #1684 ) ;
#3928 = ORIENTED_EDGE ( 'NONE', *, *, #3827, .F. ) ;
#3929 = ORIENTED_EDGE ( 'NONE', *, *, #1801, .F. ) ;
#3930 = CARTESIAN_POINT ( 'NONE',  ( 2.999999999999999556, 0.2194640910571611647, 0.4300000000000000488 ) ) ;
#3931 = LINE ( 'NONE', #531, #2897 ) ;
#3932 = ORIENTED_EDGE ( 'NONE', *, *, #2127, .T. ) ;
#3933 = DIRECTION ( 'NONE',  ( -2.315624477220638251E-15, -1.000000000000000000, 0.000000000000000000 ) ) ;
#3934 = CARTESIAN_POINT ( 'NONE',  ( 1.700000000000001066, 0.5000000000000005551, 2.194999999999996732 ) ) ;
#3935 = ADVANCED_FACE ( 'NONE', ( #65 ), #2716, .T. ) ;
#3936 = DIRECTION ( 'NONE',  ( 1.000000000000000000, 0.000000000000000000, 0.000000000000000000 ) ) ;
#3937 = EDGE_CURVE ( 'NONE', #1162, #1186, #4059, .T. ) ;
#3938 = ADVANCED_FACE ( 'NONE', ( #3196 ), #2410, .F. ) ;
#3939 = CARTESIAN_POINT ( 'NONE',  ( 1.950000000000001066, 0.8750000000000018874, 2.109999999999999876 ) ) ;
#3940 = CARTESIAN_POINT ( 'NONE',  ( -1.950000000000001288, 0.8750000000000008882, 0.8399999999999998579 ) ) ;
#3941 = VECTOR ( 'NONE', #530, 1000.000000000000000 ) ;
#3942 = AXIS2_PLACEMENT_3D ( 'NONE', #1934, #3285, #276 ) ;
#3943 = DIRECTION ( 'NONE',  ( -1.000000000000000000, 0.000000000000000000, 0.000000000000000000 ) ) ;
#3944 = AXIS2_PLACEMENT_3D ( 'NONE', #374, #4017, #49 ) ;
#3945 = LINE ( 'NONE', #2581, #3821 ) ;
#3946 = ORIENTED_EDGE ( 'NONE', *, *, #695, .T. ) ;
#3947 = VECTOR ( 'NONE', #32, 1000.000000000000000 ) ;
#3948 = CARTESIAN_POINT ( 'NONE',  ( -2.310926942123235683, 0.7949999999999989297, -0.4300000000000002709 ) ) ;
#3949 = AXIS2_PLACEMENT_3D ( 'NONE', #624, #1616, #1021 ) ;
#3950 = ORIENTED_EDGE ( 'NONE', *, *, #1917, .F. ) ;
#3951 = VECTOR ( 'NONE', #2782, 1000.000000000000000 ) ;
#3952 = ORIENTED_EDGE ( 'NONE', *, *, #829, .F. ) ;
#3953 = DIRECTION ( 'NONE',  ( -0.000000000000000000, -0.000000000000000000, -1.000000000000000000 ) ) ;
#3954 = CIRCLE ( 'NONE', #1558, 0.08000000000000194456 ) ;
#3955 = ORIENTED_EDGE ( 'NONE', *, *, #2375, .T. ) ;
#3956 = FACE_OUTER_BOUND ( 'NONE', #545, .T. ) ;
#3957 = DIRECTION ( 'NONE',  ( 1.000000000000000000, -2.701561890090745152E-15, 0.000000000000000000 ) ) ;
#3958 = PRESENTATION_LAYER_ASSIGNMENT (  '', '', ( #2194 ) ) ;
#3959 = CARTESIAN_POINT ( 'NONE',  ( 1.950000000000000622, 1.719999999999999751, 2.194999999999996287 ) ) ;
#3960 = AXIS2_PLACEMENT_3D ( 'NONE', #4203, #1240, #2235 ) ;
#3961 = EDGE_CURVE ( 'NONE', #1162, #305, #2052, .T. ) ;
#3962 = FACE_OUTER_BOUND ( 'NONE', #2536, .T. ) ;
#3963 = CARTESIAN_POINT ( 'NONE',  ( -1.699999999999999512, 1.469999999999999751, 3.015368005276656568E-16 ) ) ;
#3964 = EDGE_CURVE ( 'NONE', #2585, #3152, #2758, .T. ) ;
#3965 = AXIS2_PLACEMENT_3D ( 'NONE', #1603, #564, #1247 ) ;
#3966 = CARTESIAN_POINT ( 'NONE',  ( -2.530926942123233214, 0.7949999999999989297, 2.109999999999999876 ) ) ;
#3967 = LINE ( 'NONE', #944, #39 ) ;
#3968 = VERTEX_POINT ( 'NONE', #1078 ) ;
#3969 = CARTESIAN_POINT ( 'NONE',  ( 2.310926942123235239, 0.3268660814540851889, -0.8400000000000000799 ) ) ;
#3970 = ORIENTED_EDGE ( 'NONE', *, *, #2477, .T. ) ;
#3971 = ORIENTED_EDGE ( 'NONE', *, *, #25, .T. ) ;
#3972 = CARTESIAN_POINT ( 'NONE',  ( 2.530926942123232326, 0.7949999999999989297, -2.109999999999999876 ) ) ;
#3973 = VERTEX_POINT ( 'NONE', #1098 ) ;
#3974 = CARTESIAN_POINT ( 'NONE',  ( 2.230926942123232948, 0.7949999999999989297, 0.4300000000000000488 ) ) ;
#3975 = DIRECTION ( 'NONE',  ( 0.06975647374411858559, -0.9975640502598246417, 0.000000000000000000 ) ) ;
#3976 = EDGE_CURVE ( 'NONE', #4307, #791, #2198, .T. ) ;
#3977 = EDGE_LOOP ( 'NONE', ( #4034, #4003, #2180 ) ) ;
#3978 = CARTESIAN_POINT ( 'NONE',  ( 2.589999999999999858, 0.02759686637614006469, 0.8399999999999998579 ) ) ;
#3979 = DIRECTION ( 'NONE',  ( -0.000000000000000000, -0.000000000000000000, -1.000000000000000000 ) ) ;
#3980 = FACE_BOUND ( 'NONE', #3179, .T. ) ;
#3981 = EDGE_CURVE ( 'NONE', #2905, #4147, #3405, .T. ) ;
#3982 = PLANE ( 'NONE',  #238 ) ;
#3983 = DIRECTION ( 'NONE',  ( 9.264034324649497259E-16, -1.000000000000000000, 0.000000000000000000 ) ) ;
#3984 = VERTEX_POINT ( 'NONE', #3710 ) ;
#3985 = DIRECTION ( 'NONE',  ( -0.000000000000000000, -0.000000000000000000, -1.000000000000000000 ) ) ;
#3987 = EDGE_CURVE ( 'NONE', #1080, #891, #778, .T. ) ;
#3986 = EDGE_CURVE ( 'NONE', #3984, #1336, #1498, .T. ) ;
#3988 = PLANE ( 'NONE',  #1835 ) ;
#3989 = VERTEX_POINT ( 'NONE', #85 ) ;
#3990 = VERTEX_POINT ( 'NONE', #2430 ) ;
#3991 = DIRECTION ( 'NONE',  ( -0.000000000000000000, 1.000000000000000000, -0.000000000000000000 ) ) ;
#3992 = ORIENTED_EDGE ( 'NONE', *, *, #1458, .F. ) ;
#3993 = DIRECTION ( 'NONE',  ( -0.000000000000000000, -0.000000000000000000, -1.000000000000000000 ) ) ;
#3994 = CARTESIAN_POINT ( 'NONE',  ( -2.230926942123233836, 0.7949999999999989297, -0.4300000000000002709 ) ) ;
#3995 = ORIENTED_EDGE ( 'NONE', *, *, #1328, .F. ) ;
#3996 = CARTESIAN_POINT ( 'NONE',  ( -2.605346424223707213, 0.2470609574332993108, -1.700000000000000178 ) ) ;
#3997 = DIRECTION ( 'NONE',  ( -0.000000000000000000, -0.000000000000000000, -1.000000000000000000 ) ) ;
#3998 = EDGE_CURVE ( 'NONE', #4129, #3083, #2087, .T. ) ;
#3999 = PLANE ( 'NONE',  #1226 ) ;
#4000 = DIRECTION ( 'NONE',  ( -0.000000000000000000, -0.000000000000000000, -1.000000000000000000 ) ) ;
#4001 = DIRECTION ( 'NONE',  ( 0.000000000000000000, 1.000000000000000000, 0.000000000000000000 ) ) ;
#4002 = PLANE ( 'NONE',  #2977 ) ;
#4003 = ORIENTED_EDGE ( 'NONE', *, *, #1641, .T. ) ;
#4004 = AXIS2_PLACEMENT_3D ( 'NONE', #3622, #1628, #2976 ) ;
#4005 = CARTESIAN_POINT ( 'NONE',  ( -2.610926942123235950, 0.3268660814540874093, 0.8399999999999998579 ) ) ;
#4006 = ORIENTED_EDGE ( 'NONE', *, *, #1150, .T. ) ;
#4007 = EDGE_CURVE ( 'NONE', #351, #3129, #1820, .T. ) ;
#4008 = VERTEX_POINT ( 'NONE', #708 ) ;
#4009 = VECTOR ( 'NONE', #230, 999.9999999999998863 ) ;
#4010 = EDGE_CURVE ( 'NONE', #903, #3767, #2021, .T. ) ;
#4011 = CARTESIAN_POINT ( 'NONE',  ( -1.949999999999999956, 1.719999999999999751, -2.194999999999999840 ) ) ;
#4012 = EDGE_CURVE ( 'NONE', #2866, #3640, #3855, .T. ) ;
#4013 = VECTOR ( 'NONE', #1273, 1000.000000000000000 ) ;
#4014 = CIRCLE ( 'NONE', #1480, 0.2999999999999999334 ) ;
#4015 = VERTEX_POINT ( 'NONE', #2172 ) ;
#4016 = FACE_OUTER_BOUND ( 'NONE', #2956, .T. ) ;
#4017 = DIRECTION ( 'NONE',  ( 0.000000000000000000, 0.000000000000000000, 1.000000000000000000 ) ) ;
#4018 = VERTEX_POINT ( 'NONE', #522 ) ;
#4019 = CIRCLE ( 'NONE', #99, 0.2500000000000002220 ) ;
#4020 = DIRECTION ( 'NONE',  ( 1.000000000000000000, 0.000000000000000000, -1.445602896647339311E-15 ) ) ;
#4021 = LINE ( 'NONE', #562, #1214 ) ;
#4022 = EDGE_LOOP ( 'NONE', ( #493, #154, #740, #923, #3794, #2090, #2282, #4202, #1726, #8, #397, #1671 ) ) ;
#4023 = VECTOR ( 'NONE', #3630, 1000.000000000000000 ) ;
#4024 = LINE ( 'NONE', #2622, #4023 ) ;
#4025 = CARTESIAN_POINT ( 'NONE',  ( 2.310926942123234795, 0.3268660814540851889, -1.700000000000000178 ) ) ;
#4026 = ORIENTED_EDGE ( 'NONE', *, *, #1376, .T. ) ;
#4027 = PLANE ( 'NONE',  #2111 ) ;
#4028 = CARTESIAN_POINT ( 'NONE',  ( -1.950000000000001288, 0.8750000000000008882, 0.4300000000000000488 ) ) ;
#4029 = VECTOR ( 'NONE', #4184, 1000.000000000000000 ) ;
#4030 = DIRECTION ( 'NONE',  ( -1.000000000000000000, -6.484824027254647687E-15, 0.000000000000000000 ) ) ;
#4031 = CIRCLE ( 'NONE', #1236, 0.07999999999999977962 ) ;
#4032 = CARTESIAN_POINT ( 'NONE',  ( 2.230926942123233392, 0.8750000000000009992, 1.700000000000000178 ) ) ;
#4033 = ORIENTED_EDGE ( 'NONE', *, *, #3750, .F. ) ;
#4034 = ORIENTED_EDGE ( 'NONE', *, *, #475, .T. ) ;
#4035 = CARTESIAN_POINT ( 'NONE',  ( -2.610926942123235950, 0.3268660814540874093, -0.4300000000000002709 ) ) ;
#4036 = ORIENTED_EDGE ( 'NONE', *, *, #1282, .T. ) ;
#4037 = EDGE_CURVE ( 'NONE', #2342, #852, #2832, .T. ) ;
#4038 = CARTESIAN_POINT ( 'NONE',  ( -2.230926942123233392, 0.7949999999999989297, 2.109999999999999876 ) ) ;
#4039 = EDGE_CURVE ( 'NONE', #2531, #3709, #2384, .T. ) ;
#4040 = LINE ( 'NONE', #1721, #3307 ) ;
#4041 = ORIENTED_EDGE ( 'NONE', *, *, #1564, .T. ) ;
#4042 = PLANE ( 'NONE',  #590 ) ;
#4043 = CARTESIAN_POINT ( 'NONE',  ( -1.950000000000001732, 1.094999999999999307, -1.700000000000000178 ) ) ;
#4044 = EDGE_CURVE ( 'NONE', #250, #2179, #2907, .T. ) ;
#4045 = ORIENTED_EDGE ( 'NONE', *, *, #2568, .F. ) ;
#4046 = DIRECTION ( 'NONE',  ( -0.000000000000000000, -0.000000000000000000, -1.000000000000000000 ) ) ;
#4047 = CARTESIAN_POINT ( 'NONE',  ( -2.605346424223706769, 0.2470609574332993108, 0.8399999999999998579 ) ) ;
#4048 = CARTESIAN_POINT ( 'NONE',  ( 2.984653575776293533, 4.814824860968089633E-32, -0.8400000000000000799 ) ) ;
#4049 = LINE ( 'NONE', #1047, #2484 ) ;
#4050 = VECTOR ( 'NONE', #2196, 999.9999999999998863 ) ;
#4051 = DIRECTION ( 'NONE',  ( 0.000000000000000000, 0.000000000000000000, 1.000000000000000000 ) ) ;
#4052 = ADVANCED_FACE ( 'NONE', ( #2289 ), #274, .F. ) ;
#4053 = FACE_OUTER_BOUND ( 'NONE', #2066, .T. ) ;
#4054 = VERTEX_POINT ( 'NONE', #3282 ) ;
#4055 = AXIS2_PLACEMENT_3D ( 'NONE', #3159, #3232, #2835 ) ;
#4056 = EDGE_LOOP ( 'NONE', ( #692, #2065, #1394, #1221 ) ) ;
#4057 = CARTESIAN_POINT ( 'NONE',  ( 2.610926942123235506, 0.3268660814540874093, 0.8399999999999998579 ) ) ;
#4058 = ORIENTED_EDGE ( 'NONE', *, *, #2268, .T. ) ;
#4059 = LINE ( 'NONE', #735, #36 ) ;
#4060 = LINE ( 'NONE', #2385, #3099 ) ;
#4061 = VERTEX_POINT ( 'NONE', #1891 ) ;
#4062 = LINE ( 'NONE', #2762, #514 ) ;
#4063 = LINE ( 'NONE', #422, #96 ) ;
#4064 = ORIENTED_EDGE ( 'NONE', *, *, #4344, .T. ) ;
#4065 = CARTESIAN_POINT ( 'NONE',  ( -2.610926942123236394, 0.3268660814540874093, -2.109999999999999876 ) ) ;
#4066 = EDGE_CURVE ( 'NONE', #4325, #441, #2557, .T. ) ;
#4067 = CARTESIAN_POINT ( 'NONE',  ( -2.605346424223706769, 0.2470609574332993108, -0.4300000000000002709 ) ) ;
#4068 = EDGE_CURVE ( 'NONE', #4076, #2653, #3897, .T. ) ;
#4069 = EDGE_CURVE ( 'NONE', #553, #3526, #1566, .T. ) ;
#4070 = FACE_OUTER_BOUND ( 'NONE', #502, .T. ) ;
#4071 = DIRECTION ( 'NONE',  ( 0.06975647374411858559, -0.9975640502598246417, 0.000000000000000000 ) ) ;
#4072 =( LENGTH_UNIT ( ) NAMED_UNIT ( * ) SI_UNIT ( .MILLI., .METRE. ) );
#4073 = DIRECTION ( 'NONE',  ( -1.000000000000000000, 0.000000000000000000, 0.000000000000000000 ) ) ;
#4074 = EDGE_CURVE ( 'NONE', #50, #2412, #954, .T. ) ;
#4075 = VERTEX_POINT ( 'NONE', #542 ) ;
#4076 = VERTEX_POINT ( 'NONE', #3592 ) ;
#4077 = AXIS2_PLACEMENT_3D ( 'NONE', #81, #3727, #369 ) ;
#4078 = FACE_OUTER_BOUND ( 'NONE', #3728, .T. ) ;
#4079 = ORIENTED_EDGE ( 'NONE', *, *, #3011, .F. ) ;
#4080 = VECTOR ( 'NONE', #879, 1000.000000000000000 ) ;
#4081 = DIRECTION ( 'NONE',  ( -1.000000000000000000, 0.000000000000000000, 0.000000000000000000 ) ) ;
#4082 = VECTOR ( 'NONE', #4146, 1000.000000000000000 ) ;
#4083 = ORIENTED_EDGE ( 'NONE', *, *, #3176, .T. ) ;
#4084 = DIRECTION ( 'NONE',  ( -0.06975647374411794721, -0.9975640502598247528, 0.000000000000000000 ) ) ;
#4085 = CARTESIAN_POINT ( 'NONE',  ( 2.984653575776293533, 4.814824860968089633E-32, -0.4300000000000002709 ) ) ;
#4086 = CIRCLE ( 'NONE', #1138, 0.3118944375622300091 ) ;
#4087 = AXIS2_PLACEMENT_3D ( 'NONE', #3077, #2437, #3783 ) ;
#4088 = ORIENTED_EDGE ( 'NONE', *, *, #2802, .F. ) ;
#4089 = DIRECTION ( 'NONE',  ( -0.000000000000000000, -0.000000000000000000, -1.000000000000000000 ) ) ;
#4090 = VECTOR ( 'NONE', #1412, 1000.000000000000000 ) ;
#4091 = DIRECTION ( 'NONE',  ( 1.000000000000000000, -2.701561890090745152E-15, 0.000000000000000000 ) ) ;
#4092 = CIRCLE ( 'NONE', #2405, 0.2500000000000000000 ) ;
#4093 = DIRECTION ( 'NONE',  ( -0.000000000000000000, -0.000000000000000000, -1.000000000000000000 ) ) ;
#4094 = DIRECTION ( 'NONE',  ( -2.315624477220638251E-15, -1.000000000000000000, 0.000000000000000000 ) ) ;
#4095 = EDGE_CURVE ( 'NONE', #2359, #326, #3945, .T. ) ;
#4096 = COLOUR_RGB ( '',0.7921568627450980005, 0.8196078431372548767, 0.9333333333333333481 ) ;
#4097 = DIRECTION ( 'NONE',  ( 6.484824027254647687E-15, -1.000000000000000000, 0.000000000000000000 ) ) ;
#4098 = VECTOR ( 'NONE', #533, 1000.000000000000000 ) ;
#4099 = FACE_OUTER_BOUND ( 'NONE', #905, .T. ) ;
#4100 = VERTEX_POINT ( 'NONE', #3242 ) ;
#4101 = VECTOR ( 'NONE', #4071, 1000.000000000000227 ) ;
#4102 = CARTESIAN_POINT ( 'NONE',  ( 2.984653575776293977, 4.814824860968089633E-32, 1.700000000000000178 ) ) ;
#4103 = ORIENTED_EDGE ( 'NONE', *, *, #2264, .T. ) ;
#4104 = CARTESIAN_POINT ( 'NONE',  ( 2.589999999999999858, 0.02759686637614006469, -0.8400000000000000799 ) ) ;
#4105 = DIRECTION ( 'NONE',  ( -0.000000000000000000, -0.000000000000000000, -1.000000000000000000 ) ) ;
#4106 = ORIENTED_EDGE ( 'NONE', *, *, #2316, .T. ) ;
#4107 = LINE ( 'NONE', #401, #26 ) ;
#4108 = CARTESIAN_POINT ( 'NONE',  ( 1.950000000000000844, 1.094999999999999307, 0.8399999999999998579 ) ) ;
#4109 = EDGE_CURVE ( 'NONE', #33, #2776, #3967, .T. ) ;
#4110 = EDGE_LOOP ( 'NONE', ( #1239, #5, #1059, #1978 ) ) ;
#4111 = PLANE ( 'NONE',  #3813 ) ;
#4112 = CARTESIAN_POINT ( 'NONE',  ( 2.230926942123232948, 0.8750000000000009992, -0.8400000000000000799 ) ) ;
#4113 = CARTESIAN_POINT ( 'NONE',  ( -1.950000000000001066, 1.094999999999999307, 2.109999999999999876 ) ) ;
#4114 = ADVANCED_FACE ( 'NONE', ( #1870 ), #2245, .F. ) ;
#4115 = DIRECTION ( 'NONE',  ( 0.000000000000000000, 0.000000000000000000, 1.000000000000000000 ) ) ;
#4116 = FILL_AREA_STYLE ('',( #812 ) ) ;
#4117 = LINE ( 'NONE', #3497, #91 ) ;
#4118 = EDGE_CURVE ( 'NONE', #3989, #64, #3618, .T. ) ;
#4119 = PLANE ( 'NONE',  #160 ) ;
#4120 = VECTOR ( 'NONE', #1663, 1000.000000000000000 ) ;
#4121 = VERTEX_POINT ( 'NONE', #876 ) ;
#4122 = ADVANCED_FACE ( 'NONE', ( #2202 ), #3633, .F. ) ;
#4123 = DIRECTION ( 'NONE',  ( -0.000000000000000000, -0.000000000000000000, -1.000000000000000000 ) ) ;
#4125 = ADVANCED_FACE ( 'NONE', ( #3300 ), #4302, .F. ) ;
#4124 = ADVANCED_FACE ( 'NONE', ( #295 ), #3925, .F. ) ;
#4126 = VECTOR ( 'NONE', #1367, 1000.000000000000000 ) ;
#4127 = ORIENTED_EDGE ( 'NONE', *, *, #110, .T. ) ;
#4128 = CARTESIAN_POINT ( 'NONE',  ( -1.699999999999999956, 1.469999999999999751, -2.194999999999999840 ) ) ;
#4129 = VERTEX_POINT ( 'NONE', #1585 ) ;
#4130 = LINE ( 'NONE', #1120, #2457 ) ;
#4131 = CARTESIAN_POINT ( 'NONE',  ( 2.230926942123232504, 0.8750000000000009992, -1.700000000000000178 ) ) ;
#4132 = ORIENTED_EDGE ( 'NONE', *, *, #556, .F. ) ;
#4133 = DIRECTION ( 'NONE',  ( -1.000000000000000000, 0.000000000000000000, 2.217182356821074443E-16 ) ) ;
#4134 = CARTESIAN_POINT ( 'NONE',  ( -1.130415582602296354, 1.719999999999999751, -1.664089754143847300 ) ) ;
#4135 = LINE ( 'NONE', #471, #1622 ) ;
#4136 = ADVANCED_FACE ( 'NONE', ( #630 ), #3904, .T. ) ;
#4137 = LINE ( 'NONE', #4163, #946 ) ;
#4138 = FACE_OUTER_BOUND ( 'NONE', #4269, .T. ) ;
#4139 = CARTESIAN_POINT ( 'NONE',  ( -2.984653575776294421, 4.814824860968089633E-32, 0.4300000000000000488 ) ) ;
#4140 = DIRECTION ( 'NONE',  ( -1.000000000000000000, 0.000000000000000000, 0.000000000000000000 ) ) ;
#4141 = ORIENTED_EDGE ( 'NONE', *, *, #1064, .F. ) ;
#4142 = CARTESIAN_POINT ( 'NONE',  ( -2.230926942123233836, 0.8750000000000011102, 0.8399999999999998579 ) ) ;
#4143 = EDGE_CURVE ( 'NONE', #1270, #3227, #748, .T. ) ;
#4144 = ORIENTED_EDGE ( 'NONE', *, *, #2043, .F. ) ;
#4145 = ORIENTED_EDGE ( 'NONE', *, *, #1787, .F. ) ;
#4146 = DIRECTION ( 'NONE',  ( -0.000000000000000000, -0.000000000000000000, -1.000000000000000000 ) ) ;
#4147 = VERTEX_POINT ( 'NONE', #1972 ) ;
#4148 = EDGE_CURVE ( 'NONE', #1186, #640, #2307, .T. ) ;
#4149 = VECTOR ( 'NONE', #44, 1000.000000000000000 ) ;
#4150 = EDGE_CURVE ( 'NONE', #1459, #4315, #3346, .T. ) ;
#4151 = CIRCLE ( 'NONE', #3586, 0.2999999999999999334 ) ;
#4152 = FACE_OUTER_BOUND ( 'NONE', #3754, .T. ) ;
#4153 = DIRECTION ( 'NONE',  ( -0.000000000000000000, -0.000000000000000000, -1.000000000000000000 ) ) ;
#4154 = VECTOR ( 'NONE', #3598, 999.9999999999998863 ) ;
#4155 = VECTOR ( 'NONE', #3142, 1000.000000000000000 ) ;
#4156 = ORIENTED_EDGE ( 'NONE', *, *, #3199, .F. ) ;
#4157 = CARTESIAN_POINT ( 'NONE',  ( 2.310926942123234795, 0.7949999999999989297, -0.4300000000000002709 ) ) ;
#4158 = LINE ( 'NONE', #3866, #2078 ) ;
#4159 = VECTOR ( 'NONE', #2579, 1000.000000000000000 ) ;
#4160 = DIRECTION ( 'NONE',  ( 0.000000000000000000, -1.734723475976807094E-15, 1.000000000000000000 ) ) ;
#4161 = AXIS2_PLACEMENT_3D ( 'NONE', #1906, #3493, #1511 ) ;
#4162 = CIRCLE ( 'NONE', #1486, 0.07999999999999977962 ) ;
#4163 = CARTESIAN_POINT ( 'NONE',  ( -1.950000000000001066, 0.8750000000000008882, 2.109999999999999876 ) ) ;
#4164 = VECTOR ( 'NONE', #1923, 1000.000000000000000 ) ;
#4165 = VERTEX_POINT ( 'NONE', #339 ) ;
#4166 = CARTESIAN_POINT ( 'NONE',  ( -2.530926942123234102, 0.3268660814540850779, -0.4300000000000002709 ) ) ;
#4167 = AXIS2_PLACEMENT_3D ( 'NONE', #3966, #2288, #563 ) ;
#4168 = LINE ( 'NONE', #1989, #4009 ) ;
#4169 = CARTESIAN_POINT ( 'NONE',  ( -1.950000000000001066, 1.094999999999999307, 1.700000000000000178 ) ) ;
#4170 = STYLED_ITEM ( 'NONE', ( #2520 ), #3663 ) ;
#4171 = ORIENTED_EDGE ( 'NONE', *, *, #2619, .F. ) ;
#4172 = FACE_OUTER_BOUND ( 'NONE', #1922, .T. ) ;
#4173 = CIRCLE ( 'NONE', #3114, 0.08000000000000194456 ) ;
#4174 = VERTEX_POINT ( 'NONE', #2992 ) ;
#4175 = DIRECTION ( 'NONE',  ( -1.000000000000000000, 0.000000000000000000, 0.000000000000000000 ) ) ;
#4176 = ORIENTED_EDGE ( 'NONE', *, *, #4150, .T. ) ;
#4177 =( GEOMETRIC_REPRESENTATION_CONTEXT ( 3 ) GLOBAL_UNCERTAINTY_ASSIGNED_CONTEXT ( ( #3292 ) ) GLOBAL_UNIT_ASSIGNED_CONTEXT ( ( #1468, #2747, #3832 ) ) REPRESENTATION_CONTEXT ( 'NONE', 'WORKASPACE' ) );
#4178 = DIRECTION ( 'NONE',  ( 1.000000000000000000, 0.000000000000000000, 1.734723475976807094E-15 ) ) ;
#4179 = DIRECTION ( 'NONE',  ( 0.000000000000000000, 0.000000000000000000, 1.000000000000000000 ) ) ;
#4180 = EDGE_CURVE ( 'NONE', #142, #4307, #3416, .T. ) ;
#4181 = ADVANCED_FACE ( 'NONE', ( #984 ), #1307, .F. ) ;
#4182 = EDGE_CURVE ( 'NONE', #3814, #2585, #3079, .T. ) ;
#4183 = ORIENTED_EDGE ( 'NONE', *, *, #3998, .T. ) ;
#4184 = DIRECTION ( 'NONE',  ( -9.264034324649497259E-16, -1.000000000000000000, 0.000000000000000000 ) ) ;
#4185 = CARTESIAN_POINT ( 'NONE',  ( -1.950000000000001732, 0.8750000000000008882, -1.700000000000000178 ) ) ;
#4186 = LINE ( 'NONE', #1170, #2816 ) ;
#4187 = EDGE_CURVE ( 'NONE', #1182, #1256, #387, .T. ) ;
#4188 = DIRECTION ( 'NONE',  ( 0.000000000000000000, -1.000000000000000000, 0.000000000000000000 ) ) ;
#4189 = EDGE_LOOP ( 'NONE', ( #1695, #1219, #2034, #1595 ) ) ;
#4190 = DIRECTION ( 'NONE',  ( -1.000000000000000000, 0.000000000000000000, 0.000000000000000000 ) ) ;
#4191 = FACE_OUTER_BOUND ( 'NONE', #1251, .T. ) ;
#4192 = DIRECTION ( 'NONE',  ( -0.000000000000000000, -0.000000000000000000, -1.000000000000000000 ) ) ;
#4193 = VERTEX_POINT ( 'NONE', #2665 ) ;
#4194 = FACE_OUTER_BOUND ( 'NONE', #2859, .T. ) ;
#4195 = ADVANCED_FACE ( 'NONE', ( #2645 ), #3680, .F. ) ;
#4196 = ORIENTED_EDGE ( 'NONE', *, *, #2831, .F. ) ;
#4197 = DIRECTION ( 'NONE',  ( -1.000000000000000000, 0.000000000000000000, 0.000000000000000000 ) ) ;
#4198 = ORIENTED_EDGE ( 'NONE', *, *, #4259, .T. ) ;
#4199 = LINE ( 'NONE', #2895, #2809 ) ;
#4200 = CLOSED_SHELL ( 'NONE', ( #3362, #2527, #3328, #4321, #2503, #4052, #3291, #2771, #1667, #4122, #3269, #764, #664, #3850 ) ) ;
#4201 = DIRECTION ( 'NONE',  ( -1.000000000000000000, 7.718748257402128161E-16, 0.000000000000000000 ) ) ;
#4202 = ORIENTED_EDGE ( 'NONE', *, *, #3937, .T. ) ;
#4203 = CARTESIAN_POINT ( 'NONE',  ( 2.610926942123235506, 0.3268660814540874093, 0.4300000000000000488 ) ) ;
#4204 = PLANE ( 'NONE',  #2150 ) ;
#4205 = VECTOR ( 'NONE', #4314, 1000.000000000000000 ) ;
#4206 = DIRECTION ( 'NONE',  ( -0.000000000000000000, 1.000000000000000000, -0.000000000000000000 ) ) ;
#4207 = PRODUCT ( 'MLX90378GDC-ABJ-300-RE', 'MLX90378GDC-ABJ-300-RE', '', ( #2906 ) ) ;
#4208 = EDGE_CURVE ( 'NONE', #20, #2693, #4031, .T. ) ;
#4209 = CARTESIAN_POINT ( 'NONE',  ( 2.589999999999999858, 0.02759686637614006469, 0.8399999999999998579 ) ) ;
#4210 = CYLINDRICAL_SURFACE ( 'NONE', #1868, 0.3118944375622300091 ) ;
#4211 = ORIENTED_EDGE ( 'NONE', *, *, #4007, .F. ) ;
#4212 = EDGE_CURVE ( 'NONE', #4018, #305, #2344, .T. ) ;
#4213 = CARTESIAN_POINT ( 'NONE',  ( -2.310926942123235239, 0.7949999999999989297, 2.109999999999999876 ) ) ;
#4214 = DIRECTION ( 'NONE',  ( -0.000000000000000000, -0.000000000000000000, -1.000000000000000000 ) ) ;
#4215 = DIRECTION ( 'NONE',  ( -0.000000000000000000, 1.000000000000000000, -0.000000000000000000 ) ) ;
#4216 = ORIENTED_EDGE ( 'NONE', *, *, #3096, .T. ) ;
#4217 = CARTESIAN_POINT ( 'NONE',  ( -2.310926942123235683, 0.7949999999999989297, -0.4300000000000002709 ) ) ;
#4218 = ORIENTED_EDGE ( 'NONE', *, *, #2589, .T. ) ;
#4219 = ORIENTED_EDGE ( 'NONE', *, *, #1029, .T. ) ;
#4220 = FILL_AREA_STYLE_COLOUR ( '', #3591 ) ;
#4221 = ORIENTED_EDGE ( 'NONE', *, *, #2593, .T. ) ;
#4222 = CARTESIAN_POINT ( 'NONE',  ( -1.130415582602296354, 1.619999999999999662, -1.664089754143847300 ) ) ;
#4223 = FACE_OUTER_BOUND ( 'NONE', #1806, .T. ) ;
#4224 = EDGE_LOOP ( 'NONE', ( #437, #1860, #3928, #265 ) ) ;
#4225 = DIRECTION ( 'NONE',  ( 0.06975647374411794721, 0.9975640502598247528, -0.000000000000000000 ) ) ;
#4226 = DIRECTION ( 'NONE',  ( 2.315624477220642195E-15, -1.000000000000000000, 0.000000000000000000 ) ) ;
#4227 = DIRECTION ( 'NONE',  ( -0.000000000000000000, -0.000000000000000000, -1.000000000000000000 ) ) ;
#4228 = AXIS2_PLACEMENT_3D ( 'NONE', #1500, #544, #3882 ) ;
#4229 = VECTOR ( 'NONE', #3975, 1000.000000000000227 ) ;
#4230 = CARTESIAN_POINT ( 'NONE',  ( 2.530926942123233214, 0.7949999999999989297, 2.109999999999999876 ) ) ;
#4231 = LINE ( 'NONE', #2219, #3210 ) ;
#4232 = CARTESIAN_POINT ( 'NONE',  ( 0.000000000000000000, 0.000000000000000000, 0.000000000000000000 ) ) ;
#4233 = VERTEX_POINT ( 'NONE', #3324 ) ;
#4234 = AXIS2_PLACEMENT_3D ( 'NONE', #4043, #3566, #2661 ) ;
#4235 = MECHANICAL_DESIGN_GEOMETRIC_PRESENTATION_REPRESENTATION (  '', ( #862 ), #1476 ) ;
#4236 = VERTEX_POINT ( 'NONE', #4028 ) ;
#4237 = LINE ( 'NONE', #7, #3309 ) ;
#4238 = COLOUR_RGB ( '',0.7921568627450980005, 0.8196078431372548767, 0.9333333333333333481 ) ;
#4239 = VECTOR ( 'NONE', #3028, 1000.000000000000000 ) ;
#4240 = EDGE_CURVE ( 'NONE', #4174, #2844, #38, .T. ) ;
#4241 = EDGE_CURVE ( 'NONE', #3108, #4165, #1369, .T. ) ;
#4242 = CARTESIAN_POINT ( 'NONE',  ( -1.950000000000001732, 1.094999999999999307, -1.700000000000000178 ) ) ;
#4243 = DIRECTION ( 'NONE',  ( 1.000000000000000000, -9.264034324649497259E-16, 0.000000000000000000 ) ) ;
#4244 = ORIENTED_EDGE ( 'NONE', *, *, #449, .F. ) ;
#4245 = CARTESIAN_POINT ( 'NONE',  ( -1.949999999999999067, 0.5000000000000005551, 2.445000000000002061 ) ) ;
#4246 = CIRCLE ( 'NONE', #2334, 0.2999999999999999334 ) ;
#4247 = EDGE_LOOP ( 'NONE', ( #3019, #1297, #4045, #4183 ) ) ;
#4248 = FILL_AREA_STYLE_COLOUR ( '', #3873 ) ;
#4249 = ORIENTED_EDGE ( 'NONE', *, *, #2249, .F. ) ;
#4250 = VECTOR ( 'NONE', #2740, 1000.000000000000000 ) ;
#4251 = CARTESIAN_POINT ( 'NONE',  ( -2.310926942123235683, 0.7949999999999989297, 0.8399999999999998579 ) ) ;
#4252 = CYLINDRICAL_SURFACE ( 'NONE', #3742, 0.2999999999999999334 ) ;
#4253 = VERTEX_POINT ( 'NONE', #1390 ) ;
#4254 = VECTOR ( 'NONE', #1054, 1000.000000000000000 ) ;
#4255 = FACE_OUTER_BOUND ( 'NONE', #3500, .T. ) ;
#4256 = CYLINDRICAL_SURFACE ( 'NONE', #2246, 0.2999999999999999334 ) ;
#4257 = PLANE ( 'NONE',  #2398 ) ;
#4258 = AXIS2_PLACEMENT_3D ( 'NONE', #4232, #2947, #962 ) ;
#4259 = EDGE_CURVE ( 'NONE', #2717, #2739, #2355, .T. ) ;
#4260 = FACE_OUTER_BOUND ( 'NONE', #4110, .T. ) ;
#4261 = ORIENTED_EDGE ( 'NONE', *, *, #691, .F. ) ;
#4262 = LINE ( 'NONE', #671, #3244 ) ;
#4263 = CARTESIAN_POINT ( 'NONE',  ( 3.000000000000000000, 0.2194640910571611647, 2.109999999999999876 ) ) ;
#4264 = DIRECTION ( 'NONE',  ( -9.264034324649497259E-16, -1.000000000000000000, 0.000000000000000000 ) ) ;
#4265 = VERTEX_POINT ( 'NONE', #2727 ) ;
#4266 = CARTESIAN_POINT ( 'NONE',  ( 2.605346424223706325, 0.2470609574333018088, 0.8399999999999998579 ) ) ;
#4267 = ORIENTED_EDGE ( 'NONE', *, *, #1200, .T. ) ;
#4268 = ADVANCED_FACE ( 'NONE', ( #319 ), #4002, .F. ) ;
#4269 = EDGE_LOOP ( 'NONE', ( #323, #3399, #3824, #854 ) ) ;
#4270 = EDGE_CURVE ( 'NONE', #2499, #50, #4049, .T. ) ;
#4271 = LINE ( 'NONE', #244, #3091 ) ;
#4272 = EDGE_CURVE ( 'NONE', #640, #342, #3720, .T. ) ;
#4273 = CARTESIAN_POINT ( 'NONE',  ( 1.700000000000001066, 0.2500000000000005551, 2.444999999999996287 ) ) ;
#4274 = VERTEX_POINT ( 'NONE', #1066 ) ;
#4275 = CARTESIAN_POINT ( 'NONE',  ( 1.950000000000000400, 1.094999999999999307, -1.700000000000000178 ) ) ;
#4276 = DIRECTION ( 'NONE',  ( -0.000000000000000000, -0.000000000000000000, -1.000000000000000000 ) ) ;
#4277 = CIRCLE ( 'NONE', #2994, 0.08000000000000194456 ) ;
#4278 = LINE ( 'NONE', #578, #3310 ) ;
#4279 = ADVANCED_FACE ( 'NONE', ( #2399 ), #747, .F. ) ;
#4280 = LINE ( 'NONE', #3939, #3748 ) ;
#4281 = DIRECTION ( 'NONE',  ( 1.000000000000000000, 0.000000000000000000, 0.000000000000000000 ) ) ;
#4282 = PLANE ( 'NONE',  #4167 ) ;
#4283 = CARTESIAN_POINT ( 'NONE',  ( -2.230926942123233836, 0.7949999999999989297, -0.4300000000000002709 ) ) ;
#4284 = VERTEX_POINT ( 'NONE', #473 ) ;
#4285 = CARTESIAN_POINT ( 'NONE',  ( -1.950000000000001066, 0.8750000000000008882, 1.700000000000000178 ) ) ;
#4286 = ORIENTED_EDGE ( 'NONE', *, *, #1641, .F. ) ;
#4287 = ORIENTED_EDGE ( 'NONE', *, *, #886, .T. ) ;
#4288 = CARTESIAN_POINT ( 'NONE',  ( 2.530926942123232326, 0.7949999999999989297, -1.700000000000000178 ) ) ;
#4289 = DIRECTION ( 'NONE',  ( 0.000000000000000000, 0.000000000000000000, -1.000000000000000000 ) ) ;
#4290 = ADVANCED_FACE ( 'NONE', ( #1432 ), #2791, .F. ) ;
#4291 = EDGE_LOOP ( 'NONE', ( #3886, #1395, #3576, #503 ) ) ;
#4292 = EDGE_CURVE ( 'NONE', #1651, #2359, #1451, .T. ) ;
#4293 = DIRECTION ( 'NONE',  ( -1.000000000000000000, 0.000000000000000000, 0.000000000000000000 ) ) ;
#4294 = FACE_OUTER_BOUND ( 'NONE', #658, .T. ) ;
#4295 = LINE ( 'NONE', #1337, #3738 ) ;
#4296 = CARTESIAN_POINT ( 'NONE',  ( -2.230926942123233836, 0.7949999999999989297, -0.4300000000000002709 ) ) ;
#4297 = LINE ( 'NONE', #4025, #3560 ) ;
#4298 = CIRCLE ( 'NONE', #574, 0.07999999999999977962 ) ;
#4299 = AXIS2_PLACEMENT_3D ( 'NONE', #3367, #1048, #3394 ) ;
#4300 = CARTESIAN_POINT ( 'NONE',  ( 2.605346424223706325, 0.2470609574333018088, 0.8399999999999998579 ) ) ;
#4301 = AXIS2_PLACEMENT_3D ( 'NONE', #884, #3153, #4175 ) ;
#4302 = PLANE ( 'NONE',  #3262 ) ;
#4303 = ORIENTED_EDGE ( 'NONE', *, *, #3695, .T. ) ;
#4304 = VECTOR ( 'NONE', #1963, 1000.000000000000000 ) ;
#4305 = PLANE ( 'NONE',  #153 ) ;
#4306 = AXIS2_PLACEMENT_3D ( 'NONE', #3846, #4206, #1813 ) ;
#4307 = VERTEX_POINT ( 'NONE', #4166 ) ;
#4308 = ORIENTED_EDGE ( 'NONE', *, *, #1570, .T. ) ;
#4309 = ORIENTED_EDGE ( 'NONE', *, *, #666, .T. ) ;
#4310 = DIRECTION ( 'NONE',  ( 1.000000000000000000, 0.000000000000000000, -0.000000000000000000 ) ) ;
#4311 = AXIS2_PLACEMENT_3D ( 'NONE', #1306, #650, #2376 ) ;
#4312 = ORIENTED_EDGE ( 'NONE', *, *, #3396, .F. ) ;
#4313 = DIRECTION ( 'NONE',  ( -0.9975640502598247528, 0.06975647374411921009, -0.000000000000000000 ) ) ;
#4314 = DIRECTION ( 'NONE',  ( -0.000000000000000000, -0.000000000000000000, -1.000000000000000000 ) ) ;
#4315 = VERTEX_POINT ( 'NONE', #3436 ) ;
#4316 = LINE ( 'NONE', #349, #3876 ) ;
#4317 = EDGE_CURVE ( 'NONE', #3836, #2426, #1089, .T. ) ;
#4318 = VECTOR ( 'NONE', #2734, 1000.000000000000000 ) ;
#4319 = DIRECTION ( 'NONE',  ( -1.000000000000000000, 0.000000000000000000, 0.000000000000000000 ) ) ;
#4320 = VECTOR ( 'NONE', #408, 1000.000000000000000 ) ;
#4322 = EDGE_CURVE ( 'NONE', #2446, #973, #2422, .T. ) ;
#4321 = ADVANCED_FACE ( 'NONE', ( #4138 ), #2770, .F. ) ;
#4323 = DIRECTION ( 'NONE',  ( 0.06975647374411858559, -0.9975640502598246417, 0.000000000000000000 ) ) ;
#4324 = DIRECTION ( 'NONE',  ( 1.000000000000000000, 0.000000000000000000, 0.000000000000000000 ) ) ;
#4325 = VERTEX_POINT ( 'NONE', #1127 ) ;
#4326 = LINE ( 'NONE', #1326, #3729 ) ;
#4327 = DIRECTION ( 'NONE',  ( -0.000000000000000000, -0.000000000000000000, -1.000000000000000000 ) ) ;
#4328 = ORIENTED_EDGE ( 'NONE', *, *, #3223, .F. ) ;
#4329 = VERTEX_POINT ( 'NONE', #3124 ) ;
#4330 = CARTESIAN_POINT ( 'NONE',  ( -2.590000000000001190, 0.02759686637614006469, -2.109999999999999876 ) ) ;
#4331 = ORIENTED_EDGE ( 'NONE', *, *, #1156, .F. ) ;
#4332 = CARTESIAN_POINT ( 'NONE',  ( -2.310926942123236127, 0.3268660814540851889, 0.8399999999999998579 ) ) ;
#4333 = CARTESIAN_POINT ( 'NONE',  ( 2.589999999999999414, 0.02759686637614006469, -2.109999999999999876 ) ) ;
#4334 = ORIENTED_EDGE ( 'NONE', *, *, #3976, .T. ) ;
#4335 = DIRECTION ( 'NONE',  ( 0.000000000000000000, 0.000000000000000000, 1.000000000000000000 ) ) ;
#4336 = CARTESIAN_POINT ( 'NONE',  ( 2.310926942123234351, 0.7949999999999989297, -2.109999999999999876 ) ) ;
#4337 = CARTESIAN_POINT ( 'NONE',  ( 2.984653575776293088, 4.814824860968089633E-32, -1.700000000000000178 ) ) ;
#4338 = DIRECTION ( 'NONE',  ( 0.000000000000000000, -0.000000000000000000, 1.000000000000000000 ) ) ;
#4339 = CLOSED_SHELL ( 'NONE', ( #2014, #567, #1935, #418, #3010, #1590, #1592, #940, #2123, #1760, #3671, #3938, #260, #2885 ) ) ;
#4340 = VECTOR ( 'NONE', #2807, 1000.000000000000000 ) ;
#4341 = EDGE_CURVE ( 'NONE', #2426, #2479, #3849, .T. ) ;
#4342 = LINE ( 'NONE', #2726, #1009 ) ;
#4343 = CARTESIAN_POINT ( 'NONE',  ( -2.590000000000000746, 0.02759686637614006469, 0.8399999999999998579 ) ) ;
#4344 = EDGE_CURVE ( 'NONE', #1843, #2136, #1844, .T. ) ;
#4345 = ORIENTED_EDGE ( 'NONE', *, *, #2125, .F. ) ;
#4346 = DIRECTION ( 'NONE',  ( 0.000000000000000000, 0.000000000000000000, 1.000000000000000000 ) ) ;
#4347 = DIRECTION ( 'NONE',  ( -0.000000000000000000, 1.000000000000000000, -0.000000000000000000 ) ) ;
#4348 = ORIENTED_EDGE ( 'NONE', *, *, #2372, .F. ) ;
#4349 = VERTEX_POINT ( 'NONE', #3785 ) ;
ENDSEC;
END-ISO-10303-21;
